Culture,k,n_total,n_honest,n_manip,manip_pct,trials,Target,Rule,Change_Rate,Success_Rate,Avg_Overlap
Mallows (phi=0.7),2,100,99,1,1,1000,Cutoff,Evaluative Voting,4.5,4.5,0.9775
Mallows (phi=0.7),2,100,99,1,1,1000,Cutoff,k-Median Rule,0.2,0.2,0.999
Mallows (phi=0.7),2,100,99,1,1,1000,Cutoff,k-Median-Shapley,2.4,2.4,0.988
Mallows (phi=0.7),2,100,99,1,1,1000,Bottom,Evaluative Voting,0.0,0.0,1.0
Mallows (phi=0.7),2,100,99,1,1,1000,Bottom,k-Median Rule,0.2,0.0,0.999
Mallows (phi=0.7),2,100,99,1,1,1000,Bottom,k-Median-Shapley,2.3,0.0,0.9885
Mallows (phi=0.7),3,100,99,1,1,1000,Cutoff,Evaluative Voting,3.9,3.9,0.9869999999999992
Mallows (phi=0.7),3,100,99,1,1,1000,Cutoff,k-Median Rule,0.5,0.5,0.9983333333333332
Mallows (phi=0.7),3,100,99,1,1,1000,Cutoff,k-Median-Shapley,2.5,2.5,0.9916666666666661
Mallows (phi=0.7),3,100,99,1,1,1000,Bottom,Evaluative Voting,0.0,0.0,1.0
Mallows (phi=0.7),3,100,99,1,1,1000,Bottom,k-Median Rule,0.4,0.0,0.9986666666666665
Mallows (phi=0.7),3,100,99,1,1,1000,Bottom,k-Median-Shapley,1.7999999999999998,0.0,0.9939999999999996
Mallows (phi=0.7),4,100,99,1,1,1000,Cutoff,Evaluative Voting,4.6,4.6,0.9885
Mallows (phi=0.7),4,100,99,1,1,1000,Cutoff,k-Median Rule,0.2,0.2,0.9995
Mallows (phi=0.7),4,100,99,1,1,1000,Cutoff,k-Median-Shapley,1.7999999999999998,1.7999999999999998,0.9955
Mallows (phi=0.7),4,100,99,1,1,1000,Bottom,Evaluative Voting,4.6,4.6,0.9885
Mallows (phi=0.7),4,100,99,1,1,1000,Bottom,k-Median Rule,0.2,0.2,0.9995
Mallows (phi=0.7),4,100,99,1,1,1000,Bottom,k-Median-Shapley,1.7999999999999998,1.7999999999999998,0.9955
Mallows (phi=0.7),2,100,98,2,2,1000,Cutoff,Evaluative Voting,9.1,9.1,0.9545
Mallows (phi=0.7),2,100,98,2,2,1000,Cutoff,k-Median Rule,0.3,0.3,0.9985
Mallows (phi=0.7),2,100,98,2,2,1000,Cutoff,k-Median-Shapley,3.6999999999999997,3.5999999999999996,0.9815
Mallows (phi=0.7),2,100,98,2,2,1000,Bottom,Evaluative Voting,0.0,0.0,1.0
Mallows (phi=0.7),2,100,98,2,2,1000,Bottom,k-Median Rule,0.1,0.0,0.9995
Mallows (phi=0.7),2,100,98,2,2,1000,Bottom,k-Median-Shapley,3.5000000000000004,0.0,0.9825
Mallows (phi=0.7),3,100,98,2,2,1000,Cutoff,Evaluative Voting,9.4,9.4,0.9686666666666651
Mallows (phi=0.7),3,100,98,2,2,1000,Cutoff,k-Median Rule,1.3,1.3,0.9956666666666664
Mallows (phi=0.7),3,100,98,2,2,1000,Cutoff,k-Median-Shapley,3.5999999999999996,3.5999999999999996,0.9879999999999992
Mallows (phi=0.7),3,100,98,2,2,1000,Bottom,Evaluative Voting,0.1,0.1,0.9996666666666667
Mallows (phi=0.7),3,100,98,2,2,1000,Bottom,k-Median Rule,0.4,0.1,0.9986666666666666
Mallows (phi=0.7),3,100,98,2,2,1000,Bottom,k-Median-Shapley,2.1,0.1,0.9929999999999994
Mallows (phi=0.7),4,100,98,2,2,1000,Cutoff,Evaluative Voting,9.700000000000001,9.700000000000001,0.97575
Mallows (phi=0.7),4,100,98,2,2,1000,Cutoff,k-Median Rule,0.7000000000000001,0.7000000000000001,0.99825
Mallows (phi=0.7),4,100,98,2,2,1000,Cutoff,k-Median-Shapley,2.7,2.7,0.99325
Mallows (phi=0.7),4,100,98,2,2,1000,Bottom,Evaluative Voting,9.700000000000001,9.700000000000001,0.97575
Mallows (phi=0.7),4,100,98,2,2,1000,Bottom,k-Median Rule,0.7000000000000001,0.7000000000000001,0.99825
Mallows (phi=0.7),4,100,98,2,2,1000,Bottom,k-Median-Shapley,2.7,2.7,0.99325
Mallows (phi=0.7),2,100,97,3,3,1000,Cutoff,Evaluative Voting,14.399999999999999,14.399999999999999,0.928
Mallows (phi=0.7),2,100,97,3,3,1000,Cutoff,k-Median Rule,0.8999999999999999,0.8999999999999999,0.9955
Mallows (phi=0.7),2,100,97,3,3,1000,Cutoff,k-Median-Shapley,3.9,3.8,0.9805
Mallows (phi=0.7),2,100,97,3,3,1000,Bottom,Evaluative Voting,0.0,0.0,1.0
Mallows (phi=0.7),2,100,97,3,3,1000,Bottom,k-Median Rule,0.3,0.0,0.9985
Mallows (phi=0.7),2,100,97,3,3,1000,Bottom,k-Median-Shapley,3.5000000000000004,0.0,0.9825
Mallows (phi=0.7),3,100,97,3,3,1000,Cutoff,Evaluative Voting,15.7,15.7,0.9476666666666639
Mallows (phi=0.7),3,100,97,3,3,1000,Cutoff,k-Median Rule,2.3,2.3,0.9923333333333328
Mallows (phi=0.7),3,100,97,3,3,1000,Cutoff,k-Median-Shapley,6.3,6.3,0.9789999999999989
Mallows (phi=0.7),3,100,97,3,3,1000,Bottom,Evaluative Voting,0.1,0.1,0.9996666666666667
Mallows (phi=0.7),3,100,97,3,3,1000,Bottom,k-Median Rule,1.4000000000000001,0.1,0.9953333333333332
Mallows (phi=0.7),3,100,97,3,3,1000,Bottom,k-Median-Shapley,4.2,0.1,0.9859999999999992
Mallows (phi=0.7),4,100,97,3,3,1000,Cutoff,Evaluative Voting,13.100000000000001,13.100000000000001,0.96725
Mallows (phi=0.7),4,100,97,3,3,1000,Cutoff,k-Median Rule,1.6,1.6,0.996
Mallows (phi=0.7),4,100,97,3,3,1000,Cutoff,k-Median-Shapley,3.4000000000000004,3.4000000000000004,0.9915
Mallows (phi=0.7),4,100,97,3,3,1000,Bottom,Evaluative Voting,13.100000000000001,13.100000000000001,0.96725
Mallows (phi=0.7),4,100,97,3,3,1000,Bottom,k-Median Rule,1.6,1.6,0.996
Mallows (phi=0.7),4,100,97,3,3,1000,Bottom,k-Median-Shapley,3.4000000000000004,3.4000000000000004,0.9915
Mallows (phi=0.7),2,100,96,4,4,1000,Cutoff,Evaluative Voting,21.6,21.6,0.892
Mallows (phi=0.7),2,100,96,4,4,1000,Cutoff,k-Median Rule,1.2,1.2,0.994
Mallows (phi=0.7),2,100,96,4,4,1000,Cutoff,k-Median-Shapley,5.1,5.0,0.9745
Mallows (phi=0.7),2,100,96,4,4,1000,Bottom,Evaluative Voting,0.0,0.0,1.0
Mallows (phi=0.7),2,100,96,4,4,1000,Bottom,k-Median Rule,0.2,0.0,0.999
Mallows (phi=0.7),2,100,96,4,4,1000,Bottom,k-Median-Shapley,4.5,0.0,0.9775
Mallows (phi=0.7),3,100,96,4,4,1000,Cutoff,Evaluative Voting,22.5,22.5,0.9249999999999965
Mallows (phi=0.7),3,100,96,4,4,1000,Cutoff,k-Median Rule,3.4000000000000004,3.4000000000000004,0.988666666666666
Mallows (phi=0.7),3,100,96,4,4,1000,Cutoff,k-Median-Shapley,7.6,7.6,0.9746666666666652
Mallows (phi=0.7),3,100,96,4,4,1000,Bottom,Evaluative Voting,0.4,0.4,0.9986666666666666
Mallows (phi=0.7),3,100,96,4,4,1000,Bottom,k-Median Rule,2.0,0.5,0.9933333333333331
Mallows (phi=0.7),3,100,96,4,4,1000,Bottom,k-Median-Shapley,3.9,0.2,0.9869999999999993
Mallows (phi=0.7),4,100,96,4,4,1000,Cutoff,Evaluative Voting,18.8,18.8,0.953
Mallows (phi=0.7),4,100,96,4,4,1000,Cutoff,k-Median Rule,2.5,2.5,0.99375
Mallows (phi=0.7),4,100,96,4,4,1000,Cutoff,k-Median-Shapley,3.6999999999999997,3.6999999999999997,0.99075
Mallows (phi=0.7),4,100,96,4,4,1000,Bottom,Evaluative Voting,18.8,18.8,0.953
Mallows (phi=0.7),4,100,96,4,4,1000,Bottom,k-Median Rule,2.5,2.5,0.99375
Mallows (phi=0.7),4,100,96,4,4,1000,Bottom,k-Median-Shapley,3.6999999999999997,3.6999999999999997,0.99075
Mallows (phi=0.7),2,100,95,5,5,1000,Cutoff,Evaluative Voting,29.9,29.9,0.8505
Mallows (phi=0.7),2,100,95,5,5,1000,Cutoff,k-Median Rule,2.0,2.0,0.99
Mallows (phi=0.7),2,100,95,5,5,1000,Cutoff,k-Median-Shapley,6.7,6.6000000000000005,0.9665
Mallows (phi=0.7),2,100,95,5,5,1000,Bottom,Evaluative Voting,0.0,0.0,1.0
Mallows (phi=0.7),2,100,95,5,5,1000,Bottom,k-Median Rule,0.7000000000000001,0.0,0.9965
Mallows (phi=0.7),2,100,95,5,5,1000,Bottom,k-Median-Shapley,5.6000000000000005,0.0,0.972
Mallows (phi=0.7),3,100,95,5,5,1000,Cutoff,Evaluative Voting,29.4,29.4,0.901999999999996
Mallows (phi=0.7),3,100,95,5,5,1000,Cutoff,k-Median Rule,5.1,5.1,0.9829999999999991
Mallows (phi=0.7),3,100,95,5,5,1000,Cutoff,k-Median-Shapley,9.5,9.5,0.9683333333333318
Mallows (phi=0.7),3,100,95,5,5,1000,Bottom,Evaluative Voting,0.8999999999999999,0.8999999999999999,0.9969999999999999
Mallows (phi=0.7),3,100,95,5,5,1000,Bottom,k-Median Rule,2.6,0.6,0.9913333333333331
Mallows (phi=0.7),3,100,95,5,5,1000,Bottom,k-Median-Shapley,4.7,0.3,0.9843333333333325
Mallows (phi=0.7),4,100,95,5,5,1000,Cutoff,Evaluative Voting,25.900000000000002,25.900000000000002,0.93525
Mallows (phi=0.7),4,100,95,5,5,1000,Cutoff,k-Median Rule,3.5999999999999996,3.5999999999999996,0.991
Mallows (phi=0.7),4,100,95,5,5,1000,Cutoff,k-Median-Shapley,5.3,5.3,0.98675
Mallows (phi=0.7),4,100,95,5,5,1000,Bottom,Evaluative Voting,25.900000000000002,25.900000000000002,0.93525
Mallows (phi=0.7),4,100,95,5,5,1000,Bottom,k-Median Rule,3.5999999999999996,3.5999999999999996,0.991
Mallows (phi=0.7),4,100,95,5,5,1000,Bottom,k-Median-Shapley,5.3,5.3,0.98675
Mallows (phi=0.7),2,100,94,6,6,1000,Cutoff,Evaluative Voting,38.9,38.9,0.8055
Mallows (phi=0.7),2,100,94,6,6,1000,Cutoff,k-Median Rule,3.5000000000000004,3.5000000000000004,0.9825
Mallows (phi=0.7),2,100,94,6,6,1000,Cutoff,k-Median-Shapley,7.9,7.9,0.9605
Mallows (phi=0.7),2,100,94,6,6,1000,Bottom,Evaluative Voting,0.0,0.0,1.0
Mallows (phi=0.7),2,100,94,6,6,1000,Bottom,k-Median Rule,0.4,0.0,0.998
Mallows (phi=0.7),2,100,94,6,6,1000,Bottom,k-Median-Shapley,6.5,0.0,0.9675
Mallows (phi=0.7),3,100,94,6,6,1000,Cutoff,Evaluative Voting,37.4,37.4,0.8753333333333283
Mallows (phi=0.7),3,100,94,6,6,1000,Cutoff,k-Median Rule,6.2,6.2,0.9793333333333325
Mallows (phi=0.7),3,100,94,6,6,1000,Cutoff,k-Median-Shapley,11.700000000000001,11.700000000000001,0.9609999999999982
Mallows (phi=0.7),3,100,94,6,6,1000,Bottom,Evaluative Voting,1.7000000000000002,1.7000000000000002,0.9943333333333332
Mallows (phi=0.7),3,100,94,6,6,1000,Bottom,k-Median Rule,3.0,0.8,0.9899999999999997
Mallows (phi=0.7),3,100,94,6,6,1000,Bottom,k-Median-Shapley,4.5,0.4,0.9849999999999993
Mallows (phi=0.7),4,100,94,6,6,1000,Cutoff,Evaluative Voting,33.800000000000004,33.800000000000004,0.9155
Mallows (phi=0.7),4,100,94,6,6,1000,Cutoff,k-Median Rule,4.9,4.9,0.98775
Mallows (phi=0.7),4,100,94,6,6,1000,Cutoff,k-Median-Shapley,6.4,6.4,0.984
Mallows (phi=0.7),4,100,94,6,6,1000,Bottom,Evaluative Voting,33.800000000000004,33.800000000000004,0.9155
Mallows (phi=0.7),4,100,94,6,6,1000,Bottom,k-Median Rule,4.9,4.9,0.98775
Mallows (phi=0.7),4,100,94,6,6,1000,Bottom,k-Median-Shapley,6.4,6.4,0.984
Mallows (phi=0.7),2,100,93,7,7,1000,Cutoff,Evaluative Voting,47.8,47.8,0.761
Mallows (phi=0.7),2,100,93,7,7,1000,Cutoff,k-Median Rule,4.6,4.6,0.977
Mallows (phi=0.7),2,100,93,7,7,1000,Cutoff,k-Median-Shapley,8.1,8.1,0.9595
Mallows (phi=0.7),2,100,93,7,7,1000,Bottom,Evaluative Voting,0.0,0.0,1.0
Mallows (phi=0.7),2,100,93,7,7,1000,Bottom,k-Median Rule,0.5,0.0,0.9975
Mallows (phi=0.7),2,100,93,7,7,1000,Bottom,k-Median-Shapley,6.2,0.0,0.969
Mallows (phi=0.7),3,100,93,7,7,1000,Cutoff,Evaluative Voting,47.599999999999994,47.599999999999994,0.8413333333333277
Mallows (phi=0.7),3,100,93,7,7,1000,Cutoff,k-Median Rule,7.3,7.3,0.9756666666666656
Mallows (phi=0.7),3,100,93,7,7,1000,Cutoff,k-Median-Shapley,13.4,13.4,0.9553333333333311
Mallows (phi=0.7),3,100,93,7,7,1000,Bottom,Evaluative Voting,3.2,3.2,0.9893333333333331
Mallows (phi=0.7),3,100,93,7,7,1000,Bottom,k-Median Rule,3.8,1.2,0.9873333333333328
Mallows (phi=0.7),3,100,93,7,7,1000,Bottom,k-Median-Shapley,5.800000000000001,0.8,0.9806666666666658
Mallows (phi=0.7),4,100,93,7,7,1000,Cutoff,Evaluative Voting,41.8,41.8,0.8955
Mallows (phi=0.7),4,100,93,7,7,1000,Cutoff,k-Median Rule,6.6000000000000005,6.6000000000000005,0.9835
Mallows (phi=0.7),4,100,93,7,7,1000,Cutoff,k-Median-Shapley,7.9,7.9,0.98025
Mallows (phi=0.7),4,100,93,7,7,1000,Bottom,Evaluative Voting,41.8,41.8,0.8955
Mallows (phi=0.7),4,100,93,7,7,1000,Bottom,k-Median Rule,6.6000000000000005,6.6000000000000005,0.9835
Mallows (phi=0.7),4,100,93,7,7,1000,Bottom,k-Median-Shapley,7.9,7.9,0.98025
Mallows (phi=0.7),2,100,92,8,8,1000,Cutoff,Evaluative Voting,57.199999999999996,57.199999999999996,0.714
Mallows (phi=0.7),2,100,92,8,8,1000,Cutoff,k-Median Rule,6.4,6.4,0.968
Mallows (phi=0.7),2,100,92,8,8,1000,Cutoff,k-Median-Shapley,10.100000000000001,10.100000000000001,0.9495
Mallows (phi=0.7),2,100,92,8,8,1000,Bottom,Evaluative Voting,0.0,0.0,1.0
Mallows (phi=0.7),2,100,92,8,8,1000,Bottom,k-Median Rule,0.4,0.0,0.998
Mallows (phi=0.7),2,100,92,8,8,1000,Bottom,k-Median-Shapley,7.3,0.0,0.9635
Mallows (phi=0.7),3,100,92,8,8,1000,Cutoff,Evaluative Voting,58.099999999999994,58.099999999999994,0.8063333333333278
Mallows (phi=0.7),3,100,92,8,8,1000,Cutoff,k-Median Rule,10.100000000000001,10.100000000000001,0.966333333333332
Mallows (phi=0.7),3,100,92,8,8,1000,Cutoff,k-Median-Shapley,15.6,15.6,0.9479999999999976
Mallows (phi=0.7),3,100,92,8,8,1000,Bottom,Evaluative Voting,5.800000000000001,5.800000000000001,0.9806666666666659
Mallows (phi=0.7),3,100,92,8,8,1000,Bottom,k-Median Rule,4.5,1.5,0.9849999999999995
Mallows (phi=0.7),3,100,92,8,8,1000,Bottom,k-Median-Shapley,6.4,0.6,0.9786666666666657
Mallows (phi=0.7),4,100,92,8,8,1000,Cutoff,Evaluative Voting,50.0,50.0,0.875
Mallows (phi=0.7),4,100,92,8,8,1000,Cutoff,k-Median Rule,8.0,8.0,0.98
Mallows (phi=0.7),4,100,92,8,8,1000,Cutoff,k-Median-Shapley,8.5,8.5,0.97875
Mallows (phi=0.7),4,100,92,8,8,1000,Bottom,Evaluative Voting,50.0,50.0,0.875
Mallows (phi=0.7),4,100,92,8,8,1000,Bottom,k-Median Rule,8.0,8.0,0.98
Mallows (phi=0.7),4,100,92,8,8,1000,Bottom,k-Median-Shapley,8.5,8.5,0.97875
Mallows (phi=0.7),2,100,91,9,9,1000,Cutoff,Evaluative Voting,66.60000000000001,66.60000000000001,0.667
Mallows (phi=0.7),2,100,91,9,9,1000,Cutoff,k-Median Rule,8.9,8.9,0.9555
Mallows (phi=0.7),2,100,91,9,9,1000,Cutoff,k-Median-Shapley,11.899999999999999,11.899999999999999,0.9405
Mallows (phi=0.7),2,100,91,9,9,1000,Bottom,Evaluative Voting,0.1,0.1,0.9995
Mallows (phi=0.7),2,100,91,9,9,1000,Bottom,k-Median Rule,0.8999999999999999,0.0,0.9955
Mallows (phi=0.7),2,100,91,9,9,1000,Bottom,k-Median-Shapley,7.6,0.0,0.962
Mallows (phi=0.7),3,100,91,9,9,1000,Cutoff,Evaluative Voting,67.60000000000001,67.60000000000001,0.7746666666666615
Mallows (phi=0.7),3,100,91,9,9,1000,Cutoff,k-Median Rule,12.1,12.1,0.9596666666666649
Mallows (phi=0.7),3,100,91,9,9,1000,Cutoff,k-Median-Shapley,18.099999999999998,18.0,0.9396666666666638
Mallows (phi=0.7),3,100,91,9,9,1000,Bottom,Evaluative Voting,10.4,10.4,0.9653333333333318
Mallows (phi=0.7),3,100,91,9,9,1000,Bottom,k-Median Rule,4.8,2.1,0.9839999999999993
Mallows (phi=0.7),3,100,91,9,9,1000,Bottom,k-Median-Shapley,5.7,0.8999999999999999,0.9809999999999992
Mallows (phi=0.7),4,100,91,9,9,1000,Cutoff,Evaluative Voting,59.099999999999994,59.099999999999994,0.85225
Mallows (phi=0.7),4,100,91,9,9,1000,Cutoff,k-Median Rule,10.5,10.5,0.97375
Mallows (phi=0.7),4,100,91,9,9,1000,Cutoff,k-Median-Shapley,10.7,10.7,0.97325
Mallows (phi=0.7),4,100,91,9,9,1000,Bottom,Evaluative Voting,59.099999999999994,59.099999999999994,0.85225
Mallows (phi=0.7),4,100,91,9,9,1000,Bottom,k-Median Rule,10.5,10.5,0.97375
Mallows (phi=0.7),4,100,91,9,9,1000,Bottom,k-Median-Shapley,10.7,10.7,0.97325
Mallows (phi=0.7),2,100,90,10,10,1000,Cutoff,Evaluative Voting,75.7,75.7,0.6215
Mallows (phi=0.7),2,100,90,10,10,1000,Cutoff,k-Median Rule,11.700000000000001,11.700000000000001,0.9415
Mallows (phi=0.7),2,100,90,10,10,1000,Cutoff,k-Median-Shapley,13.600000000000001,13.5,0.932
Mallows (phi=0.7),2,100,90,10,10,1000,Bottom,Evaluative Voting,0.3,0.3,0.9985
Mallows (phi=0.7),2,100,90,10,10,1000,Bottom,k-Median Rule,0.8999999999999999,0.0,0.9955
Mallows (phi=0.7),2,100,90,10,10,1000,Bottom,k-Median-Shapley,8.0,0.0,0.96
Mallows (phi=0.7),3,100,90,10,10,1000,Cutoff,Evaluative Voting,75.9,75.9,0.7469999999999951
Mallows (phi=0.7),3,100,90,10,10,1000,Cutoff,k-Median Rule,15.7,15.7,0.9476666666666645
Mallows (phi=0.7),3,100,90,10,10,1000,Cutoff,k-Median-Shapley,19.900000000000002,19.900000000000002,0.9336666666666635
Mallows (phi=0.7),3,100,90,10,10,1000,Bottom,Evaluative Voting,14.299999999999999,14.299999999999999,0.9523333333333313
Mallows (phi=0.7),3,100,90,10,10,1000,Bottom,k-Median Rule,7.000000000000001,3.6999999999999997,0.9766666666666657
Mallows (phi=0.7),3,100,90,10,10,1000,Bottom,k-Median-Shapley,6.6000000000000005,1.3,0.9779999999999991
Mallows (phi=0.7),4,100,90,10,10,1000,Cutoff,Evaluative Voting,67.7,67.7,0.83075
Mallows (phi=0.7),4,100,90,10,10,1000,Cutoff,k-Median Rule,13.600000000000001,13.600000000000001,0.966
Mallows (phi=0.7),4,100,90,10,10,1000,Cutoff,k-Median-Shapley,12.7,12.7,0.96825
Mallows (phi=0.7),4,100,90,10,10,1000,Bottom,Evaluative Voting,67.7,67.7,0.83075
Mallows (phi=0.7),4,100,90,10,10,1000,Bottom,k-Median Rule,13.600000000000001,13.600000000000001,0.966
Mallows (phi=0.7),4,100,90,10,10,1000,Bottom,k-Median-Shapley,12.7,12.7,0.96825
Mallows (phi=0.7),2,100,89,11,11,1000,Cutoff,Evaluative Voting,83.5,83.5,0.5825
Mallows (phi=0.7),2,100,89,11,11,1000,Cutoff,k-Median Rule,14.2,14.2,0.929
Mallows (phi=0.7),2,100,89,11,11,1000,Cutoff,k-Median-Shapley,15.299999999999999,15.1,0.9235
Mallows (phi=0.7),2,100,89,11,11,1000,Bottom,Evaluative Voting,0.8,0.8,0.996
Mallows (phi=0.7),2,100,89,11,11,1000,Bottom,k-Median Rule,1.4000000000000001,0.0,0.993
Mallows (phi=0.7),2,100,89,11,11,1000,Bottom,k-Median-Shapley,8.0,0.0,0.96
Mallows (phi=0.7),3,100,89,11,11,1000,Cutoff,Evaluative Voting,82.3,82.3,0.7256666666666617
Mallows (phi=0.7),3,100,89,11,11,1000,Cutoff,k-Median Rule,19.3,19.3,0.9356666666666638
Mallows (phi=0.7),3,100,89,11,11,1000,Cutoff,k-Median-Shapley,22.6,22.6,0.924666666666663
Mallows (phi=0.7),3,100,89,11,11,1000,Bottom,Evaluative Voting,19.900000000000002,19.900000000000002,0.9336666666666635
Mallows (phi=0.7),3,100,89,11,11,1000,Bottom,k-Median Rule,8.3,4.8,0.972333333333332
Mallows (phi=0.7),3,100,89,11,11,1000,Bottom,k-Median-Shapley,7.5,2.1,0.9749999999999989
Mallows (phi=0.7),4,100,89,11,11,1000,Cutoff,Evaluative Voting,75.0,75.0,0.8125
Mallows (phi=0.7),4,100,89,11,11,1000,Cutoff,k-Median Rule,17.1,17.1,0.95725
Mallows (phi=0.7),4,100,89,11,11,1000,Cutoff,k-Median-Shapley,15.2,15.2,0.962
Mallows (phi=0.7),4,100,89,11,11,1000,Bottom,Evaluative Voting,75.0,75.0,0.8125
Mallows (phi=0.7),4,100,89,11,11,1000,Bottom,k-Median Rule,17.1,17.1,0.95725
Mallows (phi=0.7),4,100,89,11,11,1000,Bottom,k-Median-Shapley,15.2,15.2,0.962
Mallows (phi=0.7),2,100,88,12,12,1000,Cutoff,Evaluative Voting,89.3,89.3,0.5535
Mallows (phi=0.7),2,100,88,12,12,1000,Cutoff,k-Median Rule,16.3,16.3,0.9185
Mallows (phi=0.7),2,100,88,12,12,1000,Cutoff,k-Median-Shapley,15.9,15.8,0.9205
Mallows (phi=0.7),2,100,88,12,12,1000,Bottom,Evaluative Voting,1.6,1.6,0.992
Mallows (phi=0.7),2,100,88,12,12,1000,Bottom,k-Median Rule,1.0999999999999999,0.0,0.9945
Mallows (phi=0.7),2,100,88,12,12,1000,Bottom,k-Median-Shapley,8.0,0.0,0.96
Mallows (phi=0.7),3,100,88,12,12,1000,Cutoff,Evaluative Voting,87.7,87.7,0.7076666666666622
Mallows (phi=0.7),3,100,88,12,12,1000,Cutoff,k-Median Rule,23.0,23.0,0.92333333333333
Mallows (phi=0.7),3,100,88,12,12,1000,Cutoff,k-Median-Shapley,24.5,24.5,0.9183333333333296
Mallows (phi=0.7),3,100,88,12,12,1000,Bottom,Evaluative Voting,26.900000000000002,26.900000000000002,0.9103333333333294
Mallows (phi=0.7),3,100,88,12,12,1000,Bottom,k-Median Rule,10.4,7.1,0.9653333333333316
Mallows (phi=0.7),3,100,88,12,12,1000,Bottom,k-Median-Shapley,8.200000000000001,2.3,0.9726666666666652
Mallows (phi=0.7),4,100,88,12,12,1000,Cutoff,Evaluative Voting,82.0,82.0,0.795
Mallows (phi=0.7),4,100,88,12,12,1000,Cutoff,k-Median Rule,20.8,20.8,0.948
Mallows (phi=0.7),4,100,88,12,12,1000,Cutoff,k-Median-Shapley,17.5,17.5,0.95625
Mallows (phi=0.7),4,100,88,12,12,1000,Bottom,Evaluative Voting,82.0,82.0,0.795
Mallows (phi=0.7),4,100,88,12,12,1000,Bottom,k-Median Rule,20.8,20.8,0.948
Mallows (phi=0.7),4,100,88,12,12,1000,Bottom,k-Median-Shapley,17.5,17.5,0.95625
Mallows (phi=0.7),2,100,87,13,13,1000,Cutoff,Evaluative Voting,93.2,93.2,0.534
Mallows (phi=0.7),2,100,87,13,13,1000,Cutoff,k-Median Rule,20.5,20.5,0.8975
Mallows (phi=0.7),2,100,87,13,13,1000,Cutoff,k-Median-Shapley,18.7,18.6,0.9065
Mallows (phi=0.7),2,100,87,13,13,1000,Bottom,Evaluative Voting,3.1,3.1,0.9845
Mallows (phi=0.7),2,100,87,13,13,1000,Bottom,k-Median Rule,1.5,0.2,0.9925
Mallows (phi=0.7),2,100,87,13,13,1000,Bottom,k-Median-Shapley,7.5,0.0,0.9625
Mallows (phi=0.7),3,100,87,13,13,1000,Cutoff,Evaluative Voting,92.60000000000001,92.60000000000001,0.6913333333333294
Mallows (phi=0.7),3,100,87,13,13,1000,Cutoff,k-Median Rule,27.800000000000004,27.800000000000004,0.9073333333333294
Mallows (phi=0.7),3,100,87,13,13,1000,Cutoff,k-Median-Shapley,28.4,28.299999999999997,0.9053333333333292
Mallows (phi=0.7),3,100,87,13,13,1000,Bottom,Evaluative Voting,36.5,36.5,0.8783333333333286
Mallows (phi=0.7),3,100,87,13,13,1000,Bottom,k-Median Rule,12.3,9.3,0.9589999999999981
Mallows (phi=0.7),3,100,87,13,13,1000,Bottom,k-Median-Shapley,9.5,3.5000000000000004,0.9683333333333317
Mallows (phi=0.7),4,100,87,13,13,1000,Cutoff,Evaluative Voting,87.5,87.5,0.78125
Mallows (phi=0.7),4,100,87,13,13,1000,Cutoff,k-Median Rule,24.8,24.8,0.938
Mallows (phi=0.7),4,100,87,13,13,1000,Cutoff,k-Median-Shapley,21.099999999999998,21.099999999999998,0.94725
Mallows (phi=0.7),4,100,87,13,13,1000,Bottom,Evaluative Voting,87.5,87.5,0.78125
Mallows (phi=0.7),4,100,87,13,13,1000,Bottom,k-Median Rule,24.8,24.8,0.938
Mallows (phi=0.7),4,100,87,13,13,1000,Bottom,k-Median-Shapley,21.099999999999998,21.099999999999998,0.94725
Mallows (phi=0.7),2,100,86,14,14,1000,Cutoff,Evaluative Voting,95.89999999999999,95.89999999999999,0.5205
Mallows (phi=0.7),2,100,86,14,14,1000,Cutoff,k-Median Rule,23.9,23.9,0.8805
Mallows (phi=0.7),2,100,86,14,14,1000,Cutoff,k-Median-Shapley,21.8,21.7,0.891
Mallows (phi=0.7),2,100,86,14,14,1000,Bottom,Evaluative Voting,5.7,5.7,0.9715
Mallows (phi=0.7),2,100,86,14,14,1000,Bottom,k-Median Rule,1.6,0.2,0.992
Mallows (phi=0.7),2,100,86,14,14,1000,Bottom,k-Median-Shapley,7.6,0.0,0.962
Mallows (phi=0.7),3,100,86,14,14,1000,Cutoff,Evaluative Voting,95.3,95.3,0.6823333333333296
Mallows (phi=0.7),3,100,86,14,14,1000,Cutoff,k-Median Rule,32.1,32.1,0.8929999999999951
Mallows (phi=0.7),3,100,86,14,14,1000,Cutoff,k-Median-Shapley,30.9,30.8,0.8969999999999958
Mallows (phi=0.7),3,100,86,14,14,1000,Bottom,Evaluative Voting,45.800000000000004,45.800000000000004,0.8473333333333277
Mallows (phi=0.7),3,100,86,14,14,1000,Bottom,k-Median Rule,15.4,12.1,0.9486666666666641
Mallows (phi=0.7),3,100,86,14,14,1000,Bottom,k-Median-Shapley,9.700000000000001,4.5,0.967666666666665
Mallows (phi=0.7),4,100,86,14,14,1000,Cutoff,Evaluative Voting,92.2,92.2,0.7695
Mallows (phi=0.7),4,100,86,14,14,1000,Cutoff,k-Median Rule,28.999999999999996,28.999999999999996,0.9275
Mallows (phi=0.7),4,100,86,14,14,1000,Cutoff,k-Median-Shapley,23.3,23.3,0.94175
Mallows (phi=0.7),4,100,86,14,14,1000,Bottom,Evaluative Voting,92.2,92.2,0.7695
Mallows (phi=0.7),4,100,86,14,14,1000,Bottom,k-Median Rule,28.999999999999996,28.999999999999996,0.9275
Mallows (phi=0.7),4,100,86,14,14,1000,Bottom,k-Median-Shapley,23.3,23.3,0.94175
Mallows (phi=0.7),2,100,85,15,15,1000,Cutoff,Evaluative Voting,98.7,98.7,0.5065
Mallows (phi=0.7),2,100,85,15,15,1000,Cutoff,k-Median Rule,27.500000000000004,27.500000000000004,0.8625
Mallows (phi=0.7),2,100,85,15,15,1000,Cutoff,k-Median-Shapley,24.099999999999998,24.0,0.8795
Mallows (phi=0.7),2,100,85,15,15,1000,Bottom,Evaluative Voting,9.3,9.3,0.9535
Mallows (phi=0.7),2,100,85,15,15,1000,Bottom,k-Median Rule,2.1999999999999997,0.3,0.989
Mallows (phi=0.7),2,100,85,15,15,1000,Bottom,k-Median-Shapley,7.000000000000001,0.0,0.965
Mallows (phi=0.7),3,100,85,15,15,1000,Cutoff,Evaluative Voting,97.2,97.2,0.6759999999999964
Mallows (phi=0.7),3,100,85,15,15,1000,Cutoff,k-Median Rule,36.7,36.7,0.8776666666666612
Mallows (phi=0.7),3,100,85,15,15,1000,Cutoff,k-Median-Shapley,32.6,32.5,0.8913333333333285
Mallows (phi=0.7),3,100,85,15,15,1000,Bottom,Evaluative Voting,56.49999999999999,56.49999999999999,0.8116666666666607
Mallows (phi=0.7),3,100,85,15,15,1000,Bottom,k-Median Rule,17.9,15.5,0.9403333333333305
Mallows (phi=0.7),3,100,85,15,15,1000,Bottom,k-Median-Shapley,11.600000000000001,5.5,0.9613333333333317
Mallows (phi=0.7),4,100,85,15,15,1000,Cutoff,Evaluative Voting,95.6,95.6,0.761
Mallows (phi=0.7),4,100,85,15,15,1000,Cutoff,k-Median Rule,33.6,33.6,0.916
Mallows (phi=0.7),4,100,85,15,15,1000,Cutoff,k-Median-Shapley,25.7,25.7,0.93575
Mallows (phi=0.7),4,100,85,15,15,1000,Bottom,Evaluative Voting,95.6,95.6,0.761
Mallows (phi=0.7),4,100,85,15,15,1000,Bottom,k-Median Rule,33.6,33.6,0.916
Mallows (phi=0.7),4,100,85,15,15,1000,Bottom,k-Median-Shapley,25.7,25.7,0.93575
Mallows (phi=0.7),2,100,84,16,16,1000,Cutoff,Evaluative Voting,99.3,99.3,0.5035
Mallows (phi=0.7),2,100,84,16,16,1000,Cutoff,k-Median Rule,31.2,31.2,0.844
Mallows (phi=0.7),2,100,84,16,16,1000,Cutoff,k-Median-Shapley,26.6,26.5,0.867
Mallows (phi=0.7),2,100,84,16,16,1000,Bottom,Evaluative Voting,13.5,13.5,0.9325
Mallows (phi=0.7),2,100,84,16,16,1000,Bottom,k-Median Rule,2.1,0.3,0.9895
Mallows (phi=0.7),2,100,84,16,16,1000,Bottom,k-Median-Shapley,7.1,0.0,0.9645
Mallows (phi=0.7),3,100,84,16,16,1000,Cutoff,Evaluative Voting,98.7,98.7,0.6709999999999968
Mallows (phi=0.7),3,100,84,16,16,1000,Cutoff,k-Median Rule,41.199999999999996,41.199999999999996,0.8626666666666606
Mallows (phi=0.7),3,100,84,16,16,1000,Cutoff,k-Median-Shapley,34.599999999999994,34.599999999999994,0.8846666666666618
Mallows (phi=0.7),3,100,84,16,16,1000,Bottom,Evaluative Voting,66.5,66.5,0.7783333333333272
Mallows (phi=0.7),3,100,84,16,16,1000,Bottom,k-Median Rule,21.6,19.2,0.9279999999999966
Mallows (phi=0.7),3,100,84,16,16,1000,Bottom,k-Median-Shapley,12.1,6.5,0.9593333333333315
Mallows (phi=0.7),4,100,84,16,16,1000,Cutoff,Evaluative Voting,97.3,97.3,0.75675
Mallows (phi=0.7),4,100,84,16,16,1000,Cutoff,k-Median Rule,37.7,37.7,0.90575
Mallows (phi=0.7),4,100,84,16,16,1000,Cutoff,k-Median-Shapley,30.2,30.2,0.9245
Mallows (phi=0.7),4,100,84,16,16,1000,Bottom,Evaluative Voting,97.3,97.3,0.75675
Mallows (phi=0.7),4,100,84,16,16,1000,Bottom,k-Median Rule,37.7,37.7,0.90575
Mallows (phi=0.7),4,100,84,16,16,1000,Bottom,k-Median-Shapley,30.2,30.2,0.9245
Mallows (phi=0.7),2,100,83,17,17,1000,Cutoff,Evaluative Voting,99.4,99.4,0.503
Mallows (phi=0.7),2,100,83,17,17,1000,Cutoff,k-Median Rule,35.699999999999996,35.699999999999996,0.8215
Mallows (phi=0.7),2,100,83,17,17,1000,Cutoff,k-Median-Shapley,28.4,28.299999999999997,0.858
Mallows (phi=0.7),2,100,83,17,17,1000,Bottom,Evaluative Voting,21.7,21.7,0.8915
Mallows (phi=0.7),2,100,83,17,17,1000,Bottom,k-Median Rule,3.0,0.4,0.985
Mallows (phi=0.7),2,100,83,17,17,1000,Bottom,k-Median-Shapley,7.199999999999999,0.0,0.964
Mallows (phi=0.7),3,100,83,17,17,1000,Cutoff,Evaluative Voting,99.6,99.6,0.6679999999999969
Mallows (phi=0.7),3,100,83,17,17,1000,Cutoff,k-Median Rule,47.9,47.9,0.8403333333333273
Mallows (phi=0.7),3,100,83,17,17,1000,Cutoff,k-Median-Shapley,36.8,36.7,0.8773333333333285
Mallows (phi=0.7),3,100,83,17,17,1000,Bottom,Evaluative Voting,76.0,76.0,0.7466666666666608
Mallows (phi=0.7),3,100,83,17,17,1000,Bottom,k-Median Rule,26.200000000000003,24.6,0.9126666666666629
Mallows (phi=0.7),3,100,83,17,17,1000,Bottom,k-Median-Shapley,13.200000000000001,7.8,0.955999999999998
Mallows (phi=0.7),4,100,83,17,17,1000,Cutoff,Evaluative Voting,99.0,99.0,0.7525
Mallows (phi=0.7),4,100,83,17,17,1000,Cutoff,k-Median Rule,43.1,43.1,0.89225
Mallows (phi=0.7),4,100,83,17,17,1000,Cutoff,k-Median-Shapley,35.6,35.6,0.911
Mallows (phi=0.7),4,100,83,17,17,1000,Bottom,Evaluative Voting,99.0,99.0,0.7525
Mallows (phi=0.7),4,100,83,17,17,1000,Bottom,k-Median Rule,43.1,43.1,0.89225
Mallows (phi=0.7),4,100,83,17,17,1000,Bottom,k-Median-Shapley,35.6,35.6,0.911
Mallows (phi=0.7),2,100,82,18,18,1000,Cutoff,Evaluative Voting,99.7,99.7,0.5015
Mallows (phi=0.7),2,100,82,18,18,1000,Cutoff,k-Median Rule,41.4,41.4,0.793
Mallows (phi=0.7),2,100,82,18,18,1000,Cutoff,k-Median-Shapley,34.0,34.0,0.83
Mallows (phi=0.7),2,100,82,18,18,1000,Bottom,Evaluative Voting,29.599999999999998,29.599999999999998,0.852
Mallows (phi=0.7),2,100,82,18,18,1000,Bottom,k-Median Rule,4.0,1.2,0.98
Mallows (phi=0.7),2,100,82,18,18,1000,Bottom,k-Median-Shapley,6.800000000000001,0.0,0.966
Mallows (phi=0.7),3,100,82,18,18,1000,Cutoff,Evaluative Voting,99.9,99.9,0.6669999999999969
Mallows (phi=0.7),3,100,82,18,18,1000,Cutoff,k-Median Rule,55.300000000000004,55.300000000000004,0.8156666666666607
Mallows (phi=0.7),3,100,82,18,18,1000,Cutoff,k-Median-Shapley,40.1,40.1,0.8663333333333282
Mallows (phi=0.7),3,100,82,18,18,1000,Bottom,Evaluative Voting,83.39999999999999,83.39999999999999,0.7219999999999945
Mallows (phi=0.7),3,100,82,18,18,1000,Bottom,k-Median Rule,32.4,31.0,0.8919999999999955
Mallows (phi=0.7),3,100,82,18,18,1000,Bottom,k-Median-Shapley,15.299999999999999,9.700000000000001,0.948999999999998
Mallows (phi=0.7),4,100,82,18,18,1000,Cutoff,Evaluative Voting,99.5,99.5,0.75125
Mallows (phi=0.7),4,100,82,18,18,1000,Cutoff,k-Median Rule,48.5,48.5,0.87875
Mallows (phi=0.7),4,100,82,18,18,1000,Cutoff,k-Median-Shapley,39.4,39.4,0.9015
Mallows (phi=0.7),4,100,82,18,18,1000,Bottom,Evaluative Voting,99.5,99.5,0.75125
Mallows (phi=0.7),4,100,82,18,18,1000,Bottom,k-Median Rule,48.5,48.5,0.87875
Mallows (phi=0.7),4,100,82,18,18,1000,Bottom,k-Median-Shapley,39.4,39.4,0.9015
Mallows (phi=0.7),2,100,81,19,19,1000,Cutoff,Evaluative Voting,99.9,99.9,0.5005
Mallows (phi=0.7),2,100,81,19,19,1000,Cutoff,k-Median Rule,49.4,49.4,0.753
Mallows (phi=0.7),2,100,81,19,19,1000,Cutoff,k-Median-Shapley,39.800000000000004,39.7,0.801
Mallows (phi=0.7),2,100,81,19,19,1000,Bottom,Evaluative Voting,40.0,40.0,0.8
Mallows (phi=0.7),2,100,81,19,19,1000,Bottom,k-Median Rule,5.8999999999999995,2.3,0.9705
Mallows (phi=0.7),2,100,81,19,19,1000,Bottom,k-Median-Shapley,6.7,0.0,0.9665
Mallows (phi=0.7),3,100,81,19,19,1000,Cutoff,Evaluative Voting,100.0,100.0,0.6666666666666636
Mallows (phi=0.7),3,100,81,19,19,1000,Cutoff,k-Median Rule,62.9,62.9,0.7903333333333274
Mallows (phi=0.7),3,100,81,19,19,1000,Cutoff,k-Median-Shapley,40.300000000000004,40.300000000000004,0.8656666666666613
Mallows (phi=0.7),3,100,81,19,19,1000,Bottom,Evaluative Voting,89.1,89.1,0.7029999999999952
Mallows (phi=0.7),3,100,81,19,19,1000,Bottom,k-Median Rule,38.7,38.0,0.8706666666666615
Mallows (phi=0.7),3,100,81,19,19,1000,Bottom,k-Median-Shapley,15.4,9.5,0.9486666666666645
Mallows (phi=0.7),4,100,81,19,19,1000,Cutoff,Evaluative Voting,99.7,99.7,0.75075
Mallows (phi=0.7),4,100,81,19,19,1000,Cutoff,k-Median Rule,54.2,54.2,0.8645
Mallows (phi=0.7),4,100,81,19,19,1000,Cutoff,k-Median-Shapley,43.4,43.4,0.8915
Mallows (phi=0.7),4,100,81,19,19,1000,Bottom,Evaluative Voting,99.7,99.7,0.75075
Mallows (phi=0.7),4,100,81,19,19,1000,Bottom,k-Median Rule,54.2,54.2,0.8645
Mallows (phi=0.7),4,100,81,19,19,1000,Bottom,k-Median-Shapley,43.4,43.4,0.8915
Mallows (phi=0.7),2,100,80,20,20,1000,Cutoff,Evaluative Voting,100.0,100.0,0.5
Mallows (phi=0.7),2,100,80,20,20,1000,Cutoff,k-Median Rule,55.00000000000001,55.00000000000001,0.725
Mallows (phi=0.7),2,100,80,20,20,1000,Cutoff,k-Median-Shapley,44.800000000000004,44.7,0.776
Mallows (phi=0.7),2,100,80,20,20,1000,Bottom,Evaluative Voting,52.0,52.0,0.74
Mallows (phi=0.7),2,100,80,20,20,1000,Bottom,k-Median Rule,7.000000000000001,3.3000000000000003,0.965
Mallows (phi=0.7),2,100,80,20,20,1000,Bottom,k-Median-Shapley,7.199999999999999,0.1,0.964
Mallows (phi=0.7),3,100,80,20,20,1000,Cutoff,Evaluative Voting,100.0,100.0,0.6666666666666636
Mallows (phi=0.7),3,100,80,20,20,1000,Cutoff,k-Median Rule,68.4,68.4,0.7719999999999941
Mallows (phi=0.7),3,100,80,20,20,1000,Cutoff,k-Median-Shapley,41.099999999999994,41.099999999999994,0.8629999999999943
Mallows (phi=0.7),3,100,80,20,20,1000,Bottom,Evaluative Voting,94.1,94.1,0.6863333333333296
Mallows (phi=0.7),3,100,80,20,20,1000,Bottom,k-Median Rule,45.5,45.0,0.8479999999999942
Mallows (phi=0.7),3,100,80,20,20,1000,Bottom,k-Median-Shapley,15.5,10.8,0.9483333333333315
Mallows (phi=0.7),4,100,80,20,20,1000,Cutoff,Evaluative Voting,99.9,99.9,0.75025
Mallows (phi=0.7),4,100,80,20,20,1000,Cutoff,k-Median Rule,60.6,60.6,0.8485
Mallows (phi=0.7),4,100,80,20,20,1000,Cutoff,k-Median-Shapley,48.199999999999996,48.199999999999996,0.8795
Mallows (phi=0.7),4,100,80,20,20,1000,Bottom,Evaluative Voting,99.9,99.9,0.75025
Mallows (phi=0.7),4,100,80,20,20,1000,Bottom,k-Median Rule,60.6,60.6,0.8485
Mallows (phi=0.7),4,100,80,20,20,1000,Bottom,k-Median-Shapley,48.199999999999996,48.199999999999996,0.8795
Mallows (phi=0.7),2,100,79,21,21,1000,Cutoff,Evaluative Voting,100.0,100.0,0.5
Mallows (phi=0.7),2,100,79,21,21,1000,Cutoff,k-Median Rule,60.6,60.6,0.697
Mallows (phi=0.7),2,100,79,21,21,1000,Cutoff,k-Median-Shapley,49.7,49.5,0.7515
Mallows (phi=0.7),2,100,79,21,21,1000,Bottom,Evaluative Voting,63.2,63.2,0.684
Mallows (phi=0.7),2,100,79,21,21,1000,Bottom,k-Median Rule,9.3,4.5,0.9535
Mallows (phi=0.7),2,100,79,21,21,1000,Bottom,k-Median-Shapley,7.8,0.0,0.961
Mallows (phi=0.7),3,100,79,21,21,1000,Cutoff,Evaluative Voting,100.0,100.0,0.6666666666666636
Mallows (phi=0.7),3,100,79,21,21,1000,Cutoff,k-Median Rule,74.6,74.6,0.7513333333333282
Mallows (phi=0.7),3,100,79,21,21,1000,Cutoff,k-Median-Shapley,41.0,41.0,0.8633333333333276
Mallows (phi=0.7),3,100,79,21,21,1000,Bottom,Evaluative Voting,97.3,97.3,0.6756666666666636
Mallows (phi=0.7),3,100,79,21,21,1000,Bottom,k-Median Rule,51.9,51.5,0.826666666666661
Mallows (phi=0.7),3,100,79,21,21,1000,Bottom,k-Median-Shapley,17.1,11.700000000000001,0.9429999999999978
Mallows (phi=0.7),4,100,79,21,21,1000,Cutoff,Evaluative Voting,100.0,100.0,0.75
Mallows (phi=0.7),4,100,79,21,21,1000,Cutoff,k-Median Rule,65.60000000000001,65.60000000000001,0.836
Mallows (phi=0.7),4,100,79,21,21,1000,Cutoff,k-Median-Shapley,52.400000000000006,52.400000000000006,0.869
Mallows (phi=0.7),4,100,79,21,21,1000,Bottom,Evaluative Voting,100.0,100.0,0.75
Mallows (phi=0.7),4,100,79,21,21,1000,Bottom,k-Median Rule,65.60000000000001,65.60000000000001,0.836
Mallows (phi=0.7),4,100,79,21,21,1000,Bottom,k-Median-Shapley,52.400000000000006,52.400000000000006,0.869
Mallows (phi=0.7),2,100,78,22,22,1000,Cutoff,Evaluative Voting,100.0,100.0,0.5
Mallows (phi=0.7),2,100,78,22,22,1000,Cutoff,k-Median Rule,67.0,67.0,0.665
Mallows (phi=0.7),2,100,78,22,22,1000,Cutoff,k-Median-Shapley,54.900000000000006,54.800000000000004,0.7255
Mallows (phi=0.7),2,100,78,22,22,1000,Bottom,Evaluative Voting,73.6,73.6,0.632
Mallows (phi=0.7),2,100,78,22,22,1000,Bottom,k-Median Rule,11.700000000000001,6.5,0.9415
Mallows (phi=0.7),2,100,78,22,22,1000,Bottom,k-Median-Shapley,9.0,0.0,0.955
Mallows (phi=0.7),3,100,78,22,22,1000,Cutoff,Evaluative Voting,100.0,100.0,0.6666666666666636
Mallows (phi=0.7),3,100,78,22,22,1000,Cutoff,k-Median Rule,79.5,79.5,0.7349999999999951
Mallows (phi=0.7),3,100,78,22,22,1000,Cutoff,k-Median-Shapley,42.4,42.4,0.8586666666666609
Mallows (phi=0.7),3,100,78,22,22,1000,Bottom,Evaluative Voting,98.7,98.7,0.6709999999999968
Mallows (phi=0.7),3,100,78,22,22,1000,Bottom,k-Median Rule,58.599999999999994,58.199999999999996,0.8043333333333281
Mallows (phi=0.7),3,100,78,22,22,1000,Bottom,k-Median-Shapley,18.0,11.799999999999999,0.9399999999999973
Mallows (phi=0.7),4,100,78,22,22,1000,Cutoff,Evaluative Voting,100.0,100.0,0.75
Mallows (phi=0.7),4,100,78,22,22,1000,Cutoff,k-Median Rule,71.3,71.3,0.82175
Mallows (phi=0.7),4,100,78,22,22,1000,Cutoff,k-Median-Shapley,60.099999999999994,60.099999999999994,0.84975
Mallows (phi=0.7),4,100,78,22,22,1000,Bottom,Evaluative Voting,100.0,100.0,0.75
Mallows (phi=0.7),4,100,78,22,22,1000,Bottom,k-Median Rule,71.3,71.3,0.82175
Mallows (phi=0.7),4,100,78,22,22,1000,Bottom,k-Median-Shapley,60.099999999999994,60.099999999999994,0.84975
Mallows (phi=0.7),2,100,77,23,23,1000,Cutoff,Evaluative Voting,100.0,100.0,0.5
Mallows (phi=0.7),2,100,77,23,23,1000,Cutoff,k-Median Rule,73.5,73.5,0.6325
Mallows (phi=0.7),2,100,77,23,23,1000,Cutoff,k-Median-Shapley,60.4,60.4,0.698
Mallows (phi=0.7),2,100,77,23,23,1000,Bottom,Evaluative Voting,84.6,84.6,0.577
Mallows (phi=0.7),2,100,77,23,23,1000,Bottom,k-Median Rule,16.1,10.4,0.9195
Mallows (phi=0.7),2,100,77,23,23,1000,Bottom,k-Median-Shapley,8.4,0.3,0.958
Mallows (phi=0.7),3,100,77,23,23,1000,Cutoff,Evaluative Voting,100.0,100.0,0.6666666666666636
Mallows (phi=0.7),3,100,77,23,23,1000,Cutoff,k-Median Rule,83.39999999999999,83.39999999999999,0.7219999999999951
Mallows (phi=0.7),3,100,77,23,23,1000,Cutoff,k-Median-Shapley,45.0,45.0,0.8499999999999938
Mallows (phi=0.7),3,100,77,23,23,1000,Bottom,Evaluative Voting,99.4,99.4,0.6686666666666636
Mallows (phi=0.7),3,100,77,23,23,1000,Bottom,k-Median Rule,64.7,64.5,0.783999999999995
Mallows (phi=0.7),3,100,77,23,23,1000,Bottom,k-Median-Shapley,18.7,11.899999999999999,0.9376666666666638
Mallows (phi=0.7),4,100,77,23,23,1000,Cutoff,Evaluative Voting,100.0,100.0,0.75
Mallows (phi=0.7),4,100,77,23,23,1000,Cutoff,k-Median Rule,75.6,75.6,0.811
Mallows (phi=0.7),4,100,77,23,23,1000,Cutoff,k-Median-Shapley,62.3,62.3,0.84425
Mallows (phi=0.7),4,100,77,23,23,1000,Bottom,Evaluative Voting,100.0,100.0,0.75
Mallows (phi=0.7),4,100,77,23,23,1000,Bottom,k-Median Rule,75.6,75.6,0.811
Mallows (phi=0.7),4,100,77,23,23,1000,Bottom,k-Median-Shapley,62.3,62.3,0.84425
Mallows (phi=0.7),2,100,76,24,24,1000,Cutoff,Evaluative Voting,100.0,100.0,0.5
Mallows (phi=0.7),2,100,76,24,24,1000,Cutoff,k-Median Rule,79.2,79.2,0.604
Mallows (phi=0.7),2,100,76,24,24,1000,Cutoff,k-Median-Shapley,67.9,67.9,0.6605
Mallows (phi=0.7),2,100,76,24,24,1000,Bottom,Evaluative Voting,91.5,91.5,0.5425
Mallows (phi=0.7),2,100,76,24,24,1000,Bottom,k-Median Rule,20.1,15.1,0.8995
Mallows (phi=0.7),2,100,76,24,24,1000,Bottom,k-Median-Shapley,8.799999999999999,0.5,0.956
Mallows (phi=0.7),3,100,76,24,24,1000,Cutoff,Evaluative Voting,100.0,100.0,0.6666666666666636
Mallows (phi=0.7),3,100,76,24,24,1000,Cutoff,k-Median Rule,88.2,88.2,0.7059999999999954
Mallows (phi=0.7),3,100,76,24,24,1000,Cutoff,k-Median-Shapley,48.8,48.8,0.8373333333333272
Mallows (phi=0.7),3,100,76,24,24,1000,Bottom,Evaluative Voting,99.6,99.6,0.6679999999999969
Mallows (phi=0.7),3,100,76,24,24,1000,Bottom,k-Median Rule,70.39999999999999,70.19999999999999,0.7649999999999951
Mallows (phi=0.7),3,100,76,24,24,1000,Bottom,k-Median-Shapley,20.599999999999998,13.700000000000001,0.9313333333333305
Mallows (phi=0.7),4,100,76,24,24,1000,Cutoff,Evaluative Voting,100.0,100.0,0.75
Mallows (phi=0.7),4,100,76,24,24,1000,Cutoff,k-Median Rule,79.60000000000001,79.60000000000001,0.801
Mallows (phi=0.7),4,100,76,24,24,1000,Cutoff,k-Median-Shapley,65.0,65.0,0.8375
Mallows (phi=0.7),4,100,76,24,24,1000,Bottom,Evaluative Voting,100.0,100.0,0.75
Mallows (phi=0.7),4,100,76,24,24,1000,Bottom,k-Median Rule,79.60000000000001,79.60000000000001,0.801
Mallows (phi=0.7),4,100,76,24,24,1000,Bottom,k-Median-Shapley,65.0,65.0,0.8375
Mallows (phi=0.7),2,100,75,25,25,1000,Cutoff,Evaluative Voting,100.0,100.0,0.5
Mallows (phi=0.7),2,100,75,25,25,1000,Cutoff,k-Median Rule,83.6,83.6,0.582
Mallows (phi=0.7),2,100,75,25,25,1000,Cutoff,k-Median-Shapley,72.5,72.5,0.6375
Mallows (phi=0.7),2,100,75,25,25,1000,Bottom,Evaluative Voting,96.1,96.1,0.5195
Mallows (phi=0.7),2,100,75,25,25,1000,Bottom,k-Median Rule,26.3,21.0,0.8685
Mallows (phi=0.7),2,100,75,25,25,1000,Bottom,k-Median-Shapley,9.8,0.5,0.951
Mallows (phi=0.7),3,100,75,25,25,1000,Cutoff,Evaluative Voting,100.0,100.0,0.6666666666666636
Mallows (phi=0.7),3,100,75,25,25,1000,Cutoff,k-Median Rule,92.30000000000001,92.30000000000001,0.692333333333329
Mallows (phi=0.7),3,100,75,25,25,1000,Cutoff,k-Median-Shapley,53.800000000000004,53.800000000000004,0.8206666666666611
Mallows (phi=0.7),3,100,75,25,25,1000,Bottom,Evaluative Voting,100.0,100.0,0.6666666666666636
Mallows (phi=0.7),3,100,75,25,25,1000,Bottom,k-Median Rule,78.2,78.10000000000001,0.7389999999999947
Mallows (phi=0.7),3,100,75,25,25,1000,Bottom,k-Median-Shapley,20.5,13.3,0.9316666666666638
Mallows (phi=0.7),4,100,75,25,25,1000,Cutoff,Evaluative Voting,100.0,100.0,0.75
Mallows (phi=0.7),4,100,75,25,25,1000,Cutoff,k-Median Rule,84.6,84.6,0.7885
Mallows (phi=0.7),4,100,75,25,25,1000,Cutoff,k-Median-Shapley,66.10000000000001,66.10000000000001,0.83475
Mallows (phi=0.7),4,100,75,25,25,1000,Bottom,Evaluative Voting,100.0,100.0,0.75
Mallows (phi=0.7),4,100,75,25,25,1000,Bottom,k-Median Rule,84.6,84.6,0.7885
Mallows (phi=0.7),4,100,75,25,25,1000,Bottom,k-Median-Shapley,66.10000000000001,66.10000000000001,0.83475
Mallows (phi=0.7),2,100,74,26,26,1000,Cutoff,Evaluative Voting,100.0,100.0,0.5
Mallows (phi=0.7),2,100,74,26,26,1000,Cutoff,k-Median Rule,87.3,87.3,0.5635
Mallows (phi=0.7),2,100,74,26,26,1000,Cutoff,k-Median-Shapley,76.8,76.8,0.616
Mallows (phi=0.7),2,100,74,26,26,1000,Bottom,Evaluative Voting,98.2,98.2,0.509
Mallows (phi=0.7),2,100,74,26,26,1000,Bottom,k-Median Rule,32.5,26.900000000000002,0.8375
Mallows (phi=0.7),2,100,74,26,26,1000,Bottom,k-Median-Shapley,10.4,1.2,0.948
Mallows (phi=0.7),3,100,74,26,26,1000,Cutoff,Evaluative Voting,100.0,100.0,0.6666666666666636
Mallows (phi=0.7),3,100,74,26,26,1000,Cutoff,k-Median Rule,95.0,95.0,0.6833333333333298
Mallows (phi=0.7),3,100,74,26,26,1000,Cutoff,k-Median-Shapley,57.099999999999994,57.099999999999994,0.8096666666666609
Mallows (phi=0.7),3,100,74,26,26,1000,Bottom,Evaluative Voting,100.0,100.0,0.6666666666666636
Mallows (phi=0.7),3,100,74,26,26,1000,Bottom,k-Median Rule,83.8,83.7,0.7206666666666615
Mallows (phi=0.7),3,100,74,26,26,1000,Bottom,k-Median-Shapley,22.3,14.6,0.9253333333333307
Mallows (phi=0.7),4,100,74,26,26,1000,Cutoff,Evaluative Voting,100.0,100.0,0.75
Mallows (phi=0.7),4,100,74,26,26,1000,Cutoff,k-Median Rule,88.7,88.7,0.77825
Mallows (phi=0.7),4,100,74,26,26,1000,Cutoff,k-Median-Shapley,67.2,67.2,0.832
Mallows (phi=0.7),4,100,74,26,26,1000,Bottom,Evaluative Voting,100.0,100.0,0.75
Mallows (phi=0.7),4,100,74,26,26,1000,Bottom,k-Median Rule,88.7,88.7,0.77825
Mallows (phi=0.7),4,100,74,26,26,1000,Bottom,k-Median-Shapley,67.2,67.2,0.832
Mallows (phi=0.7),2,100,73,27,27,1000,Cutoff,Evaluative Voting,100.0,100.0,0.5
Mallows (phi=0.7),2,100,73,27,27,1000,Cutoff,k-Median Rule,91.2,91.2,0.544
Mallows (phi=0.7),2,100,73,27,27,1000,Cutoff,k-Median-Shapley,80.60000000000001,80.60000000000001,0.597
Mallows (phi=0.7),2,100,73,27,27,1000,Bottom,Evaluative Voting,99.4,99.4,0.503
Mallows (phi=0.7),2,100,73,27,27,1000,Bottom,k-Median Rule,38.4,33.900000000000006,0.808
Mallows (phi=0.7),2,100,73,27,27,1000,Bottom,k-Median-Shapley,12.0,1.5,0.94
Mallows (phi=0.7),3,100,73,27,27,1000,Cutoff,Evaluative Voting,100.0,100.0,0.6666666666666636
Mallows (phi=0.7),3,100,73,27,27,1000,Cutoff,k-Median Rule,96.8,96.8,0.67733333333333
Mallows (phi=0.7),3,100,73,27,27,1000,Cutoff,k-Median-Shapley,60.699999999999996,60.699999999999996,0.7976666666666608
Mallows (phi=0.7),3,100,73,27,27,1000,Bottom,Evaluative Voting,100.0,100.0,0.6666666666666636
Mallows (phi=0.7),3,100,73,27,27,1000,Bottom,k-Median Rule,88.7,88.7,0.7043333333333288
Mallows (phi=0.7),3,100,73,27,27,1000,Bottom,k-Median-Shapley,22.5,15.5,0.9249999999999972
Mallows (phi=0.7),4,100,73,27,27,1000,Cutoff,Evaluative Voting,100.0,100.0,0.75
Mallows (phi=0.7),4,100,73,27,27,1000,Cutoff,k-Median Rule,92.60000000000001,92.60000000000001,0.7685
Mallows (phi=0.7),4,100,73,27,27,1000,Cutoff,k-Median-Shapley,70.6,70.6,0.8235
Mallows (phi=0.7),4,100,73,27,27,1000,Bottom,Evaluative Voting,100.0,100.0,0.75
Mallows (phi=0.7),4,100,73,27,27,1000,Bottom,k-Median Rule,92.60000000000001,92.60000000000001,0.7685
Mallows (phi=0.7),4,100,73,27,27,1000,Bottom,k-Median-Shapley,70.6,70.6,0.8235
Mallows (phi=0.7),2,100,72,28,28,1000,Cutoff,Evaluative Voting,100.0,100.0,0.5
Mallows (phi=0.7),2,100,72,28,28,1000,Cutoff,k-Median Rule,93.30000000000001,93.30000000000001,0.5335
Mallows (phi=0.7),2,100,72,28,28,1000,Cutoff,k-Median-Shapley,84.2,84.2,0.579
Mallows (phi=0.7),2,100,72,28,28,1000,Bottom,Evaluative Voting,99.7,99.7,0.5015
Mallows (phi=0.7),2,100,72,28,28,1000,Bottom,k-Median Rule,45.5,42.0,0.772
Mallows (phi=0.7),2,100,72,28,28,1000,Bottom,k-Median-Shapley,12.4,2.9000000000000004,0.938
Mallows (phi=0.7),3,100,72,28,28,1000,Cutoff,Evaluative Voting,100.0,100.0,0.6666666666666636
Mallows (phi=0.7),3,100,72,28,28,1000,Cutoff,k-Median Rule,98.4,98.4,0.6719999999999968
Mallows (phi=0.7),3,100,72,28,28,1000,Cutoff,k-Median-Shapley,67.80000000000001,67.80000000000001,0.7739999999999949
Mallows (phi=0.7),3,100,72,28,28,1000,Bottom,Evaluative Voting,100.0,100.0,0.6666666666666636
Mallows (phi=0.7),3,100,72,28,28,1000,Bottom,k-Median Rule,93.30000000000001,93.30000000000001,0.6889999999999961
Mallows (phi=0.7),3,100,72,28,28,1000,Bottom,k-Median-Shapley,24.0,16.5,0.9199999999999973
Mallows (phi=0.7),4,100,72,28,28,1000,Cutoff,Evaluative Voting,100.0,100.0,0.75
Mallows (phi=0.7),4,100,72,28,28,1000,Cutoff,k-Median Rule,95.5,95.5,0.76125
Mallows (phi=0.7),4,100,72,28,28,1000,Cutoff,k-Median-Shapley,69.89999999999999,69.89999999999999,0.82525
Mallows (phi=0.7),4,100,72,28,28,1000,Bottom,Evaluative Voting,100.0,100.0,0.75
Mallows (phi=0.7),4,100,72,28,28,1000,Bottom,k-Median Rule,95.5,95.5,0.76125
Mallows (phi=0.7),4,100,72,28,28,1000,Bottom,k-Median-Shapley,69.89999999999999,69.89999999999999,0.82525
Mallows (phi=0.7),2,100,71,29,29,1000,Cutoff,Evaluative Voting,100.0,100.0,0.5
Mallows (phi=0.7),2,100,71,29,29,1000,Cutoff,k-Median Rule,95.0,95.0,0.525
Mallows (phi=0.7),2,100,71,29,29,1000,Cutoff,k-Median-Shapley,86.0,86.0,0.57
Mallows (phi=0.7),2,100,71,29,29,1000,Bottom,Evaluative Voting,99.9,99.9,0.5005
Mallows (phi=0.7),2,100,71,29,29,1000,Bottom,k-Median Rule,53.6,50.9,0.731
Mallows (phi=0.7),2,100,71,29,29,1000,Bottom,k-Median-Shapley,14.099999999999998,3.9,0.9295
Mallows (phi=0.7),3,100,71,29,29,1000,Cutoff,Evaluative Voting,100.0,100.0,0.6666666666666636
Mallows (phi=0.7),3,100,71,29,29,1000,Cutoff,k-Median Rule,99.1,99.1,0.6696666666666635
Mallows (phi=0.7),3,100,71,29,29,1000,Cutoff,k-Median-Shapley,74.3,74.3,0.7523333333333276
Mallows (phi=0.7),3,100,71,29,29,1000,Bottom,Evaluative Voting,100.0,100.0,0.6666666666666636
Mallows (phi=0.7),3,100,71,29,29,1000,Bottom,k-Median Rule,95.3,95.3,0.6823333333333299
Mallows (phi=0.7),3,100,71,29,29,1000,Bottom,k-Median-Shapley,26.900000000000002,19.400000000000002,0.91033333333333
Mallows (phi=0.7),4,100,71,29,29,1000,Cutoff,Evaluative Voting,100.0,100.0,0.75
Mallows (phi=0.7),4,100,71,29,29,1000,Cutoff,k-Median Rule,97.2,97.2,0.757
Mallows (phi=0.7),4,100,71,29,29,1000,Cutoff,k-Median-Shapley,71.6,71.6,0.821
Mallows (phi=0.7),4,100,71,29,29,1000,Bottom,Evaluative Voting,100.0,100.0,0.75
Mallows (phi=0.7),4,100,71,29,29,1000,Bottom,k-Median Rule,97.2,97.2,0.757
Mallows (phi=0.7),4,100,71,29,29,1000,Bottom,k-Median-Shapley,71.6,71.6,0.821
Mallows (phi=0.7),2,100,70,30,30,1000,Cutoff,Evaluative Voting,100.0,100.0,0.5
Mallows (phi=0.7),2,100,70,30,30,1000,Cutoff,k-Median Rule,96.5,96.5,0.5175
Mallows (phi=0.7),2,100,70,30,30,1000,Cutoff,k-Median-Shapley,87.6,87.6,0.562
Mallows (phi=0.7),2,100,70,30,30,1000,Bottom,Evaluative Voting,100.0,100.0,0.5
Mallows (phi=0.7),2,100,70,30,30,1000,Bottom,k-Median Rule,62.5,60.9,0.687
Mallows (phi=0.7),2,100,70,30,30,1000,Bottom,k-Median-Shapley,16.3,6.6000000000000005,0.9185
Mallows (phi=0.7),3,100,70,30,30,1000,Cutoff,Evaluative Voting,100.0,100.0,0.6666666666666636
Mallows (phi=0.7),3,100,70,30,30,1000,Cutoff,k-Median Rule,99.5,99.5,0.6683333333333303
Mallows (phi=0.7),3,100,70,30,30,1000,Cutoff,k-Median-Shapley,79.2,79.2,0.7359999999999949
Mallows (phi=0.7),3,100,70,30,30,1000,Bottom,Evaluative Voting,100.0,100.0,0.6666666666666636
Mallows (phi=0.7),3,100,70,30,30,1000,Bottom,k-Median Rule,96.7,96.7,0.6776666666666634
Mallows (phi=0.7),3,100,70,30,30,1000,Bottom,k-Median-Shapley,29.2,23.0,0.9026666666666624
Mallows (phi=0.7),4,100,70,30,30,1000,Cutoff,Evaluative Voting,100.0,100.0,0.75
Mallows (phi=0.7),4,100,70,30,30,1000,Cutoff,k-Median Rule,97.89999999999999,97.89999999999999,0.75525
Mallows (phi=0.7),4,100,70,30,30,1000,Cutoff,k-Median-Shapley,74.4,74.4,0.814
Mallows (phi=0.7),4,100,70,30,30,1000,Bottom,Evaluative Voting,100.0,100.0,0.75
Mallows (phi=0.7),4,100,70,30,30,1000,Bottom,k-Median Rule,97.89999999999999,97.89999999999999,0.75525
Mallows (phi=0.7),4,100,70,30,30,1000,Bottom,k-Median-Shapley,74.4,74.4,0.814
Mallows (phi=0.7),2,100,69,31,31,1000,Cutoff,Evaluative Voting,100.0,100.0,0.5
Mallows (phi=0.7),2,100,69,31,31,1000,Cutoff,k-Median Rule,97.5,97.5,0.5125
Mallows (phi=0.7),2,100,69,31,31,1000,Cutoff,k-Median-Shapley,87.9,87.9,0.5605
Mallows (phi=0.7),2,100,69,31,31,1000,Bottom,Evaluative Voting,100.0,100.0,0.5
Mallows (phi=0.7),2,100,69,31,31,1000,Bottom,k-Median Rule,72.1,71.0,0.638
Mallows (phi=0.7),2,100,69,31,31,1000,Bottom,k-Median-Shapley,21.2,10.5,0.894
Mallows (phi=0.7),3,100,69,31,31,1000,Cutoff,Evaluative Voting,100.0,100.0,0.6666666666666636
Mallows (phi=0.7),3,100,69,31,31,1000,Cutoff,k-Median Rule,99.8,99.8,0.6673333333333302
Mallows (phi=0.7),3,100,69,31,31,1000,Cutoff,k-Median-Shapley,84.89999999999999,84.89999999999999,0.7169999999999954
Mallows (phi=0.7),3,100,69,31,31,1000,Bottom,Evaluative Voting,100.0,100.0,0.6666666666666636
Mallows (phi=0.7),3,100,69,31,31,1000,Bottom,k-Median Rule,97.7,97.7,0.6743333333333301
Mallows (phi=0.7),3,100,69,31,31,1000,Bottom,k-Median-Shapley,35.4,29.599999999999998,0.8813333333333294
Mallows (phi=0.7),4,100,69,31,31,1000,Cutoff,Evaluative Voting,100.0,100.0,0.75
Mallows (phi=0.7),4,100,69,31,31,1000,Cutoff,k-Median Rule,98.4,98.4,0.754
Mallows (phi=0.7),4,100,69,31,31,1000,Cutoff,k-Median-Shapley,78.10000000000001,78.10000000000001,0.80475
Mallows (phi=0.7),4,100,69,31,31,1000,Bottom,Evaluative Voting,100.0,100.0,0.75
Mallows (phi=0.7),4,100,69,31,31,1000,Bottom,k-Median Rule,98.4,98.4,0.754
Mallows (phi=0.7),4,100,69,31,31,1000,Bottom,k-Median-Shapley,78.10000000000001,78.10000000000001,0.80475
Mallows (phi=0.7),2,100,68,32,32,1000,Cutoff,Evaluative Voting,100.0,100.0,0.5
Mallows (phi=0.7),2,100,68,32,32,1000,Cutoff,k-Median Rule,98.6,98.6,0.507
Mallows (phi=0.7),2,100,68,32,32,1000,Cutoff,k-Median-Shapley,90.8,90.8,0.546
Mallows (phi=0.7),2,100,68,32,32,1000,Bottom,Evaluative Voting,100.0,100.0,0.5
Mallows (phi=0.7),2,100,68,32,32,1000,Bottom,k-Median Rule,80.80000000000001,80.4,0.595
Mallows (phi=0.7),2,100,68,32,32,1000,Bottom,k-Median-Shapley,23.799999999999997,15.2,0.8805
Mallows (phi=0.7),3,100,68,32,32,1000,Cutoff,Evaluative Voting,100.0,100.0,0.6666666666666636
Mallows (phi=0.7),3,100,68,32,32,1000,Cutoff,k-Median Rule,100.0,100.0,0.6666666666666636
Mallows (phi=0.7),3,100,68,32,32,1000,Cutoff,k-Median-Shapley,88.7,88.7,0.7043333333333288
Mallows (phi=0.7),3,100,68,32,32,1000,Bottom,Evaluative Voting,100.0,100.0,0.6666666666666636
Mallows (phi=0.7),3,100,68,32,32,1000,Bottom,k-Median Rule,98.7,98.7,0.6706666666666635
Mallows (phi=0.7),3,100,68,32,32,1000,Bottom,k-Median-Shapley,40.699999999999996,35.699999999999996,0.8636666666666627
Mallows (phi=0.7),4,100,68,32,32,1000,Cutoff,Evaluative Voting,100.0,100.0,0.75
Mallows (phi=0.7),4,100,68,32,32,1000,Cutoff,k-Median Rule,99.1,99.1,0.75225
Mallows (phi=0.7),4,100,68,32,32,1000,Cutoff,k-Median-Shapley,82.39999999999999,82.39999999999999,0.794
Mallows (phi=0.7),4,100,68,32,32,1000,Bottom,Evaluative Voting,100.0,100.0,0.75
Mallows (phi=0.7),4,100,68,32,32,1000,Bottom,k-Median Rule,99.1,99.1,0.75225
Mallows (phi=0.7),4,100,68,32,32,1000,Bottom,k-Median-Shapley,82.39999999999999,82.39999999999999,0.794
Mallows (phi=0.7),2,100,67,33,33,1000,Cutoff,Evaluative Voting,100.0,100.0,0.5
Mallows (phi=0.7),2,100,67,33,33,1000,Cutoff,k-Median Rule,99.2,99.2,0.504
Mallows (phi=0.7),2,100,67,33,33,1000,Cutoff,k-Median-Shapley,92.5,92.5,0.5375
Mallows (phi=0.7),2,100,67,33,33,1000,Bottom,Evaluative Voting,100.0,100.0,0.5
Mallows (phi=0.7),2,100,67,33,33,1000,Bottom,k-Median Rule,87.6,87.4,0.561
Mallows (phi=0.7),2,100,67,33,33,1000,Bottom,k-Median-Shapley,29.799999999999997,20.3,0.851
Mallows (phi=0.7),3,100,67,33,33,1000,Cutoff,Evaluative Voting,100.0,100.0,0.6666666666666636
Mallows (phi=0.7),3,100,67,33,33,1000,Cutoff,k-Median Rule,100.0,100.0,0.6666666666666636
Mallows (phi=0.7),3,100,67,33,33,1000,Cutoff,k-Median-Shapley,90.8,90.8,0.6973333333333291
Mallows (phi=0.7),3,100,67,33,33,1000,Bottom,Evaluative Voting,100.0,100.0,0.6666666666666636
Mallows (phi=0.7),3,100,67,33,33,1000,Bottom,k-Median Rule,98.9,98.9,0.6699999999999969
Mallows (phi=0.7),3,100,67,33,33,1000,Bottom,k-Median-Shapley,48.3,44.2,0.8383333333333285
Mallows (phi=0.7),4,100,67,33,33,1000,Cutoff,Evaluative Voting,100.0,100.0,0.75
Mallows (phi=0.7),4,100,67,33,33,1000,Cutoff,k-Median Rule,99.3,99.3,0.75175
Mallows (phi=0.7),4,100,67,33,33,1000,Cutoff,k-Median-Shapley,87.7,87.7,0.78075
Mallows (phi=0.7),4,100,67,33,33,1000,Bottom,Evaluative Voting,100.0,100.0,0.75
Mallows (phi=0.7),4,100,67,33,33,1000,Bottom,k-Median Rule,99.3,99.3,0.75175
Mallows (phi=0.7),4,100,67,33,33,1000,Bottom,k-Median-Shapley,87.7,87.7,0.78075
Mallows (phi=0.7),2,100,66,34,34,1000,Cutoff,Evaluative Voting,100.0,100.0,0.5
Mallows (phi=0.7),2,100,66,34,34,1000,Cutoff,k-Median Rule,99.7,99.7,0.5015
Mallows (phi=0.7),2,100,66,34,34,1000,Cutoff,k-Median-Shapley,94.89999999999999,94.89999999999999,0.5255
Mallows (phi=0.7),2,100,66,34,34,1000,Bottom,Evaluative Voting,100.0,100.0,0.5
Mallows (phi=0.7),2,100,66,34,34,1000,Bottom,k-Median Rule,92.30000000000001,92.30000000000001,0.5375
Mallows (phi=0.7),2,100,66,34,34,1000,Bottom,k-Median-Shapley,34.599999999999994,26.0,0.825
Mallows (phi=0.7),3,100,66,34,34,1000,Cutoff,Evaluative Voting,100.0,100.0,0.6666666666666636
Mallows (phi=0.7),3,100,66,34,34,1000,Cutoff,k-Median Rule,100.0,100.0,0.6666666666666636
Mallows (phi=0.7),3,100,66,34,34,1000,Cutoff,k-Median-Shapley,93.8,93.8,0.6873333333333294
Mallows (phi=0.7),3,100,66,34,34,1000,Bottom,Evaluative Voting,100.0,100.0,0.6666666666666636
Mallows (phi=0.7),3,100,66,34,34,1000,Bottom,k-Median Rule,99.4,99.3,0.6686666666666635
Mallows (phi=0.7),3,100,66,34,34,1000,Bottom,k-Median-Shapley,59.0,55.300000000000004,0.8026666666666612
Mallows (phi=0.7),4,100,66,34,34,1000,Cutoff,Evaluative Voting,100.0,100.0,0.75
Mallows (phi=0.7),4,100,66,34,34,1000,Cutoff,k-Median Rule,99.8,99.8,0.7505
Mallows (phi=0.7),4,100,66,34,34,1000,Cutoff,k-Median-Shapley,91.7,91.7,0.77075
Mallows (phi=0.7),4,100,66,34,34,1000,Bottom,Evaluative Voting,100.0,100.0,0.75
Mallows (phi=0.7),4,100,66,34,34,1000,Bottom,k-Median Rule,99.8,99.8,0.7505
Mallows (phi=0.7),4,100,66,34,34,1000,Bottom,k-Median-Shapley,91.7,91.7,0.77075
Mallows (phi=0.7),2,100,65,35,35,1000,Cutoff,Evaluative Voting,100.0,100.0,0.5
Mallows (phi=0.7),2,100,65,35,35,1000,Cutoff,k-Median Rule,99.8,99.8,0.501
Mallows (phi=0.7),2,100,65,35,35,1000,Cutoff,k-Median-Shapley,97.39999999999999,97.39999999999999,0.5125
Mallows (phi=0.7),2,100,65,35,35,1000,Bottom,Evaluative Voting,100.0,100.0,0.5
Mallows (phi=0.7),2,100,65,35,35,1000,Bottom,k-Median Rule,96.3,96.2,0.5175
Mallows (phi=0.7),2,100,65,35,35,1000,Bottom,k-Median-Shapley,39.2,31.6,0.8025
Mallows (phi=0.7),3,100,65,35,35,1000,Cutoff,Evaluative Voting,100.0,100.0,0.6666666666666636
Mallows (phi=0.7),3,100,65,35,35,1000,Cutoff,k-Median Rule,100.0,100.0,0.6666666666666636
Mallows (phi=0.7),3,100,65,35,35,1000,Cutoff,k-Median-Shapley,95.7,95.7,0.6809999999999965
Mallows (phi=0.7),3,100,65,35,35,1000,Bottom,Evaluative Voting,100.0,100.0,0.6666666666666636
Mallows (phi=0.7),3,100,65,35,35,1000,Bottom,k-Median Rule,99.7,99.7,0.6673333333333302
Mallows (phi=0.7),3,100,65,35,35,1000,Bottom,k-Median-Shapley,66.10000000000001,64.0,0.7793333333333275
Mallows (phi=0.7),4,100,65,35,35,1000,Cutoff,Evaluative Voting,100.0,100.0,0.75
Mallows (phi=0.7),4,100,65,35,35,1000,Cutoff,k-Median Rule,99.9,99.9,0.75025
Mallows (phi=0.7),4,100,65,35,35,1000,Cutoff,k-Median-Shapley,96.0,96.0,0.76
Mallows (phi=0.7),4,100,65,35,35,1000,Bottom,Evaluative Voting,100.0,100.0,0.75
Mallows (phi=0.7),4,100,65,35,35,1000,Bottom,k-Median Rule,99.9,99.9,0.75025
Mallows (phi=0.7),4,100,65,35,35,1000,Bottom,k-Median-Shapley,96.0,96.0,0.76
Mallows (phi=0.7),2,100,64,36,36,1000,Cutoff,Evaluative Voting,100.0,100.0,0.5
Mallows (phi=0.7),2,100,64,36,36,1000,Cutoff,k-Median Rule,99.9,99.9,0.5005
Mallows (phi=0.7),2,100,64,36,36,1000,Cutoff,k-Median-Shapley,98.3,98.3,0.5085
Mallows (phi=0.7),2,100,64,36,36,1000,Bottom,Evaluative Voting,100.0,100.0,0.5
Mallows (phi=0.7),2,100,64,36,36,1000,Bottom,k-Median Rule,98.5,98.5,0.507
Mallows (phi=0.7),2,100,64,36,36,1000,Bottom,k-Median-Shapley,44.7,37.9,0.775
Mallows (phi=0.7),3,100,64,36,36,1000,Cutoff,Evaluative Voting,100.0,100.0,0.6666666666666636
Mallows (phi=0.7),3,100,64,36,36,1000,Cutoff,k-Median Rule,100.0,100.0,0.6666666666666636
Mallows (phi=0.7),3,100,64,36,36,1000,Cutoff,k-Median-Shapley,97.3,97.3,0.6756666666666633
Mallows (phi=0.7),3,100,64,36,36,1000,Bottom,Evaluative Voting,100.0,100.0,0.6666666666666636
Mallows (phi=0.7),3,100,64,36,36,1000,Bottom,k-Median Rule,99.8,99.8,0.6663333333333304
Mallows (phi=0.7),3,100,64,36,36,1000,Bottom,k-Median-Shapley,74.0,72.8,0.7516666666666614
Mallows (phi=0.7),4,100,64,36,36,1000,Cutoff,Evaluative Voting,100.0,100.0,0.75
Mallows (phi=0.7),4,100,64,36,36,1000,Cutoff,k-Median Rule,99.9,99.9,0.75025
Mallows (phi=0.7),4,100,64,36,36,1000,Cutoff,k-Median-Shapley,97.2,97.2,0.757
Mallows (phi=0.7),4,100,64,36,36,1000,Bottom,Evaluative Voting,100.0,100.0,0.75
Mallows (phi=0.7),4,100,64,36,36,1000,Bottom,k-Median Rule,99.9,99.9,0.75025
Mallows (phi=0.7),4,100,64,36,36,1000,Bottom,k-Median-Shapley,97.2,97.2,0.757
Mallows (phi=0.7),2,100,63,37,37,1000,Cutoff,Evaluative Voting,100.0,100.0,0.5
Mallows (phi=0.7),2,100,63,37,37,1000,Cutoff,k-Median Rule,99.9,99.9,0.5005
Mallows (phi=0.7),2,100,63,37,37,1000,Cutoff,k-Median-Shapley,98.7,98.7,0.506
Mallows (phi=0.7),2,100,63,37,37,1000,Bottom,Evaluative Voting,100.0,100.0,0.5
Mallows (phi=0.7),2,100,63,37,37,1000,Bottom,k-Median Rule,99.4,99.4,0.502
Mallows (phi=0.7),2,100,63,37,37,1000,Bottom,k-Median-Shapley,53.900000000000006,48.5,0.73
Mallows (phi=0.7),3,100,63,37,37,1000,Cutoff,Evaluative Voting,100.0,100.0,0.6666666666666636
Mallows (phi=0.7),3,100,63,37,37,1000,Cutoff,k-Median Rule,100.0,100.0,0.6666666666666636
Mallows (phi=0.7),3,100,63,37,37,1000,Cutoff,k-Median-Shapley,98.3,98.3,0.67233333333333
Mallows (phi=0.7),3,100,63,37,37,1000,Bottom,Evaluative Voting,100.0,100.0,0.6666666666666636
Mallows (phi=0.7),3,100,63,37,37,1000,Bottom,k-Median Rule,100.0,100.0,0.6653333333333304
Mallows (phi=0.7),3,100,63,37,37,1000,Bottom,k-Median-Shapley,81.10000000000001,80.10000000000001,0.7276666666666615
Mallows (phi=0.7),4,100,63,37,37,1000,Cutoff,Evaluative Voting,100.0,100.0,0.75
Mallows (phi=0.7),4,100,63,37,37,1000,Cutoff,k-Median Rule,100.0,100.0,0.75
Mallows (phi=0.7),4,100,63,37,37,1000,Cutoff,k-Median-Shapley,99.1,99.1,0.75225
Mallows (phi=0.7),4,100,63,37,37,1000,Bottom,Evaluative Voting,100.0,100.0,0.75
Mallows (phi=0.7),4,100,63,37,37,1000,Bottom,k-Median Rule,100.0,100.0,0.75
Mallows (phi=0.7),4,100,63,37,37,1000,Bottom,k-Median-Shapley,99.1,99.1,0.75225
Mallows (phi=0.7),2,100,62,38,38,1000,Cutoff,Evaluative Voting,100.0,100.0,0.5
Mallows (phi=0.7),2,100,62,38,38,1000,Cutoff,k-Median Rule,100.0,100.0,0.4995
Mallows (phi=0.7),2,100,62,38,38,1000,Cutoff,k-Median-Shapley,99.4,99.4,0.503
Mallows (phi=0.7),2,100,62,38,38,1000,Bottom,Evaluative Voting,100.0,100.0,0.5
Mallows (phi=0.7),2,100,62,38,38,1000,Bottom,k-Median Rule,99.8,99.8,0.4995
Mallows (phi=0.7),2,100,62,38,38,1000,Bottom,k-Median-Shapley,63.1,58.8,0.684
Mallows (phi=0.7),3,100,62,38,38,1000,Cutoff,Evaluative Voting,100.0,100.0,0.6666666666666636
Mallows (phi=0.7),3,100,62,38,38,1000,Cutoff,k-Median Rule,100.0,100.0,0.6663333333333303
Mallows (phi=0.7),3,100,62,38,38,1000,Cutoff,k-Median-Shapley,98.9,98.9,0.6703333333333301
Mallows (phi=0.7),3,100,62,38,38,1000,Bottom,Evaluative Voting,100.0,100.0,0.6666666666666636
Mallows (phi=0.7),3,100,62,38,38,1000,Bottom,k-Median Rule,100.0,100.0,0.6633333333333306
Mallows (phi=0.7),3,100,62,38,38,1000,Bottom,k-Median-Shapley,86.4,85.9,0.7099999999999956
Mallows (phi=0.7),4,100,62,38,38,1000,Cutoff,Evaluative Voting,100.0,100.0,0.75
Mallows (phi=0.7),4,100,62,38,38,1000,Cutoff,k-Median Rule,100.0,100.0,0.75
Mallows (phi=0.7),4,100,62,38,38,1000,Cutoff,k-Median-Shapley,99.6,99.6,0.751
Mallows (phi=0.7),4,100,62,38,38,1000,Bottom,Evaluative Voting,100.0,100.0,0.75
Mallows (phi=0.7),4,100,62,38,38,1000,Bottom,k-Median Rule,100.0,100.0,0.75
Mallows (phi=0.7),4,100,62,38,38,1000,Bottom,k-Median-Shapley,99.6,99.6,0.751
Mallows (phi=0.7),2,100,61,39,39,1000,Cutoff,Evaluative Voting,100.0,100.0,0.5
Mallows (phi=0.7),2,100,61,39,39,1000,Cutoff,k-Median Rule,100.0,100.0,0.5
Mallows (phi=0.7),2,100,61,39,39,1000,Cutoff,k-Median-Shapley,99.8,99.8,0.501
Mallows (phi=0.7),2,100,61,39,39,1000,Bottom,Evaluative Voting,100.0,100.0,0.5
Mallows (phi=0.7),2,100,61,39,39,1000,Bottom,k-Median Rule,99.9,99.9,0.4985
Mallows (phi=0.7),2,100,61,39,39,1000,Bottom,k-Median-Shapley,72.3,68.4,0.6375
Mallows (phi=0.7),3,100,61,39,39,1000,Cutoff,Evaluative Voting,100.0,100.0,0.6666666666666636
Mallows (phi=0.7),3,100,61,39,39,1000,Cutoff,k-Median Rule,100.0,100.0,0.665999999999997
Mallows (phi=0.7),3,100,61,39,39,1000,Cutoff,k-Median-Shapley,99.4,99.4,0.6686666666666634
Mallows (phi=0.7),3,100,61,39,39,1000,Bottom,Evaluative Voting,100.0,100.0,0.6666666666666636
Mallows (phi=0.7),3,100,61,39,39,1000,Bottom,k-Median Rule,100.0,100.0,0.6619999999999974
Mallows (phi=0.7),3,100,61,39,39,1000,Bottom,k-Median-Shapley,91.10000000000001,90.9,0.6943333333333295
Mallows (phi=0.7),4,100,61,39,39,1000,Cutoff,Evaluative Voting,100.0,100.0,0.75
Mallows (phi=0.7),4,100,61,39,39,1000,Cutoff,k-Median Rule,100.0,100.0,0.75
Mallows (phi=0.7),4,100,61,39,39,1000,Cutoff,k-Median-Shapley,99.9,99.9,0.75025
Mallows (phi=0.7),4,100,61,39,39,1000,Bottom,Evaluative Voting,100.0,100.0,0.75
Mallows (phi=0.7),4,100,61,39,39,1000,Bottom,k-Median Rule,100.0,100.0,0.75
Mallows (phi=0.7),4,100,61,39,39,1000,Bottom,k-Median-Shapley,99.9,99.9,0.75025
Mallows (phi=0.7),2,100,60,40,40,1000,Cutoff,Evaluative Voting,100.0,100.0,0.5
Mallows (phi=0.7),2,100,60,40,40,1000,Cutoff,k-Median Rule,100.0,100.0,0.4995
Mallows (phi=0.7),2,100,60,40,40,1000,Cutoff,k-Median-Shapley,100.0,100.0,0.5
Mallows (phi=0.7),2,100,60,40,40,1000,Bottom,Evaluative Voting,100.0,100.0,0.5
Mallows (phi=0.7),2,100,60,40,40,1000,Bottom,k-Median Rule,100.0,100.0,0.497
Mallows (phi=0.7),2,100,60,40,40,1000,Bottom,k-Median-Shapley,82.89999999999999,79.4,0.583
Mallows (phi=0.7),3,100,60,40,40,1000,Cutoff,Evaluative Voting,100.0,100.0,0.6666666666666636
Mallows (phi=0.7),3,100,60,40,40,1000,Cutoff,k-Median Rule,100.0,100.0,0.6656666666666636
Mallows (phi=0.7),3,100,60,40,40,1000,Cutoff,k-Median-Shapley,99.6,99.6,0.6679999999999968
Mallows (phi=0.7),3,100,60,40,40,1000,Bottom,Evaluative Voting,100.0,100.0,0.6666666666666636
Mallows (phi=0.7),3,100,60,40,40,1000,Bottom,k-Median Rule,100.0,100.0,0.661666666666664
Mallows (phi=0.7),3,100,60,40,40,1000,Bottom,k-Median-Shapley,94.0,93.89999999999999,0.6836666666666632
Mallows (phi=0.7),4,100,60,40,40,1000,Cutoff,Evaluative Voting,100.0,100.0,0.75
Mallows (phi=0.7),4,100,60,40,40,1000,Cutoff,k-Median Rule,100.0,100.0,0.75
Mallows (phi=0.7),4,100,60,40,40,1000,Cutoff,k-Median-Shapley,100.0,100.0,0.75
Mallows (phi=0.7),4,100,60,40,40,1000,Bottom,Evaluative Voting,100.0,100.0,0.75
Mallows (phi=0.7),4,100,60,40,40,1000,Bottom,k-Median Rule,100.0,100.0,0.75
Mallows (phi=0.7),4,100,60,40,40,1000,Bottom,k-Median-Shapley,100.0,100.0,0.75
Mallows (phi=0.7),2,100,59,41,41,1000,Cutoff,Evaluative Voting,100.0,100.0,0.5
Mallows (phi=0.7),2,100,59,41,41,1000,Cutoff,k-Median Rule,100.0,100.0,0.5
Mallows (phi=0.7),2,100,59,41,41,1000,Cutoff,k-Median-Shapley,100.0,100.0,0.4995
Mallows (phi=0.7),2,100,59,41,41,1000,Bottom,Evaluative Voting,100.0,100.0,0.5
Mallows (phi=0.7),2,100,59,41,41,1000,Bottom,k-Median Rule,100.0,100.0,0.495
Mallows (phi=0.7),2,100,59,41,41,1000,Bottom,k-Median-Shapley,90.2,88.1,0.5445
Mallows (phi=0.7),3,100,59,41,41,1000,Cutoff,Evaluative Voting,100.0,100.0,0.6666666666666636
Mallows (phi=0.7),3,100,59,41,41,1000,Cutoff,k-Median Rule,100.0,100.0,0.6663333333333303
Mallows (phi=0.7),3,100,59,41,41,1000,Cutoff,k-Median-Shapley,99.9,99.9,0.6666666666666636
Mallows (phi=0.7),3,100,59,41,41,1000,Bottom,Evaluative Voting,100.0,100.0,0.6666666666666636
Mallows (phi=0.7),3,100,59,41,41,1000,Bottom,k-Median Rule,100.0,100.0,0.6616666666666638
Mallows (phi=0.7),3,100,59,41,41,1000,Bottom,k-Median-Shapley,97.39999999999999,97.39999999999999,0.6696666666666639
Mallows (phi=0.7),4,100,59,41,41,1000,Cutoff,Evaluative Voting,100.0,100.0,0.75
Mallows (phi=0.7),4,100,59,41,41,1000,Cutoff,k-Median Rule,100.0,100.0,0.75
Mallows (phi=0.7),4,100,59,41,41,1000,Cutoff,k-Median-Shapley,100.0,100.0,0.75
Mallows (phi=0.7),4,100,59,41,41,1000,Bottom,Evaluative Voting,100.0,100.0,0.75
Mallows (phi=0.7),4,100,59,41,41,1000,Bottom,k-Median Rule,100.0,100.0,0.75
Mallows (phi=0.7),4,100,59,41,41,1000,Bottom,k-Median-Shapley,100.0,100.0,0.75
Mallows (phi=0.7),2,100,58,42,42,1000,Cutoff,Evaluative Voting,100.0,100.0,0.5
Mallows (phi=0.7),2,100,58,42,42,1000,Cutoff,k-Median Rule,100.0,100.0,0.5
Mallows (phi=0.7),2,100,58,42,42,1000,Cutoff,k-Median-Shapley,100.0,100.0,0.5
Mallows (phi=0.7),2,100,58,42,42,1000,Bottom,Evaluative Voting,100.0,100.0,0.5
Mallows (phi=0.7),2,100,58,42,42,1000,Bottom,k-Median Rule,100.0,100.0,0.491
Mallows (phi=0.7),2,100,58,42,42,1000,Bottom,k-Median-Shapley,95.89999999999999,94.89999999999999,0.511
Mallows (phi=0.7),3,100,58,42,42,1000,Cutoff,Evaluative Voting,100.0,100.0,0.6666666666666636
Mallows (phi=0.7),3,100,58,42,42,1000,Cutoff,k-Median Rule,100.0,100.0,0.6666666666666636
Mallows (phi=0.7),3,100,58,42,42,1000,Cutoff,k-Median-Shapley,100.0,100.0,0.6663333333333304
Mallows (phi=0.7),3,100,58,42,42,1000,Bottom,Evaluative Voting,100.0,100.0,0.6666666666666636
Mallows (phi=0.7),3,100,58,42,42,1000,Bottom,k-Median Rule,100.0,100.0,0.6626666666666641
Mallows (phi=0.7),3,100,58,42,42,1000,Bottom,k-Median-Shapley,99.1,99.1,0.6656666666666639
Mallows (phi=0.7),4,100,58,42,42,1000,Cutoff,Evaluative Voting,100.0,100.0,0.75
Mallows (phi=0.7),4,100,58,42,42,1000,Cutoff,k-Median Rule,100.0,100.0,0.75
Mallows (phi=0.7),4,100,58,42,42,1000,Cutoff,k-Median-Shapley,100.0,100.0,0.75
Mallows (phi=0.7),4,100,58,42,42,1000,Bottom,Evaluative Voting,100.0,100.0,0.75
Mallows (phi=0.7),4,100,58,42,42,1000,Bottom,k-Median Rule,100.0,100.0,0.75
Mallows (phi=0.7),4,100,58,42,42,1000,Bottom,k-Median-Shapley,100.0,100.0,0.75
Mallows (phi=0.7),2,100,57,43,43,1000,Cutoff,Evaluative Voting,100.0,100.0,0.5
Mallows (phi=0.7),2,100,57,43,43,1000,Cutoff,k-Median Rule,100.0,100.0,0.5
Mallows (phi=0.7),2,100,57,43,43,1000,Cutoff,k-Median-Shapley,100.0,100.0,0.499
Mallows (phi=0.7),2,100,57,43,43,1000,Bottom,Evaluative Voting,100.0,100.0,0.5
Mallows (phi=0.7),2,100,57,43,43,1000,Bottom,k-Median Rule,100.0,100.0,0.4835
Mallows (phi=0.7),2,100,57,43,43,1000,Bottom,k-Median-Shapley,98.5,98.2,0.4975
Mallows (phi=0.7),3,100,57,43,43,1000,Cutoff,Evaluative Voting,100.0,100.0,0.6666666666666636
Mallows (phi=0.7),3,100,57,43,43,1000,Cutoff,k-Median Rule,100.0,100.0,0.6666666666666636
Mallows (phi=0.7),3,100,57,43,43,1000,Cutoff,k-Median-Shapley,100.0,100.0,0.6659999999999971
Mallows (phi=0.7),3,100,57,43,43,1000,Bottom,Evaluative Voting,100.0,100.0,0.6666666666666636
Mallows (phi=0.7),3,100,57,43,43,1000,Bottom,k-Median Rule,100.0,100.0,0.6649999999999974
Mallows (phi=0.7),3,100,57,43,43,1000,Bottom,k-Median-Shapley,99.8,99.8,0.660333333333331
Mallows (phi=0.7),4,100,57,43,43,1000,Cutoff,Evaluative Voting,100.0,100.0,0.75
Mallows (phi=0.7),4,100,57,43,43,1000,Cutoff,k-Median Rule,100.0,100.0,0.75
Mallows (phi=0.7),4,100,57,43,43,1000,Cutoff,k-Median-Shapley,100.0,100.0,0.75
Mallows (phi=0.7),4,100,57,43,43,1000,Bottom,Evaluative Voting,100.0,100.0,0.75
Mallows (phi=0.7),4,100,57,43,43,1000,Bottom,k-Median Rule,100.0,100.0,0.75
Mallows (phi=0.7),4,100,57,43,43,1000,Bottom,k-Median-Shapley,100.0,100.0,0.75
Mallows (phi=0.7),2,100,56,44,44,1000,Cutoff,Evaluative Voting,100.0,100.0,0.5
Mallows (phi=0.7),2,100,56,44,44,1000,Cutoff,k-Median Rule,100.0,100.0,0.4995
Mallows (phi=0.7),2,100,56,44,44,1000,Cutoff,k-Median-Shapley,100.0,100.0,0.4985
Mallows (phi=0.7),2,100,56,44,44,1000,Bottom,Evaluative Voting,100.0,100.0,0.5
Mallows (phi=0.7),2,100,56,44,44,1000,Bottom,k-Median Rule,100.0,100.0,0.4825
Mallows (phi=0.7),2,100,56,44,44,1000,Bottom,k-Median-Shapley,99.8,99.8,0.491
Mallows (phi=0.7),3,100,56,44,44,1000,Cutoff,Evaluative Voting,100.0,100.0,0.6666666666666636
Mallows (phi=0.7),3,100,56,44,44,1000,Cutoff,k-Median Rule,100.0,100.0,0.6666666666666636
Mallows (phi=0.7),3,100,56,44,44,1000,Cutoff,k-Median-Shapley,100.0,100.0,0.6663333333333303
Mallows (phi=0.7),3,100,56,44,44,1000,Bottom,Evaluative Voting,100.0,100.0,0.6666666666666636
Mallows (phi=0.7),3,100,56,44,44,1000,Bottom,k-Median Rule,100.0,100.0,0.6659999999999971
Mallows (phi=0.7),3,100,56,44,44,1000,Bottom,k-Median-Shapley,100.0,100.0,0.6586666666666643
Mallows (phi=0.7),4,100,56,44,44,1000,Cutoff,Evaluative Voting,100.0,100.0,0.75
Mallows (phi=0.7),4,100,56,44,44,1000,Cutoff,k-Median Rule,100.0,100.0,0.75
Mallows (phi=0.7),4,100,56,44,44,1000,Cutoff,k-Median-Shapley,100.0,100.0,0.75
Mallows (phi=0.7),4,100,56,44,44,1000,Bottom,Evaluative Voting,100.0,100.0,0.75
Mallows (phi=0.7),4,100,56,44,44,1000,Bottom,k-Median Rule,100.0,100.0,0.75
Mallows (phi=0.7),4,100,56,44,44,1000,Bottom,k-Median-Shapley,100.0,100.0,0.75
Mallows (phi=0.7),2,100,55,45,45,1000,Cutoff,Evaluative Voting,100.0,100.0,0.5
Mallows (phi=0.7),2,100,55,45,45,1000,Cutoff,k-Median Rule,100.0,100.0,0.5
Mallows (phi=0.7),2,100,55,45,45,1000,Cutoff,k-Median-Shapley,100.0,100.0,0.4995
Mallows (phi=0.7),2,100,55,45,45,1000,Bottom,Evaluative Voting,100.0,100.0,0.5
Mallows (phi=0.7),2,100,55,45,45,1000,Bottom,k-Median Rule,100.0,100.0,0.4875
Mallows (phi=0.7),2,100,55,45,45,1000,Bottom,k-Median-Shapley,99.9,99.9,0.49
Mallows (phi=0.7),3,100,55,45,45,1000,Cutoff,Evaluative Voting,100.0,100.0,0.6666666666666636
Mallows (phi=0.7),3,100,55,45,45,1000,Cutoff,k-Median Rule,100.0,100.0,0.6666666666666636
Mallows (phi=0.7),3,100,55,45,45,1000,Cutoff,k-Median-Shapley,100.0,100.0,0.6656666666666636
Mallows (phi=0.7),3,100,55,45,45,1000,Bottom,Evaluative Voting,100.0,100.0,0.6666666666666636
Mallows (phi=0.7),3,100,55,45,45,1000,Bottom,k-Median Rule,100.0,100.0,0.6666666666666636
Mallows (phi=0.7),3,100,55,45,45,1000,Bottom,k-Median-Shapley,100.0,100.0,0.6533333333333311
Mallows (phi=0.7),4,100,55,45,45,1000,Cutoff,Evaluative Voting,100.0,100.0,0.75
Mallows (phi=0.7),4,100,55,45,45,1000,Cutoff,k-Median Rule,100.0,100.0,0.75
Mallows (phi=0.7),4,100,55,45,45,1000,Cutoff,k-Median-Shapley,100.0,100.0,0.75
Mallows (phi=0.7),4,100,55,45,45,1000,Bottom,Evaluative Voting,100.0,100.0,0.75
Mallows (phi=0.7),4,100,55,45,45,1000,Bottom,k-Median Rule,100.0,100.0,0.75
Mallows (phi=0.7),4,100,55,45,45,1000,Bottom,k-Median-Shapley,100.0,100.0,0.75
Mallows (phi=0.7),2,100,54,46,46,1000,Cutoff,Evaluative Voting,100.0,100.0,0.5
Mallows (phi=0.7),2,100,54,46,46,1000,Cutoff,k-Median Rule,100.0,100.0,0.5
Mallows (phi=0.7),2,100,54,46,46,1000,Cutoff,k-Median-Shapley,100.0,100.0,0.4945
Mallows (phi=0.7),2,100,54,46,46,1000,Bottom,Evaluative Voting,100.0,100.0,0.5
Mallows (phi=0.7),2,100,54,46,46,1000,Bottom,k-Median Rule,100.0,100.0,0.4915
Mallows (phi=0.7),2,100,54,46,46,1000,Bottom,k-Median-Shapley,100.0,100.0,0.475
Mallows (phi=0.7),3,100,54,46,46,1000,Cutoff,Evaluative Voting,100.0,100.0,0.6666666666666636
Mallows (phi=0.7),3,100,54,46,46,1000,Cutoff,k-Median Rule,100.0,100.0,0.6666666666666636
Mallows (phi=0.7),3,100,54,46,46,1000,Cutoff,k-Median-Shapley,100.0,100.0,0.6639999999999971
Mallows (phi=0.7),3,100,54,46,46,1000,Bottom,Evaluative Voting,100.0,100.0,0.6666666666666636
Mallows (phi=0.7),3,100,54,46,46,1000,Bottom,k-Median Rule,100.0,100.0,0.6663333333333303
Mallows (phi=0.7),3,100,54,46,46,1000,Bottom,k-Median-Shapley,100.0,100.0,0.6459999999999982
Mallows (phi=0.7),4,100,54,46,46,1000,Cutoff,Evaluative Voting,100.0,100.0,0.75
Mallows (phi=0.7),4,100,54,46,46,1000,Cutoff,k-Median Rule,100.0,100.0,0.75
Mallows (phi=0.7),4,100,54,46,46,1000,Cutoff,k-Median-Shapley,100.0,100.0,0.75
Mallows (phi=0.7),4,100,54,46,46,1000,Bottom,Evaluative Voting,100.0,100.0,0.75
Mallows (phi=0.7),4,100,54,46,46,1000,Bottom,k-Median Rule,100.0,100.0,0.75
Mallows (phi=0.7),4,100,54,46,46,1000,Bottom,k-Median-Shapley,100.0,100.0,0.75
Mallows (phi=0.7),2,100,53,47,47,1000,Cutoff,Evaluative Voting,100.0,100.0,0.5
Mallows (phi=0.7),2,100,53,47,47,1000,Cutoff,k-Median Rule,100.0,100.0,0.5
Mallows (phi=0.7),2,100,53,47,47,1000,Cutoff,k-Median-Shapley,100.0,100.0,0.4885
Mallows (phi=0.7),2,100,53,47,47,1000,Bottom,Evaluative Voting,100.0,100.0,0.5
Mallows (phi=0.7),2,100,53,47,47,1000,Bottom,k-Median Rule,100.0,100.0,0.494
Mallows (phi=0.7),2,100,53,47,47,1000,Bottom,k-Median-Shapley,100.0,100.0,0.469
Mallows (phi=0.7),3,100,53,47,47,1000,Cutoff,Evaluative Voting,100.0,100.0,0.6666666666666636
Mallows (phi=0.7),3,100,53,47,47,1000,Cutoff,k-Median Rule,100.0,100.0,0.6666666666666636
Mallows (phi=0.7),3,100,53,47,47,1000,Cutoff,k-Median-Shapley,100.0,100.0,0.6556666666666642
Mallows (phi=0.7),3,100,53,47,47,1000,Bottom,Evaluative Voting,100.0,100.0,0.6666666666666636
Mallows (phi=0.7),3,100,53,47,47,1000,Bottom,k-Median Rule,100.0,100.0,0.6666666666666636
Mallows (phi=0.7),3,100,53,47,47,1000,Bottom,k-Median-Shapley,100.0,100.0,0.6373333333333319
Mallows (phi=0.7),4,100,53,47,47,1000,Cutoff,Evaluative Voting,100.0,100.0,0.75
Mallows (phi=0.7),4,100,53,47,47,1000,Cutoff,k-Median Rule,100.0,100.0,0.75
Mallows (phi=0.7),4,100,53,47,47,1000,Cutoff,k-Median-Shapley,100.0,100.0,0.75
Mallows (phi=0.7),4,100,53,47,47,1000,Bottom,Evaluative Voting,100.0,100.0,0.75
Mallows (phi=0.7),4,100,53,47,47,1000,Bottom,k-Median Rule,100.0,100.0,0.75
Mallows (phi=0.7),4,100,53,47,47,1000,Bottom,k-Median-Shapley,100.0,100.0,0.75
Mallows (phi=0.7),2,100,52,48,48,1000,Cutoff,Evaluative Voting,100.0,100.0,0.5
Mallows (phi=0.7),2,100,52,48,48,1000,Cutoff,k-Median Rule,100.0,100.0,0.5
Mallows (phi=0.7),2,100,52,48,48,1000,Cutoff,k-Median-Shapley,100.0,100.0,0.481
Mallows (phi=0.7),2,100,52,48,48,1000,Bottom,Evaluative Voting,100.0,100.0,0.5
Mallows (phi=0.7),2,100,52,48,48,1000,Bottom,k-Median Rule,100.0,100.0,0.4985
Mallows (phi=0.7),2,100,52,48,48,1000,Bottom,k-Median-Shapley,100.0,100.0,0.4505
Mallows (phi=0.7),3,100,52,48,48,1000,Cutoff,Evaluative Voting,100.0,100.0,0.6666666666666636
Mallows (phi=0.7),3,100,52,48,48,1000,Cutoff,k-Median Rule,100.0,100.0,0.6666666666666636
Mallows (phi=0.7),3,100,52,48,48,1000,Cutoff,k-Median-Shapley,100.0,100.0,0.6486666666666648
Mallows (phi=0.7),3,100,52,48,48,1000,Bottom,Evaluative Voting,100.0,100.0,0.6666666666666636
Mallows (phi=0.7),3,100,52,48,48,1000,Bottom,k-Median Rule,100.0,100.0,0.665999999999997
Mallows (phi=0.7),3,100,52,48,48,1000,Bottom,k-Median-Shapley,100.0,100.0,0.6263333333333327
Mallows (phi=0.7),4,100,52,48,48,1000,Cutoff,Evaluative Voting,100.0,100.0,0.75
Mallows (phi=0.7),4,100,52,48,48,1000,Cutoff,k-Median Rule,100.0,100.0,0.75
Mallows (phi=0.7),4,100,52,48,48,1000,Cutoff,k-Median-Shapley,100.0,100.0,0.75
Mallows (phi=0.7),4,100,52,48,48,1000,Bottom,Evaluative Voting,100.0,100.0,0.75
Mallows (phi=0.7),4,100,52,48,48,1000,Bottom,k-Median Rule,100.0,100.0,0.75
Mallows (phi=0.7),4,100,52,48,48,1000,Bottom,k-Median-Shapley,100.0,100.0,0.75
Mallows (phi=0.7),2,100,51,49,49,1000,Cutoff,Evaluative Voting,100.0,100.0,0.5
Mallows (phi=0.7),2,100,51,49,49,1000,Cutoff,k-Median Rule,100.0,100.0,0.5
Mallows (phi=0.7),2,100,51,49,49,1000,Cutoff,k-Median-Shapley,100.0,100.0,0.428
Mallows (phi=0.7),2,100,51,49,49,1000,Bottom,Evaluative Voting,100.0,100.0,0.5
Mallows (phi=0.7),2,100,51,49,49,1000,Bottom,k-Median Rule,100.0,100.0,0.498
Mallows (phi=0.7),2,100,51,49,49,1000,Bottom,k-Median-Shapley,100.0,100.0,0.383
Mallows (phi=0.7),3,100,51,49,49,1000,Cutoff,Evaluative Voting,100.0,100.0,0.6666666666666636
Mallows (phi=0.7),3,100,51,49,49,1000,Cutoff,k-Median Rule,100.0,100.0,0.6666666666666636
Mallows (phi=0.7),3,100,51,49,49,1000,Cutoff,k-Median-Shapley,100.0,100.0,0.6189999999999998
Mallows (phi=0.7),3,100,51,49,49,1000,Bottom,Evaluative Voting,100.0,100.0,0.6666666666666636
Mallows (phi=0.7),3,100,51,49,49,1000,Bottom,k-Median Rule,100.0,100.0,0.665999999999997
Mallows (phi=0.7),3,100,51,49,49,1000,Bottom,k-Median-Shapley,100.0,100.0,0.5873333333333339
Mallows (phi=0.7),4,100,51,49,49,1000,Cutoff,Evaluative Voting,100.0,100.0,0.75
Mallows (phi=0.7),4,100,51,49,49,1000,Cutoff,k-Median Rule,100.0,100.0,0.75
Mallows (phi=0.7),4,100,51,49,49,1000,Cutoff,k-Median-Shapley,100.0,100.0,0.75
Mallows (phi=0.7),4,100,51,49,49,1000,Bottom,Evaluative Voting,100.0,100.0,0.75
Mallows (phi=0.7),4,100,51,49,49,1000,Bottom,k-Median Rule,100.0,100.0,0.75
Mallows (phi=0.7),4,100,51,49,49,1000,Bottom,k-Median-Shapley,100.0,100.0,0.75
Plackett-Luce,2,100,99,1,1,1000,Cutoff,Evaluative Voting,10.7,10.7,0.9465
Plackett-Luce,2,100,99,1,1,1000,Cutoff,k-Median Rule,6.7,6.7,0.9665
Plackett-Luce,2,100,99,1,1,1000,Cutoff,k-Median-Shapley,7.7,7.3,0.9615
Plackett-Luce,2,100,99,1,1,1000,Bottom,Evaluative Voting,0.0,0.0,1.0
Plackett-Luce,2,100,99,1,1,1000,Bottom,k-Median Rule,6.7,0.0,0.9665
Plackett-Luce,2,100,99,1,1,1000,Bottom,k-Median-Shapley,6.5,0.0,0.9675
Plackett-Luce,3,100,99,1,1,1000,Cutoff,Evaluative Voting,9.5,9.5,0.9683333333333325
Plackett-Luce,3,100,99,1,1,1000,Cutoff,k-Median Rule,6.4,6.4,0.9786666666666656
Plackett-Luce,3,100,99,1,1,1000,Cutoff,k-Median-Shapley,6.2,6.0,0.9793333333333327
Plackett-Luce,3,100,99,1,1,1000,Bottom,Evaluative Voting,0.2,0.2,0.9993333333333334
Plackett-Luce,3,100,99,1,1,1000,Bottom,k-Median Rule,6.2,0.0,0.9793333333333324
Plackett-Luce,3,100,99,1,1,1000,Bottom,k-Median-Shapley,5.1,0.3,0.9829999999999993
Plackett-Luce,4,100,99,1,1,1000,Cutoff,Evaluative Voting,4.7,4.7,0.98825
Plackett-Luce,4,100,99,1,1,1000,Cutoff,k-Median Rule,2.8000000000000003,2.8000000000000003,0.993
Plackett-Luce,4,100,99,1,1,1000,Cutoff,k-Median-Shapley,3.0,3.0,0.9925
Plackett-Luce,4,100,99,1,1,1000,Bottom,Evaluative Voting,4.7,4.7,0.98825
Plackett-Luce,4,100,99,1,1,1000,Bottom,k-Median Rule,2.8000000000000003,2.8000000000000003,0.993
Plackett-Luce,4,100,99,1,1,1000,Bottom,k-Median-Shapley,3.0,3.0,0.9925
Plackett-Luce,2,100,98,2,2,1000,Cutoff,Evaluative Voting,20.7,20.7,0.8965
Plackett-Luce,2,100,98,2,2,1000,Cutoff,k-Median Rule,9.8,9.8,0.9505
Plackett-Luce,2,100,98,2,2,1000,Cutoff,k-Median-Shapley,9.3,8.9,0.9535
Plackett-Luce,2,100,98,2,2,1000,Bottom,Evaluative Voting,0.0,0.0,1.0
Plackett-Luce,2,100,98,2,2,1000,Bottom,k-Median Rule,7.199999999999999,0.8,0.9635
Plackett-Luce,2,100,98,2,2,1000,Bottom,k-Median-Shapley,8.200000000000001,0.0,0.959
Plackett-Luce,3,100,98,2,2,1000,Cutoff,Evaluative Voting,18.2,18.2,0.9393333333333311
Plackett-Luce,3,100,98,2,2,1000,Cutoff,k-Median Rule,10.5,10.5,0.9649999999999985
Plackett-Luce,3,100,98,2,2,1000,Cutoff,k-Median-Shapley,8.1,8.1,0.9729999999999991
Plackett-Luce,3,100,98,2,2,1000,Bottom,Evaluative Voting,0.7000000000000001,0.7000000000000001,0.9976666666666666
Plackett-Luce,3,100,98,2,2,1000,Bottom,k-Median Rule,8.3,2.4,0.972333333333332
Plackett-Luce,3,100,98,2,2,1000,Bottom,k-Median-Shapley,6.2,0.2,0.9793333333333324
Plackett-Luce,4,100,98,2,2,1000,Cutoff,Evaluative Voting,9.9,9.9,0.97525
Plackett-Luce,4,100,98,2,2,1000,Cutoff,k-Median Rule,7.5,7.5,0.98125
Plackett-Luce,4,100,98,2,2,1000,Cutoff,k-Median-Shapley,3.6999999999999997,3.6999999999999997,0.99075
Plackett-Luce,4,100,98,2,2,1000,Bottom,Evaluative Voting,9.9,9.9,0.97525
Plackett-Luce,4,100,98,2,2,1000,Bottom,k-Median Rule,7.5,7.5,0.98125
Plackett-Luce,4,100,98,2,2,1000,Bottom,k-Median-Shapley,3.6999999999999997,3.6999999999999997,0.99075
Plackett-Luce,2,100,97,3,3,1000,Cutoff,Evaluative Voting,27.900000000000002,27.900000000000002,0.8605
Plackett-Luce,2,100,97,3,3,1000,Cutoff,k-Median Rule,14.099999999999998,14.099999999999998,0.929
Plackett-Luce,2,100,97,3,3,1000,Cutoff,k-Median-Shapley,13.200000000000001,12.3,0.934
Plackett-Luce,2,100,97,3,3,1000,Bottom,Evaluative Voting,0.1,0.1,0.9995
Plackett-Luce,2,100,97,3,3,1000,Bottom,k-Median Rule,12.4,1.0999999999999999,0.9375
Plackett-Luce,2,100,97,3,3,1000,Bottom,k-Median-Shapley,10.6,0.0,0.947
Plackett-Luce,3,100,97,3,3,1000,Cutoff,Evaluative Voting,26.200000000000003,26.200000000000003,0.9126666666666636
Plackett-Luce,3,100,97,3,3,1000,Cutoff,k-Median Rule,15.5,15.5,0.9479999999999978
Plackett-Luce,3,100,97,3,3,1000,Cutoff,k-Median-Shapley,11.600000000000001,11.200000000000001,0.9613333333333323
Plackett-Luce,3,100,97,3,3,1000,Bottom,Evaluative Voting,1.7000000000000002,1.7000000000000002,0.9943333333333331
Plackett-Luce,3,100,97,3,3,1000,Bottom,k-Median Rule,13.4,3.5000000000000004,0.9549999999999981
Plackett-Luce,3,100,97,3,3,1000,Bottom,k-Median-Shapley,8.799999999999999,0.6,0.9706666666666653
Plackett-Luce,4,100,97,3,3,1000,Cutoff,Evaluative Voting,15.7,15.7,0.96075
Plackett-Luce,4,100,97,3,3,1000,Cutoff,k-Median Rule,11.0,11.0,0.9725
Plackett-Luce,4,100,97,3,3,1000,Cutoff,k-Median-Shapley,6.0,6.0,0.985
Plackett-Luce,4,100,97,3,3,1000,Bottom,Evaluative Voting,15.7,15.7,0.96075
Plackett-Luce,4,100,97,3,3,1000,Bottom,k-Median Rule,11.0,11.0,0.9725
Plackett-Luce,4,100,97,3,3,1000,Bottom,k-Median-Shapley,6.0,6.0,0.985
Plackett-Luce,2,100,96,4,4,1000,Cutoff,Evaluative Voting,36.7,36.7,0.8165
Plackett-Luce,2,100,96,4,4,1000,Cutoff,k-Median Rule,18.4,18.4,0.9075
Plackett-Luce,2,100,96,4,4,1000,Cutoff,k-Median-Shapley,15.0,14.7,0.925
Plackett-Luce,2,100,96,4,4,1000,Bottom,Evaluative Voting,0.4,0.4,0.998
Plackett-Luce,2,100,96,4,4,1000,Bottom,k-Median Rule,13.5,1.9,0.932
Plackett-Luce,2,100,96,4,4,1000,Bottom,k-Median-Shapley,11.3,0.0,0.9435
Plackett-Luce,3,100,96,4,4,1000,Cutoff,Evaluative Voting,33.0,33.0,0.8899999999999967
Plackett-Luce,3,100,96,4,4,1000,Cutoff,k-Median Rule,19.1,19.1,0.9359999999999976
Plackett-Luce,3,100,96,4,4,1000,Cutoff,k-Median-Shapley,11.700000000000001,11.5,0.9609999999999986
Plackett-Luce,3,100,96,4,4,1000,Bottom,Evaluative Voting,3.1,3.1,0.9896666666666659
Plackett-Luce,3,100,96,4,4,1000,Bottom,k-Median Rule,15.0,5.6000000000000005,0.9496666666666644
Plackett-Luce,3,100,96,4,4,1000,Bottom,k-Median-Shapley,7.3999999999999995,0.8999999999999999,0.9753333333333322
Plackett-Luce,4,100,96,4,4,1000,Cutoff,Evaluative Voting,20.3,20.3,0.94925
Plackett-Luce,4,100,96,4,4,1000,Cutoff,k-Median Rule,14.899999999999999,14.899999999999999,0.96275
Plackett-Luce,4,100,96,4,4,1000,Cutoff,k-Median-Shapley,6.800000000000001,6.800000000000001,0.983
Plackett-Luce,4,100,96,4,4,1000,Bottom,Evaluative Voting,20.3,20.3,0.94925
Plackett-Luce,4,100,96,4,4,1000,Bottom,k-Median Rule,14.899999999999999,14.899999999999999,0.96275
Plackett-Luce,4,100,96,4,4,1000,Bottom,k-Median-Shapley,6.800000000000001,6.800000000000001,0.983
Plackett-Luce,2,100,95,5,5,1000,Cutoff,Evaluative Voting,44.2,44.2,0.779
Plackett-Luce,2,100,95,5,5,1000,Cutoff,k-Median Rule,24.6,24.6,0.875
Plackett-Luce,2,100,95,5,5,1000,Cutoff,k-Median-Shapley,17.9,17.2,0.9105
Plackett-Luce,2,100,95,5,5,1000,Bottom,Evaluative Voting,0.5,0.5,0.9975
Plackett-Luce,2,100,95,5,5,1000,Bottom,k-Median Rule,19.400000000000002,2.3,0.902
Plackett-Luce,2,100,95,5,5,1000,Bottom,k-Median-Shapley,14.000000000000002,0.0,0.93
Plackett-Luce,3,100,95,5,5,1000,Cutoff,Evaluative Voting,38.3,38.3,0.8723333333333295
Plackett-Luce,3,100,95,5,5,1000,Cutoff,k-Median Rule,25.0,25.0,0.9163333333333303
Plackett-Luce,3,100,95,5,5,1000,Cutoff,k-Median-Shapley,15.2,14.899999999999999,0.9493333333333316
Plackett-Luce,3,100,95,5,5,1000,Bottom,Evaluative Voting,3.9,3.9,0.9869999999999993
Plackett-Luce,3,100,95,5,5,1000,Bottom,k-Median Rule,21.0,7.1,0.9296666666666638
Plackett-Luce,3,100,95,5,5,1000,Bottom,k-Median-Shapley,9.700000000000001,1.2,0.9676666666666652
Plackett-Luce,4,100,95,5,5,1000,Cutoff,Evaluative Voting,24.8,24.8,0.938
Plackett-Luce,4,100,95,5,5,1000,Cutoff,k-Median Rule,19.400000000000002,19.400000000000002,0.9515
Plackett-Luce,4,100,95,5,5,1000,Cutoff,k-Median-Shapley,7.7,7.7,0.98075
Plackett-Luce,4,100,95,5,5,1000,Bottom,Evaluative Voting,24.8,24.8,0.938
Plackett-Luce,4,100,95,5,5,1000,Bottom,k-Median Rule,19.400000000000002,19.400000000000002,0.9515
Plackett-Luce,4,100,95,5,5,1000,Bottom,k-Median-Shapley,7.7,7.7,0.98075
Plackett-Luce,2,100,94,6,6,1000,Cutoff,Evaluative Voting,50.1,50.1,0.7495
Plackett-Luce,2,100,94,6,6,1000,Cutoff,k-Median Rule,29.599999999999998,29.599999999999998,0.8495
Plackett-Luce,2,100,94,6,6,1000,Cutoff,k-Median-Shapley,18.6,17.599999999999998,0.907
Plackett-Luce,2,100,94,6,6,1000,Bottom,Evaluative Voting,0.5,0.5,0.9975
Plackett-Luce,2,100,94,6,6,1000,Bottom,k-Median Rule,19.6,2.9000000000000004,0.9005
Plackett-Luce,2,100,94,6,6,1000,Bottom,k-Median-Shapley,14.299999999999999,0.1,0.9285
Plackett-Luce,3,100,94,6,6,1000,Cutoff,Evaluative Voting,43.8,43.8,0.8539999999999958
Plackett-Luce,3,100,94,6,6,1000,Cutoff,k-Median Rule,30.3,30.3,0.8989999999999964
Plackett-Luce,3,100,94,6,6,1000,Cutoff,k-Median-Shapley,17.7,17.5,0.9409999999999982
Plackett-Luce,3,100,94,6,6,1000,Bottom,Evaluative Voting,5.8999999999999995,5.8999999999999995,0.9803333333333324
Plackett-Luce,3,100,94,6,6,1000,Bottom,k-Median Rule,22.8,8.7,0.9239999999999965
Plackett-Luce,3,100,94,6,6,1000,Bottom,k-Median-Shapley,10.6,1.2,0.9646666666666655
Plackett-Luce,4,100,94,6,6,1000,Cutoff,Evaluative Voting,29.9,29.9,0.92525
Plackett-Luce,4,100,94,6,6,1000,Cutoff,k-Median Rule,22.6,22.6,0.9435
Plackett-Luce,4,100,94,6,6,1000,Cutoff,k-Median-Shapley,9.2,9.2,0.977
Plackett-Luce,4,100,94,6,6,1000,Bottom,Evaluative Voting,29.9,29.9,0.92525
Plackett-Luce,4,100,94,6,6,1000,Bottom,k-Median Rule,22.6,22.6,0.9435
Plackett-Luce,4,100,94,6,6,1000,Bottom,k-Median-Shapley,9.2,9.2,0.977
Plackett-Luce,2,100,93,7,7,1000,Cutoff,Evaluative Voting,55.400000000000006,55.400000000000006,0.723
Plackett-Luce,2,100,93,7,7,1000,Cutoff,k-Median Rule,35.3,35.3,0.821
Plackett-Luce,2,100,93,7,7,1000,Cutoff,k-Median-Shapley,22.2,21.0,0.889
Plackett-Luce,2,100,93,7,7,1000,Bottom,Evaluative Voting,1.0999999999999999,1.0999999999999999,0.9945
Plackett-Luce,2,100,93,7,7,1000,Bottom,k-Median Rule,24.4,3.0,0.8765
Plackett-Luce,2,100,93,7,7,1000,Bottom,k-Median-Shapley,15.7,0.0,0.9215
Plackett-Luce,3,100,93,7,7,1000,Cutoff,Evaluative Voting,50.4,50.4,0.831999999999995
Plackett-Luce,3,100,93,7,7,1000,Cutoff,k-Median Rule,36.3,36.3,0.8779999999999958
Plackett-Luce,3,100,93,7,7,1000,Cutoff,k-Median-Shapley,18.4,18.3,0.9386666666666647
Plackett-Luce,3,100,93,7,7,1000,Bottom,Evaluative Voting,8.799999999999999,8.799999999999999,0.9706666666666652
Plackett-Luce,3,100,93,7,7,1000,Bottom,k-Median Rule,27.0,9.700000000000001,0.9089999999999965
Plackett-Luce,3,100,93,7,7,1000,Bottom,k-Median-Shapley,11.899999999999999,1.4000000000000001,0.9603333333333322
Plackett-Luce,4,100,93,7,7,1000,Cutoff,Evaluative Voting,34.0,34.0,0.915
Plackett-Luce,4,100,93,7,7,1000,Cutoff,k-Median Rule,25.3,25.3,0.93675
Plackett-Luce,4,100,93,7,7,1000,Cutoff,k-Median-Shapley,10.5,10.5,0.97375
Plackett-Luce,4,100,93,7,7,1000,Bottom,Evaluative Voting,34.0,34.0,0.915
Plackett-Luce,4,100,93,7,7,1000,Bottom,k-Median Rule,25.3,25.3,0.93675
Plackett-Luce,4,100,93,7,7,1000,Bottom,k-Median-Shapley,10.5,10.5,0.97375
Plackett-Luce,2,100,92,8,8,1000,Cutoff,Evaluative Voting,60.3,60.3,0.6985
Plackett-Luce,2,100,92,8,8,1000,Cutoff,k-Median Rule,39.0,39.0,0.8035
Plackett-Luce,2,100,92,8,8,1000,Cutoff,k-Median-Shapley,22.8,21.9,0.886
Plackett-Luce,2,100,92,8,8,1000,Bottom,Evaluative Voting,1.5,1.5,0.9925
Plackett-Luce,2,100,92,8,8,1000,Bottom,k-Median Rule,25.4,4.0,0.872
Plackett-Luce,2,100,92,8,8,1000,Bottom,k-Median-Shapley,15.8,0.0,0.921
Plackett-Luce,3,100,92,8,8,1000,Cutoff,Evaluative Voting,56.8,56.8,0.8106666666666613
Plackett-Luce,3,100,92,8,8,1000,Cutoff,k-Median Rule,39.1,39.1,0.868333333333329
Plackett-Luce,3,100,92,8,8,1000,Cutoff,k-Median-Shapley,22.3,22.2,0.9256666666666643
Plackett-Luce,3,100,92,8,8,1000,Bottom,Evaluative Voting,11.1,11.1,0.9629999999999985
Plackett-Luce,3,100,92,8,8,1000,Bottom,k-Median Rule,28.9,11.899999999999999,0.9023333333333298
Plackett-Luce,3,100,92,8,8,1000,Bottom,k-Median-Shapley,13.3,1.6,0.9556666666666651
Plackett-Luce,4,100,92,8,8,1000,Cutoff,Evaluative Voting,38.5,38.5,0.90375
Plackett-Luce,4,100,92,8,8,1000,Cutoff,k-Median Rule,29.5,29.5,0.92625
Plackett-Luce,4,100,92,8,8,1000,Cutoff,k-Median-Shapley,13.0,13.0,0.9675
Plackett-Luce,4,100,92,8,8,1000,Bottom,Evaluative Voting,38.5,38.5,0.90375
Plackett-Luce,4,100,92,8,8,1000,Bottom,k-Median Rule,29.5,29.5,0.92625
Plackett-Luce,4,100,92,8,8,1000,Bottom,k-Median-Shapley,13.0,13.0,0.9675
Plackett-Luce,2,100,91,9,9,1000,Cutoff,Evaluative Voting,64.8,64.8,0.676
Plackett-Luce,2,100,91,9,9,1000,Cutoff,k-Median Rule,42.9,42.9,0.784
Plackett-Luce,2,100,91,9,9,1000,Cutoff,k-Median-Shapley,24.9,23.3,0.8755
Plackett-Luce,2,100,91,9,9,1000,Bottom,Evaluative Voting,2.5,2.5,0.9875
Plackett-Luce,2,100,91,9,9,1000,Bottom,k-Median Rule,28.599999999999998,4.6,0.856
Plackett-Luce,2,100,91,9,9,1000,Bottom,k-Median-Shapley,16.0,0.1,0.92
Plackett-Luce,3,100,91,9,9,1000,Cutoff,Evaluative Voting,61.3,61.3,0.7956666666666613
Plackett-Luce,3,100,91,9,9,1000,Cutoff,k-Median Rule,43.8,43.8,0.8523333333333285
Plackett-Luce,3,100,91,9,9,1000,Cutoff,k-Median-Shapley,25.2,24.9,0.9159999999999974
Plackett-Luce,3,100,91,9,9,1000,Bottom,Evaluative Voting,14.499999999999998,14.499999999999998,0.9516666666666648
Plackett-Luce,3,100,91,9,9,1000,Bottom,k-Median Rule,32.7,12.6,0.8889999999999961
Plackett-Luce,3,100,91,9,9,1000,Bottom,k-Median-Shapley,14.499999999999998,2.1,0.9513333333333318
Plackett-Luce,4,100,91,9,9,1000,Cutoff,Evaluative Voting,43.0,43.0,0.8925
Plackett-Luce,4,100,91,9,9,1000,Cutoff,k-Median Rule,33.300000000000004,33.300000000000004,0.91675
Plackett-Luce,4,100,91,9,9,1000,Cutoff,k-Median-Shapley,13.4,13.4,0.9665
Plackett-Luce,4,100,91,9,9,1000,Bottom,Evaluative Voting,43.0,43.0,0.8925
Plackett-Luce,4,100,91,9,9,1000,Bottom,k-Median Rule,33.300000000000004,33.300000000000004,0.91675
Plackett-Luce,4,100,91,9,9,1000,Bottom,k-Median-Shapley,13.4,13.4,0.9665
Plackett-Luce,2,100,90,10,10,1000,Cutoff,Evaluative Voting,70.1,70.1,0.6495
Plackett-Luce,2,100,90,10,10,1000,Cutoff,k-Median Rule,46.2,46.2,0.767
Plackett-Luce,2,100,90,10,10,1000,Cutoff,k-Median-Shapley,27.400000000000002,26.1,0.863
Plackett-Luce,2,100,90,10,10,1000,Bottom,Evaluative Voting,3.3000000000000003,3.3000000000000003,0.9835
Plackett-Luce,2,100,90,10,10,1000,Bottom,k-Median Rule,30.5,5.5,0.845
Plackett-Luce,2,100,90,10,10,1000,Bottom,k-Median-Shapley,15.7,0.3,0.9215
Plackett-Luce,3,100,90,10,10,1000,Cutoff,Evaluative Voting,65.7,65.7,0.7809999999999951
Plackett-Luce,3,100,90,10,10,1000,Cutoff,k-Median Rule,47.699999999999996,47.699999999999996,0.8389999999999951
Plackett-Luce,3,100,90,10,10,1000,Cutoff,k-Median-Shapley,28.000000000000004,27.800000000000004,0.9066666666666642
Plackett-Luce,3,100,90,10,10,1000,Bottom,Evaluative Voting,17.0,17.0,0.9433333333333311
Plackett-Luce,3,100,90,10,10,1000,Bottom,k-Median Rule,34.599999999999994,14.899999999999999,0.8809999999999961
Plackett-Luce,3,100,90,10,10,1000,Bottom,k-Median-Shapley,14.899999999999999,3.1,0.9503333333333314
Plackett-Luce,4,100,90,10,10,1000,Cutoff,Evaluative Voting,46.2,46.2,0.8845
Plackett-Luce,4,100,90,10,10,1000,Cutoff,k-Median Rule,36.3,36.3,0.90925
Plackett-Luce,4,100,90,10,10,1000,Cutoff,k-Median-Shapley,16.400000000000002,16.400000000000002,0.959
Plackett-Luce,4,100,90,10,10,1000,Bottom,Evaluative Voting,46.2,46.2,0.8845
Plackett-Luce,4,100,90,10,10,1000,Bottom,k-Median Rule,36.3,36.3,0.90925
Plackett-Luce,4,100,90,10,10,1000,Bottom,k-Median-Shapley,16.400000000000002,16.400000000000002,0.959
Plackett-Luce,2,100,89,11,11,1000,Cutoff,Evaluative Voting,74.6,74.6,0.627
Plackett-Luce,2,100,89,11,11,1000,Cutoff,k-Median Rule,51.2,51.2,0.7385
Plackett-Luce,2,100,89,11,11,1000,Cutoff,k-Median-Shapley,30.4,29.2,0.848
Plackett-Luce,2,100,89,11,11,1000,Bottom,Evaluative Voting,4.3,4.3,0.9785
Plackett-Luce,2,100,89,11,11,1000,Bottom,k-Median Rule,33.4,6.5,0.8275
Plackett-Luce,2,100,89,11,11,1000,Bottom,k-Median-Shapley,16.8,0.4,0.916
Plackett-Luce,3,100,89,11,11,1000,Cutoff,Evaluative Voting,71.2,71.2,0.7626666666666619
Plackett-Luce,3,100,89,11,11,1000,Cutoff,k-Median Rule,51.800000000000004,51.800000000000004,0.8249999999999951
Plackett-Luce,3,100,89,11,11,1000,Cutoff,k-Median-Shapley,29.5,29.2,0.9013333333333305
Plackett-Luce,3,100,89,11,11,1000,Bottom,Evaluative Voting,20.4,20.4,0.9319999999999973
Plackett-Luce,3,100,89,11,11,1000,Bottom,k-Median Rule,38.7,17.1,0.8669999999999958
Plackett-Luce,3,100,89,11,11,1000,Bottom,k-Median-Shapley,16.2,3.8,0.9456666666666648
Plackett-Luce,4,100,89,11,11,1000,Cutoff,Evaluative Voting,50.3,50.3,0.87425
Plackett-Luce,4,100,89,11,11,1000,Cutoff,k-Median Rule,38.6,38.6,0.9035
Plackett-Luce,4,100,89,11,11,1000,Cutoff,k-Median-Shapley,17.299999999999997,17.299999999999997,0.95675
Plackett-Luce,4,100,89,11,11,1000,Bottom,Evaluative Voting,50.3,50.3,0.87425
Plackett-Luce,4,100,89,11,11,1000,Bottom,k-Median Rule,38.6,38.6,0.9035
Plackett-Luce,4,100,89,11,11,1000,Bottom,k-Median-Shapley,17.299999999999997,17.299999999999997,0.95675
Plackett-Luce,2,100,88,12,12,1000,Cutoff,Evaluative Voting,79.80000000000001,79.80000000000001,0.601
Plackett-Luce,2,100,88,12,12,1000,Cutoff,k-Median Rule,53.5,53.5,0.729
Plackett-Luce,2,100,88,12,12,1000,Cutoff,k-Median-Shapley,32.5,30.8,0.8375
Plackett-Luce,2,100,88,12,12,1000,Bottom,Evaluative Voting,6.3,6.3,0.9685
Plackett-Luce,2,100,88,12,12,1000,Bottom,k-Median Rule,34.300000000000004,8.0,0.8245
Plackett-Luce,2,100,88,12,12,1000,Bottom,k-Median-Shapley,17.9,0.7000000000000001,0.9105
Plackett-Luce,3,100,88,12,12,1000,Cutoff,Evaluative Voting,75.8,75.8,0.7473333333333282
Plackett-Luce,3,100,88,12,12,1000,Cutoff,k-Median Rule,55.900000000000006,55.900000000000006,0.810999999999995
Plackett-Luce,3,100,88,12,12,1000,Cutoff,k-Median-Shapley,30.599999999999998,30.5,0.8973333333333305
Plackett-Luce,3,100,88,12,12,1000,Bottom,Evaluative Voting,23.9,23.9,0.9203333333333302
Plackett-Luce,3,100,88,12,12,1000,Bottom,k-Median Rule,40.300000000000004,20.200000000000003,0.8603333333333293
Plackett-Luce,3,100,88,12,12,1000,Bottom,k-Median-Shapley,17.599999999999998,5.1,0.9403333333333316
Plackett-Luce,4,100,88,12,12,1000,Cutoff,Evaluative Voting,54.7,54.7,0.86325
Plackett-Luce,4,100,88,12,12,1000,Cutoff,k-Median Rule,41.699999999999996,41.699999999999996,0.89575
Plackett-Luce,4,100,88,12,12,1000,Cutoff,k-Median-Shapley,18.5,18.5,0.95375
Plackett-Luce,4,100,88,12,12,1000,Bottom,Evaluative Voting,54.7,54.7,0.86325
Plackett-Luce,4,100,88,12,12,1000,Bottom,k-Median Rule,41.699999999999996,41.699999999999996,0.89575
Plackett-Luce,4,100,88,12,12,1000,Bottom,k-Median-Shapley,18.5,18.5,0.95375
Plackett-Luce,2,100,87,13,13,1000,Cutoff,Evaluative Voting,83.0,83.0,0.585
Plackett-Luce,2,100,87,13,13,1000,Cutoff,k-Median Rule,57.599999999999994,57.599999999999994,0.707
Plackett-Luce,2,100,87,13,13,1000,Cutoff,k-Median-Shapley,33.800000000000004,32.6,0.83
Plackett-Luce,2,100,87,13,13,1000,Bottom,Evaluative Voting,8.7,8.7,0.9565
Plackett-Luce,2,100,87,13,13,1000,Bottom,k-Median Rule,38.1,9.4,0.8035
Plackett-Luce,2,100,87,13,13,1000,Bottom,k-Median-Shapley,17.0,0.8999999999999999,0.9145
Plackett-Luce,3,100,87,13,13,1000,Cutoff,Evaluative Voting,79.0,79.0,0.7366666666666615
Plackett-Luce,3,100,87,13,13,1000,Cutoff,k-Median Rule,59.9,59.9,0.7966666666666617
Plackett-Luce,3,100,87,13,13,1000,Cutoff,k-Median-Shapley,33.4,33.2,0.8883333333333303
Plackett-Luce,3,100,87,13,13,1000,Bottom,Evaluative Voting,27.3,27.3,0.9089999999999968
Plackett-Luce,3,100,87,13,13,1000,Bottom,k-Median Rule,43.6,22.8,0.8473333333333294
Plackett-Luce,3,100,87,13,13,1000,Bottom,k-Median-Shapley,17.1,5.5,0.9426666666666647
Plackett-Luce,4,100,87,13,13,1000,Cutoff,Evaluative Voting,56.8,56.8,0.858
Plackett-Luce,4,100,87,13,13,1000,Cutoff,k-Median Rule,45.0,45.0,0.8875
Plackett-Luce,4,100,87,13,13,1000,Cutoff,k-Median-Shapley,21.2,21.2,0.947
Plackett-Luce,4,100,87,13,13,1000,Bottom,Evaluative Voting,56.8,56.8,0.858
Plackett-Luce,4,100,87,13,13,1000,Bottom,k-Median Rule,45.0,45.0,0.8875
Plackett-Luce,4,100,87,13,13,1000,Bottom,k-Median-Shapley,21.2,21.2,0.947
Plackett-Luce,2,100,86,14,14,1000,Cutoff,Evaluative Voting,85.7,85.7,0.5715
Plackett-Luce,2,100,86,14,14,1000,Cutoff,k-Median Rule,60.0,60.0,0.6965
Plackett-Luce,2,100,86,14,14,1000,Cutoff,k-Median-Shapley,36.1,35.4,0.8185
Plackett-Luce,2,100,86,14,14,1000,Bottom,Evaluative Voting,11.200000000000001,11.200000000000001,0.944
Plackett-Luce,2,100,86,14,14,1000,Bottom,k-Median Rule,38.4,11.5,0.802
Plackett-Luce,2,100,86,14,14,1000,Bottom,k-Median-Shapley,17.9,0.8999999999999999,0.91
Plackett-Luce,3,100,86,14,14,1000,Cutoff,Evaluative Voting,82.3,82.3,0.7256666666666619
Plackett-Luce,3,100,86,14,14,1000,Cutoff,k-Median Rule,62.6,62.6,0.7876666666666616
Plackett-Luce,3,100,86,14,14,1000,Cutoff,k-Median-Shapley,35.3,35.099999999999994,0.8823333333333304
Plackett-Luce,3,100,86,14,14,1000,Bottom,Evaluative Voting,31.4,31.4,0.89533333333333
Plackett-Luce,3,100,86,14,14,1000,Bottom,k-Median Rule,44.4,25.7,0.8446666666666628
Plackett-Luce,3,100,86,14,14,1000,Bottom,k-Median-Shapley,17.8,6.9,0.9399999999999982
Plackett-Luce,4,100,86,14,14,1000,Cutoff,Evaluative Voting,60.4,60.4,0.849
Plackett-Luce,4,100,86,14,14,1000,Cutoff,k-Median Rule,47.699999999999996,47.699999999999996,0.88075
Plackett-Luce,4,100,86,14,14,1000,Cutoff,k-Median-Shapley,22.900000000000002,22.900000000000002,0.94275
Plackett-Luce,4,100,86,14,14,1000,Bottom,Evaluative Voting,60.4,60.4,0.849
Plackett-Luce,4,100,86,14,14,1000,Bottom,k-Median Rule,47.699999999999996,47.699999999999996,0.88075
Plackett-Luce,4,100,86,14,14,1000,Bottom,k-Median-Shapley,22.900000000000002,22.900000000000002,0.94275
Plackett-Luce,2,100,85,15,15,1000,Cutoff,Evaluative Voting,88.2,88.2,0.559
Plackett-Luce,2,100,85,15,15,1000,Cutoff,k-Median Rule,64.4,64.4,0.671
Plackett-Luce,2,100,85,15,15,1000,Cutoff,k-Median-Shapley,40.5,39.900000000000006,0.7965
Plackett-Luce,2,100,85,15,15,1000,Bottom,Evaluative Voting,13.3,13.3,0.9335
Plackett-Luce,2,100,85,15,15,1000,Bottom,k-Median Rule,42.0,13.0,0.7825
Plackett-Luce,2,100,85,15,15,1000,Bottom,k-Median-Shapley,17.8,0.6,0.9105
Plackett-Luce,3,100,85,15,15,1000,Cutoff,Evaluative Voting,85.1,85.1,0.7163333333333286
Plackett-Luce,3,100,85,15,15,1000,Cutoff,k-Median Rule,66.2,66.2,0.7749999999999948
Plackett-Luce,3,100,85,15,15,1000,Cutoff,k-Median-Shapley,37.0,36.9,0.8763333333333297
Plackett-Luce,3,100,85,15,15,1000,Bottom,Evaluative Voting,35.0,35.0,0.8833333333333299
Plackett-Luce,3,100,85,15,15,1000,Bottom,k-Median Rule,46.6,27.800000000000004,0.8346666666666628
Plackett-Luce,3,100,85,15,15,1000,Bottom,k-Median-Shapley,18.8,8.3,0.9366666666666644
Plackett-Luce,4,100,85,15,15,1000,Cutoff,Evaluative Voting,63.800000000000004,63.800000000000004,0.8405
Plackett-Luce,4,100,85,15,15,1000,Cutoff,k-Median Rule,51.300000000000004,51.300000000000004,0.87175
Plackett-Luce,4,100,85,15,15,1000,Cutoff,k-Median-Shapley,25.0,25.0,0.9375
Plackett-Luce,4,100,85,15,15,1000,Bottom,Evaluative Voting,63.800000000000004,63.800000000000004,0.8405
Plackett-Luce,4,100,85,15,15,1000,Bottom,k-Median Rule,51.300000000000004,51.300000000000004,0.87175
Plackett-Luce,4,100,85,15,15,1000,Bottom,k-Median-Shapley,25.0,25.0,0.9375
Plackett-Luce,2,100,84,16,16,1000,Cutoff,Evaluative Voting,91.10000000000001,91.10000000000001,0.5445
Plackett-Luce,2,100,84,16,16,1000,Cutoff,k-Median Rule,67.60000000000001,67.60000000000001,0.6565
Plackett-Luce,2,100,84,16,16,1000,Cutoff,k-Median-Shapley,43.0,42.6,0.784
Plackett-Luce,2,100,84,16,16,1000,Bottom,Evaluative Voting,16.0,16.0,0.92
Plackett-Luce,2,100,84,16,16,1000,Bottom,k-Median Rule,42.0,14.000000000000002,0.7835
Plackett-Luce,2,100,84,16,16,1000,Bottom,k-Median-Shapley,17.4,0.7000000000000001,0.9125
Plackett-Luce,3,100,84,16,16,1000,Cutoff,Evaluative Voting,87.6,87.6,0.7079999999999954
Plackett-Luce,3,100,84,16,16,1000,Cutoff,k-Median Rule,68.30000000000001,68.30000000000001,0.7686666666666615
Plackett-Luce,3,100,84,16,16,1000,Cutoff,k-Median-Shapley,39.5,39.4,0.8679999999999963
Plackett-Luce,3,100,84,16,16,1000,Bottom,Evaluative Voting,39.1,39.1,0.8696666666666628
Plackett-Luce,3,100,84,16,16,1000,Bottom,k-Median Rule,48.3,30.599999999999998,0.8266666666666631
Plackett-Luce,3,100,84,16,16,1000,Bottom,k-Median-Shapley,19.900000000000002,9.4,0.9329999999999978
Plackett-Luce,4,100,84,16,16,1000,Cutoff,Evaluative Voting,67.10000000000001,67.10000000000001,0.83225
Plackett-Luce,4,100,84,16,16,1000,Cutoff,k-Median Rule,53.800000000000004,53.800000000000004,0.8655
Plackett-Luce,4,100,84,16,16,1000,Cutoff,k-Median-Shapley,27.6,27.6,0.931
Plackett-Luce,4,100,84,16,16,1000,Bottom,Evaluative Voting,67.10000000000001,67.10000000000001,0.83225
Plackett-Luce,4,100,84,16,16,1000,Bottom,k-Median Rule,53.800000000000004,53.800000000000004,0.8655
Plackett-Luce,4,100,84,16,16,1000,Bottom,k-Median-Shapley,27.6,27.6,0.931
Plackett-Luce,2,100,83,17,17,1000,Cutoff,Evaluative Voting,92.80000000000001,92.80000000000001,0.536
Plackett-Luce,2,100,83,17,17,1000,Cutoff,k-Median Rule,72.1,72.1,0.63
Plackett-Luce,2,100,83,17,17,1000,Cutoff,k-Median-Shapley,45.300000000000004,44.9,0.7725
Plackett-Luce,2,100,83,17,17,1000,Bottom,Evaluative Voting,19.6,19.6,0.902
Plackett-Luce,2,100,83,17,17,1000,Bottom,k-Median Rule,43.7,15.5,0.772
Plackett-Luce,2,100,83,17,17,1000,Bottom,k-Median-Shapley,18.5,1.0,0.9055
Plackett-Luce,3,100,83,17,17,1000,Cutoff,Evaluative Voting,89.60000000000001,89.60000000000001,0.701333333333329
Plackett-Luce,3,100,83,17,17,1000,Cutoff,k-Median Rule,72.0,72.0,0.7556666666666617
Plackett-Luce,3,100,83,17,17,1000,Cutoff,k-Median-Shapley,40.400000000000006,40.1,0.8653333333333298
Plackett-Luce,3,100,83,17,17,1000,Bottom,Evaluative Voting,43.1,43.1,0.8563333333333293
Plackett-Luce,3,100,83,17,17,1000,Bottom,k-Median Rule,51.4,33.6,0.8136666666666632
Plackett-Luce,3,100,83,17,17,1000,Bottom,k-Median-Shapley,20.3,10.8,0.9319999999999976
Plackett-Luce,4,100,83,17,17,1000,Cutoff,Evaluative Voting,69.8,69.8,0.8255
Plackett-Luce,4,100,83,17,17,1000,Cutoff,k-Median Rule,57.4,57.4,0.8565
Plackett-Luce,4,100,83,17,17,1000,Cutoff,k-Median-Shapley,29.7,29.7,0.92575
Plackett-Luce,4,100,83,17,17,1000,Bottom,Evaluative Voting,69.8,69.8,0.8255
Plackett-Luce,4,100,83,17,17,1000,Bottom,k-Median Rule,57.4,57.4,0.8565
Plackett-Luce,4,100,83,17,17,1000,Bottom,k-Median-Shapley,29.7,29.7,0.92575
Plackett-Luce,2,100,82,18,18,1000,Cutoff,Evaluative Voting,94.8,94.8,0.526
Plackett-Luce,2,100,82,18,18,1000,Cutoff,k-Median Rule,75.0,75.0,0.6155
Plackett-Luce,2,100,82,18,18,1000,Cutoff,k-Median-Shapley,49.1,48.5,0.753
Plackett-Luce,2,100,82,18,18,1000,Bottom,Evaluative Voting,23.3,23.3,0.8835
Plackett-Luce,2,100,82,18,18,1000,Bottom,k-Median Rule,43.6,17.9,0.7695
Plackett-Luce,2,100,82,18,18,1000,Bottom,k-Median-Shapley,19.2,1.2,0.902
Plackett-Luce,3,100,82,18,18,1000,Cutoff,Evaluative Voting,91.60000000000001,91.60000000000001,0.6946666666666625
Plackett-Luce,3,100,82,18,18,1000,Cutoff,k-Median Rule,74.4,74.4,0.7466666666666618
Plackett-Luce,3,100,82,18,18,1000,Cutoff,k-Median-Shapley,42.8,42.699999999999996,0.8569999999999964
Plackett-Luce,3,100,82,18,18,1000,Bottom,Evaluative Voting,46.400000000000006,46.400000000000006,0.8453333333333293
Plackett-Luce,3,100,82,18,18,1000,Bottom,k-Median Rule,53.2,37.0,0.8066666666666632
Plackett-Luce,3,100,82,18,18,1000,Bottom,k-Median-Shapley,21.099999999999998,11.3,0.929333333333331
Plackett-Luce,4,100,82,18,18,1000,Cutoff,Evaluative Voting,73.2,73.2,0.817
Plackett-Luce,4,100,82,18,18,1000,Cutoff,k-Median Rule,60.099999999999994,60.099999999999994,0.84975
Plackett-Luce,4,100,82,18,18,1000,Cutoff,k-Median-Shapley,31.2,31.2,0.922
Plackett-Luce,4,100,82,18,18,1000,Bottom,Evaluative Voting,73.2,73.2,0.817
Plackett-Luce,4,100,82,18,18,1000,Bottom,k-Median Rule,60.099999999999994,60.099999999999994,0.84975
Plackett-Luce,4,100,82,18,18,1000,Bottom,k-Median-Shapley,31.2,31.2,0.922
Plackett-Luce,2,100,81,19,19,1000,Cutoff,Evaluative Voting,96.1,96.1,0.5195
Plackett-Luce,2,100,81,19,19,1000,Cutoff,k-Median Rule,76.8,76.8,0.606
Plackett-Luce,2,100,81,19,19,1000,Cutoff,k-Median-Shapley,51.6,51.1,0.7405
Plackett-Luce,2,100,81,19,19,1000,Bottom,Evaluative Voting,26.1,26.1,0.8695
Plackett-Luce,2,100,81,19,19,1000,Bottom,k-Median Rule,44.6,20.1,0.7625
Plackett-Luce,2,100,81,19,19,1000,Bottom,k-Median-Shapley,20.0,1.4000000000000001,0.8985
Plackett-Luce,3,100,81,19,19,1000,Cutoff,Evaluative Voting,93.5,93.5,0.6883333333333292
Plackett-Luce,3,100,81,19,19,1000,Cutoff,k-Median Rule,77.60000000000001,77.60000000000001,0.7359999999999951
Plackett-Luce,3,100,81,19,19,1000,Cutoff,k-Median-Shapley,44.3,44.2,0.8519999999999961
Plackett-Luce,3,100,81,19,19,1000,Bottom,Evaluative Voting,49.6,49.6,0.8346666666666624
Plackett-Luce,3,100,81,19,19,1000,Bottom,k-Median Rule,55.1,38.800000000000004,0.7993333333333296
Plackett-Luce,3,100,81,19,19,1000,Bottom,k-Median-Shapley,21.7,12.3,0.9269999999999975
Plackett-Luce,4,100,81,19,19,1000,Cutoff,Evaluative Voting,75.9,75.9,0.81025
Plackett-Luce,4,100,81,19,19,1000,Cutoff,k-Median Rule,63.0,63.0,0.8425
Plackett-Luce,4,100,81,19,19,1000,Cutoff,k-Median-Shapley,33.0,33.0,0.9175
Plackett-Luce,4,100,81,19,19,1000,Bottom,Evaluative Voting,75.9,75.9,0.81025
Plackett-Luce,4,100,81,19,19,1000,Bottom,k-Median Rule,63.0,63.0,0.8425
Plackett-Luce,4,100,81,19,19,1000,Bottom,k-Median-Shapley,33.0,33.0,0.9175
Plackett-Luce,2,100,80,20,20,1000,Cutoff,Evaluative Voting,97.1,97.1,0.5145
Plackett-Luce,2,100,80,20,20,1000,Cutoff,k-Median Rule,79.9,79.9,0.5895
Plackett-Luce,2,100,80,20,20,1000,Cutoff,k-Median-Shapley,54.7,54.400000000000006,0.726
Plackett-Luce,2,100,80,20,20,1000,Bottom,Evaluative Voting,29.2,29.2,0.854
Plackett-Luce,2,100,80,20,20,1000,Bottom,k-Median Rule,46.800000000000004,22.2,0.75
Plackett-Luce,2,100,80,20,20,1000,Bottom,k-Median-Shapley,21.2,1.6,0.893
Plackett-Luce,3,100,80,20,20,1000,Cutoff,Evaluative Voting,94.89999999999999,94.89999999999999,0.6836666666666629
Plackett-Luce,3,100,80,20,20,1000,Cutoff,k-Median Rule,80.7,80.7,0.7263333333333285
Plackett-Luce,3,100,80,20,20,1000,Cutoff,k-Median-Shapley,47.0,47.0,0.8423333333333289
Plackett-Luce,3,100,80,20,20,1000,Bottom,Evaluative Voting,54.0,54.0,0.8199999999999956
Plackett-Luce,3,100,80,20,20,1000,Bottom,k-Median Rule,57.099999999999994,41.5,0.7913333333333298
Plackett-Luce,3,100,80,20,20,1000,Bottom,k-Median-Shapley,21.0,12.6,0.9286666666666643
Plackett-Luce,4,100,80,20,20,1000,Cutoff,Evaluative Voting,78.10000000000001,78.10000000000001,0.80475
Plackett-Luce,4,100,80,20,20,1000,Cutoff,k-Median Rule,65.3,65.3,0.83675
Plackett-Luce,4,100,80,20,20,1000,Cutoff,k-Median-Shapley,34.1,34.1,0.91475
Plackett-Luce,4,100,80,20,20,1000,Bottom,Evaluative Voting,78.10000000000001,78.10000000000001,0.80475
Plackett-Luce,4,100,80,20,20,1000,Bottom,k-Median Rule,65.3,65.3,0.83675
Plackett-Luce,4,100,80,20,20,1000,Bottom,k-Median-Shapley,34.1,34.1,0.91475
Plackett-Luce,2,100,79,21,21,1000,Cutoff,Evaluative Voting,98.2,98.2,0.509
Plackett-Luce,2,100,79,21,21,1000,Cutoff,k-Median Rule,82.19999999999999,82.19999999999999,0.576
Plackett-Luce,2,100,79,21,21,1000,Cutoff,k-Median-Shapley,57.99999999999999,57.699999999999996,0.7095
Plackett-Luce,2,100,79,21,21,1000,Bottom,Evaluative Voting,34.0,34.0,0.83
Plackett-Luce,2,100,79,21,21,1000,Bottom,k-Median Rule,48.4,24.0,0.742
Plackett-Luce,2,100,79,21,21,1000,Bottom,k-Median-Shapley,18.2,1.4000000000000001,0.909
Plackett-Luce,3,100,79,21,21,1000,Cutoff,Evaluative Voting,95.89999999999999,95.89999999999999,0.6803333333333297
Plackett-Luce,3,100,79,21,21,1000,Cutoff,k-Median Rule,82.8,82.8,0.7199999999999952
Plackett-Luce,3,100,79,21,21,1000,Cutoff,k-Median-Shapley,48.6,48.6,0.8369999999999952
Plackett-Luce,3,100,79,21,21,1000,Bottom,Evaluative Voting,58.8,58.8,0.8039999999999953
Plackett-Luce,3,100,79,21,21,1000,Bottom,k-Median Rule,58.9,44.800000000000004,0.78433333333333
Plackett-Luce,3,100,79,21,21,1000,Bottom,k-Median-Shapley,22.2,13.0,0.9249999999999972
Plackett-Luce,4,100,79,21,21,1000,Cutoff,Evaluative Voting,80.7,80.7,0.79825
Plackett-Luce,4,100,79,21,21,1000,Cutoff,k-Median Rule,67.2,67.2,0.832
Plackett-Luce,4,100,79,21,21,1000,Cutoff,k-Median-Shapley,35.699999999999996,35.699999999999996,0.91075
Plackett-Luce,4,100,79,21,21,1000,Bottom,Evaluative Voting,80.7,80.7,0.79825
Plackett-Luce,4,100,79,21,21,1000,Bottom,k-Median Rule,67.2,67.2,0.832
Plackett-Luce,4,100,79,21,21,1000,Bottom,k-Median-Shapley,35.699999999999996,35.699999999999996,0.91075
Plackett-Luce,2,100,78,22,22,1000,Cutoff,Evaluative Voting,99.2,99.2,0.504
Plackett-Luce,2,100,78,22,22,1000,Cutoff,k-Median Rule,84.39999999999999,84.39999999999999,0.5665
Plackett-Luce,2,100,78,22,22,1000,Cutoff,k-Median-Shapley,61.4,61.1,0.692
Plackett-Luce,2,100,78,22,22,1000,Bottom,Evaluative Voting,38.5,38.5,0.8075
Plackett-Luce,2,100,78,22,22,1000,Bottom,k-Median Rule,49.4,26.3,0.735
Plackett-Luce,2,100,78,22,22,1000,Bottom,k-Median-Shapley,19.0,1.6,0.905
Plackett-Luce,3,100,78,22,22,1000,Cutoff,Evaluative Voting,96.89999999999999,96.89999999999999,0.6769999999999966
Plackett-Luce,3,100,78,22,22,1000,Cutoff,k-Median Rule,85.1,85.1,0.711666666666662
Plackett-Luce,3,100,78,22,22,1000,Cutoff,k-Median-Shapley,51.1,51.0,0.8289999999999953
Plackett-Luce,3,100,78,22,22,1000,Bottom,Evaluative Voting,63.2,63.2,0.7893333333333284
Plackett-Luce,3,100,78,22,22,1000,Bottom,k-Median Rule,60.0,46.400000000000006,0.7833333333333298
Plackett-Luce,3,100,78,22,22,1000,Bottom,k-Median-Shapley,22.5,13.600000000000001,0.9236666666666641
Plackett-Luce,4,100,78,22,22,1000,Cutoff,Evaluative Voting,82.89999999999999,82.89999999999999,0.79275
Plackett-Luce,4,100,78,22,22,1000,Cutoff,k-Median Rule,68.8,68.8,0.828
Plackett-Luce,4,100,78,22,22,1000,Cutoff,k-Median-Shapley,38.0,38.0,0.905
Plackett-Luce,4,100,78,22,22,1000,Bottom,Evaluative Voting,82.89999999999999,82.89999999999999,0.79275
Plackett-Luce,4,100,78,22,22,1000,Bottom,k-Median Rule,68.8,68.8,0.828
Plackett-Luce,4,100,78,22,22,1000,Bottom,k-Median-Shapley,38.0,38.0,0.905
Plackett-Luce,2,100,77,23,23,1000,Cutoff,Evaluative Voting,99.4,99.4,0.503
Plackett-Luce,2,100,77,23,23,1000,Cutoff,k-Median Rule,87.2,87.2,0.5495
Plackett-Luce,2,100,77,23,23,1000,Cutoff,k-Median-Shapley,65.8,65.8,0.6705
Plackett-Luce,2,100,77,23,23,1000,Bottom,Evaluative Voting,42.8,42.8,0.786
Plackett-Luce,2,100,77,23,23,1000,Bottom,k-Median Rule,51.2,29.599999999999998,0.725
Plackett-Luce,2,100,77,23,23,1000,Bottom,k-Median-Shapley,18.7,2.1999999999999997,0.906
Plackett-Luce,3,100,77,23,23,1000,Cutoff,Evaluative Voting,98.0,98.0,0.6733333333333301
Plackett-Luce,3,100,77,23,23,1000,Cutoff,k-Median Rule,86.3,86.3,0.7066666666666624
Plackett-Luce,3,100,77,23,23,1000,Cutoff,k-Median-Shapley,51.9,51.800000000000004,0.826666666666662
Plackett-Luce,3,100,77,23,23,1000,Bottom,Evaluative Voting,66.4,66.4,0.7786666666666618
Plackett-Luce,3,100,77,23,23,1000,Bottom,k-Median Rule,62.4,49.5,0.774999999999996
Plackett-Luce,3,100,77,23,23,1000,Bottom,k-Median-Shapley,23.799999999999997,13.8,0.9199999999999973
Plackett-Luce,4,100,77,23,23,1000,Cutoff,Evaluative Voting,85.5,85.5,0.78625
Plackett-Luce,4,100,77,23,23,1000,Cutoff,k-Median Rule,71.39999999999999,71.39999999999999,0.8215
Plackett-Luce,4,100,77,23,23,1000,Cutoff,k-Median-Shapley,39.7,39.7,0.90075
Plackett-Luce,4,100,77,23,23,1000,Bottom,Evaluative Voting,85.5,85.5,0.78625
Plackett-Luce,4,100,77,23,23,1000,Bottom,k-Median Rule,71.39999999999999,71.39999999999999,0.8215
Plackett-Luce,4,100,77,23,23,1000,Bottom,k-Median-Shapley,39.7,39.7,0.90075
Plackett-Luce,2,100,76,24,24,1000,Cutoff,Evaluative Voting,99.7,99.7,0.5015
Plackett-Luce,2,100,76,24,24,1000,Cutoff,k-Median Rule,89.2,89.2,0.539
Plackett-Luce,2,100,76,24,24,1000,Cutoff,k-Median-Shapley,67.9,67.80000000000001,0.6595
Plackett-Luce,2,100,76,24,24,1000,Bottom,Evaluative Voting,47.0,47.0,0.765
Plackett-Luce,2,100,76,24,24,1000,Bottom,k-Median Rule,51.6,31.3,0.7225
Plackett-Luce,2,100,76,24,24,1000,Bottom,k-Median-Shapley,19.3,2.9000000000000004,0.903
Plackett-Luce,3,100,76,24,24,1000,Cutoff,Evaluative Voting,98.3,98.3,0.6723333333333301
Plackett-Luce,3,100,76,24,24,1000,Cutoff,k-Median Rule,88.4,88.4,0.6996666666666628
Plackett-Luce,3,100,76,24,24,1000,Cutoff,k-Median-Shapley,53.800000000000004,53.7,0.819999999999995
Plackett-Luce,3,100,76,24,24,1000,Bottom,Evaluative Voting,70.19999999999999,70.19999999999999,0.7659999999999949
Plackett-Luce,3,100,76,24,24,1000,Bottom,k-Median Rule,64.7,52.5,0.7656666666666628
Plackett-Luce,3,100,76,24,24,1000,Bottom,k-Median-Shapley,25.0,15.7,0.915666666666664
Plackett-Luce,4,100,76,24,24,1000,Cutoff,Evaluative Voting,87.6,87.6,0.781
Plackett-Luce,4,100,76,24,24,1000,Cutoff,k-Median Rule,73.8,73.8,0.8155
Plackett-Luce,4,100,76,24,24,1000,Cutoff,k-Median-Shapley,42.9,42.9,0.89275
Plackett-Luce,4,100,76,24,24,1000,Bottom,Evaluative Voting,87.6,87.6,0.781
Plackett-Luce,4,100,76,24,24,1000,Bottom,k-Median Rule,73.8,73.8,0.8155
Plackett-Luce,4,100,76,24,24,1000,Bottom,k-Median-Shapley,42.9,42.9,0.89275
Plackett-Luce,2,100,75,25,25,1000,Cutoff,Evaluative Voting,99.9,99.9,0.5005
Plackett-Luce,2,100,75,25,25,1000,Cutoff,k-Median Rule,90.4,90.4,0.5365
Plackett-Luce,2,100,75,25,25,1000,Cutoff,k-Median-Shapley,71.2,71.1,0.643
Plackett-Luce,2,100,75,25,25,1000,Bottom,Evaluative Voting,51.6,51.6,0.742
Plackett-Luce,2,100,75,25,25,1000,Bottom,k-Median Rule,52.800000000000004,34.8,0.715
Plackett-Luce,2,100,75,25,25,1000,Bottom,k-Median-Shapley,19.3,3.4000000000000004,0.9025
Plackett-Luce,3,100,75,25,25,1000,Cutoff,Evaluative Voting,98.7,98.7,0.6709999999999967
Plackett-Luce,3,100,75,25,25,1000,Cutoff,k-Median Rule,89.9,89.9,0.6963333333333291
Plackett-Luce,3,100,75,25,25,1000,Cutoff,k-Median-Shapley,57.599999999999994,57.599999999999994,0.8076666666666616
Plackett-Luce,3,100,75,25,25,1000,Bottom,Evaluative Voting,74.4,74.4,0.7519999999999951
Plackett-Luce,3,100,75,25,25,1000,Bottom,k-Median Rule,67.60000000000001,56.89999999999999,0.7586666666666624
Plackett-Luce,3,100,75,25,25,1000,Bottom,k-Median-Shapley,25.3,15.299999999999999,0.914333333333331
Plackett-Luce,4,100,75,25,25,1000,Cutoff,Evaluative Voting,89.8,89.8,0.7755
Plackett-Luce,4,100,75,25,25,1000,Cutoff,k-Median Rule,75.7,75.7,0.81075
Plackett-Luce,4,100,75,25,25,1000,Cutoff,k-Median-Shapley,44.6,44.6,0.8885
Plackett-Luce,4,100,75,25,25,1000,Bottom,Evaluative Voting,89.8,89.8,0.7755
Plackett-Luce,4,100,75,25,25,1000,Bottom,k-Median Rule,75.7,75.7,0.81075
Plackett-Luce,4,100,75,25,25,1000,Bottom,k-Median-Shapley,44.6,44.6,0.8885
Plackett-Luce,2,100,74,26,26,1000,Cutoff,Evaluative Voting,100.0,100.0,0.5
Plackett-Luce,2,100,74,26,26,1000,Cutoff,k-Median Rule,92.30000000000001,92.30000000000001,0.5285
Plackett-Luce,2,100,74,26,26,1000,Cutoff,k-Median-Shapley,73.5,73.5,0.6315
Plackett-Luce,2,100,74,26,26,1000,Bottom,Evaluative Voting,56.99999999999999,56.99999999999999,0.715
Plackett-Luce,2,100,74,26,26,1000,Bottom,k-Median Rule,55.7,38.0,0.7025
Plackett-Luce,2,100,74,26,26,1000,Bottom,k-Median-Shapley,21.5,4.7,0.892
Plackett-Luce,3,100,74,26,26,1000,Cutoff,Evaluative Voting,99.2,99.2,0.6693333333333301
Plackett-Luce,3,100,74,26,26,1000,Cutoff,k-Median Rule,91.3,91.3,0.6916666666666627
Plackett-Luce,3,100,74,26,26,1000,Cutoff,k-Median-Shapley,59.4,59.4,0.8016666666666613
Plackett-Luce,3,100,74,26,26,1000,Bottom,Evaluative Voting,77.4,77.4,0.7419999999999954
Plackett-Luce,3,100,74,26,26,1000,Bottom,k-Median Rule,70.0,60.3,0.7523333333333291
Plackett-Luce,3,100,74,26,26,1000,Bottom,k-Median-Shapley,26.8,17.0,0.9086666666666643
Plackett-Luce,4,100,74,26,26,1000,Cutoff,Evaluative Voting,91.5,91.5,0.77125
Plackett-Luce,4,100,74,26,26,1000,Cutoff,k-Median Rule,77.60000000000001,77.60000000000001,0.806
Plackett-Luce,4,100,74,26,26,1000,Cutoff,k-Median-Shapley,46.400000000000006,46.400000000000006,0.884
Plackett-Luce,4,100,74,26,26,1000,Bottom,Evaluative Voting,91.5,91.5,0.77125
Plackett-Luce,4,100,74,26,26,1000,Bottom,k-Median Rule,77.60000000000001,77.60000000000001,0.806
Plackett-Luce,4,100,74,26,26,1000,Bottom,k-Median-Shapley,46.400000000000006,46.400000000000006,0.884
Plackett-Luce,2,100,73,27,27,1000,Cutoff,Evaluative Voting,100.0,100.0,0.5
Plackett-Luce,2,100,73,27,27,1000,Cutoff,k-Median Rule,93.30000000000001,93.30000000000001,0.523
Plackett-Luce,2,100,73,27,27,1000,Cutoff,k-Median-Shapley,74.9,74.9,0.6245
Plackett-Luce,2,100,73,27,27,1000,Bottom,Evaluative Voting,61.7,61.7,0.6915
Plackett-Luce,2,100,73,27,27,1000,Bottom,k-Median Rule,57.699999999999996,41.8,0.6965
Plackett-Luce,2,100,73,27,27,1000,Bottom,k-Median-Shapley,21.5,6.1,0.8905
Plackett-Luce,3,100,73,27,27,1000,Cutoff,Evaluative Voting,99.7,99.7,0.6676666666666635
Plackett-Luce,3,100,73,27,27,1000,Cutoff,k-Median Rule,93.2,93.2,0.685666666666663
Plackett-Luce,3,100,73,27,27,1000,Cutoff,k-Median-Shapley,63.4,63.4,0.7883333333333279
Plackett-Luce,3,100,73,27,27,1000,Bottom,Evaluative Voting,81.2,81.2,0.729333333333329
Plackett-Luce,3,100,73,27,27,1000,Bottom,k-Median Rule,72.0,64.8,0.7469999999999956
Plackett-Luce,3,100,73,27,27,1000,Bottom,k-Median-Shapley,27.400000000000002,18.3,0.9076666666666638
Plackett-Luce,4,100,73,27,27,1000,Cutoff,Evaluative Voting,93.5,93.5,0.76625
Plackett-Luce,4,100,73,27,27,1000,Cutoff,k-Median Rule,79.4,79.4,0.8015
Plackett-Luce,4,100,73,27,27,1000,Cutoff,k-Median-Shapley,49.3,49.3,0.87675
Plackett-Luce,4,100,73,27,27,1000,Bottom,Evaluative Voting,93.5,93.5,0.76625
Plackett-Luce,4,100,73,27,27,1000,Bottom,k-Median Rule,79.4,79.4,0.8015
Plackett-Luce,4,100,73,27,27,1000,Bottom,k-Median-Shapley,49.3,49.3,0.87675
Plackett-Luce,2,100,72,28,28,1000,Cutoff,Evaluative Voting,100.0,100.0,0.5
Plackett-Luce,2,100,72,28,28,1000,Cutoff,k-Median Rule,94.69999999999999,94.69999999999999,0.5175
Plackett-Luce,2,100,72,28,28,1000,Cutoff,k-Median-Shapley,76.4,76.4,0.617
Plackett-Luce,2,100,72,28,28,1000,Bottom,Evaluative Voting,66.8,66.8,0.666
Plackett-Luce,2,100,72,28,28,1000,Bottom,k-Median Rule,57.3,44.1,0.6975
Plackett-Luce,2,100,72,28,28,1000,Bottom,k-Median-Shapley,22.5,7.3999999999999995,0.8865
Plackett-Luce,3,100,72,28,28,1000,Cutoff,Evaluative Voting,99.7,99.7,0.6676666666666635
Plackett-Luce,3,100,72,28,28,1000,Cutoff,k-Median Rule,94.3,94.3,0.6819999999999964
Plackett-Luce,3,100,72,28,28,1000,Cutoff,k-Median-Shapley,65.8,65.8,0.7803333333333278
Plackett-Luce,3,100,72,28,28,1000,Bottom,Evaluative Voting,83.8,83.8,0.7206666666666622
Plackett-Luce,3,100,72,28,28,1000,Bottom,k-Median Rule,73.5,66.3,0.7393333333333288
Plackett-Luce,3,100,72,28,28,1000,Bottom,k-Median-Shapley,29.299999999999997,19.5,0.9013333333333303
Plackett-Luce,4,100,72,28,28,1000,Cutoff,Evaluative Voting,95.1,95.1,0.76225
Plackett-Luce,4,100,72,28,28,1000,Cutoff,k-Median Rule,81.8,81.8,0.7955
Plackett-Luce,4,100,72,28,28,1000,Cutoff,k-Median-Shapley,52.6,52.6,0.8685
Plackett-Luce,4,100,72,28,28,1000,Bottom,Evaluative Voting,95.1,95.1,0.76225
Plackett-Luce,4,100,72,28,28,1000,Bottom,k-Median Rule,81.8,81.8,0.7955
Plackett-Luce,4,100,72,28,28,1000,Bottom,k-Median-Shapley,52.6,52.6,0.8685
Plackett-Luce,2,100,71,29,29,1000,Cutoff,Evaluative Voting,100.0,100.0,0.5
Plackett-Luce,2,100,71,29,29,1000,Cutoff,k-Median Rule,95.3,95.3,0.5145
Plackett-Luce,2,100,71,29,29,1000,Cutoff,k-Median-Shapley,77.9,77.9,0.609
Plackett-Luce,2,100,71,29,29,1000,Bottom,Evaluative Voting,71.39999999999999,71.39999999999999,0.643
Plackett-Luce,2,100,71,29,29,1000,Bottom,k-Median Rule,59.8,48.199999999999996,0.6855
Plackett-Luce,2,100,71,29,29,1000,Bottom,k-Median-Shapley,24.7,9.1,0.876
Plackett-Luce,3,100,71,29,29,1000,Cutoff,Evaluative Voting,99.7,99.7,0.6676666666666635
Plackett-Luce,3,100,71,29,29,1000,Cutoff,k-Median Rule,95.39999999999999,95.39999999999999,0.6776666666666633
Plackett-Luce,3,100,71,29,29,1000,Cutoff,k-Median-Shapley,68.5,68.5,0.770666666666661
Plackett-Luce,3,100,71,29,29,1000,Bottom,Evaluative Voting,86.9,86.9,0.7103333333333293
Plackett-Luce,3,100,71,29,29,1000,Bottom,k-Median Rule,75.2,69.6,0.7353333333333294
Plackett-Luce,3,100,71,29,29,1000,Bottom,k-Median-Shapley,31.6,23.3,0.8926666666666639
Plackett-Luce,4,100,71,29,29,1000,Cutoff,Evaluative Voting,96.1,96.1,0.75975
Plackett-Luce,4,100,71,29,29,1000,Cutoff,k-Median Rule,83.5,83.5,0.79125
Plackett-Luce,4,100,71,29,29,1000,Cutoff,k-Median-Shapley,54.900000000000006,54.900000000000006,0.86275
Plackett-Luce,4,100,71,29,29,1000,Bottom,Evaluative Voting,96.1,96.1,0.75975
Plackett-Luce,4,100,71,29,29,1000,Bottom,k-Median Rule,83.5,83.5,0.79125
Plackett-Luce,4,100,71,29,29,1000,Bottom,k-Median-Shapley,54.900000000000006,54.900000000000006,0.86275
Plackett-Luce,2,100,70,30,30,1000,Cutoff,Evaluative Voting,100.0,100.0,0.5
Plackett-Luce,2,100,70,30,30,1000,Cutoff,k-Median Rule,96.8,96.8,0.5075
Plackett-Luce,2,100,70,30,30,1000,Cutoff,k-Median-Shapley,77.3,77.3,0.613
Plackett-Luce,2,100,70,30,30,1000,Bottom,Evaluative Voting,75.7,75.7,0.6215
Plackett-Luce,2,100,70,30,30,1000,Bottom,k-Median Rule,62.9,52.900000000000006,0.668
Plackett-Luce,2,100,70,30,30,1000,Bottom,k-Median-Shapley,26.700000000000003,11.899999999999999,0.866
Plackett-Luce,3,100,70,30,30,1000,Cutoff,Evaluative Voting,99.9,99.9,0.6669999999999969
Plackett-Luce,3,100,70,30,30,1000,Cutoff,k-Median Rule,96.6,96.6,0.6719999999999967
Plackett-Luce,3,100,70,30,30,1000,Cutoff,k-Median-Shapley,71.1,71.1,0.7626666666666612
Plackett-Luce,3,100,70,30,30,1000,Bottom,Evaluative Voting,90.3,90.3,0.698999999999996
Plackett-Luce,3,100,70,30,30,1000,Bottom,k-Median Rule,77.10000000000001,71.8,0.7293333333333291
Plackett-Luce,3,100,70,30,30,1000,Bottom,k-Median-Shapley,33.6,25.2,0.8859999999999968
Plackett-Luce,4,100,70,30,30,1000,Cutoff,Evaluative Voting,97.39999999999999,97.39999999999999,0.7565
Plackett-Luce,4,100,70,30,30,1000,Cutoff,k-Median Rule,85.2,85.2,0.787
Plackett-Luce,4,100,70,30,30,1000,Cutoff,k-Median-Shapley,56.99999999999999,56.99999999999999,0.8575
Plackett-Luce,4,100,70,30,30,1000,Bottom,Evaluative Voting,97.39999999999999,97.39999999999999,0.7565
Plackett-Luce,4,100,70,30,30,1000,Bottom,k-Median Rule,85.2,85.2,0.787
Plackett-Luce,4,100,70,30,30,1000,Bottom,k-Median-Shapley,56.99999999999999,56.99999999999999,0.8575
Plackett-Luce,2,100,69,31,31,1000,Cutoff,Evaluative Voting,100.0,100.0,0.5
Plackett-Luce,2,100,69,31,31,1000,Cutoff,k-Median Rule,97.39999999999999,97.39999999999999,0.507
Plackett-Luce,2,100,69,31,31,1000,Cutoff,k-Median-Shapley,78.60000000000001,78.60000000000001,0.606
Plackett-Luce,2,100,69,31,31,1000,Bottom,Evaluative Voting,79.60000000000001,79.60000000000001,0.602
Plackett-Luce,2,100,69,31,31,1000,Bottom,k-Median Rule,64.4,56.10000000000001,0.6595
Plackett-Luce,2,100,69,31,31,1000,Bottom,k-Median-Shapley,28.9,13.8,0.852
Plackett-Luce,3,100,69,31,31,1000,Cutoff,Evaluative Voting,99.9,99.9,0.6669999999999969
Plackett-Luce,3,100,69,31,31,1000,Cutoff,k-Median Rule,97.3,97.3,0.6703333333333303
Plackett-Luce,3,100,69,31,31,1000,Cutoff,k-Median-Shapley,74.3,74.3,0.7519999999999943
Plackett-Luce,3,100,69,31,31,1000,Bottom,Evaluative Voting,92.0,92.0,0.6933333333333296
Plackett-Luce,3,100,69,31,31,1000,Bottom,k-Median Rule,78.2,73.9,0.7289999999999955
Plackett-Luce,3,100,69,31,31,1000,Bottom,k-Median-Shapley,36.3,28.199999999999996,0.8773333333333299
Plackett-Luce,4,100,69,31,31,1000,Cutoff,Evaluative Voting,97.7,97.7,0.75575
Plackett-Luce,4,100,69,31,31,1000,Cutoff,k-Median Rule,85.9,85.9,0.78525
Plackett-Luce,4,100,69,31,31,1000,Cutoff,k-Median-Shapley,59.4,59.4,0.8515
Plackett-Luce,4,100,69,31,31,1000,Bottom,Evaluative Voting,97.7,97.7,0.75575
Plackett-Luce,4,100,69,31,31,1000,Bottom,k-Median Rule,85.9,85.9,0.78525
Plackett-Luce,4,100,69,31,31,1000,Bottom,k-Median-Shapley,59.4,59.4,0.8515
Plackett-Luce,2,100,68,32,32,1000,Cutoff,Evaluative Voting,100.0,100.0,0.5
Plackett-Luce,2,100,68,32,32,1000,Cutoff,k-Median Rule,97.7,97.7,0.506
Plackett-Luce,2,100,68,32,32,1000,Cutoff,k-Median-Shapley,78.3,78.3,0.608
Plackett-Luce,2,100,68,32,32,1000,Bottom,Evaluative Voting,84.39999999999999,84.39999999999999,0.578
Plackett-Luce,2,100,68,32,32,1000,Bottom,k-Median Rule,67.80000000000001,60.3,0.6435
Plackett-Luce,2,100,68,32,32,1000,Bottom,k-Median-Shapley,30.9,16.900000000000002,0.843
Plackett-Luce,3,100,68,32,32,1000,Cutoff,Evaluative Voting,99.9,99.9,0.6669999999999969
Plackett-Luce,3,100,68,32,32,1000,Cutoff,k-Median Rule,97.89999999999999,97.89999999999999,0.669999999999997
Plackett-Luce,3,100,68,32,32,1000,Cutoff,k-Median-Shapley,76.2,76.2,0.7453333333333279
Plackett-Luce,3,100,68,32,32,1000,Bottom,Evaluative Voting,93.5,93.5,0.6883333333333296
Plackett-Luce,3,100,68,32,32,1000,Bottom,k-Median Rule,80.2,76.8,0.7219999999999955
Plackett-Luce,3,100,68,32,32,1000,Bottom,k-Median-Shapley,39.2,30.8,0.867999999999996
Plackett-Luce,4,100,68,32,32,1000,Cutoff,Evaluative Voting,98.2,98.2,0.7545
Plackett-Luce,4,100,68,32,32,1000,Cutoff,k-Median Rule,88.3,88.3,0.77925
Plackett-Luce,4,100,68,32,32,1000,Cutoff,k-Median-Shapley,63.2,63.2,0.842
Plackett-Luce,4,100,68,32,32,1000,Bottom,Evaluative Voting,98.2,98.2,0.7545
Plackett-Luce,4,100,68,32,32,1000,Bottom,k-Median Rule,88.3,88.3,0.77925
Plackett-Luce,4,100,68,32,32,1000,Bottom,k-Median-Shapley,63.2,63.2,0.842
Plackett-Luce,2,100,67,33,33,1000,Cutoff,Evaluative Voting,100.0,100.0,0.5
Plackett-Luce,2,100,67,33,33,1000,Cutoff,k-Median Rule,98.2,98.2,0.5045
Plackett-Luce,2,100,67,33,33,1000,Cutoff,k-Median-Shapley,79.60000000000001,79.60000000000001,0.601
Plackett-Luce,2,100,67,33,33,1000,Bottom,Evaluative Voting,87.2,87.2,0.564
Plackett-Luce,2,100,67,33,33,1000,Bottom,k-Median Rule,70.6,64.2,0.6315
Plackett-Luce,2,100,67,33,33,1000,Bottom,k-Median-Shapley,31.900000000000002,19.3,0.838
Plackett-Luce,3,100,67,33,33,1000,Cutoff,Evaluative Voting,100.0,100.0,0.6666666666666636
Plackett-Luce,3,100,67,33,33,1000,Cutoff,k-Median Rule,98.6,98.6,0.6663333333333306
Plackett-Luce,3,100,67,33,33,1000,Cutoff,k-Median-Shapley,80.30000000000001,80.30000000000001,0.7316666666666615
Plackett-Luce,3,100,67,33,33,1000,Bottom,Evaluative Voting,94.89999999999999,94.89999999999999,0.683666666666663
Plackett-Luce,3,100,67,33,33,1000,Bottom,k-Median Rule,82.8,79.3,0.7099999999999962
Plackett-Luce,3,100,67,33,33,1000,Bottom,k-Median-Shapley,43.5,35.4,0.8526666666666625
Plackett-Luce,4,100,67,33,33,1000,Cutoff,Evaluative Voting,98.7,98.7,0.75325
Plackett-Luce,4,100,67,33,33,1000,Cutoff,k-Median Rule,89.60000000000001,89.60000000000001,0.776
Plackett-Luce,4,100,67,33,33,1000,Cutoff,k-Median-Shapley,66.4,66.4,0.834
Plackett-Luce,4,100,67,33,33,1000,Bottom,Evaluative Voting,98.7,98.7,0.75325
Plackett-Luce,4,100,67,33,33,1000,Bottom,k-Median Rule,89.60000000000001,89.60000000000001,0.776
Plackett-Luce,4,100,67,33,33,1000,Bottom,k-Median-Shapley,66.4,66.4,0.834
Plackett-Luce,2,100,66,34,34,1000,Cutoff,Evaluative Voting,100.0,100.0,0.5
Plackett-Luce,2,100,66,34,34,1000,Cutoff,k-Median Rule,99.1,99.1,0.4995
Plackett-Luce,2,100,66,34,34,1000,Cutoff,k-Median-Shapley,80.7,80.7,0.596
Plackett-Luce,2,100,66,34,34,1000,Bottom,Evaluative Voting,90.5,90.5,0.5475
Plackett-Luce,2,100,66,34,34,1000,Bottom,k-Median Rule,73.8,68.10000000000001,0.613
Plackett-Luce,2,100,66,34,34,1000,Bottom,k-Median-Shapley,34.1,21.6,0.826
Plackett-Luce,3,100,66,34,34,1000,Cutoff,Evaluative Voting,100.0,100.0,0.6666666666666636
Plackett-Luce,3,100,66,34,34,1000,Cutoff,k-Median Rule,99.0,99.0,0.6653333333333304
Plackett-Luce,3,100,66,34,34,1000,Cutoff,k-Median-Shapley,82.8,82.8,0.7239999999999953
Plackett-Luce,3,100,66,34,34,1000,Bottom,Evaluative Voting,96.2,96.2,0.67933333333333
Plackett-Luce,3,100,66,34,34,1000,Bottom,k-Median Rule,84.8,82.0,0.7049999999999965
Plackett-Luce,3,100,66,34,34,1000,Bottom,k-Median-Shapley,46.1,38.7,0.845333333333329
Plackett-Luce,4,100,66,34,34,1000,Cutoff,Evaluative Voting,99.2,99.2,0.752
Plackett-Luce,4,100,66,34,34,1000,Cutoff,k-Median Rule,91.8,91.8,0.7705
Plackett-Luce,4,100,66,34,34,1000,Cutoff,k-Median-Shapley,69.6,69.6,0.826
Plackett-Luce,4,100,66,34,34,1000,Bottom,Evaluative Voting,99.2,99.2,0.752
Plackett-Luce,4,100,66,34,34,1000,Bottom,k-Median Rule,91.8,91.8,0.7705
Plackett-Luce,4,100,66,34,34,1000,Bottom,k-Median-Shapley,69.6,69.6,0.826
Plackett-Luce,2,100,65,35,35,1000,Cutoff,Evaluative Voting,100.0,100.0,0.5
Plackett-Luce,2,100,65,35,35,1000,Cutoff,k-Median Rule,99.4,99.4,0.4945
Plackett-Luce,2,100,65,35,35,1000,Cutoff,k-Median-Shapley,83.2,83.2,0.582
Plackett-Luce,2,100,65,35,35,1000,Bottom,Evaluative Voting,92.60000000000001,92.60000000000001,0.537
Plackett-Luce,2,100,65,35,35,1000,Bottom,k-Median Rule,77.0,72.3,0.592
Plackett-Luce,2,100,65,35,35,1000,Bottom,k-Median-Shapley,37.6,25.8,0.8085
Plackett-Luce,3,100,65,35,35,1000,Cutoff,Evaluative Voting,100.0,100.0,0.6666666666666636
Plackett-Luce,3,100,65,35,35,1000,Cutoff,k-Median Rule,99.1,99.1,0.6643333333333306
Plackett-Luce,3,100,65,35,35,1000,Cutoff,k-Median-Shapley,84.8,84.8,0.7169999999999953
Plackett-Luce,3,100,65,35,35,1000,Bottom,Evaluative Voting,97.0,97.0,0.6766666666666634
Plackett-Luce,3,100,65,35,35,1000,Bottom,k-Median Rule,86.6,84.0,0.6923333333333301
Plackett-Luce,3,100,65,35,35,1000,Bottom,k-Median-Shapley,51.4,43.8,0.8256666666666624
Plackett-Luce,4,100,65,35,35,1000,Cutoff,Evaluative Voting,99.6,99.6,0.751
Plackett-Luce,4,100,65,35,35,1000,Cutoff,k-Median Rule,92.9,92.9,0.76775
Plackett-Luce,4,100,65,35,35,1000,Cutoff,k-Median-Shapley,72.1,72.1,0.81975
Plackett-Luce,4,100,65,35,35,1000,Bottom,Evaluative Voting,99.6,99.6,0.751
Plackett-Luce,4,100,65,35,35,1000,Bottom,k-Median Rule,92.9,92.9,0.76775
Plackett-Luce,4,100,65,35,35,1000,Bottom,k-Median-Shapley,72.1,72.1,0.81975
Plackett-Luce,2,100,64,36,36,1000,Cutoff,Evaluative Voting,100.0,100.0,0.5
Plackett-Luce,2,100,64,36,36,1000,Cutoff,k-Median Rule,99.8,99.8,0.491
Plackett-Luce,2,100,64,36,36,1000,Cutoff,k-Median-Shapley,85.6,85.6,0.5715
Plackett-Luce,2,100,64,36,36,1000,Bottom,Evaluative Voting,95.1,95.1,0.5245
Plackett-Luce,2,100,64,36,36,1000,Bottom,k-Median Rule,80.80000000000001,76.0,0.5705
Plackett-Luce,2,100,64,36,36,1000,Bottom,k-Median-Shapley,40.300000000000004,28.299999999999997,0.793
Plackett-Luce,3,100,64,36,36,1000,Cutoff,Evaluative Voting,100.0,100.0,0.6666666666666636
Plackett-Luce,3,100,64,36,36,1000,Cutoff,k-Median Rule,99.2,99.2,0.6653333333333303
Plackett-Luce,3,100,64,36,36,1000,Cutoff,k-Median-Shapley,87.3,87.3,0.7086666666666623
Plackett-Luce,3,100,64,36,36,1000,Bottom,Evaluative Voting,98.3,98.3,0.6723333333333302
Plackett-Luce,3,100,64,36,36,1000,Bottom,k-Median Rule,88.3,86.0,0.6873333333333304
Plackett-Luce,3,100,64,36,36,1000,Bottom,k-Median-Shapley,55.00000000000001,49.1,0.8129999999999954
Plackett-Luce,4,100,64,36,36,1000,Cutoff,Evaluative Voting,99.9,99.9,0.75025
Plackett-Luce,4,100,64,36,36,1000,Cutoff,k-Median Rule,94.0,94.0,0.765
Plackett-Luce,4,100,64,36,36,1000,Cutoff,k-Median-Shapley,76.5,76.5,0.80875
Plackett-Luce,4,100,64,36,36,1000,Bottom,Evaluative Voting,99.9,99.9,0.75025
Plackett-Luce,4,100,64,36,36,1000,Bottom,k-Median Rule,94.0,94.0,0.765
Plackett-Luce,4,100,64,36,36,1000,Bottom,k-Median-Shapley,76.5,76.5,0.80875
Plackett-Luce,2,100,63,37,37,1000,Cutoff,Evaluative Voting,100.0,100.0,0.5
Plackett-Luce,2,100,63,37,37,1000,Cutoff,k-Median Rule,99.9,99.9,0.4895
Plackett-Luce,2,100,63,37,37,1000,Cutoff,k-Median-Shapley,88.4,88.4,0.5575
Plackett-Luce,2,100,63,37,37,1000,Bottom,Evaluative Voting,96.8,96.8,0.516
Plackett-Luce,2,100,63,37,37,1000,Bottom,k-Median Rule,83.39999999999999,78.8,0.551
Plackett-Luce,2,100,63,37,37,1000,Bottom,k-Median-Shapley,44.0,33.1,0.7765
Plackett-Luce,3,100,63,37,37,1000,Cutoff,Evaluative Voting,100.0,100.0,0.6666666666666636
Plackett-Luce,3,100,63,37,37,1000,Cutoff,k-Median Rule,99.3,99.3,0.6656666666666636
Plackett-Luce,3,100,63,37,37,1000,Cutoff,k-Median-Shapley,88.4,88.4,0.7053333333333289
Plackett-Luce,3,100,63,37,37,1000,Bottom,Evaluative Voting,99.3,99.3,0.6689999999999969
Plackett-Luce,3,100,63,37,37,1000,Bottom,k-Median Rule,89.7,87.9,0.679333333333331
Plackett-Luce,3,100,63,37,37,1000,Bottom,k-Median-Shapley,58.8,53.6,0.8013333333333288
Plackett-Luce,4,100,63,37,37,1000,Cutoff,Evaluative Voting,100.0,100.0,0.75
Plackett-Luce,4,100,63,37,37,1000,Cutoff,k-Median Rule,94.69999999999999,94.69999999999999,0.76325
Plackett-Luce,4,100,63,37,37,1000,Cutoff,k-Median-Shapley,79.3,79.3,0.80175
Plackett-Luce,4,100,63,37,37,1000,Bottom,Evaluative Voting,100.0,100.0,0.75
Plackett-Luce,4,100,63,37,37,1000,Bottom,k-Median Rule,94.69999999999999,94.69999999999999,0.76325
Plackett-Luce,4,100,63,37,37,1000,Bottom,k-Median-Shapley,79.3,79.3,0.80175
Plackett-Luce,2,100,62,38,38,1000,Cutoff,Evaluative Voting,100.0,100.0,0.5
Plackett-Luce,2,100,62,38,38,1000,Cutoff,k-Median Rule,100.0,100.0,0.4865
Plackett-Luce,2,100,62,38,38,1000,Cutoff,k-Median-Shapley,90.3,90.3,0.5485
Plackett-Luce,2,100,62,38,38,1000,Bottom,Evaluative Voting,98.2,98.2,0.509
Plackett-Luce,2,100,62,38,38,1000,Bottom,k-Median Rule,86.5,82.3,0.533
Plackett-Luce,2,100,62,38,38,1000,Bottom,k-Median-Shapley,46.2,35.6,0.766
Plackett-Luce,3,100,62,38,38,1000,Cutoff,Evaluative Voting,100.0,100.0,0.6666666666666636
Plackett-Luce,3,100,62,38,38,1000,Cutoff,k-Median Rule,99.3,99.3,0.6646666666666636
Plackett-Luce,3,100,62,38,38,1000,Cutoff,k-Median-Shapley,89.5,89.5,0.7016666666666623
Plackett-Luce,3,100,62,38,38,1000,Bottom,Evaluative Voting,99.6,99.6,0.667999999999997
Plackett-Luce,3,100,62,38,38,1000,Bottom,k-Median Rule,91.8,90.10000000000001,0.6669999999999983
Plackett-Luce,3,100,62,38,38,1000,Bottom,k-Median-Shapley,62.8,57.8,0.7873333333333286
Plackett-Luce,4,100,62,38,38,1000,Cutoff,Evaluative Voting,100.0,100.0,0.75
Plackett-Luce,4,100,62,38,38,1000,Cutoff,k-Median Rule,95.8,95.8,0.7605
Plackett-Luce,4,100,62,38,38,1000,Cutoff,k-Median-Shapley,81.39999999999999,81.39999999999999,0.7965
Plackett-Luce,4,100,62,38,38,1000,Bottom,Evaluative Voting,100.0,100.0,0.75
Plackett-Luce,4,100,62,38,38,1000,Bottom,k-Median Rule,95.8,95.8,0.7605
Plackett-Luce,4,100,62,38,38,1000,Bottom,k-Median-Shapley,81.39999999999999,81.39999999999999,0.7965
Plackett-Luce,2,100,61,39,39,1000,Cutoff,Evaluative Voting,100.0,100.0,0.5
Plackett-Luce,2,100,61,39,39,1000,Cutoff,k-Median Rule,100.0,100.0,0.488
Plackett-Luce,2,100,61,39,39,1000,Cutoff,k-Median-Shapley,92.30000000000001,92.30000000000001,0.538
Plackett-Luce,2,100,61,39,39,1000,Bottom,Evaluative Voting,99.3,99.3,0.5035
Plackett-Luce,2,100,61,39,39,1000,Bottom,k-Median Rule,89.7,85.39999999999999,0.512
Plackett-Luce,2,100,61,39,39,1000,Bottom,k-Median-Shapley,50.3,40.1,0.745
Plackett-Luce,3,100,61,39,39,1000,Cutoff,Evaluative Voting,100.0,100.0,0.6666666666666636
Plackett-Luce,3,100,61,39,39,1000,Cutoff,k-Median Rule,99.6,99.6,0.6633333333333306
Plackett-Luce,3,100,61,39,39,1000,Cutoff,k-Median-Shapley,91.9,91.9,0.693666666666663
Plackett-Luce,3,100,61,39,39,1000,Bottom,Evaluative Voting,99.8,99.8,0.6673333333333304
Plackett-Luce,3,100,61,39,39,1000,Bottom,k-Median Rule,93.5,91.7,0.6596666666666653
Plackett-Luce,3,100,61,39,39,1000,Bottom,k-Median-Shapley,67.80000000000001,62.7,0.7696666666666617
Plackett-Luce,4,100,61,39,39,1000,Cutoff,Evaluative Voting,100.0,100.0,0.75
Plackett-Luce,4,100,61,39,39,1000,Cutoff,k-Median Rule,96.39999999999999,96.39999999999999,0.759
Plackett-Luce,4,100,61,39,39,1000,Cutoff,k-Median-Shapley,83.5,83.5,0.79125
Plackett-Luce,4,100,61,39,39,1000,Bottom,Evaluative Voting,100.0,100.0,0.75
Plackett-Luce,4,100,61,39,39,1000,Bottom,k-Median Rule,96.39999999999999,96.39999999999999,0.759
Plackett-Luce,4,100,61,39,39,1000,Bottom,k-Median-Shapley,83.5,83.5,0.79125
Plackett-Luce,2,100,60,40,40,1000,Cutoff,Evaluative Voting,100.0,100.0,0.5
Plackett-Luce,2,100,60,40,40,1000,Cutoff,k-Median Rule,100.0,100.0,0.486
Plackett-Luce,2,100,60,40,40,1000,Cutoff,k-Median-Shapley,94.69999999999999,94.69999999999999,0.5245
Plackett-Luce,2,100,60,40,40,1000,Bottom,Evaluative Voting,99.7,99.7,0.5015
Plackett-Luce,2,100,60,40,40,1000,Bottom,k-Median Rule,91.2,87.9,0.5
Plackett-Luce,2,100,60,40,40,1000,Bottom,k-Median-Shapley,55.900000000000006,46.1,0.715
Plackett-Luce,3,100,60,40,40,1000,Cutoff,Evaluative Voting,100.0,100.0,0.6666666666666636
Plackett-Luce,3,100,60,40,40,1000,Cutoff,k-Median Rule,99.6,99.6,0.6619999999999973
Plackett-Luce,3,100,60,40,40,1000,Cutoff,k-Median-Shapley,93.60000000000001,93.60000000000001,0.6873333333333298
Plackett-Luce,3,100,60,40,40,1000,Bottom,Evaluative Voting,99.9,99.9,0.666999999999997
Plackett-Luce,3,100,60,40,40,1000,Bottom,k-Median Rule,95.19999999999999,93.5,0.654333333333332
Plackett-Luce,3,100,60,40,40,1000,Bottom,k-Median-Shapley,68.89999999999999,65.5,0.7656666666666623
Plackett-Luce,4,100,60,40,40,1000,Cutoff,Evaluative Voting,100.0,100.0,0.75
Plackett-Luce,4,100,60,40,40,1000,Cutoff,k-Median Rule,97.5,97.5,0.75625
Plackett-Luce,4,100,60,40,40,1000,Cutoff,k-Median-Shapley,85.7,85.7,0.78575
Plackett-Luce,4,100,60,40,40,1000,Bottom,Evaluative Voting,100.0,100.0,0.75
Plackett-Luce,4,100,60,40,40,1000,Bottom,k-Median Rule,97.5,97.5,0.75625
Plackett-Luce,4,100,60,40,40,1000,Bottom,k-Median-Shapley,85.7,85.7,0.78575
Plackett-Luce,2,100,59,41,41,1000,Cutoff,Evaluative Voting,100.0,100.0,0.5
Plackett-Luce,2,100,59,41,41,1000,Cutoff,k-Median Rule,100.0,100.0,0.4835
Plackett-Luce,2,100,59,41,41,1000,Cutoff,k-Median-Shapley,96.89999999999999,96.89999999999999,0.5125
Plackett-Luce,2,100,59,41,41,1000,Bottom,Evaluative Voting,99.9,99.9,0.5005
Plackett-Luce,2,100,59,41,41,1000,Bottom,k-Median Rule,93.89999999999999,90.3,0.4835
Plackett-Luce,2,100,59,41,41,1000,Bottom,k-Median-Shapley,62.2,52.900000000000006,0.683
Plackett-Luce,3,100,59,41,41,1000,Cutoff,Evaluative Voting,100.0,100.0,0.6666666666666636
Plackett-Luce,3,100,59,41,41,1000,Cutoff,k-Median Rule,99.8,99.8,0.6599999999999974
Plackett-Luce,3,100,59,41,41,1000,Cutoff,k-Median-Shapley,95.5,95.5,0.6813333333333298
Plackett-Luce,3,100,59,41,41,1000,Bottom,Evaluative Voting,100.0,100.0,0.6666666666666636
Plackett-Luce,3,100,59,41,41,1000,Bottom,k-Median Rule,96.2,94.8,0.647333333333332
Plackett-Luce,3,100,59,41,41,1000,Bottom,k-Median-Shapley,73.4,69.89999999999999,0.7489999999999952
Plackett-Luce,4,100,59,41,41,1000,Cutoff,Evaluative Voting,100.0,100.0,0.75
Plackett-Luce,4,100,59,41,41,1000,Cutoff,k-Median Rule,97.8,97.8,0.7555
Plackett-Luce,4,100,59,41,41,1000,Cutoff,k-Median-Shapley,88.4,88.4,0.779
Plackett-Luce,4,100,59,41,41,1000,Bottom,Evaluative Voting,100.0,100.0,0.75
Plackett-Luce,4,100,59,41,41,1000,Bottom,k-Median Rule,97.8,97.8,0.7555
Plackett-Luce,4,100,59,41,41,1000,Bottom,k-Median-Shapley,88.4,88.4,0.779
Plackett-Luce,2,100,58,42,42,1000,Cutoff,Evaluative Voting,100.0,100.0,0.5
Plackett-Luce,2,100,58,42,42,1000,Cutoff,k-Median Rule,100.0,100.0,0.484
Plackett-Luce,2,100,58,42,42,1000,Cutoff,k-Median-Shapley,98.4,98.4,0.5065
Plackett-Luce,2,100,58,42,42,1000,Bottom,Evaluative Voting,100.0,100.0,0.5
Plackett-Luce,2,100,58,42,42,1000,Bottom,k-Median Rule,96.1,93.10000000000001,0.475
Plackett-Luce,2,100,58,42,42,1000,Bottom,k-Median-Shapley,67.10000000000001,60.0,0.657
Plackett-Luce,3,100,58,42,42,1000,Cutoff,Evaluative Voting,100.0,100.0,0.6666666666666636
Plackett-Luce,3,100,58,42,42,1000,Cutoff,k-Median Rule,99.9,99.9,0.6546666666666645
Plackett-Luce,3,100,58,42,42,1000,Cutoff,k-Median-Shapley,96.6,96.6,0.6769999999999966
Plackett-Luce,3,100,58,42,42,1000,Bottom,Evaluative Voting,100.0,100.0,0.6666666666666636
Plackett-Luce,3,100,58,42,42,1000,Bottom,k-Median Rule,97.2,96.3,0.6429999999999989
Plackett-Luce,3,100,58,42,42,1000,Bottom,k-Median-Shapley,78.10000000000001,75.0,0.7319999999999955
Plackett-Luce,4,100,58,42,42,1000,Cutoff,Evaluative Voting,100.0,100.0,0.75
Plackett-Luce,4,100,58,42,42,1000,Cutoff,k-Median Rule,98.3,98.3,0.75425
Plackett-Luce,4,100,58,42,42,1000,Cutoff,k-Median-Shapley,90.5,90.5,0.77375
Plackett-Luce,4,100,58,42,42,1000,Bottom,Evaluative Voting,100.0,100.0,0.75
Plackett-Luce,4,100,58,42,42,1000,Bottom,k-Median Rule,98.3,98.3,0.75425
Plackett-Luce,4,100,58,42,42,1000,Bottom,k-Median-Shapley,90.5,90.5,0.77375
Plackett-Luce,2,100,57,43,43,1000,Cutoff,Evaluative Voting,100.0,100.0,0.5
Plackett-Luce,2,100,57,43,43,1000,Cutoff,k-Median Rule,100.0,100.0,0.483
Plackett-Luce,2,100,57,43,43,1000,Cutoff,k-Median-Shapley,99.2,99.2,0.5025
Plackett-Luce,2,100,57,43,43,1000,Bottom,Evaluative Voting,100.0,100.0,0.5
Plackett-Luce,2,100,57,43,43,1000,Bottom,k-Median Rule,97.0,94.69999999999999,0.4715
Plackett-Luce,2,100,57,43,43,1000,Bottom,k-Median-Shapley,74.6,66.5,0.616
Plackett-Luce,3,100,57,43,43,1000,Cutoff,Evaluative Voting,100.0,100.0,0.6666666666666636
Plackett-Luce,3,100,57,43,43,1000,Cutoff,k-Median Rule,99.9,99.9,0.6483333333333313
Plackett-Luce,3,100,57,43,43,1000,Cutoff,k-Median-Shapley,98.1,98.1,0.6723333333333303
Plackett-Luce,3,100,57,43,43,1000,Bottom,Evaluative Voting,100.0,100.0,0.6666666666666636
Plackett-Luce,3,100,57,43,43,1000,Bottom,k-Median Rule,97.89999999999999,97.39999999999999,0.6393333333333322
Plackett-Luce,3,100,57,43,43,1000,Bottom,k-Median-Shapley,82.0,79.3,0.7176666666666626
Plackett-Luce,4,100,57,43,43,1000,Cutoff,Evaluative Voting,100.0,100.0,0.75
Plackett-Luce,4,100,57,43,43,1000,Cutoff,k-Median Rule,98.9,98.9,0.75275
Plackett-Luce,4,100,57,43,43,1000,Cutoff,k-Median-Shapley,92.30000000000001,92.30000000000001,0.76925
Plackett-Luce,4,100,57,43,43,1000,Bottom,Evaluative Voting,100.0,100.0,0.75
Plackett-Luce,4,100,57,43,43,1000,Bottom,k-Median Rule,98.9,98.9,0.75275
Plackett-Luce,4,100,57,43,43,1000,Bottom,k-Median-Shapley,92.30000000000001,92.30000000000001,0.76925
Plackett-Luce,2,100,56,44,44,1000,Cutoff,Evaluative Voting,100.0,100.0,0.5
Plackett-Luce,2,100,56,44,44,1000,Cutoff,k-Median Rule,100.0,100.0,0.483
Plackett-Luce,2,100,56,44,44,1000,Cutoff,k-Median-Shapley,99.4,99.4,0.5015
Plackett-Luce,2,100,56,44,44,1000,Bottom,Evaluative Voting,100.0,100.0,0.5
Plackett-Luce,2,100,56,44,44,1000,Bottom,k-Median Rule,97.5,96.5,0.472
Plackett-Luce,2,100,56,44,44,1000,Bottom,k-Median-Shapley,79.4,73.3,0.5895
Plackett-Luce,3,100,56,44,44,1000,Cutoff,Evaluative Voting,100.0,100.0,0.6666666666666636
Plackett-Luce,3,100,56,44,44,1000,Cutoff,k-Median Rule,99.9,99.9,0.6436666666666648
Plackett-Luce,3,100,56,44,44,1000,Cutoff,k-Median-Shapley,98.6,98.6,0.6699999999999969
Plackett-Luce,3,100,56,44,44,1000,Bottom,Evaluative Voting,100.0,100.0,0.6666666666666636
Plackett-Luce,3,100,56,44,44,1000,Bottom,k-Median Rule,98.7,98.4,0.6293333333333326
Plackett-Luce,3,100,56,44,44,1000,Bottom,k-Median-Shapley,86.9,84.89999999999999,0.6963333333333301
Plackett-Luce,4,100,56,44,44,1000,Cutoff,Evaluative Voting,100.0,100.0,0.75
Plackett-Luce,4,100,56,44,44,1000,Cutoff,k-Median Rule,99.6,99.6,0.751
Plackett-Luce,4,100,56,44,44,1000,Cutoff,k-Median-Shapley,94.3,94.3,0.76425
Plackett-Luce,4,100,56,44,44,1000,Bottom,Evaluative Voting,100.0,100.0,0.75
Plackett-Luce,4,100,56,44,44,1000,Bottom,k-Median Rule,99.6,99.6,0.751
Plackett-Luce,4,100,56,44,44,1000,Bottom,k-Median-Shapley,94.3,94.3,0.76425
Plackett-Luce,2,100,55,45,45,1000,Cutoff,Evaluative Voting,100.0,100.0,0.5
Plackett-Luce,2,100,55,45,45,1000,Cutoff,k-Median Rule,100.0,100.0,0.474
Plackett-Luce,2,100,55,45,45,1000,Cutoff,k-Median-Shapley,99.7,99.7,0.4975
Plackett-Luce,2,100,55,45,45,1000,Bottom,Evaluative Voting,100.0,100.0,0.5
Plackett-Luce,2,100,55,45,45,1000,Bottom,k-Median Rule,97.89999999999999,97.39999999999999,0.4625
Plackett-Luce,2,100,55,45,45,1000,Bottom,k-Median-Shapley,84.7,80.10000000000001,0.5555
Plackett-Luce,3,100,55,45,45,1000,Cutoff,Evaluative Voting,100.0,100.0,0.6666666666666636
Plackett-Luce,3,100,55,45,45,1000,Cutoff,k-Median Rule,99.9,99.9,0.6303333333333317
Plackett-Luce,3,100,55,45,45,1000,Cutoff,k-Median-Shapley,99.3,99.3,0.6659999999999973
Plackett-Luce,3,100,55,45,45,1000,Bottom,Evaluative Voting,100.0,100.0,0.6666666666666636
Plackett-Luce,3,100,55,45,45,1000,Bottom,k-Median Rule,99.3,99.1,0.6203333333333331
Plackett-Luce,3,100,55,45,45,1000,Bottom,k-Median-Shapley,90.8,89.4,0.6826666666666634
Plackett-Luce,4,100,55,45,45,1000,Cutoff,Evaluative Voting,100.0,100.0,0.75
Plackett-Luce,4,100,55,45,45,1000,Cutoff,k-Median Rule,99.9,99.9,0.75025
Plackett-Luce,4,100,55,45,45,1000,Cutoff,k-Median-Shapley,95.3,95.3,0.76175
Plackett-Luce,4,100,55,45,45,1000,Bottom,Evaluative Voting,100.0,100.0,0.75
Plackett-Luce,4,100,55,45,45,1000,Bottom,k-Median Rule,99.9,99.9,0.75025
Plackett-Luce,4,100,55,45,45,1000,Bottom,k-Median-Shapley,95.3,95.3,0.76175
Plackett-Luce,2,100,54,46,46,1000,Cutoff,Evaluative Voting,100.0,100.0,0.5
Plackett-Luce,2,100,54,46,46,1000,Cutoff,k-Median Rule,100.0,100.0,0.459
Plackett-Luce,2,100,54,46,46,1000,Cutoff,k-Median-Shapley,99.9,99.9,0.4895
Plackett-Luce,2,100,54,46,46,1000,Bottom,Evaluative Voting,100.0,100.0,0.5
Plackett-Luce,2,100,54,46,46,1000,Bottom,k-Median Rule,99.2,99.0,0.4485
Plackett-Luce,2,100,54,46,46,1000,Bottom,k-Median-Shapley,89.5,86.0,0.5225
Plackett-Luce,3,100,54,46,46,1000,Cutoff,Evaluative Voting,100.0,100.0,0.6666666666666636
Plackett-Luce,3,100,54,46,46,1000,Cutoff,k-Median Rule,100.0,100.0,0.6193333333333322
Plackett-Luce,3,100,54,46,46,1000,Cutoff,k-Median-Shapley,99.6,99.6,0.6626666666666637
Plackett-Luce,3,100,54,46,46,1000,Bottom,Evaluative Voting,100.0,100.0,0.6666666666666636
Plackett-Luce,3,100,54,46,46,1000,Bottom,k-Median Rule,99.8,99.8,0.6053333333333332
Plackett-Luce,3,100,54,46,46,1000,Bottom,k-Median-Shapley,94.39999999999999,93.10000000000001,0.6636666666666646
Plackett-Luce,4,100,54,46,46,1000,Cutoff,Evaluative Voting,100.0,100.0,0.75
Plackett-Luce,4,100,54,46,46,1000,Cutoff,k-Median Rule,100.0,100.0,0.75
Plackett-Luce,4,100,54,46,46,1000,Cutoff,k-Median-Shapley,97.3,97.3,0.75675
Plackett-Luce,4,100,54,46,46,1000,Bottom,Evaluative Voting,100.0,100.0,0.75
Plackett-Luce,4,100,54,46,46,1000,Bottom,k-Median Rule,100.0,100.0,0.75
Plackett-Luce,4,100,54,46,46,1000,Bottom,k-Median-Shapley,97.3,97.3,0.75675
Plackett-Luce,2,100,53,47,47,1000,Cutoff,Evaluative Voting,100.0,100.0,0.5
Plackett-Luce,2,100,53,47,47,1000,Cutoff,k-Median Rule,100.0,100.0,0.4415
Plackett-Luce,2,100,53,47,47,1000,Cutoff,k-Median-Shapley,100.0,100.0,0.484
Plackett-Luce,2,100,53,47,47,1000,Bottom,Evaluative Voting,100.0,100.0,0.5
Plackett-Luce,2,100,53,47,47,1000,Bottom,k-Median Rule,99.5,99.4,0.4445
Plackett-Luce,2,100,53,47,47,1000,Bottom,k-Median-Shapley,94.5,91.8,0.4925
Plackett-Luce,3,100,53,47,47,1000,Cutoff,Evaluative Voting,100.0,100.0,0.6666666666666636
Plackett-Luce,3,100,53,47,47,1000,Cutoff,k-Median Rule,100.0,100.0,0.601333333333333
Plackett-Luce,3,100,53,47,47,1000,Cutoff,k-Median-Shapley,99.8,99.8,0.6583333333333308
Plackett-Luce,3,100,53,47,47,1000,Bottom,Evaluative Voting,100.0,100.0,0.6666666666666636
Plackett-Luce,3,100,53,47,47,1000,Bottom,k-Median Rule,99.8,99.8,0.6056666666666668
Plackett-Luce,3,100,53,47,47,1000,Bottom,k-Median-Shapley,96.7,95.89999999999999,0.650333333333332
Plackett-Luce,4,100,53,47,47,1000,Cutoff,Evaluative Voting,100.0,100.0,0.75
Plackett-Luce,4,100,53,47,47,1000,Cutoff,k-Median Rule,100.0,100.0,0.75
Plackett-Luce,4,100,53,47,47,1000,Cutoff,k-Median-Shapley,98.3,98.3,0.75425
Plackett-Luce,4,100,53,47,47,1000,Bottom,Evaluative Voting,100.0,100.0,0.75
Plackett-Luce,4,100,53,47,47,1000,Bottom,k-Median Rule,100.0,100.0,0.75
Plackett-Luce,4,100,53,47,47,1000,Bottom,k-Median-Shapley,98.3,98.3,0.75425
Plackett-Luce,2,100,52,48,48,1000,Cutoff,Evaluative Voting,100.0,100.0,0.5
Plackett-Luce,2,100,52,48,48,1000,Cutoff,k-Median Rule,100.0,100.0,0.4095
Plackett-Luce,2,100,52,48,48,1000,Cutoff,k-Median-Shapley,100.0,100.0,0.471
Plackett-Luce,2,100,52,48,48,1000,Bottom,Evaluative Voting,100.0,100.0,0.5
Plackett-Luce,2,100,52,48,48,1000,Bottom,k-Median Rule,99.9,99.9,0.4135
Plackett-Luce,2,100,52,48,48,1000,Bottom,k-Median-Shapley,97.1,96.1,0.4555
Plackett-Luce,3,100,52,48,48,1000,Cutoff,Evaluative Voting,100.0,100.0,0.6666666666666636
Plackett-Luce,3,100,52,48,48,1000,Cutoff,k-Median Rule,100.0,100.0,0.5793333333333336
Plackett-Luce,3,100,52,48,48,1000,Cutoff,k-Median-Shapley,99.9,99.9,0.6446666666666646
Plackett-Luce,3,100,52,48,48,1000,Bottom,Evaluative Voting,100.0,100.0,0.6666666666666636
Plackett-Luce,3,100,52,48,48,1000,Bottom,k-Median Rule,100.0,100.0,0.5780000000000004
Plackett-Luce,3,100,52,48,48,1000,Bottom,k-Median-Shapley,98.9,98.4,0.6309999999999993
Plackett-Luce,4,100,52,48,48,1000,Cutoff,Evaluative Voting,100.0,100.0,0.75
Plackett-Luce,4,100,52,48,48,1000,Cutoff,k-Median Rule,100.0,100.0,0.75
Plackett-Luce,4,100,52,48,48,1000,Cutoff,k-Median-Shapley,99.3,99.3,0.75175
Plackett-Luce,4,100,52,48,48,1000,Bottom,Evaluative Voting,100.0,100.0,0.75
Plackett-Luce,4,100,52,48,48,1000,Bottom,k-Median Rule,100.0,100.0,0.75
Plackett-Luce,4,100,52,48,48,1000,Bottom,k-Median-Shapley,99.3,99.3,0.75175
Plackett-Luce,2,100,51,49,49,1000,Cutoff,Evaluative Voting,100.0,100.0,0.5
Plackett-Luce,2,100,51,49,49,1000,Cutoff,k-Median Rule,100.0,100.0,0.3665
Plackett-Luce,2,100,51,49,49,1000,Cutoff,k-Median-Shapley,100.0,100.0,0.429
Plackett-Luce,2,100,51,49,49,1000,Bottom,Evaluative Voting,100.0,100.0,0.5
Plackett-Luce,2,100,51,49,49,1000,Bottom,k-Median Rule,100.0,100.0,0.3705
Plackett-Luce,2,100,51,49,49,1000,Bottom,k-Median-Shapley,99.3,99.0,0.3875
Plackett-Luce,3,100,51,49,49,1000,Cutoff,Evaluative Voting,100.0,100.0,0.6666666666666636
Plackett-Luce,3,100,51,49,49,1000,Cutoff,k-Median Rule,100.0,100.0,0.5583333333333345
Plackett-Luce,3,100,51,49,49,1000,Cutoff,k-Median-Shapley,100.0,100.0,0.6216666666666661
Plackett-Luce,3,100,51,49,49,1000,Bottom,Evaluative Voting,100.0,100.0,0.6666666666666636
Plackett-Luce,3,100,51,49,49,1000,Bottom,k-Median Rule,100.0,100.0,0.5610000000000008
Plackett-Luce,3,100,51,49,49,1000,Bottom,k-Median-Shapley,99.6,99.5,0.5973333333333334
Plackett-Luce,4,100,51,49,49,1000,Cutoff,Evaluative Voting,100.0,100.0,0.75
Plackett-Luce,4,100,51,49,49,1000,Cutoff,k-Median Rule,100.0,100.0,0.75
Plackett-Luce,4,100,51,49,49,1000,Cutoff,k-Median-Shapley,99.9,99.9,0.75025
Plackett-Luce,4,100,51,49,49,1000,Bottom,Evaluative Voting,100.0,100.0,0.75
Plackett-Luce,4,100,51,49,49,1000,Bottom,k-Median Rule,100.0,100.0,0.75
Plackett-Luce,4,100,51,49,49,1000,Bottom,k-Median-Shapley,99.9,99.9,0.75025
2D Euclidean,2,100,99,1,1,1000,Cutoff,Evaluative Voting,20.3,20.3,0.8985
2D Euclidean,2,100,99,1,1,1000,Cutoff,k-Median Rule,9.5,9.5,0.952
2D Euclidean,2,100,99,1,1,1000,Cutoff,k-Median-Shapley,16.7,14.099999999999998,0.9145
2D Euclidean,2,100,99,1,1,1000,Bottom,Evaluative Voting,0.0,0.0,1.0
2D Euclidean,2,100,99,1,1,1000,Bottom,k-Median Rule,9.5,0.0,0.952
2D Euclidean,2,100,99,1,1,1000,Bottom,k-Median-Shapley,15.9,0.4,0.9185
2D Euclidean,3,100,99,1,1,1000,Cutoff,Evaluative Voting,17.4,17.4,0.9419999999999975
2D Euclidean,3,100,99,1,1,1000,Cutoff,k-Median Rule,10.0,10.0,0.966333333333332
2D Euclidean,3,100,99,1,1,1000,Cutoff,k-Median-Shapley,16.0,13.700000000000001,0.9463333333333314
2D Euclidean,3,100,99,1,1,1000,Bottom,Evaluative Voting,0.6,0.6,0.9979999999999998
2D Euclidean,3,100,99,1,1,1000,Bottom,k-Median Rule,10.0,0.1,0.966333333333332
2D Euclidean,3,100,99,1,1,1000,Bottom,k-Median-Shapley,15.5,2.5,0.9479999999999981
2D Euclidean,4,100,99,1,1,1000,Cutoff,Evaluative Voting,14.899999999999999,14.899999999999999,0.96275
2D Euclidean,4,100,99,1,1,1000,Cutoff,k-Median Rule,5.6000000000000005,5.6000000000000005,0.986
2D Euclidean,4,100,99,1,1,1000,Cutoff,k-Median-Shapley,12.7,12.7,0.96825
2D Euclidean,4,100,99,1,1,1000,Bottom,Evaluative Voting,14.899999999999999,14.899999999999999,0.96275
2D Euclidean,4,100,99,1,1,1000,Bottom,k-Median Rule,5.6000000000000005,5.6000000000000005,0.986
2D Euclidean,4,100,99,1,1,1000,Bottom,k-Median-Shapley,12.7,12.7,0.96825
2D Euclidean,2,100,98,2,2,1000,Cutoff,Evaluative Voting,36.0,36.0,0.82
2D Euclidean,2,100,98,2,2,1000,Cutoff,k-Median Rule,11.1,11.1,0.944
2D Euclidean,2,100,98,2,2,1000,Cutoff,k-Median-Shapley,18.4,15.8,0.9065
2D Euclidean,2,100,98,2,2,1000,Bottom,Evaluative Voting,0.1,0.1,0.9995
2D Euclidean,2,100,98,2,2,1000,Bottom,k-Median Rule,10.8,2.5,0.9455
2D Euclidean,2,100,98,2,2,1000,Bottom,k-Median-Shapley,17.1,0.7000000000000001,0.9135
2D Euclidean,3,100,98,2,2,1000,Cutoff,Evaluative Voting,34.5,34.5,0.8849999999999955
2D Euclidean,3,100,98,2,2,1000,Cutoff,k-Median Rule,15.5,15.5,0.9476666666666648
2D Euclidean,3,100,98,2,2,1000,Cutoff,k-Median-Shapley,18.5,17.1,0.9379999999999978
2D Euclidean,3,100,98,2,2,1000,Bottom,Evaluative Voting,3.3000000000000003,3.3000000000000003,0.9889999999999995
2D Euclidean,3,100,98,2,2,1000,Bottom,k-Median Rule,13.700000000000001,5.1,0.9536666666666653
2D Euclidean,3,100,98,2,2,1000,Bottom,k-Median-Shapley,16.1,2.8000000000000003,0.9463333333333314
2D Euclidean,4,100,98,2,2,1000,Cutoff,Evaluative Voting,27.800000000000004,27.800000000000004,0.9305
2D Euclidean,4,100,98,2,2,1000,Cutoff,k-Median Rule,11.600000000000001,11.600000000000001,0.971
2D Euclidean,4,100,98,2,2,1000,Cutoff,k-Median-Shapley,12.7,12.7,0.96825
2D Euclidean,4,100,98,2,2,1000,Bottom,Evaluative Voting,27.800000000000004,27.800000000000004,0.9305
2D Euclidean,4,100,98,2,2,1000,Bottom,k-Median Rule,11.600000000000001,11.600000000000001,0.971
2D Euclidean,4,100,98,2,2,1000,Bottom,k-Median-Shapley,12.7,12.7,0.96825
2D Euclidean,2,100,97,3,3,1000,Cutoff,Evaluative Voting,49.4,49.4,0.753
2D Euclidean,2,100,97,3,3,1000,Cutoff,k-Median Rule,18.8,18.8,0.9035
2D Euclidean,2,100,97,3,3,1000,Cutoff,k-Median-Shapley,27.1,23.599999999999998,0.8625
2D Euclidean,2,100,97,3,3,1000,Bottom,Evaluative Voting,1.3,1.3,0.9935
2D Euclidean,2,100,97,3,3,1000,Bottom,k-Median Rule,18.2,2.1,0.9065
2D Euclidean,2,100,97,3,3,1000,Bottom,k-Median-Shapley,25.2,0.8999999999999999,0.872
2D Euclidean,3,100,97,3,3,1000,Cutoff,Evaluative Voting,50.2,50.2,0.8326666666666609
2D Euclidean,3,100,97,3,3,1000,Cutoff,k-Median Rule,24.4,24.4,0.9169999999999977
2D Euclidean,3,100,97,3,3,1000,Cutoff,k-Median-Shapley,27.0,24.7,0.9089999999999969
2D Euclidean,3,100,97,3,3,1000,Bottom,Evaluative Voting,9.0,9.0,0.9699999999999988
2D Euclidean,3,100,97,3,3,1000,Bottom,k-Median Rule,23.7,5.7,0.919333333333331
2D Euclidean,3,100,97,3,3,1000,Bottom,k-Median-Shapley,23.5,4.3999999999999995,0.9206666666666639
2D Euclidean,4,100,97,3,3,1000,Cutoff,Evaluative Voting,39.6,39.6,0.901
2D Euclidean,4,100,97,3,3,1000,Cutoff,k-Median Rule,17.2,17.2,0.957
2D Euclidean,4,100,97,3,3,1000,Cutoff,k-Median-Shapley,20.0,20.0,0.95
2D Euclidean,4,100,97,3,3,1000,Bottom,Evaluative Voting,39.6,39.6,0.901
2D Euclidean,4,100,97,3,3,1000,Bottom,k-Median Rule,17.2,17.2,0.957
2D Euclidean,4,100,97,3,3,1000,Bottom,k-Median-Shapley,20.0,20.0,0.95
2D Euclidean,2,100,96,4,4,1000,Cutoff,Evaluative Voting,63.1,63.1,0.6845
2D Euclidean,2,100,96,4,4,1000,Cutoff,k-Median Rule,19.3,19.3,0.901
2D Euclidean,2,100,96,4,4,1000,Cutoff,k-Median-Shapley,27.1,23.3,0.862
2D Euclidean,2,100,96,4,4,1000,Bottom,Evaluative Voting,3.0,3.0,0.985
2D Euclidean,2,100,96,4,4,1000,Bottom,k-Median Rule,18.5,5.8999999999999995,0.905
2D Euclidean,2,100,96,4,4,1000,Bottom,k-Median-Shapley,24.0,1.0999999999999999,0.877
2D Euclidean,3,100,96,4,4,1000,Cutoff,Evaluative Voting,62.8,62.8,0.7906666666666611
2D Euclidean,3,100,96,4,4,1000,Cutoff,k-Median Rule,28.9,28.9,0.9023333333333307
2D Euclidean,3,100,96,4,4,1000,Cutoff,k-Median-Shapley,31.2,28.999999999999996,0.8956666666666636
2D Euclidean,3,100,96,4,4,1000,Bottom,Evaluative Voting,17.0,17.0,0.9433333333333311
2D Euclidean,3,100,96,4,4,1000,Bottom,k-Median Rule,27.1,11.600000000000001,0.9083333333333308
2D Euclidean,3,100,96,4,4,1000,Bottom,k-Median-Shapley,25.4,5.2,0.9143333333333308
2D Euclidean,4,100,96,4,4,1000,Cutoff,Evaluative Voting,49.5,49.5,0.87625
2D Euclidean,4,100,96,4,4,1000,Cutoff,k-Median Rule,24.099999999999998,24.099999999999998,0.93975
2D Euclidean,4,100,96,4,4,1000,Cutoff,k-Median-Shapley,21.6,21.6,0.946
2D Euclidean,4,100,96,4,4,1000,Bottom,Evaluative Voting,49.5,49.5,0.87625
2D Euclidean,4,100,96,4,4,1000,Bottom,k-Median Rule,24.099999999999998,24.099999999999998,0.93975
2D Euclidean,4,100,96,4,4,1000,Bottom,k-Median-Shapley,21.6,21.6,0.946
2D Euclidean,2,100,95,5,5,1000,Cutoff,Evaluative Voting,71.8,71.8,0.641
2D Euclidean,2,100,95,5,5,1000,Cutoff,k-Median Rule,27.0,27.0,0.8585
2D Euclidean,2,100,95,5,5,1000,Cutoff,k-Median-Shapley,33.900000000000006,28.599999999999998,0.8255
2D Euclidean,2,100,95,5,5,1000,Bottom,Evaluative Voting,5.3,5.3,0.9735
2D Euclidean,2,100,95,5,5,1000,Bottom,k-Median Rule,26.900000000000002,6.800000000000001,0.8595
2D Euclidean,2,100,95,5,5,1000,Bottom,k-Median-Shapley,30.3,1.5,0.844
2D Euclidean,3,100,95,5,5,1000,Cutoff,Evaluative Voting,71.7,71.7,0.7609999999999942
2D Euclidean,3,100,95,5,5,1000,Cutoff,k-Median Rule,34.300000000000004,34.300000000000004,0.8816666666666637
2D Euclidean,3,100,95,5,5,1000,Cutoff,k-Median-Shapley,36.8,34.2,0.8763333333333296
2D Euclidean,3,100,95,5,5,1000,Bottom,Evaluative Voting,24.7,24.7,0.9176666666666636
2D Euclidean,3,100,95,5,5,1000,Bottom,k-Median Rule,34.0,14.099999999999998,0.8816666666666639
2D Euclidean,3,100,95,5,5,1000,Bottom,k-Median-Shapley,29.7,6.800000000000001,0.8993333333333303
2D Euclidean,4,100,95,5,5,1000,Cutoff,Evaluative Voting,59.199999999999996,59.199999999999996,0.852
2D Euclidean,4,100,95,5,5,1000,Cutoff,k-Median Rule,28.4,28.4,0.929
2D Euclidean,4,100,95,5,5,1000,Cutoff,k-Median-Shapley,25.8,25.8,0.9355
2D Euclidean,4,100,95,5,5,1000,Bottom,Evaluative Voting,59.199999999999996,59.199999999999996,0.852
2D Euclidean,4,100,95,5,5,1000,Bottom,k-Median Rule,28.4,28.4,0.929
2D Euclidean,4,100,95,5,5,1000,Bottom,k-Median-Shapley,25.8,25.8,0.9355
2D Euclidean,2,100,94,6,6,1000,Cutoff,Evaluative Voting,79.2,79.2,0.604
2D Euclidean,2,100,94,6,6,1000,Cutoff,k-Median Rule,28.7,28.7,0.85
2D Euclidean,2,100,94,6,6,1000,Cutoff,k-Median-Shapley,33.5,27.900000000000002,0.829
2D Euclidean,2,100,94,6,6,1000,Bottom,Evaluative Voting,10.100000000000001,10.100000000000001,0.9495
2D Euclidean,2,100,94,6,6,1000,Bottom,k-Median Rule,28.599999999999998,10.4,0.8505
2D Euclidean,2,100,94,6,6,1000,Bottom,k-Median-Shapley,29.299999999999997,1.7999999999999998,0.8505
2D Euclidean,3,100,94,6,6,1000,Cutoff,Evaluative Voting,79.3,79.3,0.7356666666666617
2D Euclidean,3,100,94,6,6,1000,Cutoff,k-Median Rule,37.4,37.4,0.871666666666663
2D Euclidean,3,100,94,6,6,1000,Cutoff,k-Median-Shapley,37.6,35.3,0.8743333333333297
2D Euclidean,3,100,94,6,6,1000,Bottom,Evaluative Voting,32.9,32.9,0.8903333333333294
2D Euclidean,3,100,94,6,6,1000,Bottom,k-Median Rule,36.9,19.5,0.8723333333333297
2D Euclidean,3,100,94,6,6,1000,Bottom,k-Median-Shapley,29.7,8.4,0.8989999999999968
2D Euclidean,4,100,94,6,6,1000,Cutoff,Evaluative Voting,67.0,67.0,0.8325
2D Euclidean,4,100,94,6,6,1000,Cutoff,k-Median Rule,33.2,33.2,0.917
2D Euclidean,4,100,94,6,6,1000,Cutoff,k-Median-Shapley,27.1,27.1,0.93225
2D Euclidean,4,100,94,6,6,1000,Bottom,Evaluative Voting,67.0,67.0,0.8325
2D Euclidean,4,100,94,6,6,1000,Bottom,k-Median Rule,33.2,33.2,0.917
2D Euclidean,4,100,94,6,6,1000,Bottom,k-Median-Shapley,27.1,27.1,0.93225
2D Euclidean,2,100,93,7,7,1000,Cutoff,Evaluative Voting,84.39999999999999,84.39999999999999,0.578
2D Euclidean,2,100,93,7,7,1000,Cutoff,k-Median Rule,34.4,34.4,0.816
2D Euclidean,2,100,93,7,7,1000,Cutoff,k-Median-Shapley,38.3,31.7,0.804
2D Euclidean,2,100,93,7,7,1000,Bottom,Evaluative Voting,16.0,16.0,0.92
2D Euclidean,2,100,93,7,7,1000,Bottom,k-Median Rule,34.0,11.200000000000001,0.8185
2D Euclidean,2,100,93,7,7,1000,Bottom,k-Median-Shapley,33.1,2.8000000000000003,0.83
2D Euclidean,3,100,93,7,7,1000,Cutoff,Evaluative Voting,84.89999999999999,84.89999999999999,0.7169999999999958
2D Euclidean,3,100,93,7,7,1000,Cutoff,k-Median Rule,44.3,44.3,0.8459999999999962
2D Euclidean,3,100,93,7,7,1000,Cutoff,k-Median-Shapley,41.8,38.5,0.8583333333333293
2D Euclidean,3,100,93,7,7,1000,Bottom,Evaluative Voting,41.5,41.5,0.8616666666666625
2D Euclidean,3,100,93,7,7,1000,Bottom,k-Median Rule,42.0,21.3,0.8513333333333298
2D Euclidean,3,100,93,7,7,1000,Bottom,k-Median-Shapley,33.7,9.9,0.8853333333333295
2D Euclidean,4,100,93,7,7,1000,Cutoff,Evaluative Voting,73.9,73.9,0.81525
2D Euclidean,4,100,93,7,7,1000,Cutoff,k-Median Rule,38.3,38.3,0.90425
2D Euclidean,4,100,93,7,7,1000,Cutoff,k-Median-Shapley,32.2,32.2,0.9195
2D Euclidean,4,100,93,7,7,1000,Bottom,Evaluative Voting,73.9,73.9,0.81525
2D Euclidean,4,100,93,7,7,1000,Bottom,k-Median Rule,38.3,38.3,0.90425
2D Euclidean,4,100,93,7,7,1000,Bottom,k-Median-Shapley,32.2,32.2,0.9195
2D Euclidean,2,100,92,8,8,1000,Cutoff,Evaluative Voting,90.2,90.2,0.549
2D Euclidean,2,100,92,8,8,1000,Cutoff,k-Median Rule,36.5,36.5,0.805
2D Euclidean,2,100,92,8,8,1000,Cutoff,k-Median-Shapley,38.800000000000004,33.6,0.8015
2D Euclidean,2,100,92,8,8,1000,Bottom,Evaluative Voting,22.5,22.5,0.8875
2D Euclidean,2,100,92,8,8,1000,Bottom,k-Median Rule,37.1,15.5,0.803
2D Euclidean,2,100,92,8,8,1000,Bottom,k-Median-Shapley,33.300000000000004,3.3000000000000003,0.829
2D Euclidean,3,100,92,8,8,1000,Cutoff,Evaluative Voting,88.3,88.3,0.7056666666666628
2D Euclidean,3,100,92,8,8,1000,Cutoff,k-Median Rule,48.1,48.1,0.8336666666666623
2D Euclidean,3,100,92,8,8,1000,Cutoff,k-Median-Shapley,42.699999999999996,40.1,0.8566666666666628
2D Euclidean,3,100,92,8,8,1000,Bottom,Evaluative Voting,51.0,51.0,0.8299999999999954
2D Euclidean,3,100,92,8,8,1000,Bottom,k-Median Rule,46.7,27.400000000000002,0.8346666666666629
2D Euclidean,3,100,92,8,8,1000,Bottom,k-Median-Shapley,34.1,11.899999999999999,0.8839999999999965
2D Euclidean,4,100,92,8,8,1000,Cutoff,Evaluative Voting,81.10000000000001,81.10000000000001,0.79725
2D Euclidean,4,100,92,8,8,1000,Cutoff,k-Median Rule,43.8,43.8,0.8905
2D Euclidean,4,100,92,8,8,1000,Cutoff,k-Median-Shapley,33.300000000000004,33.300000000000004,0.91675
2D Euclidean,4,100,92,8,8,1000,Bottom,Evaluative Voting,81.10000000000001,81.10000000000001,0.79725
2D Euclidean,4,100,92,8,8,1000,Bottom,k-Median Rule,43.8,43.8,0.8905
2D Euclidean,4,100,92,8,8,1000,Bottom,k-Median-Shapley,33.300000000000004,33.300000000000004,0.91675
2D Euclidean,2,100,91,9,9,1000,Cutoff,Evaluative Voting,94.69999999999999,94.69999999999999,0.5265
2D Euclidean,2,100,91,9,9,1000,Cutoff,k-Median Rule,41.6,41.6,0.774
2D Euclidean,2,100,91,9,9,1000,Cutoff,k-Median-Shapley,39.6,34.699999999999996,0.7965
2D Euclidean,2,100,91,9,9,1000,Bottom,Evaluative Voting,29.7,29.7,0.8515
2D Euclidean,2,100,91,9,9,1000,Bottom,k-Median Rule,41.9,17.299999999999997,0.775
2D Euclidean,2,100,91,9,9,1000,Bottom,k-Median-Shapley,33.900000000000006,4.3,0.826
2D Euclidean,3,100,91,9,9,1000,Cutoff,Evaluative Voting,91.60000000000001,91.60000000000001,0.694666666666663
2D Euclidean,3,100,91,9,9,1000,Cutoff,k-Median Rule,54.2,54.2,0.8109999999999957
2D Euclidean,3,100,91,9,9,1000,Cutoff,k-Median-Shapley,47.8,45.0,0.8389999999999957
2D Euclidean,3,100,91,9,9,1000,Bottom,Evaluative Voting,59.4,59.4,0.8019999999999949
2D Euclidean,3,100,91,9,9,1000,Bottom,k-Median Rule,51.800000000000004,29.9,0.8129999999999962
2D Euclidean,3,100,91,9,9,1000,Bottom,k-Median-Shapley,38.800000000000004,14.000000000000002,0.8679999999999962
2D Euclidean,4,100,91,9,9,1000,Cutoff,Evaluative Voting,86.5,86.5,0.78375
2D Euclidean,4,100,91,9,9,1000,Cutoff,k-Median Rule,49.6,49.6,0.876
2D Euclidean,4,100,91,9,9,1000,Cutoff,k-Median-Shapley,35.199999999999996,35.199999999999996,0.912
2D Euclidean,4,100,91,9,9,1000,Bottom,Evaluative Voting,86.5,86.5,0.78375
2D Euclidean,4,100,91,9,9,1000,Bottom,k-Median Rule,49.6,49.6,0.876
2D Euclidean,4,100,91,9,9,1000,Bottom,k-Median-Shapley,35.199999999999996,35.199999999999996,0.912
2D Euclidean,2,100,90,10,10,1000,Cutoff,Evaluative Voting,97.0,97.0,0.515
2D Euclidean,2,100,90,10,10,1000,Cutoff,k-Median Rule,44.7,44.7,0.759
2D Euclidean,2,100,90,10,10,1000,Cutoff,k-Median-Shapley,42.699999999999996,37.9,0.779
2D Euclidean,2,100,90,10,10,1000,Bottom,Evaluative Voting,38.4,38.4,0.808
2D Euclidean,2,100,90,10,10,1000,Bottom,k-Median Rule,44.7,21.5,0.7615
2D Euclidean,2,100,90,10,10,1000,Bottom,k-Median-Shapley,37.2,5.6000000000000005,0.8085
2D Euclidean,3,100,90,10,10,1000,Cutoff,Evaluative Voting,94.89999999999999,94.89999999999999,0.6836666666666628
2D Euclidean,3,100,90,10,10,1000,Cutoff,k-Median Rule,57.699999999999996,57.699999999999996,0.7989999999999954
2D Euclidean,3,100,90,10,10,1000,Cutoff,k-Median-Shapley,49.3,46.7,0.832999999999996
2D Euclidean,3,100,90,10,10,1000,Bottom,Evaluative Voting,67.4,67.4,0.7753333333333284
2D Euclidean,3,100,90,10,10,1000,Bottom,k-Median Rule,55.1,36.4,0.8016666666666624
2D Euclidean,3,100,90,10,10,1000,Bottom,k-Median-Shapley,37.9,15.8,0.8703333333333303
2D Euclidean,4,100,90,10,10,1000,Cutoff,Evaluative Voting,90.0,90.0,0.775
2D Euclidean,4,100,90,10,10,1000,Cutoff,k-Median Rule,54.400000000000006,54.400000000000006,0.864
2D Euclidean,4,100,90,10,10,1000,Cutoff,k-Median-Shapley,37.3,37.3,0.90675
2D Euclidean,4,100,90,10,10,1000,Bottom,Evaluative Voting,90.0,90.0,0.775
2D Euclidean,4,100,90,10,10,1000,Bottom,k-Median Rule,54.400000000000006,54.400000000000006,0.864
2D Euclidean,4,100,90,10,10,1000,Bottom,k-Median-Shapley,37.3,37.3,0.90675
2D Euclidean,2,100,89,11,11,1000,Cutoff,Evaluative Voting,97.89999999999999,97.89999999999999,0.5105
2D Euclidean,2,100,89,11,11,1000,Cutoff,k-Median Rule,50.3,50.3,0.726
2D Euclidean,2,100,89,11,11,1000,Cutoff,k-Median-Shapley,45.7,40.300000000000004,0.7655
2D Euclidean,2,100,89,11,11,1000,Bottom,Evaluative Voting,47.3,47.3,0.7635
2D Euclidean,2,100,89,11,11,1000,Bottom,k-Median Rule,50.9,24.3,0.724
2D Euclidean,2,100,89,11,11,1000,Bottom,k-Median-Shapley,38.7,6.7,0.801
2D Euclidean,3,100,89,11,11,1000,Cutoff,Evaluative Voting,96.6,96.6,0.6779999999999965
2D Euclidean,3,100,89,11,11,1000,Cutoff,k-Median Rule,62.7,62.7,0.7773333333333292
2D Euclidean,3,100,89,11,11,1000,Cutoff,k-Median-Shapley,54.900000000000006,51.300000000000004,0.8129999999999952
2D Euclidean,3,100,89,11,11,1000,Bottom,Evaluative Voting,74.2,74.2,0.752666666666662
2D Euclidean,3,100,89,11,11,1000,Bottom,k-Median Rule,61.3,40.6,0.7729999999999968
2D Euclidean,3,100,89,11,11,1000,Bottom,k-Median-Shapley,43.0,19.1,0.8506666666666628
2D Euclidean,4,100,89,11,11,1000,Cutoff,Evaluative Voting,93.60000000000001,93.60000000000001,0.766
2D Euclidean,4,100,89,11,11,1000,Cutoff,k-Median Rule,58.699999999999996,58.699999999999996,0.85325
2D Euclidean,4,100,89,11,11,1000,Cutoff,k-Median-Shapley,40.5,40.5,0.89875
2D Euclidean,4,100,89,11,11,1000,Bottom,Evaluative Voting,93.60000000000001,93.60000000000001,0.766
2D Euclidean,4,100,89,11,11,1000,Bottom,k-Median Rule,58.699999999999996,58.699999999999996,0.85325
2D Euclidean,4,100,89,11,11,1000,Bottom,k-Median-Shapley,40.5,40.5,0.89875
2D Euclidean,2,100,88,12,12,1000,Cutoff,Evaluative Voting,98.7,98.7,0.5065
2D Euclidean,2,100,88,12,12,1000,Cutoff,k-Median Rule,52.400000000000006,52.400000000000006,0.713
2D Euclidean,2,100,88,12,12,1000,Cutoff,k-Median-Shapley,46.1,41.099999999999994,0.7625
2D Euclidean,2,100,88,12,12,1000,Bottom,Evaluative Voting,55.400000000000006,55.400000000000006,0.723
2D Euclidean,2,100,88,12,12,1000,Bottom,k-Median Rule,53.400000000000006,29.5,0.705
2D Euclidean,2,100,88,12,12,1000,Bottom,k-Median-Shapley,38.0,7.199999999999999,0.8025
2D Euclidean,3,100,88,12,12,1000,Cutoff,Evaluative Voting,97.7,97.7,0.67433333333333
2D Euclidean,3,100,88,12,12,1000,Cutoff,k-Median Rule,65.8,65.8,0.7666666666666624
2D Euclidean,3,100,88,12,12,1000,Cutoff,k-Median-Shapley,58.5,55.60000000000001,0.7999999999999953
2D Euclidean,3,100,88,12,12,1000,Bottom,Evaluative Voting,79.80000000000001,79.80000000000001,0.7339999999999953
2D Euclidean,3,100,88,12,12,1000,Bottom,k-Median Rule,64.60000000000001,46.800000000000004,0.7603333333333301
2D Euclidean,3,100,88,12,12,1000,Bottom,k-Median-Shapley,44.7,21.9,0.8429999999999962
2D Euclidean,4,100,88,12,12,1000,Cutoff,Evaluative Voting,95.39999999999999,95.39999999999999,0.7615
2D Euclidean,4,100,88,12,12,1000,Cutoff,k-Median Rule,63.7,63.7,0.84075
2D Euclidean,4,100,88,12,12,1000,Cutoff,k-Median-Shapley,44.5,44.5,0.88875
2D Euclidean,4,100,88,12,12,1000,Bottom,Evaluative Voting,95.39999999999999,95.39999999999999,0.7615
2D Euclidean,4,100,88,12,12,1000,Bottom,k-Median Rule,63.7,63.7,0.84075
2D Euclidean,4,100,88,12,12,1000,Bottom,k-Median-Shapley,44.5,44.5,0.88875
2D Euclidean,2,100,87,13,13,1000,Cutoff,Evaluative Voting,99.2,99.2,0.504
2D Euclidean,2,100,87,13,13,1000,Cutoff,k-Median Rule,57.4,57.4,0.682
2D Euclidean,2,100,87,13,13,1000,Cutoff,k-Median-Shapley,48.0,42.199999999999996,0.752
2D Euclidean,2,100,87,13,13,1000,Bottom,Evaluative Voting,63.800000000000004,63.800000000000004,0.681
2D Euclidean,2,100,87,13,13,1000,Bottom,k-Median Rule,57.9,32.6,0.6765
2D Euclidean,2,100,87,13,13,1000,Bottom,k-Median-Shapley,40.9,8.3,0.7875
2D Euclidean,3,100,87,13,13,1000,Cutoff,Evaluative Voting,98.8,98.8,0.6706666666666633
2D Euclidean,3,100,87,13,13,1000,Cutoff,k-Median Rule,69.39999999999999,69.39999999999999,0.7503333333333292
2D Euclidean,3,100,87,13,13,1000,Cutoff,k-Median-Shapley,60.5,57.699999999999996,0.7929999999999952
2D Euclidean,3,100,87,13,13,1000,Bottom,Evaluative Voting,86.8,86.8,0.7106666666666622
2D Euclidean,3,100,87,13,13,1000,Bottom,k-Median Rule,69.0,50.0,0.7393333333333302
2D Euclidean,3,100,87,13,13,1000,Bottom,k-Median-Shapley,47.699999999999996,24.8,0.8286666666666623
2D Euclidean,4,100,87,13,13,1000,Cutoff,Evaluative Voting,96.8,96.8,0.758
2D Euclidean,4,100,87,13,13,1000,Cutoff,k-Median Rule,68.0,68.0,0.83
2D Euclidean,4,100,87,13,13,1000,Cutoff,k-Median-Shapley,48.3,48.3,0.87925
2D Euclidean,4,100,87,13,13,1000,Bottom,Evaluative Voting,96.8,96.8,0.758
2D Euclidean,4,100,87,13,13,1000,Bottom,k-Median Rule,68.0,68.0,0.83
2D Euclidean,4,100,87,13,13,1000,Bottom,k-Median-Shapley,48.3,48.3,0.87925
2D Euclidean,2,100,86,14,14,1000,Cutoff,Evaluative Voting,99.4,99.4,0.503
2D Euclidean,2,100,86,14,14,1000,Cutoff,k-Median Rule,59.0,59.0,0.674
2D Euclidean,2,100,86,14,14,1000,Cutoff,k-Median-Shapley,49.8,45.1,0.7415
2D Euclidean,2,100,86,14,14,1000,Bottom,Evaluative Voting,71.39999999999999,71.39999999999999,0.643
2D Euclidean,2,100,86,14,14,1000,Bottom,k-Median Rule,59.5,36.4,0.669
2D Euclidean,2,100,86,14,14,1000,Bottom,k-Median-Shapley,41.6,9.0,0.783
2D Euclidean,3,100,86,14,14,1000,Cutoff,Evaluative Voting,99.7,99.7,0.6676666666666635
2D Euclidean,3,100,86,14,14,1000,Cutoff,k-Median Rule,72.7,72.7,0.7416666666666625
2D Euclidean,3,100,86,14,14,1000,Cutoff,k-Median-Shapley,62.0,59.8,0.7843333333333286
2D Euclidean,3,100,86,14,14,1000,Bottom,Evaluative Voting,90.7,90.7,0.6976666666666627
2D Euclidean,3,100,86,14,14,1000,Bottom,k-Median Rule,71.1,53.7,0.7339999999999972
2D Euclidean,3,100,86,14,14,1000,Bottom,k-Median-Shapley,48.5,26.5,0.8246666666666623
2D Euclidean,4,100,86,14,14,1000,Cutoff,Evaluative Voting,98.1,98.1,0.75475
2D Euclidean,4,100,86,14,14,1000,Cutoff,k-Median Rule,70.7,70.7,0.82325
2D Euclidean,4,100,86,14,14,1000,Cutoff,k-Median-Shapley,49.8,49.8,0.8755
2D Euclidean,4,100,86,14,14,1000,Bottom,Evaluative Voting,98.1,98.1,0.75475
2D Euclidean,4,100,86,14,14,1000,Bottom,k-Median Rule,70.7,70.7,0.82325
2D Euclidean,4,100,86,14,14,1000,Bottom,k-Median-Shapley,49.8,49.8,0.8755
2D Euclidean,2,100,85,15,15,1000,Cutoff,Evaluative Voting,99.7,99.7,0.5015
2D Euclidean,2,100,85,15,15,1000,Cutoff,k-Median Rule,63.3,63.3,0.646
2D Euclidean,2,100,85,15,15,1000,Cutoff,k-Median-Shapley,52.2,45.800000000000004,0.727
2D Euclidean,2,100,85,15,15,1000,Bottom,Evaluative Voting,79.10000000000001,79.10000000000001,0.6045
2D Euclidean,2,100,85,15,15,1000,Bottom,k-Median Rule,63.6,39.900000000000006,0.6405
2D Euclidean,2,100,85,15,15,1000,Bottom,k-Median-Shapley,44.0,11.200000000000001,0.7655
2D Euclidean,3,100,85,15,15,1000,Cutoff,Evaluative Voting,100.0,100.0,0.6666666666666636
2D Euclidean,3,100,85,15,15,1000,Cutoff,k-Median Rule,77.3,77.3,0.7216666666666628
2D Euclidean,3,100,85,15,15,1000,Cutoff,k-Median-Shapley,65.4,62.8,0.7746666666666621
2D Euclidean,3,100,85,15,15,1000,Bottom,Evaluative Voting,93.60000000000001,93.60000000000001,0.6879999999999961
2D Euclidean,3,100,85,15,15,1000,Bottom,k-Median Rule,75.5,58.5,0.7116666666666644
2D Euclidean,3,100,85,15,15,1000,Bottom,k-Median-Shapley,51.1,27.6,0.8156666666666628
2D Euclidean,4,100,85,15,15,1000,Cutoff,Evaluative Voting,98.8,98.8,0.753
2D Euclidean,4,100,85,15,15,1000,Cutoff,k-Median Rule,75.5,75.5,0.81125
2D Euclidean,4,100,85,15,15,1000,Cutoff,k-Median-Shapley,53.900000000000006,53.900000000000006,0.86525
2D Euclidean,4,100,85,15,15,1000,Bottom,Evaluative Voting,98.8,98.8,0.753
2D Euclidean,4,100,85,15,15,1000,Bottom,k-Median Rule,75.5,75.5,0.81125
2D Euclidean,4,100,85,15,15,1000,Bottom,k-Median-Shapley,53.900000000000006,53.900000000000006,0.86525
2D Euclidean,2,100,84,16,16,1000,Cutoff,Evaluative Voting,99.8,99.8,0.501
2D Euclidean,2,100,84,16,16,1000,Cutoff,k-Median Rule,66.3,66.3,0.6305
2D Euclidean,2,100,84,16,16,1000,Cutoff,k-Median-Shapley,54.400000000000006,49.2,0.716
2D Euclidean,2,100,84,16,16,1000,Bottom,Evaluative Voting,85.5,85.5,0.5725
2D Euclidean,2,100,84,16,16,1000,Bottom,k-Median Rule,65.60000000000001,43.4,0.627
2D Euclidean,2,100,84,16,16,1000,Bottom,k-Median-Shapley,44.4,13.100000000000001,0.7645
2D Euclidean,3,100,84,16,16,1000,Cutoff,Evaluative Voting,100.0,100.0,0.6666666666666636
2D Euclidean,3,100,84,16,16,1000,Cutoff,k-Median Rule,80.10000000000001,80.10000000000001,0.7123333333333298
2D Euclidean,3,100,84,16,16,1000,Cutoff,k-Median-Shapley,66.5,64.0,0.7676666666666615
2D Euclidean,3,100,84,16,16,1000,Bottom,Evaluative Voting,96.0,96.0,0.6799999999999964
2D Euclidean,3,100,84,16,16,1000,Bottom,k-Median Rule,77.0,62.1,0.7056666666666646
2D Euclidean,3,100,84,16,16,1000,Bottom,k-Median-Shapley,53.0,30.8,0.8083333333333295
2D Euclidean,4,100,84,16,16,1000,Cutoff,Evaluative Voting,99.2,99.2,0.752
2D Euclidean,4,100,84,16,16,1000,Cutoff,k-Median Rule,78.0,78.0,0.805
2D Euclidean,4,100,84,16,16,1000,Cutoff,k-Median-Shapley,56.599999999999994,56.599999999999994,0.8585
2D Euclidean,4,100,84,16,16,1000,Bottom,Evaluative Voting,99.2,99.2,0.752
2D Euclidean,4,100,84,16,16,1000,Bottom,k-Median Rule,78.0,78.0,0.805
2D Euclidean,4,100,84,16,16,1000,Bottom,k-Median-Shapley,56.599999999999994,56.599999999999994,0.8585
2D Euclidean,2,100,83,17,17,1000,Cutoff,Evaluative Voting,100.0,100.0,0.5
2D Euclidean,2,100,83,17,17,1000,Cutoff,k-Median Rule,70.19999999999999,70.19999999999999,0.603
2D Euclidean,2,100,83,17,17,1000,Cutoff,k-Median-Shapley,57.9,52.300000000000004,0.696
2D Euclidean,2,100,83,17,17,1000,Bottom,Evaluative Voting,90.0,90.0,0.55
2D Euclidean,2,100,83,17,17,1000,Bottom,k-Median Rule,68.8,45.9,0.602
2D Euclidean,2,100,83,17,17,1000,Bottom,k-Median-Shapley,47.599999999999994,15.4,0.747
2D Euclidean,3,100,83,17,17,1000,Cutoff,Evaluative Voting,100.0,100.0,0.6666666666666636
2D Euclidean,3,100,83,17,17,1000,Cutoff,k-Median Rule,83.1,83.1,0.6969999999999967
2D Euclidean,3,100,83,17,17,1000,Cutoff,k-Median-Shapley,67.4,64.7,0.7643333333333288
2D Euclidean,3,100,83,17,17,1000,Bottom,Evaluative Voting,97.5,97.5,0.6749999999999967
2D Euclidean,3,100,83,17,17,1000,Bottom,k-Median Rule,80.2,65.60000000000001,0.6853333333333314
2D Euclidean,3,100,83,17,17,1000,Bottom,k-Median-Shapley,54.50000000000001,33.6,0.8023333333333296
2D Euclidean,4,100,83,17,17,1000,Cutoff,Evaluative Voting,99.6,99.6,0.751
2D Euclidean,4,100,83,17,17,1000,Cutoff,k-Median Rule,81.3,81.3,0.79675
2D Euclidean,4,100,83,17,17,1000,Cutoff,k-Median-Shapley,59.8,59.8,0.8505
2D Euclidean,4,100,83,17,17,1000,Bottom,Evaluative Voting,99.6,99.6,0.751
2D Euclidean,4,100,83,17,17,1000,Bottom,k-Median Rule,81.3,81.3,0.79675
2D Euclidean,4,100,83,17,17,1000,Bottom,k-Median-Shapley,59.8,59.8,0.8505
2D Euclidean,2,100,82,18,18,1000,Cutoff,Evaluative Voting,100.0,100.0,0.5
2D Euclidean,2,100,82,18,18,1000,Cutoff,k-Median Rule,72.89999999999999,72.89999999999999,0.5865
2D Euclidean,2,100,82,18,18,1000,Cutoff,k-Median-Shapley,57.8,52.5,0.6925
2D Euclidean,2,100,82,18,18,1000,Bottom,Evaluative Voting,93.7,93.7,0.5315
2D Euclidean,2,100,82,18,18,1000,Bottom,k-Median Rule,69.89999999999999,49.1,0.593
2D Euclidean,2,100,82,18,18,1000,Bottom,k-Median-Shapley,46.2,16.400000000000002,0.7505
2D Euclidean,3,100,82,18,18,1000,Cutoff,Evaluative Voting,100.0,100.0,0.6666666666666636
2D Euclidean,3,100,82,18,18,1000,Cutoff,k-Median Rule,85.2,85.2,0.6916666666666637
2D Euclidean,3,100,82,18,18,1000,Cutoff,k-Median-Shapley,69.3,67.10000000000001,0.758333333333328
2D Euclidean,3,100,82,18,18,1000,Bottom,Evaluative Voting,98.6,98.6,0.67133333333333
2D Euclidean,3,100,82,18,18,1000,Bottom,k-Median Rule,81.8,69.0,0.679999999999998
2D Euclidean,3,100,82,18,18,1000,Bottom,k-Median-Shapley,56.599999999999994,35.5,0.7916666666666639
2D Euclidean,4,100,82,18,18,1000,Cutoff,Evaluative Voting,100.0,100.0,0.75
2D Euclidean,4,100,82,18,18,1000,Cutoff,k-Median Rule,83.7,83.7,0.79075
2D Euclidean,4,100,82,18,18,1000,Cutoff,k-Median-Shapley,61.199999999999996,61.199999999999996,0.847
2D Euclidean,4,100,82,18,18,1000,Bottom,Evaluative Voting,100.0,100.0,0.75
2D Euclidean,4,100,82,18,18,1000,Bottom,k-Median Rule,83.7,83.7,0.79075
2D Euclidean,4,100,82,18,18,1000,Bottom,k-Median-Shapley,61.199999999999996,61.199999999999996,0.847
2D Euclidean,2,100,81,19,19,1000,Cutoff,Evaluative Voting,100.0,100.0,0.5
2D Euclidean,2,100,81,19,19,1000,Cutoff,k-Median Rule,76.2,76.2,0.5655
2D Euclidean,2,100,81,19,19,1000,Cutoff,k-Median-Shapley,59.199999999999996,53.7,0.685
2D Euclidean,2,100,81,19,19,1000,Bottom,Evaluative Voting,96.2,96.2,0.519
2D Euclidean,2,100,81,19,19,1000,Bottom,k-Median Rule,73.3,52.300000000000004,0.5665
2D Euclidean,2,100,81,19,19,1000,Bottom,k-Median-Shapley,48.4,18.099999999999998,0.7385
2D Euclidean,3,100,81,19,19,1000,Cutoff,Evaluative Voting,100.0,100.0,0.6666666666666636
2D Euclidean,3,100,81,19,19,1000,Cutoff,k-Median Rule,87.1,87.1,0.6799999999999974
2D Euclidean,3,100,81,19,19,1000,Cutoff,k-Median-Shapley,71.1,68.2,0.749999999999995
2D Euclidean,3,100,81,19,19,1000,Bottom,Evaluative Voting,99.3,99.3,0.6689999999999968
2D Euclidean,3,100,81,19,19,1000,Bottom,k-Median Rule,83.3,71.0,0.6673333333333318
2D Euclidean,3,100,81,19,19,1000,Bottom,k-Median-Shapley,59.5,38.5,0.7809999999999967
2D Euclidean,4,100,81,19,19,1000,Cutoff,Evaluative Voting,100.0,100.0,0.75
2D Euclidean,4,100,81,19,19,1000,Cutoff,k-Median Rule,85.6,85.6,0.786
2D Euclidean,4,100,81,19,19,1000,Cutoff,k-Median-Shapley,64.60000000000001,64.60000000000001,0.8385
2D Euclidean,4,100,81,19,19,1000,Bottom,Evaluative Voting,100.0,100.0,0.75
2D Euclidean,4,100,81,19,19,1000,Bottom,k-Median Rule,85.6,85.6,0.786
2D Euclidean,4,100,81,19,19,1000,Bottom,k-Median-Shapley,64.60000000000001,64.60000000000001,0.8385
2D Euclidean,2,100,80,20,20,1000,Cutoff,Evaluative Voting,100.0,100.0,0.5
2D Euclidean,2,100,80,20,20,1000,Cutoff,k-Median Rule,77.4,77.4,0.559
2D Euclidean,2,100,80,20,20,1000,Cutoff,k-Median-Shapley,62.1,56.699999999999996,0.6715
2D Euclidean,2,100,80,20,20,1000,Bottom,Evaluative Voting,98.2,98.2,0.509
2D Euclidean,2,100,80,20,20,1000,Bottom,k-Median Rule,75.0,55.800000000000004,0.558
2D Euclidean,2,100,80,20,20,1000,Bottom,k-Median-Shapley,49.9,20.0,0.7305
2D Euclidean,3,100,80,20,20,1000,Cutoff,Evaluative Voting,100.0,100.0,0.6666666666666636
2D Euclidean,3,100,80,20,20,1000,Cutoff,k-Median Rule,88.7,88.7,0.6763333333333308
2D Euclidean,3,100,80,20,20,1000,Cutoff,k-Median-Shapley,71.8,69.19999999999999,0.7456666666666617
2D Euclidean,3,100,80,20,20,1000,Bottom,Evaluative Voting,99.4,99.4,0.6686666666666634
2D Euclidean,3,100,80,20,20,1000,Bottom,k-Median Rule,85.39999999999999,75.3,0.6643333333333322
2D Euclidean,3,100,80,20,20,1000,Bottom,k-Median-Shapley,59.699999999999996,41.5,0.7766666666666631
2D Euclidean,4,100,80,20,20,1000,Cutoff,Evaluative Voting,100.0,100.0,0.75
2D Euclidean,4,100,80,20,20,1000,Cutoff,k-Median Rule,88.3,88.3,0.77925
2D Euclidean,4,100,80,20,20,1000,Cutoff,k-Median-Shapley,66.8,66.8,0.833
2D Euclidean,4,100,80,20,20,1000,Bottom,Evaluative Voting,100.0,100.0,0.75
2D Euclidean,4,100,80,20,20,1000,Bottom,k-Median Rule,88.3,88.3,0.77925
2D Euclidean,4,100,80,20,20,1000,Bottom,k-Median-Shapley,66.8,66.8,0.833
2D Euclidean,2,100,79,21,21,1000,Cutoff,Evaluative Voting,100.0,100.0,0.5
2D Euclidean,2,100,79,21,21,1000,Cutoff,k-Median Rule,80.7,80.7,0.5355
2D Euclidean,2,100,79,21,21,1000,Cutoff,k-Median-Shapley,64.3,58.3,0.654
2D Euclidean,2,100,79,21,21,1000,Bottom,Evaluative Voting,99.0,99.0,0.505
2D Euclidean,2,100,79,21,21,1000,Bottom,k-Median Rule,77.5,59.099999999999994,0.5375
2D Euclidean,2,100,79,21,21,1000,Bottom,k-Median-Shapley,51.7,21.5,0.719
2D Euclidean,3,100,79,21,21,1000,Cutoff,Evaluative Voting,100.0,100.0,0.6666666666666636
2D Euclidean,3,100,79,21,21,1000,Cutoff,k-Median Rule,90.4,90.4,0.6649999999999977
2D Euclidean,3,100,79,21,21,1000,Cutoff,k-Median-Shapley,73.0,70.0,0.743666666666662
2D Euclidean,3,100,79,21,21,1000,Bottom,Evaluative Voting,99.6,99.6,0.6679999999999969
2D Euclidean,3,100,79,21,21,1000,Bottom,k-Median Rule,87.2,78.10000000000001,0.6499999999999994
2D Euclidean,3,100,79,21,21,1000,Bottom,k-Median-Shapley,61.5,43.0,0.770666666666663
2D Euclidean,4,100,79,21,21,1000,Cutoff,Evaluative Voting,100.0,100.0,0.75
2D Euclidean,4,100,79,21,21,1000,Cutoff,k-Median Rule,89.9,89.9,0.77525
2D Euclidean,4,100,79,21,21,1000,Cutoff,k-Median-Shapley,68.4,68.4,0.829
2D Euclidean,4,100,79,21,21,1000,Bottom,Evaluative Voting,100.0,100.0,0.75
2D Euclidean,4,100,79,21,21,1000,Bottom,k-Median Rule,89.9,89.9,0.77525
2D Euclidean,4,100,79,21,21,1000,Bottom,k-Median-Shapley,68.4,68.4,0.829
2D Euclidean,2,100,78,22,22,1000,Cutoff,Evaluative Voting,100.0,100.0,0.5
2D Euclidean,2,100,78,22,22,1000,Cutoff,k-Median Rule,83.5,83.5,0.5175
2D Euclidean,2,100,78,22,22,1000,Cutoff,k-Median-Shapley,67.0,61.0,0.6455
2D Euclidean,2,100,78,22,22,1000,Bottom,Evaluative Voting,99.3,99.3,0.5035
2D Euclidean,2,100,78,22,22,1000,Bottom,k-Median Rule,78.4,62.9,0.5265
2D Euclidean,2,100,78,22,22,1000,Bottom,k-Median-Shapley,53.1,24.3,0.7095
2D Euclidean,3,100,78,22,22,1000,Cutoff,Evaluative Voting,100.0,100.0,0.6666666666666636
2D Euclidean,3,100,78,22,22,1000,Cutoff,k-Median Rule,92.2,92.2,0.6586666666666646
2D Euclidean,3,100,78,22,22,1000,Cutoff,k-Median-Shapley,74.4,71.8,0.7366666666666621
2D Euclidean,3,100,78,22,22,1000,Bottom,Evaluative Voting,99.8,99.8,0.6673333333333303
2D Euclidean,3,100,78,22,22,1000,Bottom,k-Median Rule,88.8,81.5,0.642333333333333
2D Euclidean,3,100,78,22,22,1000,Bottom,k-Median-Shapley,62.8,47.199999999999996,0.7646666666666632
2D Euclidean,4,100,78,22,22,1000,Cutoff,Evaluative Voting,100.0,100.0,0.75
2D Euclidean,4,100,78,22,22,1000,Cutoff,k-Median Rule,91.8,91.8,0.7705
2D Euclidean,4,100,78,22,22,1000,Cutoff,k-Median-Shapley,72.0,72.0,0.82
2D Euclidean,4,100,78,22,22,1000,Bottom,Evaluative Voting,100.0,100.0,0.75
2D Euclidean,4,100,78,22,22,1000,Bottom,k-Median Rule,91.8,91.8,0.7705
2D Euclidean,4,100,78,22,22,1000,Bottom,k-Median-Shapley,72.0,72.0,0.82
2D Euclidean,2,100,77,23,23,1000,Cutoff,Evaluative Voting,100.0,100.0,0.5
2D Euclidean,2,100,77,23,23,1000,Cutoff,k-Median Rule,86.9,86.9,0.492
2D Euclidean,2,100,77,23,23,1000,Cutoff,k-Median-Shapley,68.2,62.5,0.6355
2D Euclidean,2,100,77,23,23,1000,Bottom,Evaluative Voting,99.7,99.7,0.5015
2D Euclidean,2,100,77,23,23,1000,Bottom,k-Median Rule,81.39999999999999,66.60000000000001,0.496
2D Euclidean,2,100,77,23,23,1000,Bottom,k-Median-Shapley,54.6,25.4,0.7005
2D Euclidean,3,100,77,23,23,1000,Cutoff,Evaluative Voting,100.0,100.0,0.6666666666666636
2D Euclidean,3,100,77,23,23,1000,Cutoff,k-Median Rule,93.8,93.8,0.6476666666666648
2D Euclidean,3,100,77,23,23,1000,Cutoff,k-Median-Shapley,76.4,74.1,0.7259999999999959
2D Euclidean,3,100,77,23,23,1000,Bottom,Evaluative Voting,100.0,100.0,0.6666666666666636
2D Euclidean,3,100,77,23,23,1000,Bottom,k-Median Rule,90.10000000000001,84.0,0.6286666666666665
2D Euclidean,3,100,77,23,23,1000,Bottom,k-Median-Shapley,65.5,49.1,0.75133333333333
2D Euclidean,4,100,77,23,23,1000,Cutoff,Evaluative Voting,100.0,100.0,0.75
2D Euclidean,4,100,77,23,23,1000,Cutoff,k-Median Rule,93.30000000000001,93.30000000000001,0.76675
2D Euclidean,4,100,77,23,23,1000,Cutoff,k-Median-Shapley,72.7,72.7,0.81825
2D Euclidean,4,100,77,23,23,1000,Bottom,Evaluative Voting,100.0,100.0,0.75
2D Euclidean,4,100,77,23,23,1000,Bottom,k-Median Rule,93.30000000000001,93.30000000000001,0.76675
2D Euclidean,4,100,77,23,23,1000,Bottom,k-Median-Shapley,72.7,72.7,0.81825
2D Euclidean,2,100,76,24,24,1000,Cutoff,Evaluative Voting,100.0,100.0,0.5
2D Euclidean,2,100,76,24,24,1000,Cutoff,k-Median Rule,88.2,88.2,0.4835
2D Euclidean,2,100,76,24,24,1000,Cutoff,k-Median-Shapley,71.1,64.4,0.6215
2D Euclidean,2,100,76,24,24,1000,Bottom,Evaluative Voting,99.9,99.9,0.5005
2D Euclidean,2,100,76,24,24,1000,Bottom,k-Median Rule,81.89999999999999,69.6,0.49
2D Euclidean,2,100,76,24,24,1000,Bottom,k-Median-Shapley,55.7,28.299999999999997,0.6975
2D Euclidean,3,100,76,24,24,1000,Cutoff,Evaluative Voting,100.0,100.0,0.6666666666666636
2D Euclidean,3,100,76,24,24,1000,Cutoff,k-Median Rule,95.3,95.3,0.6453333333333313
2D Euclidean,3,100,76,24,24,1000,Cutoff,k-Median-Shapley,77.3,74.7,0.7223333333333293
2D Euclidean,3,100,76,24,24,1000,Bottom,Evaluative Voting,100.0,100.0,0.6666666666666636
2D Euclidean,3,100,76,24,24,1000,Bottom,k-Median Rule,92.0,86.8,0.6216666666666668
2D Euclidean,3,100,76,24,24,1000,Bottom,k-Median-Shapley,68.4,51.300000000000004,0.7436666666666629
2D Euclidean,4,100,76,24,24,1000,Cutoff,Evaluative Voting,100.0,100.0,0.75
2D Euclidean,4,100,76,24,24,1000,Cutoff,k-Median Rule,94.69999999999999,94.69999999999999,0.76325
2D Euclidean,4,100,76,24,24,1000,Cutoff,k-Median-Shapley,75.1,75.1,0.81225
2D Euclidean,4,100,76,24,24,1000,Bottom,Evaluative Voting,100.0,100.0,0.75
2D Euclidean,4,100,76,24,24,1000,Bottom,k-Median Rule,94.69999999999999,94.69999999999999,0.76325
2D Euclidean,4,100,76,24,24,1000,Bottom,k-Median-Shapley,75.1,75.1,0.81225
2D Euclidean,2,100,75,25,25,1000,Cutoff,Evaluative Voting,100.0,100.0,0.5
2D Euclidean,2,100,75,25,25,1000,Cutoff,k-Median Rule,90.9,90.9,0.4645
2D Euclidean,2,100,75,25,25,1000,Cutoff,k-Median-Shapley,73.8,66.7,0.603
2D Euclidean,2,100,75,25,25,1000,Bottom,Evaluative Voting,100.0,100.0,0.5
2D Euclidean,2,100,75,25,25,1000,Bottom,k-Median Rule,84.8,72.39999999999999,0.4715
2D Euclidean,2,100,75,25,25,1000,Bottom,k-Median-Shapley,58.199999999999996,31.0,0.68
2D Euclidean,3,100,75,25,25,1000,Cutoff,Evaluative Voting,100.0,100.0,0.6666666666666636
2D Euclidean,3,100,75,25,25,1000,Cutoff,k-Median Rule,96.2,96.2,0.6359999999999983
2D Euclidean,3,100,75,25,25,1000,Cutoff,k-Median-Shapley,79.0,76.3,0.7119999999999966
2D Euclidean,3,100,75,25,25,1000,Bottom,Evaluative Voting,100.0,100.0,0.6666666666666636
2D Euclidean,3,100,75,25,25,1000,Bottom,k-Median Rule,93.5,89.0,0.6136666666666669
2D Euclidean,3,100,75,25,25,1000,Bottom,k-Median-Shapley,71.0,53.900000000000006,0.7329999999999965
2D Euclidean,4,100,75,25,25,1000,Cutoff,Evaluative Voting,100.0,100.0,0.75
2D Euclidean,4,100,75,25,25,1000,Cutoff,k-Median Rule,96.3,96.3,0.75925
2D Euclidean,4,100,75,25,25,1000,Cutoff,k-Median-Shapley,77.2,77.2,0.807
2D Euclidean,4,100,75,25,25,1000,Bottom,Evaluative Voting,100.0,100.0,0.75
2D Euclidean,4,100,75,25,25,1000,Bottom,k-Median Rule,96.3,96.3,0.75925
2D Euclidean,4,100,75,25,25,1000,Bottom,k-Median-Shapley,77.2,77.2,0.807
2D Euclidean,2,100,74,26,26,1000,Cutoff,Evaluative Voting,100.0,100.0,0.5
2D Euclidean,2,100,74,26,26,1000,Cutoff,k-Median Rule,91.9,91.9,0.4605
2D Euclidean,2,100,74,26,26,1000,Cutoff,k-Median-Shapley,74.4,68.60000000000001,0.5955
2D Euclidean,2,100,74,26,26,1000,Bottom,Evaluative Voting,100.0,100.0,0.5
2D Euclidean,2,100,74,26,26,1000,Bottom,k-Median Rule,86.6,75.3,0.458
2D Euclidean,2,100,74,26,26,1000,Bottom,k-Median-Shapley,59.3,31.3,0.6715
2D Euclidean,3,100,74,26,26,1000,Cutoff,Evaluative Voting,100.0,100.0,0.6666666666666636
2D Euclidean,3,100,74,26,26,1000,Cutoff,k-Median Rule,96.89999999999999,96.89999999999999,0.6373333333333316
2D Euclidean,3,100,74,26,26,1000,Cutoff,k-Median-Shapley,81.6,78.7,0.7039999999999964
2D Euclidean,3,100,74,26,26,1000,Bottom,Evaluative Voting,100.0,100.0,0.6666666666666636
2D Euclidean,3,100,74,26,26,1000,Bottom,k-Median Rule,95.7,91.9,0.6040000000000003
2D Euclidean,3,100,74,26,26,1000,Bottom,k-Median-Shapley,72.6,56.699999999999996,0.7259999999999973
2D Euclidean,4,100,74,26,26,1000,Cutoff,Evaluative Voting,100.0,100.0,0.75
2D Euclidean,4,100,74,26,26,1000,Cutoff,k-Median Rule,97.5,97.5,0.75625
2D Euclidean,4,100,74,26,26,1000,Cutoff,k-Median-Shapley,78.2,78.2,0.8045
2D Euclidean,4,100,74,26,26,1000,Bottom,Evaluative Voting,100.0,100.0,0.75
2D Euclidean,4,100,74,26,26,1000,Bottom,k-Median Rule,97.5,97.5,0.75625
2D Euclidean,4,100,74,26,26,1000,Bottom,k-Median-Shapley,78.2,78.2,0.8045
2D Euclidean,2,100,73,27,27,1000,Cutoff,Evaluative Voting,100.0,100.0,0.5
2D Euclidean,2,100,73,27,27,1000,Cutoff,k-Median Rule,93.4,93.4,0.449
2D Euclidean,2,100,73,27,27,1000,Cutoff,k-Median-Shapley,75.6,68.7,0.588
2D Euclidean,2,100,73,27,27,1000,Bottom,Evaluative Voting,100.0,100.0,0.5
2D Euclidean,2,100,73,27,27,1000,Bottom,k-Median Rule,87.7,77.7,0.447
2D Euclidean,2,100,73,27,27,1000,Bottom,k-Median-Shapley,61.4,32.4,0.653
2D Euclidean,3,100,73,27,27,1000,Cutoff,Evaluative Voting,100.0,100.0,0.6666666666666636
2D Euclidean,3,100,73,27,27,1000,Cutoff,k-Median Rule,97.39999999999999,97.39999999999999,0.634666666666665
2D Euclidean,3,100,73,27,27,1000,Cutoff,k-Median-Shapley,82.69999999999999,79.9,0.6969999999999972
2D Euclidean,3,100,73,27,27,1000,Bottom,Evaluative Voting,100.0,100.0,0.6666666666666636
2D Euclidean,3,100,73,27,27,1000,Bottom,k-Median Rule,96.39999999999999,93.2,0.5970000000000003
2D Euclidean,3,100,73,27,27,1000,Bottom,k-Median-Shapley,74.7,59.199999999999996,0.7083333333333308
2D Euclidean,4,100,73,27,27,1000,Cutoff,Evaluative Voting,100.0,100.0,0.75
2D Euclidean,4,100,73,27,27,1000,Cutoff,k-Median Rule,97.89999999999999,97.89999999999999,0.75525
2D Euclidean,4,100,73,27,27,1000,Cutoff,k-Median-Shapley,80.7,80.7,0.79825
2D Euclidean,4,100,73,27,27,1000,Bottom,Evaluative Voting,100.0,100.0,0.75
2D Euclidean,4,100,73,27,27,1000,Bottom,k-Median Rule,97.89999999999999,97.89999999999999,0.75525
2D Euclidean,4,100,73,27,27,1000,Bottom,k-Median-Shapley,80.7,80.7,0.79825
2D Euclidean,2,100,72,28,28,1000,Cutoff,Evaluative Voting,100.0,100.0,0.5
2D Euclidean,2,100,72,28,28,1000,Cutoff,k-Median Rule,94.5,94.5,0.4405
2D Euclidean,2,100,72,28,28,1000,Cutoff,k-Median-Shapley,79.10000000000001,73.0,0.5695
2D Euclidean,2,100,72,28,28,1000,Bottom,Evaluative Voting,100.0,100.0,0.5
2D Euclidean,2,100,72,28,28,1000,Bottom,k-Median Rule,88.8,79.9,0.436
2D Euclidean,2,100,72,28,28,1000,Bottom,k-Median-Shapley,62.4,33.7,0.6485
2D Euclidean,3,100,72,28,28,1000,Cutoff,Evaluative Voting,100.0,100.0,0.6666666666666636
2D Euclidean,3,100,72,28,28,1000,Cutoff,k-Median Rule,98.0,98.0,0.6349999999999986
2D Euclidean,3,100,72,28,28,1000,Cutoff,k-Median-Shapley,83.1,80.30000000000001,0.6956666666666641
2D Euclidean,3,100,72,28,28,1000,Bottom,Evaluative Voting,100.0,100.0,0.6666666666666636
2D Euclidean,3,100,72,28,28,1000,Bottom,k-Median Rule,96.89999999999999,94.3,0.5930000000000006
2D Euclidean,3,100,72,28,28,1000,Bottom,k-Median-Shapley,75.4,60.099999999999994,0.7049999999999981
2D Euclidean,4,100,72,28,28,1000,Cutoff,Evaluative Voting,100.0,100.0,0.75
2D Euclidean,4,100,72,28,28,1000,Cutoff,k-Median Rule,98.5,98.5,0.75375
2D Euclidean,4,100,72,28,28,1000,Cutoff,k-Median-Shapley,82.8,82.8,0.793
2D Euclidean,4,100,72,28,28,1000,Bottom,Evaluative Voting,100.0,100.0,0.75
2D Euclidean,4,100,72,28,28,1000,Bottom,k-Median Rule,98.5,98.5,0.75375
2D Euclidean,4,100,72,28,28,1000,Bottom,k-Median-Shapley,82.8,82.8,0.793
2D Euclidean,2,100,71,29,29,1000,Cutoff,Evaluative Voting,100.0,100.0,0.5
2D Euclidean,2,100,71,29,29,1000,Cutoff,k-Median Rule,96.0,96.0,0.4335
2D Euclidean,2,100,71,29,29,1000,Cutoff,k-Median-Shapley,81.6,76.2,0.5505
2D Euclidean,2,100,71,29,29,1000,Bottom,Evaluative Voting,100.0,100.0,0.5
2D Euclidean,2,100,71,29,29,1000,Bottom,k-Median Rule,91.3,82.89999999999999,0.4255
2D Euclidean,2,100,71,29,29,1000,Bottom,k-Median-Shapley,64.1,36.3,0.6365
2D Euclidean,3,100,71,29,29,1000,Cutoff,Evaluative Voting,100.0,100.0,0.6666666666666636
2D Euclidean,3,100,71,29,29,1000,Cutoff,k-Median Rule,98.5,98.5,0.6309999999999988
2D Euclidean,3,100,71,29,29,1000,Cutoff,k-Median-Shapley,84.89999999999999,82.69999999999999,0.6846666666666639
2D Euclidean,3,100,71,29,29,1000,Bottom,Evaluative Voting,100.0,100.0,0.6666666666666636
2D Euclidean,3,100,71,29,29,1000,Bottom,k-Median Rule,97.6,95.6,0.5916666666666677
2D Euclidean,3,100,71,29,29,1000,Bottom,k-Median-Shapley,75.5,60.699999999999996,0.7049999999999987
2D Euclidean,4,100,71,29,29,1000,Cutoff,Evaluative Voting,100.0,100.0,0.75
2D Euclidean,4,100,71,29,29,1000,Cutoff,k-Median Rule,98.8,98.8,0.753
2D Euclidean,4,100,71,29,29,1000,Cutoff,k-Median-Shapley,83.1,83.1,0.79225
2D Euclidean,4,100,71,29,29,1000,Bottom,Evaluative Voting,100.0,100.0,0.75
2D Euclidean,4,100,71,29,29,1000,Bottom,k-Median Rule,98.8,98.8,0.753
2D Euclidean,4,100,71,29,29,1000,Bottom,k-Median-Shapley,83.1,83.1,0.79225
2D Euclidean,2,100,70,30,30,1000,Cutoff,Evaluative Voting,100.0,100.0,0.5
2D Euclidean,2,100,70,30,30,1000,Cutoff,k-Median Rule,96.6,96.6,0.442
2D Euclidean,2,100,70,30,30,1000,Cutoff,k-Median-Shapley,83.8,78.9,0.543
2D Euclidean,2,100,70,30,30,1000,Bottom,Evaluative Voting,100.0,100.0,0.5
2D Euclidean,2,100,70,30,30,1000,Bottom,k-Median Rule,92.5,85.8,0.4205
2D Euclidean,2,100,70,30,30,1000,Bottom,k-Median-Shapley,64.8,37.8,0.634
2D Euclidean,3,100,70,30,30,1000,Cutoff,Evaluative Voting,100.0,100.0,0.6666666666666636
2D Euclidean,3,100,70,30,30,1000,Cutoff,k-Median Rule,99.0,99.0,0.6329999999999987
2D Euclidean,3,100,70,30,30,1000,Cutoff,k-Median-Shapley,85.39999999999999,83.2,0.6879999999999974
2D Euclidean,3,100,70,30,30,1000,Bottom,Evaluative Voting,100.0,100.0,0.6666666666666636
2D Euclidean,3,100,70,30,30,1000,Bottom,k-Median Rule,98.1,96.5,0.5980000000000008
2D Euclidean,3,100,70,30,30,1000,Bottom,k-Median-Shapley,76.0,62.7,0.7026666666666652
2D Euclidean,4,100,70,30,30,1000,Cutoff,Evaluative Voting,100.0,100.0,0.75
2D Euclidean,4,100,70,30,30,1000,Cutoff,k-Median Rule,99.5,99.5,0.75125
2D Euclidean,4,100,70,30,30,1000,Cutoff,k-Median-Shapley,84.89999999999999,84.89999999999999,0.78775
2D Euclidean,4,100,70,30,30,1000,Bottom,Evaluative Voting,100.0,100.0,0.75
2D Euclidean,4,100,70,30,30,1000,Bottom,k-Median Rule,99.5,99.5,0.75125
2D Euclidean,4,100,70,30,30,1000,Bottom,k-Median-Shapley,84.89999999999999,84.89999999999999,0.78775
2D Euclidean,2,100,69,31,31,1000,Cutoff,Evaluative Voting,100.0,100.0,0.5
2D Euclidean,2,100,69,31,31,1000,Cutoff,k-Median Rule,97.39999999999999,97.39999999999999,0.437
2D Euclidean,2,100,69,31,31,1000,Cutoff,k-Median-Shapley,86.0,81.89999999999999,0.5215
2D Euclidean,2,100,69,31,31,1000,Bottom,Evaluative Voting,100.0,100.0,0.5
2D Euclidean,2,100,69,31,31,1000,Bottom,k-Median Rule,93.5,86.8,0.4155
2D Euclidean,2,100,69,31,31,1000,Bottom,k-Median-Shapley,67.7,41.099999999999994,0.607
2D Euclidean,3,100,69,31,31,1000,Cutoff,Evaluative Voting,100.0,100.0,0.6666666666666636
2D Euclidean,3,100,69,31,31,1000,Cutoff,k-Median Rule,99.1,99.1,0.630333333333332
2D Euclidean,3,100,69,31,31,1000,Cutoff,k-Median-Shapley,86.7,84.6,0.6843333333333304
2D Euclidean,3,100,69,31,31,1000,Bottom,Evaluative Voting,100.0,100.0,0.6666666666666636
2D Euclidean,3,100,69,31,31,1000,Bottom,k-Median Rule,98.4,97.1,0.5960000000000008
2D Euclidean,3,100,69,31,31,1000,Bottom,k-Median-Shapley,78.2,65.3,0.6933333333333325
2D Euclidean,4,100,69,31,31,1000,Cutoff,Evaluative Voting,100.0,100.0,0.75
2D Euclidean,4,100,69,31,31,1000,Cutoff,k-Median Rule,99.6,99.6,0.751
2D Euclidean,4,100,69,31,31,1000,Cutoff,k-Median-Shapley,86.4,86.4,0.784
2D Euclidean,4,100,69,31,31,1000,Bottom,Evaluative Voting,100.0,100.0,0.75
2D Euclidean,4,100,69,31,31,1000,Bottom,k-Median Rule,99.6,99.6,0.751
2D Euclidean,4,100,69,31,31,1000,Bottom,k-Median-Shapley,86.4,86.4,0.784
2D Euclidean,2,100,68,32,32,1000,Cutoff,Evaluative Voting,100.0,100.0,0.5
2D Euclidean,2,100,68,32,32,1000,Cutoff,k-Median Rule,98.1,98.1,0.4375
2D Euclidean,2,100,68,32,32,1000,Cutoff,k-Median-Shapley,87.0,83.6,0.517
2D Euclidean,2,100,68,32,32,1000,Bottom,Evaluative Voting,100.0,100.0,0.5
2D Euclidean,2,100,68,32,32,1000,Bottom,k-Median Rule,95.1,88.9,0.4065
2D Euclidean,2,100,68,32,32,1000,Bottom,k-Median-Shapley,69.0,43.2,0.6045
2D Euclidean,3,100,68,32,32,1000,Cutoff,Evaluative Voting,100.0,100.0,0.6666666666666636
2D Euclidean,3,100,68,32,32,1000,Cutoff,k-Median Rule,99.3,99.3,0.6299999999999987
2D Euclidean,3,100,68,32,32,1000,Cutoff,k-Median-Shapley,86.8,84.6,0.6826666666666639
2D Euclidean,3,100,68,32,32,1000,Bottom,Evaluative Voting,100.0,100.0,0.6666666666666636
2D Euclidean,3,100,68,32,32,1000,Bottom,k-Median Rule,98.8,97.7,0.5970000000000006
2D Euclidean,3,100,68,32,32,1000,Bottom,k-Median-Shapley,79.80000000000001,67.80000000000001,0.688999999999999
2D Euclidean,4,100,68,32,32,1000,Cutoff,Evaluative Voting,100.0,100.0,0.75
2D Euclidean,4,100,68,32,32,1000,Cutoff,k-Median Rule,99.7,99.7,0.75075
2D Euclidean,4,100,68,32,32,1000,Cutoff,k-Median-Shapley,86.9,86.9,0.78275
2D Euclidean,4,100,68,32,32,1000,Bottom,Evaluative Voting,100.0,100.0,0.75
2D Euclidean,4,100,68,32,32,1000,Bottom,k-Median Rule,99.7,99.7,0.75075
2D Euclidean,4,100,68,32,32,1000,Bottom,k-Median-Shapley,86.9,86.9,0.78275
2D Euclidean,2,100,67,33,33,1000,Cutoff,Evaluative Voting,100.0,100.0,0.5
2D Euclidean,2,100,67,33,33,1000,Cutoff,k-Median Rule,98.8,98.8,0.4365
2D Euclidean,2,100,67,33,33,1000,Cutoff,k-Median-Shapley,87.7,84.5,0.5145
2D Euclidean,2,100,67,33,33,1000,Bottom,Evaluative Voting,100.0,100.0,0.5
2D Euclidean,2,100,67,33,33,1000,Bottom,k-Median Rule,95.89999999999999,91.10000000000001,0.406
2D Euclidean,2,100,67,33,33,1000,Bottom,k-Median-Shapley,70.5,45.300000000000004,0.5905
2D Euclidean,3,100,67,33,33,1000,Cutoff,Evaluative Voting,100.0,100.0,0.6666666666666636
2D Euclidean,3,100,67,33,33,1000,Cutoff,k-Median Rule,99.5,99.5,0.6346666666666655
2D Euclidean,3,100,67,33,33,1000,Cutoff,k-Median-Shapley,87.9,86.6,0.6803333333333309
2D Euclidean,3,100,67,33,33,1000,Bottom,Evaluative Voting,100.0,100.0,0.6666666666666636
2D Euclidean,3,100,67,33,33,1000,Bottom,k-Median Rule,99.4,98.6,0.5986666666666673
2D Euclidean,3,100,67,33,33,1000,Bottom,k-Median-Shapley,80.5,68.30000000000001,0.6829999999999986
2D Euclidean,4,100,67,33,33,1000,Cutoff,Evaluative Voting,100.0,100.0,0.75
2D Euclidean,4,100,67,33,33,1000,Cutoff,k-Median Rule,99.9,99.9,0.75025
2D Euclidean,4,100,67,33,33,1000,Cutoff,k-Median-Shapley,87.2,87.2,0.782
2D Euclidean,4,100,67,33,33,1000,Bottom,Evaluative Voting,100.0,100.0,0.75
2D Euclidean,4,100,67,33,33,1000,Bottom,k-Median Rule,99.9,99.9,0.75025
2D Euclidean,4,100,67,33,33,1000,Bottom,k-Median-Shapley,87.2,87.2,0.782
2D Euclidean,2,100,66,34,34,1000,Cutoff,Evaluative Voting,100.0,100.0,0.5
2D Euclidean,2,100,66,34,34,1000,Cutoff,k-Median Rule,98.9,98.9,0.4405
2D Euclidean,2,100,66,34,34,1000,Cutoff,k-Median-Shapley,90.10000000000001,87.7,0.498
2D Euclidean,2,100,66,34,34,1000,Bottom,Evaluative Voting,100.0,100.0,0.5
2D Euclidean,2,100,66,34,34,1000,Bottom,k-Median Rule,96.1,92.0,0.406
2D Euclidean,2,100,66,34,34,1000,Bottom,k-Median-Shapley,72.7,48.6,0.573
2D Euclidean,3,100,66,34,34,1000,Cutoff,Evaluative Voting,100.0,100.0,0.6666666666666636
2D Euclidean,3,100,66,34,34,1000,Cutoff,k-Median Rule,99.5,99.5,0.635999999999999
2D Euclidean,3,100,66,34,34,1000,Cutoff,k-Median-Shapley,90.8,89.7,0.6653333333333317
2D Euclidean,3,100,66,34,34,1000,Bottom,Evaluative Voting,100.0,100.0,0.6666666666666636
2D Euclidean,3,100,66,34,34,1000,Bottom,k-Median Rule,99.4,98.6,0.6020000000000002
2D Euclidean,3,100,66,34,34,1000,Bottom,k-Median-Shapley,82.6,70.89999999999999,0.6746666666666653
2D Euclidean,4,100,66,34,34,1000,Cutoff,Evaluative Voting,100.0,100.0,0.75
2D Euclidean,4,100,66,34,34,1000,Cutoff,k-Median Rule,99.9,99.9,0.75025
2D Euclidean,4,100,66,34,34,1000,Cutoff,k-Median-Shapley,87.9,87.9,0.78025
2D Euclidean,4,100,66,34,34,1000,Bottom,Evaluative Voting,100.0,100.0,0.75
2D Euclidean,4,100,66,34,34,1000,Bottom,k-Median Rule,99.9,99.9,0.75025
2D Euclidean,4,100,66,34,34,1000,Bottom,k-Median-Shapley,87.9,87.9,0.78025
2D Euclidean,2,100,65,35,35,1000,Cutoff,Evaluative Voting,100.0,100.0,0.5
2D Euclidean,2,100,65,35,35,1000,Cutoff,k-Median Rule,99.3,99.3,0.443
2D Euclidean,2,100,65,35,35,1000,Cutoff,k-Median-Shapley,91.4,89.2,0.4855
2D Euclidean,2,100,65,35,35,1000,Bottom,Evaluative Voting,100.0,100.0,0.5
2D Euclidean,2,100,65,35,35,1000,Bottom,k-Median Rule,97.39999999999999,93.4,0.4065
2D Euclidean,2,100,65,35,35,1000,Bottom,k-Median-Shapley,74.1,53.5,0.5655
2D Euclidean,3,100,65,35,35,1000,Cutoff,Evaluative Voting,100.0,100.0,0.6666666666666636
2D Euclidean,3,100,65,35,35,1000,Cutoff,k-Median Rule,99.9,99.9,0.6376666666666654
2D Euclidean,3,100,65,35,35,1000,Cutoff,k-Median-Shapley,92.0,90.3,0.6626666666666646
2D Euclidean,3,100,65,35,35,1000,Bottom,Evaluative Voting,100.0,100.0,0.6666666666666636
2D Euclidean,3,100,65,35,35,1000,Bottom,k-Median Rule,99.5,98.6,0.6080000000000007
2D Euclidean,3,100,65,35,35,1000,Bottom,k-Median-Shapley,84.2,74.3,0.6696666666666653
2D Euclidean,4,100,65,35,35,1000,Cutoff,Evaluative Voting,100.0,100.0,0.75
2D Euclidean,4,100,65,35,35,1000,Cutoff,k-Median Rule,99.9,99.9,0.75025
2D Euclidean,4,100,65,35,35,1000,Cutoff,k-Median-Shapley,90.0,90.0,0.775
2D Euclidean,4,100,65,35,35,1000,Bottom,Evaluative Voting,100.0,100.0,0.75
2D Euclidean,4,100,65,35,35,1000,Bottom,k-Median Rule,99.9,99.9,0.75025
2D Euclidean,4,100,65,35,35,1000,Bottom,k-Median-Shapley,90.0,90.0,0.775
2D Euclidean,2,100,64,36,36,1000,Cutoff,Evaluative Voting,100.0,100.0,0.5
2D Euclidean,2,100,64,36,36,1000,Cutoff,k-Median Rule,99.4,99.4,0.4425
2D Euclidean,2,100,64,36,36,1000,Cutoff,k-Median-Shapley,93.10000000000001,91.60000000000001,0.4745
2D Euclidean,2,100,64,36,36,1000,Bottom,Evaluative Voting,100.0,100.0,0.5
2D Euclidean,2,100,64,36,36,1000,Bottom,k-Median Rule,97.7,94.39999999999999,0.4075
2D Euclidean,2,100,64,36,36,1000,Bottom,k-Median-Shapley,76.2,54.2,0.5555
2D Euclidean,3,100,64,36,36,1000,Cutoff,Evaluative Voting,100.0,100.0,0.6666666666666636
2D Euclidean,3,100,64,36,36,1000,Cutoff,k-Median Rule,99.8,99.8,0.6406666666666655
2D Euclidean,3,100,64,36,36,1000,Cutoff,k-Median-Shapley,91.9,90.8,0.6573333333333318
2D Euclidean,3,100,64,36,36,1000,Bottom,Evaluative Voting,100.0,100.0,0.6666666666666636
2D Euclidean,3,100,64,36,36,1000,Bottom,k-Median Rule,99.5,98.8,0.6126666666666676
2D Euclidean,3,100,64,36,36,1000,Bottom,k-Median-Shapley,84.5,75.4,0.6706666666666652
2D Euclidean,4,100,64,36,36,1000,Cutoff,Evaluative Voting,100.0,100.0,0.75
2D Euclidean,4,100,64,36,36,1000,Cutoff,k-Median Rule,99.9,99.9,0.75025
2D Euclidean,4,100,64,36,36,1000,Cutoff,k-Median-Shapley,91.5,91.5,0.77125
2D Euclidean,4,100,64,36,36,1000,Bottom,Evaluative Voting,100.0,100.0,0.75
2D Euclidean,4,100,64,36,36,1000,Bottom,k-Median Rule,99.9,99.9,0.75025
2D Euclidean,4,100,64,36,36,1000,Bottom,k-Median-Shapley,91.5,91.5,0.77125
2D Euclidean,2,100,63,37,37,1000,Cutoff,Evaluative Voting,100.0,100.0,0.5
2D Euclidean,2,100,63,37,37,1000,Cutoff,k-Median Rule,99.7,99.7,0.4465
2D Euclidean,2,100,63,37,37,1000,Cutoff,k-Median-Shapley,94.89999999999999,93.10000000000001,0.4615
2D Euclidean,2,100,63,37,37,1000,Bottom,Evaluative Voting,100.0,100.0,0.5
2D Euclidean,2,100,63,37,37,1000,Bottom,k-Median Rule,97.89999999999999,95.3,0.4135
2D Euclidean,2,100,63,37,37,1000,Bottom,k-Median-Shapley,78.3,58.5,0.5375
2D Euclidean,3,100,63,37,37,1000,Cutoff,Evaluative Voting,100.0,100.0,0.6666666666666636
2D Euclidean,3,100,63,37,37,1000,Cutoff,k-Median Rule,100.0,100.0,0.6416666666666654
2D Euclidean,3,100,63,37,37,1000,Cutoff,k-Median-Shapley,92.9,92.2,0.6549999999999984
2D Euclidean,3,100,63,37,37,1000,Bottom,Evaluative Voting,100.0,100.0,0.6666666666666636
2D Euclidean,3,100,63,37,37,1000,Bottom,k-Median Rule,99.7,98.9,0.6196666666666674
2D Euclidean,3,100,63,37,37,1000,Bottom,k-Median-Shapley,85.7,78.2,0.659999999999999
2D Euclidean,4,100,63,37,37,1000,Cutoff,Evaluative Voting,100.0,100.0,0.75
2D Euclidean,4,100,63,37,37,1000,Cutoff,k-Median Rule,99.9,99.9,0.75025
2D Euclidean,4,100,63,37,37,1000,Cutoff,k-Median-Shapley,92.60000000000001,92.60000000000001,0.7685
2D Euclidean,4,100,63,37,37,1000,Bottom,Evaluative Voting,100.0,100.0,0.75
2D Euclidean,4,100,63,37,37,1000,Bottom,k-Median Rule,99.9,99.9,0.75025
2D Euclidean,4,100,63,37,37,1000,Bottom,k-Median-Shapley,92.60000000000001,92.60000000000001,0.7685
2D Euclidean,2,100,62,38,38,1000,Cutoff,Evaluative Voting,100.0,100.0,0.5
2D Euclidean,2,100,62,38,38,1000,Cutoff,k-Median Rule,99.9,99.9,0.4505
2D Euclidean,2,100,62,38,38,1000,Cutoff,k-Median-Shapley,95.7,94.1,0.457
2D Euclidean,2,100,62,38,38,1000,Bottom,Evaluative Voting,100.0,100.0,0.5
2D Euclidean,2,100,62,38,38,1000,Bottom,k-Median Rule,98.6,96.3,0.414
2D Euclidean,2,100,62,38,38,1000,Bottom,k-Median-Shapley,79.4,62.0,0.5225
2D Euclidean,3,100,62,38,38,1000,Cutoff,Evaluative Voting,100.0,100.0,0.6666666666666636
2D Euclidean,3,100,62,38,38,1000,Cutoff,k-Median Rule,100.0,100.0,0.6466666666666648
2D Euclidean,3,100,62,38,38,1000,Cutoff,k-Median-Shapley,94.0,93.8,0.6489999999999989
2D Euclidean,3,100,62,38,38,1000,Bottom,Evaluative Voting,100.0,100.0,0.6666666666666636
2D Euclidean,3,100,62,38,38,1000,Bottom,k-Median Rule,100.0,99.5,0.6186666666666666
2D Euclidean,3,100,62,38,38,1000,Bottom,k-Median-Shapley,88.5,81.69999999999999,0.6469999999999982
2D Euclidean,4,100,62,38,38,1000,Cutoff,Evaluative Voting,100.0,100.0,0.75
2D Euclidean,4,100,62,38,38,1000,Cutoff,k-Median Rule,100.0,100.0,0.75
2D Euclidean,4,100,62,38,38,1000,Cutoff,k-Median-Shapley,93.7,93.7,0.76575
2D Euclidean,4,100,62,38,38,1000,Bottom,Evaluative Voting,100.0,100.0,0.75
2D Euclidean,4,100,62,38,38,1000,Bottom,k-Median Rule,100.0,100.0,0.75
2D Euclidean,4,100,62,38,38,1000,Bottom,k-Median-Shapley,93.7,93.7,0.76575
2D Euclidean,2,100,61,39,39,1000,Cutoff,Evaluative Voting,100.0,100.0,0.5
2D Euclidean,2,100,61,39,39,1000,Cutoff,k-Median Rule,100.0,100.0,0.4545
2D Euclidean,2,100,61,39,39,1000,Cutoff,k-Median-Shapley,96.3,95.0,0.4555
2D Euclidean,2,100,61,39,39,1000,Bottom,Evaluative Voting,100.0,100.0,0.5
2D Euclidean,2,100,61,39,39,1000,Bottom,k-Median Rule,99.0,97.2,0.416
2D Euclidean,2,100,61,39,39,1000,Bottom,k-Median-Shapley,81.39999999999999,65.3,0.5095
2D Euclidean,3,100,61,39,39,1000,Cutoff,Evaluative Voting,100.0,100.0,0.6666666666666636
2D Euclidean,3,100,61,39,39,1000,Cutoff,k-Median Rule,100.0,100.0,0.6483333333333313
2D Euclidean,3,100,61,39,39,1000,Cutoff,k-Median-Shapley,95.0,94.6,0.6443333333333319
2D Euclidean,3,100,61,39,39,1000,Bottom,Evaluative Voting,100.0,100.0,0.6666666666666636
2D Euclidean,3,100,61,39,39,1000,Bottom,k-Median Rule,100.0,99.6,0.6209999999999999
2D Euclidean,3,100,61,39,39,1000,Bottom,k-Median-Shapley,89.5,83.6,0.6439999999999988
2D Euclidean,4,100,61,39,39,1000,Cutoff,Evaluative Voting,100.0,100.0,0.75
2D Euclidean,4,100,61,39,39,1000,Cutoff,k-Median Rule,100.0,100.0,0.75
2D Euclidean,4,100,61,39,39,1000,Cutoff,k-Median-Shapley,94.89999999999999,94.89999999999999,0.76275
2D Euclidean,4,100,61,39,39,1000,Bottom,Evaluative Voting,100.0,100.0,0.75
2D Euclidean,4,100,61,39,39,1000,Bottom,k-Median Rule,100.0,100.0,0.75
2D Euclidean,4,100,61,39,39,1000,Bottom,k-Median-Shapley,94.89999999999999,94.89999999999999,0.76275
2D Euclidean,2,100,60,40,40,1000,Cutoff,Evaluative Voting,100.0,100.0,0.5
2D Euclidean,2,100,60,40,40,1000,Cutoff,k-Median Rule,100.0,100.0,0.4595
2D Euclidean,2,100,60,40,40,1000,Cutoff,k-Median-Shapley,97.1,95.8,0.4455
2D Euclidean,2,100,60,40,40,1000,Bottom,Evaluative Voting,100.0,100.0,0.5
2D Euclidean,2,100,60,40,40,1000,Bottom,k-Median Rule,99.1,98.1,0.422
2D Euclidean,2,100,60,40,40,1000,Bottom,k-Median-Shapley,84.3,69.69999999999999,0.49
2D Euclidean,3,100,60,40,40,1000,Cutoff,Evaluative Voting,100.0,100.0,0.6666666666666636
2D Euclidean,3,100,60,40,40,1000,Cutoff,k-Median Rule,100.0,100.0,0.6503333333333312
2D Euclidean,3,100,60,40,40,1000,Cutoff,k-Median-Shapley,96.0,95.8,0.6389999999999983
2D Euclidean,3,100,60,40,40,1000,Bottom,Evaluative Voting,100.0,100.0,0.6666666666666636
2D Euclidean,3,100,60,40,40,1000,Bottom,k-Median Rule,100.0,99.6,0.6243333333333331
2D Euclidean,3,100,60,40,40,1000,Bottom,k-Median-Shapley,91.60000000000001,86.6,0.6379999999999989
2D Euclidean,4,100,60,40,40,1000,Cutoff,Evaluative Voting,100.0,100.0,0.75
2D Euclidean,4,100,60,40,40,1000,Cutoff,k-Median Rule,100.0,100.0,0.75
2D Euclidean,4,100,60,40,40,1000,Cutoff,k-Median-Shapley,95.6,95.6,0.761
2D Euclidean,4,100,60,40,40,1000,Bottom,Evaluative Voting,100.0,100.0,0.75
2D Euclidean,4,100,60,40,40,1000,Bottom,k-Median Rule,100.0,100.0,0.75
2D Euclidean,4,100,60,40,40,1000,Bottom,k-Median-Shapley,95.6,95.6,0.761
2D Euclidean,2,100,59,41,41,1000,Cutoff,Evaluative Voting,100.0,100.0,0.5
2D Euclidean,2,100,59,41,41,1000,Cutoff,k-Median Rule,100.0,100.0,0.4565
2D Euclidean,2,100,59,41,41,1000,Cutoff,k-Median-Shapley,97.2,96.2,0.4375
2D Euclidean,2,100,59,41,41,1000,Bottom,Evaluative Voting,100.0,100.0,0.5
2D Euclidean,2,100,59,41,41,1000,Bottom,k-Median Rule,99.4,98.8,0.4225
2D Euclidean,2,100,59,41,41,1000,Bottom,k-Median-Shapley,87.2,74.6,0.4665
2D Euclidean,3,100,59,41,41,1000,Cutoff,Evaluative Voting,100.0,100.0,0.6666666666666636
2D Euclidean,3,100,59,41,41,1000,Cutoff,k-Median Rule,100.0,100.0,0.6483333333333313
2D Euclidean,3,100,59,41,41,1000,Cutoff,k-Median-Shapley,97.6,97.39999999999999,0.6299999999999988
2D Euclidean,3,100,59,41,41,1000,Bottom,Evaluative Voting,100.0,100.0,0.6666666666666636
2D Euclidean,3,100,59,41,41,1000,Bottom,k-Median Rule,100.0,99.8,0.6189999999999998
2D Euclidean,3,100,59,41,41,1000,Bottom,k-Median-Shapley,93.2,88.6,0.6319999999999991
2D Euclidean,4,100,59,41,41,1000,Cutoff,Evaluative Voting,100.0,100.0,0.75
2D Euclidean,4,100,59,41,41,1000,Cutoff,k-Median Rule,100.0,100.0,0.75
2D Euclidean,4,100,59,41,41,1000,Cutoff,k-Median-Shapley,95.8,95.8,0.7605
2D Euclidean,4,100,59,41,41,1000,Bottom,Evaluative Voting,100.0,100.0,0.75
2D Euclidean,4,100,59,41,41,1000,Bottom,k-Median Rule,100.0,100.0,0.75
2D Euclidean,4,100,59,41,41,1000,Bottom,k-Median-Shapley,95.8,95.8,0.7605
2D Euclidean,2,100,58,42,42,1000,Cutoff,Evaluative Voting,100.0,100.0,0.5
2D Euclidean,2,100,58,42,42,1000,Cutoff,k-Median Rule,100.0,100.0,0.4585
2D Euclidean,2,100,58,42,42,1000,Cutoff,k-Median-Shapley,97.7,96.5,0.435
2D Euclidean,2,100,58,42,42,1000,Bottom,Evaluative Voting,100.0,100.0,0.5
2D Euclidean,2,100,58,42,42,1000,Bottom,k-Median Rule,99.6,99.4,0.428
2D Euclidean,2,100,58,42,42,1000,Bottom,k-Median-Shapley,89.4,79.10000000000001,0.451
2D Euclidean,3,100,58,42,42,1000,Cutoff,Evaluative Voting,100.0,100.0,0.6666666666666636
2D Euclidean,3,100,58,42,42,1000,Cutoff,k-Median Rule,100.0,100.0,0.6473333333333313
2D Euclidean,3,100,58,42,42,1000,Cutoff,k-Median-Shapley,98.5,98.5,0.6249999999999988
2D Euclidean,3,100,58,42,42,1000,Bottom,Evaluative Voting,100.0,100.0,0.6666666666666636
2D Euclidean,3,100,58,42,42,1000,Bottom,k-Median Rule,100.0,100.0,0.6236666666666661
2D Euclidean,3,100,58,42,42,1000,Bottom,k-Median-Shapley,94.39999999999999,90.7,0.6233333333333329
2D Euclidean,4,100,58,42,42,1000,Cutoff,Evaluative Voting,100.0,100.0,0.75
2D Euclidean,4,100,58,42,42,1000,Cutoff,k-Median Rule,100.0,100.0,0.75
2D Euclidean,4,100,58,42,42,1000,Cutoff,k-Median-Shapley,96.8,96.8,0.758
2D Euclidean,4,100,58,42,42,1000,Bottom,Evaluative Voting,100.0,100.0,0.75
2D Euclidean,4,100,58,42,42,1000,Bottom,k-Median Rule,100.0,100.0,0.75
2D Euclidean,4,100,58,42,42,1000,Bottom,k-Median-Shapley,96.8,96.8,0.758
2D Euclidean,2,100,57,43,43,1000,Cutoff,Evaluative Voting,100.0,100.0,0.5
2D Euclidean,2,100,57,43,43,1000,Cutoff,k-Median Rule,100.0,100.0,0.457
2D Euclidean,2,100,57,43,43,1000,Cutoff,k-Median-Shapley,98.0,96.89999999999999,0.421
2D Euclidean,2,100,57,43,43,1000,Bottom,Evaluative Voting,100.0,100.0,0.5
2D Euclidean,2,100,57,43,43,1000,Bottom,k-Median Rule,99.8,99.7,0.426
2D Euclidean,2,100,57,43,43,1000,Bottom,k-Median-Shapley,91.9,83.2,0.434
2D Euclidean,3,100,57,43,43,1000,Cutoff,Evaluative Voting,100.0,100.0,0.6666666666666636
2D Euclidean,3,100,57,43,43,1000,Cutoff,k-Median Rule,100.0,100.0,0.6449999999999982
2D Euclidean,3,100,57,43,43,1000,Cutoff,k-Median-Shapley,98.5,98.4,0.6209999999999989
2D Euclidean,3,100,57,43,43,1000,Bottom,Evaluative Voting,100.0,100.0,0.6666666666666636
2D Euclidean,3,100,57,43,43,1000,Bottom,k-Median Rule,100.0,100.0,0.6136666666666667
2D Euclidean,3,100,57,43,43,1000,Bottom,k-Median-Shapley,96.1,93.8,0.607
2D Euclidean,4,100,57,43,43,1000,Cutoff,Evaluative Voting,100.0,100.0,0.75
2D Euclidean,4,100,57,43,43,1000,Cutoff,k-Median Rule,100.0,100.0,0.75
2D Euclidean,4,100,57,43,43,1000,Cutoff,k-Median-Shapley,98.4,98.4,0.754
2D Euclidean,4,100,57,43,43,1000,Bottom,Evaluative Voting,100.0,100.0,0.75
2D Euclidean,4,100,57,43,43,1000,Bottom,k-Median Rule,100.0,100.0,0.75
2D Euclidean,4,100,57,43,43,1000,Bottom,k-Median-Shapley,98.4,98.4,0.754
2D Euclidean,2,100,56,44,44,1000,Cutoff,Evaluative Voting,100.0,100.0,0.5
2D Euclidean,2,100,56,44,44,1000,Cutoff,k-Median Rule,100.0,100.0,0.456
2D Euclidean,2,100,56,44,44,1000,Cutoff,k-Median-Shapley,98.2,97.6,0.4235
2D Euclidean,2,100,56,44,44,1000,Bottom,Evaluative Voting,100.0,100.0,0.5
2D Euclidean,2,100,56,44,44,1000,Bottom,k-Median Rule,99.9,99.8,0.424
2D Euclidean,2,100,56,44,44,1000,Bottom,k-Median-Shapley,93.2,86.2,0.426
2D Euclidean,3,100,56,44,44,1000,Cutoff,Evaluative Voting,100.0,100.0,0.6666666666666636
2D Euclidean,3,100,56,44,44,1000,Cutoff,k-Median Rule,100.0,100.0,0.6423333333333314
2D Euclidean,3,100,56,44,44,1000,Cutoff,k-Median-Shapley,98.7,98.7,0.612333333333333
2D Euclidean,3,100,56,44,44,1000,Bottom,Evaluative Voting,100.0,100.0,0.6666666666666636
2D Euclidean,3,100,56,44,44,1000,Bottom,k-Median Rule,100.0,100.0,0.6116666666666668
2D Euclidean,3,100,56,44,44,1000,Bottom,k-Median-Shapley,96.5,94.8,0.6059999999999999
2D Euclidean,4,100,56,44,44,1000,Cutoff,Evaluative Voting,100.0,100.0,0.75
2D Euclidean,4,100,56,44,44,1000,Cutoff,k-Median Rule,100.0,100.0,0.75
2D Euclidean,4,100,56,44,44,1000,Cutoff,k-Median-Shapley,98.8,98.8,0.753
2D Euclidean,4,100,56,44,44,1000,Bottom,Evaluative Voting,100.0,100.0,0.75
2D Euclidean,4,100,56,44,44,1000,Bottom,k-Median Rule,100.0,100.0,0.75
2D Euclidean,4,100,56,44,44,1000,Bottom,k-Median-Shapley,98.8,98.8,0.753
2D Euclidean,2,100,55,45,45,1000,Cutoff,Evaluative Voting,100.0,100.0,0.5
2D Euclidean,2,100,55,45,45,1000,Cutoff,k-Median Rule,100.0,100.0,0.4475
2D Euclidean,2,100,55,45,45,1000,Cutoff,k-Median-Shapley,98.5,98.0,0.42
2D Euclidean,2,100,55,45,45,1000,Bottom,Evaluative Voting,100.0,100.0,0.5
2D Euclidean,2,100,55,45,45,1000,Bottom,k-Median Rule,100.0,99.9,0.4125
2D Euclidean,2,100,55,45,45,1000,Bottom,k-Median-Shapley,93.89999999999999,88.7,0.4175
2D Euclidean,3,100,55,45,45,1000,Cutoff,Evaluative Voting,100.0,100.0,0.6666666666666636
2D Euclidean,3,100,55,45,45,1000,Cutoff,k-Median Rule,100.0,100.0,0.6326666666666656
2D Euclidean,3,100,55,45,45,1000,Cutoff,k-Median-Shapley,99.0,99.0,0.6086666666666665
2D Euclidean,3,100,55,45,45,1000,Bottom,Evaluative Voting,100.0,100.0,0.6666666666666636
2D Euclidean,3,100,55,45,45,1000,Bottom,k-Median Rule,100.0,100.0,0.6043333333333339
2D Euclidean,3,100,55,45,45,1000,Bottom,k-Median-Shapley,97.8,96.8,0.5976666666666668
2D Euclidean,4,100,55,45,45,1000,Cutoff,Evaluative Voting,100.0,100.0,0.75
2D Euclidean,4,100,55,45,45,1000,Cutoff,k-Median Rule,100.0,100.0,0.75
2D Euclidean,4,100,55,45,45,1000,Cutoff,k-Median-Shapley,99.5,99.5,0.75125
2D Euclidean,4,100,55,45,45,1000,Bottom,Evaluative Voting,100.0,100.0,0.75
2D Euclidean,4,100,55,45,45,1000,Bottom,k-Median Rule,100.0,100.0,0.75
2D Euclidean,4,100,55,45,45,1000,Bottom,k-Median-Shapley,99.5,99.5,0.75125
2D Euclidean,2,100,54,46,46,1000,Cutoff,Evaluative Voting,100.0,100.0,0.5
2D Euclidean,2,100,54,46,46,1000,Cutoff,k-Median Rule,100.0,100.0,0.446
2D Euclidean,2,100,54,46,46,1000,Cutoff,k-Median-Shapley,99.1,98.8,0.411
2D Euclidean,2,100,54,46,46,1000,Bottom,Evaluative Voting,100.0,100.0,0.5
2D Euclidean,2,100,54,46,46,1000,Bottom,k-Median Rule,100.0,100.0,0.4095
2D Euclidean,2,100,54,46,46,1000,Bottom,k-Median-Shapley,97.1,92.0,0.3975
2D Euclidean,3,100,54,46,46,1000,Cutoff,Evaluative Voting,100.0,100.0,0.6666666666666636
2D Euclidean,3,100,54,46,46,1000,Cutoff,k-Median Rule,100.0,100.0,0.633333333333332
2D Euclidean,3,100,54,46,46,1000,Cutoff,k-Median-Shapley,99.6,99.6,0.6076666666666665
2D Euclidean,3,100,54,46,46,1000,Bottom,Evaluative Voting,100.0,100.0,0.6666666666666636
2D Euclidean,3,100,54,46,46,1000,Bottom,k-Median Rule,100.0,100.0,0.6053333333333338
2D Euclidean,3,100,54,46,46,1000,Bottom,k-Median-Shapley,98.2,96.8,0.5953333333333335
2D Euclidean,4,100,54,46,46,1000,Cutoff,Evaluative Voting,100.0,100.0,0.75
2D Euclidean,4,100,54,46,46,1000,Cutoff,k-Median Rule,100.0,100.0,0.75
2D Euclidean,4,100,54,46,46,1000,Cutoff,k-Median-Shapley,99.2,99.2,0.752
2D Euclidean,4,100,54,46,46,1000,Bottom,Evaluative Voting,100.0,100.0,0.75
2D Euclidean,4,100,54,46,46,1000,Bottom,k-Median Rule,100.0,100.0,0.75
2D Euclidean,4,100,54,46,46,1000,Bottom,k-Median-Shapley,99.2,99.2,0.752
2D Euclidean,2,100,53,47,47,1000,Cutoff,Evaluative Voting,100.0,100.0,0.5
2D Euclidean,2,100,53,47,47,1000,Cutoff,k-Median Rule,100.0,100.0,0.441
2D Euclidean,2,100,53,47,47,1000,Cutoff,k-Median-Shapley,99.6,99.1,0.4005
2D Euclidean,2,100,53,47,47,1000,Bottom,Evaluative Voting,100.0,100.0,0.5
2D Euclidean,2,100,53,47,47,1000,Bottom,k-Median Rule,100.0,100.0,0.3975
2D Euclidean,2,100,53,47,47,1000,Bottom,k-Median-Shapley,97.3,94.39999999999999,0.387
2D Euclidean,3,100,53,47,47,1000,Cutoff,Evaluative Voting,100.0,100.0,0.6666666666666636
2D Euclidean,3,100,53,47,47,1000,Cutoff,k-Median Rule,100.0,100.0,0.627999999999999
2D Euclidean,3,100,53,47,47,1000,Cutoff,k-Median-Shapley,99.9,99.9,0.603666666666667
2D Euclidean,3,100,53,47,47,1000,Bottom,Evaluative Voting,100.0,100.0,0.6666666666666636
2D Euclidean,3,100,53,47,47,1000,Bottom,k-Median Rule,100.0,100.0,0.5963333333333345
2D Euclidean,3,100,53,47,47,1000,Bottom,k-Median-Shapley,99.5,98.5,0.5813333333333338
2D Euclidean,4,100,53,47,47,1000,Cutoff,Evaluative Voting,100.0,100.0,0.75
2D Euclidean,4,100,53,47,47,1000,Cutoff,k-Median Rule,100.0,100.0,0.75
2D Euclidean,4,100,53,47,47,1000,Cutoff,k-Median-Shapley,99.5,99.5,0.75125
2D Euclidean,4,100,53,47,47,1000,Bottom,Evaluative Voting,100.0,100.0,0.75
2D Euclidean,4,100,53,47,47,1000,Bottom,k-Median Rule,100.0,100.0,0.75
2D Euclidean,4,100,53,47,47,1000,Bottom,k-Median-Shapley,99.5,99.5,0.75125
2D Euclidean,2,100,52,48,48,1000,Cutoff,Evaluative Voting,100.0,100.0,0.5
2D Euclidean,2,100,52,48,48,1000,Cutoff,k-Median Rule,100.0,100.0,0.435
2D Euclidean,2,100,52,48,48,1000,Cutoff,k-Median-Shapley,99.7,99.6,0.3995
2D Euclidean,2,100,52,48,48,1000,Bottom,Evaluative Voting,100.0,100.0,0.5
2D Euclidean,2,100,52,48,48,1000,Bottom,k-Median Rule,100.0,100.0,0.3925
2D Euclidean,2,100,52,48,48,1000,Bottom,k-Median-Shapley,98.5,95.89999999999999,0.3845
2D Euclidean,3,100,52,48,48,1000,Cutoff,Evaluative Voting,100.0,100.0,0.6666666666666636
2D Euclidean,3,100,52,48,48,1000,Cutoff,k-Median Rule,100.0,100.0,0.630333333333332
2D Euclidean,3,100,52,48,48,1000,Cutoff,k-Median-Shapley,99.7,99.7,0.5986666666666678
2D Euclidean,3,100,52,48,48,1000,Bottom,Evaluative Voting,100.0,100.0,0.6666666666666636
2D Euclidean,3,100,52,48,48,1000,Bottom,k-Median Rule,100.0,100.0,0.598000000000001
2D Euclidean,3,100,52,48,48,1000,Bottom,k-Median-Shapley,99.4,98.6,0.5810000000000001
2D Euclidean,4,100,52,48,48,1000,Cutoff,Evaluative Voting,100.0,100.0,0.75
2D Euclidean,4,100,52,48,48,1000,Cutoff,k-Median Rule,100.0,100.0,0.75
2D Euclidean,4,100,52,48,48,1000,Cutoff,k-Median-Shapley,99.5,99.5,0.75125
2D Euclidean,4,100,52,48,48,1000,Bottom,Evaluative Voting,100.0,100.0,0.75
2D Euclidean,4,100,52,48,48,1000,Bottom,k-Median Rule,100.0,100.0,0.75
2D Euclidean,4,100,52,48,48,1000,Bottom,k-Median-Shapley,99.5,99.5,0.75125
2D Euclidean,2,100,51,49,49,1000,Cutoff,Evaluative Voting,100.0,100.0,0.5
2D Euclidean,2,100,51,49,49,1000,Cutoff,k-Median Rule,100.0,100.0,0.4325
2D Euclidean,2,100,51,49,49,1000,Cutoff,k-Median-Shapley,99.9,99.9,0.399
2D Euclidean,2,100,51,49,49,1000,Bottom,Evaluative Voting,100.0,100.0,0.5
2D Euclidean,2,100,51,49,49,1000,Bottom,k-Median Rule,100.0,100.0,0.3855
2D Euclidean,2,100,51,49,49,1000,Bottom,k-Median-Shapley,99.3,97.89999999999999,0.3645
2D Euclidean,3,100,51,49,49,1000,Cutoff,Evaluative Voting,100.0,100.0,0.6666666666666636
2D Euclidean,3,100,51,49,49,1000,Cutoff,k-Median Rule,100.0,100.0,0.6336666666666653
2D Euclidean,3,100,51,49,49,1000,Cutoff,k-Median-Shapley,99.9,99.9,0.601
2D Euclidean,3,100,51,49,49,1000,Bottom,Evaluative Voting,100.0,100.0,0.6666666666666636
2D Euclidean,3,100,51,49,49,1000,Bottom,k-Median Rule,100.0,100.0,0.6016666666666678
2D Euclidean,3,100,51,49,49,1000,Bottom,k-Median-Shapley,99.7,99.4,0.5766666666666675
2D Euclidean,4,100,51,49,49,1000,Cutoff,Evaluative Voting,100.0,100.0,0.75
2D Euclidean,4,100,51,49,49,1000,Cutoff,k-Median Rule,100.0,100.0,0.75
2D Euclidean,4,100,51,49,49,1000,Cutoff,k-Median-Shapley,99.7,99.7,0.75075
2D Euclidean,4,100,51,49,49,1000,Bottom,Evaluative Voting,100.0,100.0,0.75
2D Euclidean,4,100,51,49,49,1000,Bottom,k-Median Rule,100.0,100.0,0.75
2D Euclidean,4,100,51,49,49,1000,Bottom,k-Median-Shapley,99.7,99.7,0.75075
Impartial Anonymous Culture (IAC),2,100,99,1,1,1000,Cutoff,Evaluative Voting,10.8,10.8,0.946
Impartial Anonymous Culture (IAC),2,100,99,1,1,1000,Cutoff,k-Median Rule,7.1,7.1,0.9645
Impartial Anonymous Culture (IAC),2,100,99,1,1,1000,Cutoff,k-Median-Shapley,12.2,11.200000000000001,0.939
Impartial Anonymous Culture (IAC),2,100,99,1,1,1000,Bottom,Evaluative Voting,0.0,0.0,1.0
Impartial Anonymous Culture (IAC),2,100,99,1,1,1000,Bottom,k-Median Rule,6.9,0.0,0.9655
Impartial Anonymous Culture (IAC),2,100,99,1,1,1000,Bottom,k-Median-Shapley,11.0,0.1,0.945
Impartial Anonymous Culture (IAC),3,100,99,1,1,1000,Cutoff,Evaluative Voting,12.3,12.3,0.9589999999999986
Impartial Anonymous Culture (IAC),3,100,99,1,1,1000,Cutoff,k-Median Rule,6.7,6.7,0.9773333333333323
Impartial Anonymous Culture (IAC),3,100,99,1,1,1000,Cutoff,k-Median-Shapley,9.5,9.0,0.968333333333332
Impartial Anonymous Culture (IAC),3,100,99,1,1,1000,Bottom,Evaluative Voting,0.2,0.2,0.9993333333333333
Impartial Anonymous Culture (IAC),3,100,99,1,1,1000,Bottom,k-Median Rule,6.7,0.1,0.9773333333333323
Impartial Anonymous Culture (IAC),3,100,99,1,1,1000,Bottom,k-Median-Shapley,8.1,0.5,0.9729999999999989
Impartial Anonymous Culture (IAC),4,100,99,1,1,1000,Cutoff,Evaluative Voting,9.1,9.1,0.97725
Impartial Anonymous Culture (IAC),4,100,99,1,1,1000,Cutoff,k-Median Rule,4.9,4.9,0.98775
Impartial Anonymous Culture (IAC),4,100,99,1,1,1000,Cutoff,k-Median-Shapley,7.9,7.9,0.98025
Impartial Anonymous Culture (IAC),4,100,99,1,1,1000,Bottom,Evaluative Voting,9.1,9.1,0.97725
Impartial Anonymous Culture (IAC),4,100,99,1,1,1000,Bottom,k-Median Rule,4.9,4.9,0.98775
Impartial Anonymous Culture (IAC),4,100,99,1,1,1000,Bottom,k-Median-Shapley,7.9,7.9,0.98025
Impartial Anonymous Culture (IAC),2,100,98,2,2,1000,Cutoff,Evaluative Voting,20.9,20.9,0.8955
Impartial Anonymous Culture (IAC),2,100,98,2,2,1000,Cutoff,k-Median Rule,10.299999999999999,10.299999999999999,0.9485
Impartial Anonymous Culture (IAC),2,100,98,2,2,1000,Cutoff,k-Median-Shapley,13.8,12.7,0.931
Impartial Anonymous Culture (IAC),2,100,98,2,2,1000,Bottom,Evaluative Voting,0.1,0.1,0.9995
Impartial Anonymous Culture (IAC),2,100,98,2,2,1000,Bottom,k-Median Rule,7.6,0.7000000000000001,0.962
Impartial Anonymous Culture (IAC),2,100,98,2,2,1000,Bottom,k-Median-Shapley,10.9,0.4,0.9455
Impartial Anonymous Culture (IAC),3,100,98,2,2,1000,Cutoff,Evaluative Voting,25.900000000000002,25.900000000000002,0.9136666666666639
Impartial Anonymous Culture (IAC),3,100,98,2,2,1000,Cutoff,k-Median Rule,12.1,12.1,0.9596666666666649
Impartial Anonymous Culture (IAC),3,100,98,2,2,1000,Cutoff,k-Median-Shapley,12.4,11.700000000000001,0.9586666666666648
Impartial Anonymous Culture (IAC),3,100,98,2,2,1000,Bottom,Evaluative Voting,1.7999999999999998,1.7999999999999998,0.9939999999999998
Impartial Anonymous Culture (IAC),3,100,98,2,2,1000,Bottom,k-Median Rule,9.8,2.9000000000000004,0.9673333333333319
Impartial Anonymous Culture (IAC),3,100,98,2,2,1000,Bottom,k-Median-Shapley,9.5,1.2,0.9683333333333319
Impartial Anonymous Culture (IAC),4,100,98,2,2,1000,Cutoff,Evaluative Voting,16.900000000000002,16.900000000000002,0.95775
Impartial Anonymous Culture (IAC),4,100,98,2,2,1000,Cutoff,k-Median Rule,10.100000000000001,10.100000000000001,0.97475
Impartial Anonymous Culture (IAC),4,100,98,2,2,1000,Cutoff,k-Median-Shapley,11.3,11.3,0.97175
Impartial Anonymous Culture (IAC),4,100,98,2,2,1000,Bottom,Evaluative Voting,16.900000000000002,16.900000000000002,0.95775
Impartial Anonymous Culture (IAC),4,100,98,2,2,1000,Bottom,k-Median Rule,10.100000000000001,10.100000000000001,0.97475
Impartial Anonymous Culture (IAC),4,100,98,2,2,1000,Bottom,k-Median-Shapley,11.3,11.3,0.97175
Impartial Anonymous Culture (IAC),2,100,97,3,3,1000,Cutoff,Evaluative Voting,31.900000000000002,31.900000000000002,0.8405
Impartial Anonymous Culture (IAC),2,100,97,3,3,1000,Cutoff,k-Median Rule,17.599999999999998,17.599999999999998,0.912
Impartial Anonymous Culture (IAC),2,100,97,3,3,1000,Cutoff,k-Median-Shapley,19.0,17.8,0.9045
Impartial Anonymous Culture (IAC),2,100,97,3,3,1000,Bottom,Evaluative Voting,0.2,0.2,0.999
Impartial Anonymous Culture (IAC),2,100,97,3,3,1000,Bottom,k-Median Rule,13.700000000000001,0.5,0.9315
Impartial Anonymous Culture (IAC),2,100,97,3,3,1000,Bottom,k-Median-Shapley,14.2,0.2,0.9285
Impartial Anonymous Culture (IAC),3,100,97,3,3,1000,Cutoff,Evaluative Voting,34.4,34.4,0.8853333333333298
Impartial Anonymous Culture (IAC),3,100,97,3,3,1000,Cutoff,k-Median Rule,18.7,18.7,0.936333333333331
Impartial Anonymous Culture (IAC),3,100,97,3,3,1000,Cutoff,k-Median-Shapley,16.3,15.7,0.9453333333333312
Impartial Anonymous Culture (IAC),3,100,97,3,3,1000,Bottom,Evaluative Voting,3.5999999999999996,3.5999999999999996,0.9879999999999998
Impartial Anonymous Culture (IAC),3,100,97,3,3,1000,Bottom,k-Median Rule,16.0,3.0,0.9449999999999978
Impartial Anonymous Culture (IAC),3,100,97,3,3,1000,Bottom,k-Median-Shapley,13.8,1.9,0.9536666666666647
Impartial Anonymous Culture (IAC),4,100,97,3,3,1000,Cutoff,Evaluative Voting,24.3,24.3,0.93925
Impartial Anonymous Culture (IAC),4,100,97,3,3,1000,Cutoff,k-Median Rule,15.299999999999999,15.299999999999999,0.96175
Impartial Anonymous Culture (IAC),4,100,97,3,3,1000,Cutoff,k-Median-Shapley,15.4,15.4,0.9615
Impartial Anonymous Culture (IAC),4,100,97,3,3,1000,Bottom,Evaluative Voting,24.3,24.3,0.93925
Impartial Anonymous Culture (IAC),4,100,97,3,3,1000,Bottom,k-Median Rule,15.299999999999999,15.299999999999999,0.96175
Impartial Anonymous Culture (IAC),4,100,97,3,3,1000,Bottom,k-Median-Shapley,15.4,15.4,0.9615
Impartial Anonymous Culture (IAC),2,100,96,4,4,1000,Cutoff,Evaluative Voting,40.300000000000004,40.300000000000004,0.7985
Impartial Anonymous Culture (IAC),2,100,96,4,4,1000,Cutoff,k-Median Rule,22.0,22.0,0.889
Impartial Anonymous Culture (IAC),2,100,96,4,4,1000,Cutoff,k-Median-Shapley,20.3,19.400000000000002,0.8985
Impartial Anonymous Culture (IAC),2,100,96,4,4,1000,Bottom,Evaluative Voting,0.2,0.2,0.999
Impartial Anonymous Culture (IAC),2,100,96,4,4,1000,Bottom,k-Median Rule,14.499999999999998,1.2,0.9265
Impartial Anonymous Culture (IAC),2,100,96,4,4,1000,Bottom,k-Median-Shapley,14.2,0.2,0.929
Impartial Anonymous Culture (IAC),3,100,96,4,4,1000,Cutoff,Evaluative Voting,41.5,41.5,0.8616666666666627
Impartial Anonymous Culture (IAC),3,100,96,4,4,1000,Cutoff,k-Median Rule,23.400000000000002,23.400000000000002,0.9209999999999969
Impartial Anonymous Culture (IAC),3,100,96,4,4,1000,Cutoff,k-Median-Shapley,17.7,17.299999999999997,0.9409999999999978
Impartial Anonymous Culture (IAC),3,100,96,4,4,1000,Bottom,Evaluative Voting,6.0,6.0,0.9799999999999994
Impartial Anonymous Culture (IAC),3,100,96,4,4,1000,Bottom,k-Median Rule,17.4,5.3,0.9406666666666641
Impartial Anonymous Culture (IAC),3,100,96,4,4,1000,Bottom,k-Median-Shapley,13.0,2.5,0.9566666666666648
Impartial Anonymous Culture (IAC),4,100,96,4,4,1000,Cutoff,Evaluative Voting,32.1,32.1,0.91975
Impartial Anonymous Culture (IAC),4,100,96,4,4,1000,Cutoff,k-Median Rule,19.7,19.7,0.95075
Impartial Anonymous Culture (IAC),4,100,96,4,4,1000,Cutoff,k-Median-Shapley,17.8,17.8,0.9555
Impartial Anonymous Culture (IAC),4,100,96,4,4,1000,Bottom,Evaluative Voting,32.1,32.1,0.91975
Impartial Anonymous Culture (IAC),4,100,96,4,4,1000,Bottom,k-Median Rule,19.7,19.7,0.95075
Impartial Anonymous Culture (IAC),4,100,96,4,4,1000,Bottom,k-Median-Shapley,17.8,17.8,0.9555
Impartial Anonymous Culture (IAC),2,100,95,5,5,1000,Cutoff,Evaluative Voting,48.8,48.8,0.756
Impartial Anonymous Culture (IAC),2,100,95,5,5,1000,Cutoff,k-Median Rule,28.7,28.7,0.8545
Impartial Anonymous Culture (IAC),2,100,95,5,5,1000,Cutoff,k-Median-Shapley,26.8,25.2,0.8655
Impartial Anonymous Culture (IAC),2,100,95,5,5,1000,Bottom,Evaluative Voting,1.4000000000000001,1.4000000000000001,0.993
Impartial Anonymous Culture (IAC),2,100,95,5,5,1000,Bottom,k-Median Rule,21.2,1.6,0.8915
Impartial Anonymous Culture (IAC),2,100,95,5,5,1000,Bottom,k-Median-Shapley,18.0,0.4,0.9095
Impartial Anonymous Culture (IAC),3,100,95,5,5,1000,Cutoff,Evaluative Voting,50.2,50.2,0.8326666666666622
Impartial Anonymous Culture (IAC),3,100,95,5,5,1000,Cutoff,k-Median Rule,29.799999999999997,29.799999999999997,0.8989999999999964
Impartial Anonymous Culture (IAC),3,100,95,5,5,1000,Cutoff,k-Median-Shapley,24.4,23.9,0.9186666666666637
Impartial Anonymous Culture (IAC),3,100,95,5,5,1000,Bottom,Evaluative Voting,8.9,8.9,0.9703333333333325
Impartial Anonymous Culture (IAC),3,100,95,5,5,1000,Bottom,k-Median Rule,22.8,6.0,0.9226666666666635
Impartial Anonymous Culture (IAC),3,100,95,5,5,1000,Bottom,k-Median-Shapley,17.2,4.0,0.9426666666666645
Impartial Anonymous Culture (IAC),4,100,95,5,5,1000,Cutoff,Evaluative Voting,38.2,38.2,0.9045
Impartial Anonymous Culture (IAC),4,100,95,5,5,1000,Cutoff,k-Median Rule,25.0,25.0,0.9375
Impartial Anonymous Culture (IAC),4,100,95,5,5,1000,Cutoff,k-Median-Shapley,21.3,21.3,0.94675
Impartial Anonymous Culture (IAC),4,100,95,5,5,1000,Bottom,Evaluative Voting,38.2,38.2,0.9045
Impartial Anonymous Culture (IAC),4,100,95,5,5,1000,Bottom,k-Median Rule,25.0,25.0,0.9375
Impartial Anonymous Culture (IAC),4,100,95,5,5,1000,Bottom,k-Median-Shapley,21.3,21.3,0.94675
Impartial Anonymous Culture (IAC),2,100,94,6,6,1000,Cutoff,Evaluative Voting,56.3,56.3,0.7185
Impartial Anonymous Culture (IAC),2,100,94,6,6,1000,Cutoff,k-Median Rule,32.1,32.1,0.837
Impartial Anonymous Culture (IAC),2,100,94,6,6,1000,Cutoff,k-Median-Shapley,29.7,28.499999999999996,0.8495
Impartial Anonymous Culture (IAC),2,100,94,6,6,1000,Bottom,Evaluative Voting,2.0,2.0,0.99
Impartial Anonymous Culture (IAC),2,100,94,6,6,1000,Bottom,k-Median Rule,22.1,3.3000000000000003,0.8865
Impartial Anonymous Culture (IAC),2,100,94,6,6,1000,Bottom,k-Median-Shapley,18.7,1.0999999999999999,0.905
Impartial Anonymous Culture (IAC),3,100,94,6,6,1000,Cutoff,Evaluative Voting,58.599999999999994,58.599999999999994,0.804666666666662
Impartial Anonymous Culture (IAC),3,100,94,6,6,1000,Cutoff,k-Median Rule,34.4,34.4,0.8839999999999959
Impartial Anonymous Culture (IAC),3,100,94,6,6,1000,Cutoff,k-Median-Shapley,27.1,26.700000000000003,0.9093333333333302
Impartial Anonymous Culture (IAC),3,100,94,6,6,1000,Bottom,Evaluative Voting,12.2,12.2,0.9593333333333319
Impartial Anonymous Culture (IAC),3,100,94,6,6,1000,Bottom,k-Median Rule,25.4,9.2,0.9139999999999968
Impartial Anonymous Culture (IAC),3,100,94,6,6,1000,Bottom,k-Median-Shapley,18.3,5.0,0.9389999999999978
Impartial Anonymous Culture (IAC),4,100,94,6,6,1000,Cutoff,Evaluative Voting,44.7,44.7,0.88825
Impartial Anonymous Culture (IAC),4,100,94,6,6,1000,Cutoff,k-Median Rule,29.4,29.4,0.9265
Impartial Anonymous Culture (IAC),4,100,94,6,6,1000,Cutoff,k-Median-Shapley,24.0,24.0,0.94
Impartial Anonymous Culture (IAC),4,100,94,6,6,1000,Bottom,Evaluative Voting,44.7,44.7,0.88825
Impartial Anonymous Culture (IAC),4,100,94,6,6,1000,Bottom,k-Median Rule,29.4,29.4,0.9265
Impartial Anonymous Culture (IAC),4,100,94,6,6,1000,Bottom,k-Median-Shapley,24.0,24.0,0.94
Impartial Anonymous Culture (IAC),2,100,93,7,7,1000,Cutoff,Evaluative Voting,63.5,63.5,0.6825
Impartial Anonymous Culture (IAC),2,100,93,7,7,1000,Cutoff,k-Median Rule,37.7,37.7,0.806
Impartial Anonymous Culture (IAC),2,100,93,7,7,1000,Cutoff,k-Median-Shapley,32.7,31.6,0.8345
Impartial Anonymous Culture (IAC),2,100,93,7,7,1000,Bottom,Evaluative Voting,3.5000000000000004,3.5000000000000004,0.9825
Impartial Anonymous Culture (IAC),2,100,93,7,7,1000,Bottom,k-Median Rule,27.500000000000004,3.9,0.858
Impartial Anonymous Culture (IAC),2,100,93,7,7,1000,Bottom,k-Median-Shapley,20.0,1.0999999999999999,0.8985
Impartial Anonymous Culture (IAC),3,100,93,7,7,1000,Cutoff,Evaluative Voting,64.60000000000001,64.60000000000001,0.7846666666666616
Impartial Anonymous Culture (IAC),3,100,93,7,7,1000,Cutoff,k-Median Rule,39.900000000000006,39.900000000000006,0.8646666666666625
Impartial Anonymous Culture (IAC),3,100,93,7,7,1000,Cutoff,k-Median-Shapley,32.5,32.0,0.8916666666666629
Impartial Anonymous Culture (IAC),3,100,93,7,7,1000,Bottom,Evaluative Voting,17.4,17.4,0.9419999999999982
Impartial Anonymous Culture (IAC),3,100,93,7,7,1000,Bottom,k-Median Rule,31.4,11.799999999999999,0.8933333333333299
Impartial Anonymous Culture (IAC),3,100,93,7,7,1000,Bottom,k-Median-Shapley,21.0,4.9,0.9296666666666641
Impartial Anonymous Culture (IAC),4,100,93,7,7,1000,Cutoff,Evaluative Voting,51.5,51.5,0.87125
Impartial Anonymous Culture (IAC),4,100,93,7,7,1000,Cutoff,k-Median Rule,34.300000000000004,34.300000000000004,0.91425
Impartial Anonymous Culture (IAC),4,100,93,7,7,1000,Cutoff,k-Median-Shapley,27.200000000000003,27.200000000000003,0.932
Impartial Anonymous Culture (IAC),4,100,93,7,7,1000,Bottom,Evaluative Voting,51.5,51.5,0.87125
Impartial Anonymous Culture (IAC),4,100,93,7,7,1000,Bottom,k-Median Rule,34.300000000000004,34.300000000000004,0.91425
Impartial Anonymous Culture (IAC),4,100,93,7,7,1000,Bottom,k-Median-Shapley,27.200000000000003,27.200000000000003,0.932
Impartial Anonymous Culture (IAC),2,100,92,8,8,1000,Cutoff,Evaluative Voting,69.89999999999999,69.89999999999999,0.6505
Impartial Anonymous Culture (IAC),2,100,92,8,8,1000,Cutoff,k-Median Rule,40.699999999999996,40.699999999999996,0.7915
Impartial Anonymous Culture (IAC),2,100,92,8,8,1000,Cutoff,k-Median-Shapley,36.1,35.099999999999994,0.817
Impartial Anonymous Culture (IAC),2,100,92,8,8,1000,Bottom,Evaluative Voting,4.5,4.5,0.9775
Impartial Anonymous Culture (IAC),2,100,92,8,8,1000,Bottom,k-Median Rule,28.599999999999998,5.6000000000000005,0.8515
Impartial Anonymous Culture (IAC),2,100,92,8,8,1000,Bottom,k-Median-Shapley,21.8,1.3,0.8895
Impartial Anonymous Culture (IAC),3,100,92,8,8,1000,Cutoff,Evaluative Voting,70.89999999999999,70.89999999999999,0.7636666666666615
Impartial Anonymous Culture (IAC),3,100,92,8,8,1000,Cutoff,k-Median Rule,44.7,44.7,0.8493333333333285
Impartial Anonymous Culture (IAC),3,100,92,8,8,1000,Cutoff,k-Median-Shapley,35.9,35.099999999999994,0.879999999999996
Impartial Anonymous Culture (IAC),3,100,92,8,8,1000,Bottom,Evaluative Voting,23.799999999999997,23.799999999999997,0.9206666666666643
Impartial Anonymous Culture (IAC),3,100,92,8,8,1000,Bottom,k-Median Rule,35.099999999999994,16.3,0.8789999999999962
Impartial Anonymous Culture (IAC),3,100,92,8,8,1000,Bottom,k-Median-Shapley,23.7,6.7,0.919999999999997
Impartial Anonymous Culture (IAC),4,100,92,8,8,1000,Cutoff,Evaluative Voting,58.599999999999994,58.599999999999994,0.8535
Impartial Anonymous Culture (IAC),4,100,92,8,8,1000,Cutoff,k-Median Rule,38.5,38.5,0.90375
Impartial Anonymous Culture (IAC),4,100,92,8,8,1000,Cutoff,k-Median-Shapley,29.9,29.9,0.92525
Impartial Anonymous Culture (IAC),4,100,92,8,8,1000,Bottom,Evaluative Voting,58.599999999999994,58.599999999999994,0.8535
Impartial Anonymous Culture (IAC),4,100,92,8,8,1000,Bottom,k-Median Rule,38.5,38.5,0.90375
Impartial Anonymous Culture (IAC),4,100,92,8,8,1000,Bottom,k-Median-Shapley,29.9,29.9,0.92525
Impartial Anonymous Culture (IAC),2,100,91,9,9,1000,Cutoff,Evaluative Voting,74.7,74.7,0.6265
Impartial Anonymous Culture (IAC),2,100,91,9,9,1000,Cutoff,k-Median Rule,45.800000000000004,45.800000000000004,0.7645
Impartial Anonymous Culture (IAC),2,100,91,9,9,1000,Cutoff,k-Median-Shapley,39.7,38.2,0.7985
Impartial Anonymous Culture (IAC),2,100,91,9,9,1000,Bottom,Evaluative Voting,7.199999999999999,7.199999999999999,0.964
Impartial Anonymous Culture (IAC),2,100,91,9,9,1000,Bottom,k-Median Rule,32.9,5.8999999999999995,0.829
Impartial Anonymous Culture (IAC),2,100,91,9,9,1000,Bottom,k-Median-Shapley,24.099999999999998,2.0,0.878
Impartial Anonymous Culture (IAC),3,100,91,9,9,1000,Cutoff,Evaluative Voting,75.2,75.2,0.7493333333333285
Impartial Anonymous Culture (IAC),3,100,91,9,9,1000,Cutoff,k-Median Rule,50.0,50.0,0.8313333333333287
Impartial Anonymous Culture (IAC),3,100,91,9,9,1000,Cutoff,k-Median-Shapley,39.0,38.3,0.8689999999999959
Impartial Anonymous Culture (IAC),3,100,91,9,9,1000,Bottom,Evaluative Voting,29.099999999999998,29.099999999999998,0.9029999999999971
Impartial Anonymous Culture (IAC),3,100,91,9,9,1000,Bottom,k-Median Rule,38.5,16.8,0.8673333333333291
Impartial Anonymous Culture (IAC),3,100,91,9,9,1000,Bottom,k-Median-Shapley,24.2,7.5,0.9183333333333307
Impartial Anonymous Culture (IAC),4,100,91,9,9,1000,Cutoff,Evaluative Voting,63.4,63.4,0.8415
Impartial Anonymous Culture (IAC),4,100,91,9,9,1000,Cutoff,k-Median Rule,41.5,41.5,0.89625
Impartial Anonymous Culture (IAC),4,100,91,9,9,1000,Cutoff,k-Median-Shapley,32.300000000000004,32.300000000000004,0.91925
Impartial Anonymous Culture (IAC),4,100,91,9,9,1000,Bottom,Evaluative Voting,63.4,63.4,0.8415
Impartial Anonymous Culture (IAC),4,100,91,9,9,1000,Bottom,k-Median Rule,41.5,41.5,0.89625
Impartial Anonymous Culture (IAC),4,100,91,9,9,1000,Bottom,k-Median-Shapley,32.300000000000004,32.300000000000004,0.91925
Impartial Anonymous Culture (IAC),2,100,90,10,10,1000,Cutoff,Evaluative Voting,79.60000000000001,79.60000000000001,0.602
Impartial Anonymous Culture (IAC),2,100,90,10,10,1000,Cutoff,k-Median Rule,47.599999999999994,47.599999999999994,0.757
Impartial Anonymous Culture (IAC),2,100,90,10,10,1000,Cutoff,k-Median-Shapley,42.6,41.4,0.784
Impartial Anonymous Culture (IAC),2,100,90,10,10,1000,Bottom,Evaluative Voting,10.8,10.8,0.946
Impartial Anonymous Culture (IAC),2,100,90,10,10,1000,Bottom,k-Median Rule,34.1,8.200000000000001,0.8245
Impartial Anonymous Culture (IAC),2,100,90,10,10,1000,Bottom,k-Median-Shapley,24.9,1.7999999999999998,0.873
Impartial Anonymous Culture (IAC),3,100,90,10,10,1000,Cutoff,Evaluative Voting,79.9,79.9,0.7336666666666619
Impartial Anonymous Culture (IAC),3,100,90,10,10,1000,Cutoff,k-Median Rule,52.1,52.1,0.8239999999999953
Impartial Anonymous Culture (IAC),3,100,90,10,10,1000,Cutoff,k-Median-Shapley,42.1,41.199999999999996,0.8589999999999954
Impartial Anonymous Culture (IAC),3,100,90,10,10,1000,Bottom,Evaluative Voting,35.699999999999996,35.699999999999996,0.8809999999999962
Impartial Anonymous Culture (IAC),3,100,90,10,10,1000,Bottom,k-Median Rule,41.4,20.9,0.8573333333333292
Impartial Anonymous Culture (IAC),3,100,90,10,10,1000,Bottom,k-Median-Shapley,26.700000000000003,9.5,0.90833333333333
Impartial Anonymous Culture (IAC),4,100,90,10,10,1000,Cutoff,Evaluative Voting,68.5,68.5,0.82875
Impartial Anonymous Culture (IAC),4,100,90,10,10,1000,Cutoff,k-Median Rule,46.6,46.6,0.8835
Impartial Anonymous Culture (IAC),4,100,90,10,10,1000,Cutoff,k-Median-Shapley,34.5,34.5,0.91375
Impartial Anonymous Culture (IAC),4,100,90,10,10,1000,Bottom,Evaluative Voting,68.5,68.5,0.82875
Impartial Anonymous Culture (IAC),4,100,90,10,10,1000,Bottom,k-Median Rule,46.6,46.6,0.8835
Impartial Anonymous Culture (IAC),4,100,90,10,10,1000,Bottom,k-Median-Shapley,34.5,34.5,0.91375
Impartial Anonymous Culture (IAC),2,100,89,11,11,1000,Cutoff,Evaluative Voting,83.5,83.5,0.5825
Impartial Anonymous Culture (IAC),2,100,89,11,11,1000,Cutoff,k-Median Rule,52.6,52.6,0.728
Impartial Anonymous Culture (IAC),2,100,89,11,11,1000,Cutoff,k-Median-Shapley,45.0,43.9,0.7725
Impartial Anonymous Culture (IAC),2,100,89,11,11,1000,Bottom,Evaluative Voting,14.499999999999998,14.499999999999998,0.9275
Impartial Anonymous Culture (IAC),2,100,89,11,11,1000,Bottom,k-Median Rule,38.7,10.8,0.798
Impartial Anonymous Culture (IAC),2,100,89,11,11,1000,Bottom,k-Median-Shapley,24.3,2.5,0.8765
Impartial Anonymous Culture (IAC),3,100,89,11,11,1000,Cutoff,Evaluative Voting,84.5,84.5,0.7183333333333287
Impartial Anonymous Culture (IAC),3,100,89,11,11,1000,Cutoff,k-Median Rule,57.199999999999996,57.199999999999996,0.8059999999999954
Impartial Anonymous Culture (IAC),3,100,89,11,11,1000,Cutoff,k-Median-Shapley,44.5,43.9,0.8503333333333287
Impartial Anonymous Culture (IAC),3,100,89,11,11,1000,Bottom,Evaluative Voting,41.199999999999996,41.199999999999996,0.8626666666666624
Impartial Anonymous Culture (IAC),3,100,89,11,11,1000,Bottom,k-Median Rule,46.0,24.3,0.8393333333333292
Impartial Anonymous Culture (IAC),3,100,89,11,11,1000,Bottom,k-Median-Shapley,27.400000000000002,11.1,0.9056666666666633
Impartial Anonymous Culture (IAC),4,100,89,11,11,1000,Cutoff,Evaluative Voting,72.89999999999999,72.89999999999999,0.81775
Impartial Anonymous Culture (IAC),4,100,89,11,11,1000,Cutoff,k-Median Rule,50.2,50.2,0.8745
Impartial Anonymous Culture (IAC),4,100,89,11,11,1000,Cutoff,k-Median-Shapley,37.2,37.2,0.907
Impartial Anonymous Culture (IAC),4,100,89,11,11,1000,Bottom,Evaluative Voting,72.89999999999999,72.89999999999999,0.81775
Impartial Anonymous Culture (IAC),4,100,89,11,11,1000,Bottom,k-Median Rule,50.2,50.2,0.8745
Impartial Anonymous Culture (IAC),4,100,89,11,11,1000,Bottom,k-Median-Shapley,37.2,37.2,0.907
Impartial Anonymous Culture (IAC),2,100,88,12,12,1000,Cutoff,Evaluative Voting,86.7,86.7,0.5665
Impartial Anonymous Culture (IAC),2,100,88,12,12,1000,Cutoff,k-Median Rule,55.60000000000001,55.60000000000001,0.711
Impartial Anonymous Culture (IAC),2,100,88,12,12,1000,Cutoff,k-Median-Shapley,47.0,46.0,0.762
Impartial Anonymous Culture (IAC),2,100,88,12,12,1000,Bottom,Evaluative Voting,19.0,19.0,0.905
Impartial Anonymous Culture (IAC),2,100,88,12,12,1000,Bottom,k-Median Rule,39.900000000000006,12.5,0.789
Impartial Anonymous Culture (IAC),2,100,88,12,12,1000,Bottom,k-Median-Shapley,25.5,3.3000000000000003,0.8695
Impartial Anonymous Culture (IAC),3,100,88,12,12,1000,Cutoff,Evaluative Voting,87.4,87.4,0.7086666666666626
Impartial Anonymous Culture (IAC),3,100,88,12,12,1000,Cutoff,k-Median Rule,60.9,60.9,0.7929999999999952
Impartial Anonymous Culture (IAC),3,100,88,12,12,1000,Cutoff,k-Median-Shapley,47.5,47.199999999999996,0.8403333333333285
Impartial Anonymous Culture (IAC),3,100,88,12,12,1000,Bottom,Evaluative Voting,46.6,46.6,0.844666666666662
Impartial Anonymous Culture (IAC),3,100,88,12,12,1000,Bottom,k-Median Rule,46.800000000000004,27.800000000000004,0.8346666666666623
Impartial Anonymous Culture (IAC),3,100,88,12,12,1000,Bottom,k-Median-Shapley,31.1,14.099999999999998,0.8936666666666632
Impartial Anonymous Culture (IAC),4,100,88,12,12,1000,Cutoff,Evaluative Voting,77.3,77.3,0.80675
Impartial Anonymous Culture (IAC),4,100,88,12,12,1000,Cutoff,k-Median Rule,53.900000000000006,53.900000000000006,0.86525
Impartial Anonymous Culture (IAC),4,100,88,12,12,1000,Cutoff,k-Median-Shapley,41.699999999999996,41.699999999999996,0.89575
Impartial Anonymous Culture (IAC),4,100,88,12,12,1000,Bottom,Evaluative Voting,77.3,77.3,0.80675
Impartial Anonymous Culture (IAC),4,100,88,12,12,1000,Bottom,k-Median Rule,53.900000000000006,53.900000000000006,0.86525
Impartial Anonymous Culture (IAC),4,100,88,12,12,1000,Bottom,k-Median-Shapley,41.699999999999996,41.699999999999996,0.89575
Impartial Anonymous Culture (IAC),2,100,87,13,13,1000,Cutoff,Evaluative Voting,89.3,89.3,0.5535
Impartial Anonymous Culture (IAC),2,100,87,13,13,1000,Cutoff,k-Median Rule,59.9,59.9,0.6865
Impartial Anonymous Culture (IAC),2,100,87,13,13,1000,Cutoff,k-Median-Shapley,51.300000000000004,50.2,0.7395
Impartial Anonymous Culture (IAC),2,100,87,13,13,1000,Bottom,Evaluative Voting,25.1,25.1,0.8745
Impartial Anonymous Culture (IAC),2,100,87,13,13,1000,Bottom,k-Median Rule,44.0,14.6,0.7645
Impartial Anonymous Culture (IAC),2,100,87,13,13,1000,Bottom,k-Median-Shapley,27.500000000000004,4.0,0.86
Impartial Anonymous Culture (IAC),3,100,87,13,13,1000,Cutoff,Evaluative Voting,90.3,90.3,0.6989999999999958
Impartial Anonymous Culture (IAC),3,100,87,13,13,1000,Cutoff,k-Median Rule,64.5,64.5,0.7779999999999954
Impartial Anonymous Culture (IAC),3,100,87,13,13,1000,Cutoff,k-Median-Shapley,49.8,49.3,0.8323333333333285
Impartial Anonymous Culture (IAC),3,100,87,13,13,1000,Bottom,Evaluative Voting,52.800000000000004,52.800000000000004,0.8239999999999952
Impartial Anonymous Culture (IAC),3,100,87,13,13,1000,Bottom,k-Median Rule,51.6,31.0,0.8146666666666631
Impartial Anonymous Culture (IAC),3,100,87,13,13,1000,Bottom,k-Median-Shapley,32.6,15.5,0.8886666666666632
Impartial Anonymous Culture (IAC),4,100,87,13,13,1000,Cutoff,Evaluative Voting,81.0,81.0,0.7975
Impartial Anonymous Culture (IAC),4,100,87,13,13,1000,Cutoff,k-Median Rule,57.699999999999996,57.699999999999996,0.85575
Impartial Anonymous Culture (IAC),4,100,87,13,13,1000,Cutoff,k-Median-Shapley,44.1,44.1,0.88975
Impartial Anonymous Culture (IAC),4,100,87,13,13,1000,Bottom,Evaluative Voting,81.0,81.0,0.7975
Impartial Anonymous Culture (IAC),4,100,87,13,13,1000,Bottom,k-Median Rule,57.699999999999996,57.699999999999996,0.85575
Impartial Anonymous Culture (IAC),4,100,87,13,13,1000,Bottom,k-Median-Shapley,44.1,44.1,0.88975
Impartial Anonymous Culture (IAC),2,100,86,14,14,1000,Cutoff,Evaluative Voting,91.60000000000001,91.60000000000001,0.542
Impartial Anonymous Culture (IAC),2,100,86,14,14,1000,Cutoff,k-Median Rule,62.9,62.9,0.673
Impartial Anonymous Culture (IAC),2,100,86,14,14,1000,Cutoff,k-Median-Shapley,54.1,53.400000000000006,0.7265
Impartial Anonymous Culture (IAC),2,100,86,14,14,1000,Bottom,Evaluative Voting,29.099999999999998,29.099999999999998,0.8545
Impartial Anonymous Culture (IAC),2,100,86,14,14,1000,Bottom,k-Median Rule,46.5,18.099999999999998,0.7515
Impartial Anonymous Culture (IAC),2,100,86,14,14,1000,Bottom,k-Median-Shapley,26.200000000000003,4.9,0.865
Impartial Anonymous Culture (IAC),3,100,86,14,14,1000,Cutoff,Evaluative Voting,92.4,92.4,0.6919999999999962
Impartial Anonymous Culture (IAC),3,100,86,14,14,1000,Cutoff,k-Median Rule,67.10000000000001,67.10000000000001,0.7696666666666618
Impartial Anonymous Culture (IAC),3,100,86,14,14,1000,Cutoff,k-Median-Shapley,53.2,52.5,0.8199999999999954
Impartial Anonymous Culture (IAC),3,100,86,14,14,1000,Bottom,Evaluative Voting,58.5,58.5,0.8049999999999953
Impartial Anonymous Culture (IAC),3,100,86,14,14,1000,Bottom,k-Median Rule,55.300000000000004,35.8,0.8029999999999962
Impartial Anonymous Culture (IAC),3,100,86,14,14,1000,Bottom,k-Median-Shapley,35.699999999999996,18.0,0.8789999999999958
Impartial Anonymous Culture (IAC),4,100,86,14,14,1000,Cutoff,Evaluative Voting,83.89999999999999,83.89999999999999,0.79025
Impartial Anonymous Culture (IAC),4,100,86,14,14,1000,Cutoff,k-Median Rule,60.9,60.9,0.84775
Impartial Anonymous Culture (IAC),4,100,86,14,14,1000,Cutoff,k-Median-Shapley,46.5,46.5,0.88375
Impartial Anonymous Culture (IAC),4,100,86,14,14,1000,Bottom,Evaluative Voting,83.89999999999999,83.89999999999999,0.79025
Impartial Anonymous Culture (IAC),4,100,86,14,14,1000,Bottom,k-Median Rule,60.9,60.9,0.84775
Impartial Anonymous Culture (IAC),4,100,86,14,14,1000,Bottom,k-Median-Shapley,46.5,46.5,0.88375
Impartial Anonymous Culture (IAC),2,100,85,15,15,1000,Cutoff,Evaluative Voting,93.8,93.8,0.531
Impartial Anonymous Culture (IAC),2,100,85,15,15,1000,Cutoff,k-Median Rule,67.0,67.0,0.6505
Impartial Anonymous Culture (IAC),2,100,85,15,15,1000,Cutoff,k-Median-Shapley,57.199999999999996,56.49999999999999,0.7105
Impartial Anonymous Culture (IAC),2,100,85,15,15,1000,Bottom,Evaluative Voting,34.0,34.0,0.83
Impartial Anonymous Culture (IAC),2,100,85,15,15,1000,Bottom,k-Median Rule,50.0,19.400000000000002,0.7285
Impartial Anonymous Culture (IAC),2,100,85,15,15,1000,Bottom,k-Median-Shapley,29.799999999999997,6.0,0.8485
Impartial Anonymous Culture (IAC),3,100,85,15,15,1000,Cutoff,Evaluative Voting,94.19999999999999,94.19999999999999,0.6859999999999962
Impartial Anonymous Culture (IAC),3,100,85,15,15,1000,Cutoff,k-Median Rule,71.39999999999999,71.39999999999999,0.7543333333333283
Impartial Anonymous Culture (IAC),3,100,85,15,15,1000,Cutoff,k-Median-Shapley,56.99999999999999,56.2,0.8073333333333286
Impartial Anonymous Culture (IAC),3,100,85,15,15,1000,Bottom,Evaluative Voting,64.2,64.2,0.785999999999995
Impartial Anonymous Culture (IAC),3,100,85,15,15,1000,Bottom,k-Median Rule,59.699999999999996,38.4,0.7853333333333296
Impartial Anonymous Culture (IAC),3,100,85,15,15,1000,Bottom,k-Median-Shapley,35.6,19.5,0.8773333333333297
Impartial Anonymous Culture (IAC),4,100,85,15,15,1000,Cutoff,Evaluative Voting,88.2,88.2,0.7795
Impartial Anonymous Culture (IAC),4,100,85,15,15,1000,Cutoff,k-Median Rule,63.7,63.7,0.84075
Impartial Anonymous Culture (IAC),4,100,85,15,15,1000,Cutoff,k-Median-Shapley,48.0,48.0,0.88
Impartial Anonymous Culture (IAC),4,100,85,15,15,1000,Bottom,Evaluative Voting,88.2,88.2,0.7795
Impartial Anonymous Culture (IAC),4,100,85,15,15,1000,Bottom,k-Median Rule,63.7,63.7,0.84075
Impartial Anonymous Culture (IAC),4,100,85,15,15,1000,Bottom,k-Median-Shapley,48.0,48.0,0.88
Impartial Anonymous Culture (IAC),2,100,84,16,16,1000,Cutoff,Evaluative Voting,95.1,95.1,0.5245
Impartial Anonymous Culture (IAC),2,100,84,16,16,1000,Cutoff,k-Median Rule,68.89999999999999,68.89999999999999,0.6405
Impartial Anonymous Culture (IAC),2,100,84,16,16,1000,Cutoff,k-Median-Shapley,60.3,59.9,0.6935
Impartial Anonymous Culture (IAC),2,100,84,16,16,1000,Bottom,Evaluative Voting,39.0,39.0,0.805
Impartial Anonymous Culture (IAC),2,100,84,16,16,1000,Bottom,k-Median Rule,52.800000000000004,23.3,0.7145
Impartial Anonymous Culture (IAC),2,100,84,16,16,1000,Bottom,k-Median-Shapley,30.5,7.3,0.844
Impartial Anonymous Culture (IAC),3,100,84,16,16,1000,Cutoff,Evaluative Voting,95.8,95.8,0.680666666666663
Impartial Anonymous Culture (IAC),3,100,84,16,16,1000,Cutoff,k-Median Rule,73.6,73.6,0.7453333333333285
Impartial Anonymous Culture (IAC),3,100,84,16,16,1000,Cutoff,k-Median-Shapley,60.0,59.4,0.7986666666666615
Impartial Anonymous Culture (IAC),3,100,84,16,16,1000,Bottom,Evaluative Voting,68.4,68.4,0.7719999999999949
Impartial Anonymous Culture (IAC),3,100,84,16,16,1000,Bottom,k-Median Rule,62.4,43.2,0.774666666666663
Impartial Anonymous Culture (IAC),3,100,84,16,16,1000,Bottom,k-Median-Shapley,38.5,22.0,0.8669999999999962
Impartial Anonymous Culture (IAC),4,100,84,16,16,1000,Cutoff,Evaluative Voting,90.7,90.7,0.77325
Impartial Anonymous Culture (IAC),4,100,84,16,16,1000,Cutoff,k-Median Rule,66.4,66.4,0.834
Impartial Anonymous Culture (IAC),4,100,84,16,16,1000,Cutoff,k-Median-Shapley,50.6,50.6,0.8735
Impartial Anonymous Culture (IAC),4,100,84,16,16,1000,Bottom,Evaluative Voting,90.7,90.7,0.77325
Impartial Anonymous Culture (IAC),4,100,84,16,16,1000,Bottom,k-Median Rule,66.4,66.4,0.834
Impartial Anonymous Culture (IAC),4,100,84,16,16,1000,Bottom,k-Median-Shapley,50.6,50.6,0.8735
Impartial Anonymous Culture (IAC),2,100,83,17,17,1000,Cutoff,Evaluative Voting,96.0,96.0,0.52
Impartial Anonymous Culture (IAC),2,100,83,17,17,1000,Cutoff,k-Median Rule,72.89999999999999,72.89999999999999,0.6155
Impartial Anonymous Culture (IAC),2,100,83,17,17,1000,Cutoff,k-Median-Shapley,62.8,62.4,0.6805
Impartial Anonymous Culture (IAC),2,100,83,17,17,1000,Bottom,Evaluative Voting,44.1,44.1,0.7795
Impartial Anonymous Culture (IAC),2,100,83,17,17,1000,Bottom,k-Median Rule,56.3,25.900000000000002,0.693
Impartial Anonymous Culture (IAC),2,100,83,17,17,1000,Bottom,k-Median-Shapley,31.7,8.1,0.8395
Impartial Anonymous Culture (IAC),3,100,83,17,17,1000,Cutoff,Evaluative Voting,97.2,97.2,0.6759999999999966
Impartial Anonymous Culture (IAC),3,100,83,17,17,1000,Cutoff,k-Median Rule,76.5,76.5,0.7333333333333285
Impartial Anonymous Culture (IAC),3,100,83,17,17,1000,Cutoff,k-Median-Shapley,62.6,61.8,0.7899999999999954
Impartial Anonymous Culture (IAC),3,100,83,17,17,1000,Bottom,Evaluative Voting,73.5,73.5,0.7549999999999953
Impartial Anonymous Culture (IAC),3,100,83,17,17,1000,Bottom,k-Median Rule,65.60000000000001,45.9,0.7593333333333301
Impartial Anonymous Culture (IAC),3,100,83,17,17,1000,Bottom,k-Median-Shapley,40.1,23.1,0.8616666666666626
Impartial Anonymous Culture (IAC),4,100,83,17,17,1000,Cutoff,Evaluative Voting,92.30000000000001,92.30000000000001,0.76925
Impartial Anonymous Culture (IAC),4,100,83,17,17,1000,Cutoff,k-Median Rule,68.5,68.5,0.82875
Impartial Anonymous Culture (IAC),4,100,83,17,17,1000,Cutoff,k-Median-Shapley,53.900000000000006,53.900000000000006,0.86525
Impartial Anonymous Culture (IAC),4,100,83,17,17,1000,Bottom,Evaluative Voting,92.30000000000001,92.30000000000001,0.76925
Impartial Anonymous Culture (IAC),4,100,83,17,17,1000,Bottom,k-Median Rule,68.5,68.5,0.82875
Impartial Anonymous Culture (IAC),4,100,83,17,17,1000,Bottom,k-Median-Shapley,53.900000000000006,53.900000000000006,0.86525
Impartial Anonymous Culture (IAC),2,100,82,18,18,1000,Cutoff,Evaluative Voting,97.3,97.3,0.5135
Impartial Anonymous Culture (IAC),2,100,82,18,18,1000,Cutoff,k-Median Rule,74.6,74.6,0.6055
Impartial Anonymous Culture (IAC),2,100,82,18,18,1000,Cutoff,k-Median-Shapley,64.1,63.6,0.6745
Impartial Anonymous Culture (IAC),2,100,82,18,18,1000,Bottom,Evaluative Voting,50.3,50.3,0.7485
Impartial Anonymous Culture (IAC),2,100,82,18,18,1000,Bottom,k-Median Rule,58.699999999999996,28.599999999999998,0.678
Impartial Anonymous Culture (IAC),2,100,82,18,18,1000,Bottom,k-Median-Shapley,33.5,8.799999999999999,0.827
Impartial Anonymous Culture (IAC),3,100,82,18,18,1000,Cutoff,Evaluative Voting,98.3,98.3,0.67233333333333
Impartial Anonymous Culture (IAC),3,100,82,18,18,1000,Cutoff,k-Median Rule,79.7,79.7,0.7226666666666621
Impartial Anonymous Culture (IAC),3,100,82,18,18,1000,Cutoff,k-Median-Shapley,66.2,65.9,0.7769999999999951
Impartial Anonymous Culture (IAC),3,100,82,18,18,1000,Bottom,Evaluative Voting,77.3,77.3,0.7423333333333292
Impartial Anonymous Culture (IAC),3,100,82,18,18,1000,Bottom,k-Median Rule,68.2,49.1,0.7499999999999967
Impartial Anonymous Culture (IAC),3,100,82,18,18,1000,Bottom,k-Median-Shapley,42.1,24.7,0.8543333333333288
Impartial Anonymous Culture (IAC),4,100,82,18,18,1000,Cutoff,Evaluative Voting,93.60000000000001,93.60000000000001,0.766
Impartial Anonymous Culture (IAC),4,100,82,18,18,1000,Cutoff,k-Median Rule,71.5,71.5,0.82125
Impartial Anonymous Culture (IAC),4,100,82,18,18,1000,Cutoff,k-Median-Shapley,56.599999999999994,56.599999999999994,0.8585
Impartial Anonymous Culture (IAC),4,100,82,18,18,1000,Bottom,Evaluative Voting,93.60000000000001,93.60000000000001,0.766
Impartial Anonymous Culture (IAC),4,100,82,18,18,1000,Bottom,k-Median Rule,71.5,71.5,0.82125
Impartial Anonymous Culture (IAC),4,100,82,18,18,1000,Bottom,k-Median-Shapley,56.599999999999994,56.599999999999994,0.8585
Impartial Anonymous Culture (IAC),2,100,81,19,19,1000,Cutoff,Evaluative Voting,98.6,98.6,0.507
Impartial Anonymous Culture (IAC),2,100,81,19,19,1000,Cutoff,k-Median Rule,78.0,78.0,0.585
Impartial Anonymous Culture (IAC),2,100,81,19,19,1000,Cutoff,k-Median-Shapley,66.3,65.60000000000001,0.6645
Impartial Anonymous Culture (IAC),2,100,81,19,19,1000,Bottom,Evaluative Voting,56.3,56.3,0.7185
Impartial Anonymous Culture (IAC),2,100,81,19,19,1000,Bottom,k-Median Rule,61.7,30.7,0.66
Impartial Anonymous Culture (IAC),2,100,81,19,19,1000,Bottom,k-Median-Shapley,34.2,10.9,0.8245
Impartial Anonymous Culture (IAC),3,100,81,19,19,1000,Cutoff,Evaluative Voting,98.7,98.7,0.6709999999999967
Impartial Anonymous Culture (IAC),3,100,81,19,19,1000,Cutoff,k-Median Rule,82.3,82.3,0.712333333333329
Impartial Anonymous Culture (IAC),3,100,81,19,19,1000,Cutoff,k-Median-Shapley,68.89999999999999,68.5,0.7686666666666614
Impartial Anonymous Culture (IAC),3,100,81,19,19,1000,Bottom,Evaluative Voting,81.69999999999999,81.69999999999999,0.7276666666666624
Impartial Anonymous Culture (IAC),3,100,81,19,19,1000,Bottom,k-Median Rule,71.5,52.800000000000004,0.7373333333333303
Impartial Anonymous Culture (IAC),3,100,81,19,19,1000,Bottom,k-Median-Shapley,46.0,29.5,0.8396666666666623
Impartial Anonymous Culture (IAC),4,100,81,19,19,1000,Cutoff,Evaluative Voting,94.5,94.5,0.76375
Impartial Anonymous Culture (IAC),4,100,81,19,19,1000,Cutoff,k-Median Rule,74.9,74.9,0.81275
Impartial Anonymous Culture (IAC),4,100,81,19,19,1000,Cutoff,k-Median-Shapley,60.4,60.4,0.849
Impartial Anonymous Culture (IAC),4,100,81,19,19,1000,Bottom,Evaluative Voting,94.5,94.5,0.76375
Impartial Anonymous Culture (IAC),4,100,81,19,19,1000,Bottom,k-Median Rule,74.9,74.9,0.81275
Impartial Anonymous Culture (IAC),4,100,81,19,19,1000,Bottom,k-Median-Shapley,60.4,60.4,0.849
Impartial Anonymous Culture (IAC),2,100,80,20,20,1000,Cutoff,Evaluative Voting,99.3,99.3,0.5035
Impartial Anonymous Culture (IAC),2,100,80,20,20,1000,Cutoff,k-Median Rule,79.3,79.3,0.579
Impartial Anonymous Culture (IAC),2,100,80,20,20,1000,Cutoff,k-Median-Shapley,68.60000000000001,68.30000000000001,0.6525
Impartial Anonymous Culture (IAC),2,100,80,20,20,1000,Bottom,Evaluative Voting,63.3,63.3,0.6835
Impartial Anonymous Culture (IAC),2,100,80,20,20,1000,Bottom,k-Median Rule,62.6,34.599999999999994,0.655
Impartial Anonymous Culture (IAC),2,100,80,20,20,1000,Bottom,k-Median-Shapley,34.699999999999996,12.2,0.8215
Impartial Anonymous Culture (IAC),3,100,80,20,20,1000,Cutoff,Evaluative Voting,99.1,99.1,0.6696666666666635
Impartial Anonymous Culture (IAC),3,100,80,20,20,1000,Cutoff,k-Median Rule,83.1,83.1,0.7103333333333293
Impartial Anonymous Culture (IAC),3,100,80,20,20,1000,Cutoff,k-Median-Shapley,70.19999999999999,70.1,0.7633333333333284
Impartial Anonymous Culture (IAC),3,100,80,20,20,1000,Bottom,Evaluative Voting,85.5,85.5,0.7149999999999958
Impartial Anonymous Culture (IAC),3,100,80,20,20,1000,Bottom,k-Median Rule,73.4,56.699999999999996,0.7273333333333303
Impartial Anonymous Culture (IAC),3,100,80,20,20,1000,Bottom,k-Median-Shapley,47.9,31.900000000000002,0.833333333333329
Impartial Anonymous Culture (IAC),4,100,80,20,20,1000,Cutoff,Evaluative Voting,96.39999999999999,96.39999999999999,0.759
Impartial Anonymous Culture (IAC),4,100,80,20,20,1000,Cutoff,k-Median Rule,77.0,77.0,0.8075
Impartial Anonymous Culture (IAC),4,100,80,20,20,1000,Cutoff,k-Median-Shapley,62.8,62.8,0.843
Impartial Anonymous Culture (IAC),4,100,80,20,20,1000,Bottom,Evaluative Voting,96.39999999999999,96.39999999999999,0.759
Impartial Anonymous Culture (IAC),4,100,80,20,20,1000,Bottom,k-Median Rule,77.0,77.0,0.8075
Impartial Anonymous Culture (IAC),4,100,80,20,20,1000,Bottom,k-Median-Shapley,62.8,62.8,0.843
Impartial Anonymous Culture (IAC),2,100,79,21,21,1000,Cutoff,Evaluative Voting,99.4,99.4,0.503
Impartial Anonymous Culture (IAC),2,100,79,21,21,1000,Cutoff,k-Median Rule,82.6,82.6,0.557
Impartial Anonymous Culture (IAC),2,100,79,21,21,1000,Cutoff,k-Median-Shapley,70.89999999999999,70.6,0.6415
Impartial Anonymous Culture (IAC),2,100,79,21,21,1000,Bottom,Evaluative Voting,69.0,69.0,0.655
Impartial Anonymous Culture (IAC),2,100,79,21,21,1000,Bottom,k-Median Rule,65.7,37.4,0.63
Impartial Anonymous Culture (IAC),2,100,79,21,21,1000,Bottom,k-Median-Shapley,37.0,15.1,0.8095
Impartial Anonymous Culture (IAC),3,100,79,21,21,1000,Cutoff,Evaluative Voting,99.4,99.4,0.6686666666666635
Impartial Anonymous Culture (IAC),3,100,79,21,21,1000,Cutoff,k-Median Rule,85.9,85.9,0.6983333333333297
Impartial Anonymous Culture (IAC),3,100,79,21,21,1000,Cutoff,k-Median-Shapley,73.3,73.1,0.7529999999999949
Impartial Anonymous Culture (IAC),3,100,79,21,21,1000,Bottom,Evaluative Voting,88.5,88.5,0.7049999999999961
Impartial Anonymous Culture (IAC),3,100,79,21,21,1000,Bottom,k-Median Rule,76.3,59.9,0.7146666666666635
Impartial Anonymous Culture (IAC),3,100,79,21,21,1000,Bottom,k-Median-Shapley,50.5,37.1,0.8229999999999958
Impartial Anonymous Culture (IAC),4,100,79,21,21,1000,Cutoff,Evaluative Voting,97.7,97.7,0.75575
Impartial Anonymous Culture (IAC),4,100,79,21,21,1000,Cutoff,k-Median Rule,79.9,79.9,0.80025
Impartial Anonymous Culture (IAC),4,100,79,21,21,1000,Cutoff,k-Median-Shapley,65.60000000000001,65.60000000000001,0.836
Impartial Anonymous Culture (IAC),4,100,79,21,21,1000,Bottom,Evaluative Voting,97.7,97.7,0.75575
Impartial Anonymous Culture (IAC),4,100,79,21,21,1000,Bottom,k-Median Rule,79.9,79.9,0.80025
Impartial Anonymous Culture (IAC),4,100,79,21,21,1000,Bottom,k-Median-Shapley,65.60000000000001,65.60000000000001,0.836
Impartial Anonymous Culture (IAC),2,100,78,22,22,1000,Cutoff,Evaluative Voting,99.7,99.7,0.5015
Impartial Anonymous Culture (IAC),2,100,78,22,22,1000,Cutoff,k-Median Rule,83.6,83.6,0.552
Impartial Anonymous Culture (IAC),2,100,78,22,22,1000,Cutoff,k-Median-Shapley,73.1,72.7,0.6295
Impartial Anonymous Culture (IAC),2,100,78,22,22,1000,Bottom,Evaluative Voting,72.89999999999999,72.89999999999999,0.6355
Impartial Anonymous Culture (IAC),2,100,78,22,22,1000,Bottom,k-Median Rule,67.10000000000001,42.0,0.624
Impartial Anonymous Culture (IAC),2,100,78,22,22,1000,Bottom,k-Median-Shapley,40.1,17.8,0.7925
Impartial Anonymous Culture (IAC),3,100,78,22,22,1000,Cutoff,Evaluative Voting,99.4,99.4,0.6686666666666635
Impartial Anonymous Culture (IAC),3,100,78,22,22,1000,Cutoff,k-Median Rule,86.8,86.8,0.6949999999999962
Impartial Anonymous Culture (IAC),3,100,78,22,22,1000,Cutoff,k-Median-Shapley,76.4,76.3,0.7419999999999953
Impartial Anonymous Culture (IAC),3,100,78,22,22,1000,Bottom,Evaluative Voting,90.8,90.8,0.6973333333333296
Impartial Anonymous Culture (IAC),3,100,78,22,22,1000,Bottom,k-Median Rule,79.2,64.4,0.7023333333333303
Impartial Anonymous Culture (IAC),3,100,78,22,22,1000,Bottom,k-Median-Shapley,53.0,40.400000000000006,0.8156666666666624
Impartial Anonymous Culture (IAC),4,100,78,22,22,1000,Cutoff,Evaluative Voting,98.6,98.6,0.7535
Impartial Anonymous Culture (IAC),4,100,78,22,22,1000,Cutoff,k-Median Rule,82.19999999999999,82.19999999999999,0.7945
Impartial Anonymous Culture (IAC),4,100,78,22,22,1000,Cutoff,k-Median-Shapley,69.0,69.0,0.8275
Impartial Anonymous Culture (IAC),4,100,78,22,22,1000,Bottom,Evaluative Voting,98.6,98.6,0.7535
Impartial Anonymous Culture (IAC),4,100,78,22,22,1000,Bottom,k-Median Rule,82.19999999999999,82.19999999999999,0.7945
Impartial Anonymous Culture (IAC),4,100,78,22,22,1000,Bottom,k-Median-Shapley,69.0,69.0,0.8275
Impartial Anonymous Culture (IAC),2,100,77,23,23,1000,Cutoff,Evaluative Voting,99.8,99.8,0.501
Impartial Anonymous Culture (IAC),2,100,77,23,23,1000,Cutoff,k-Median Rule,86.4,86.4,0.5335
Impartial Anonymous Culture (IAC),2,100,77,23,23,1000,Cutoff,k-Median-Shapley,75.3,74.9,0.618
Impartial Anonymous Culture (IAC),2,100,77,23,23,1000,Bottom,Evaluative Voting,77.0,77.0,0.615
Impartial Anonymous Culture (IAC),2,100,77,23,23,1000,Bottom,k-Median Rule,70.7,45.800000000000004,0.5965
Impartial Anonymous Culture (IAC),2,100,77,23,23,1000,Bottom,k-Median-Shapley,43.6,20.7,0.7745
Impartial Anonymous Culture (IAC),3,100,77,23,23,1000,Cutoff,Evaluative Voting,99.6,99.6,0.6679999999999969
Impartial Anonymous Culture (IAC),3,100,77,23,23,1000,Cutoff,k-Median Rule,89.60000000000001,89.60000000000001,0.6819999999999968
Impartial Anonymous Culture (IAC),3,100,77,23,23,1000,Cutoff,k-Median-Shapley,79.3,79.10000000000001,0.733333333333329
Impartial Anonymous Culture (IAC),3,100,77,23,23,1000,Bottom,Evaluative Voting,93.30000000000001,93.30000000000001,0.6889999999999962
Impartial Anonymous Culture (IAC),3,100,77,23,23,1000,Bottom,k-Median Rule,82.6,67.7,0.6849999999999971
Impartial Anonymous Culture (IAC),3,100,77,23,23,1000,Bottom,k-Median-Shapley,55.50000000000001,43.2,0.8049999999999958
Impartial Anonymous Culture (IAC),4,100,77,23,23,1000,Cutoff,Evaluative Voting,99.0,99.0,0.7525
Impartial Anonymous Culture (IAC),4,100,77,23,23,1000,Cutoff,k-Median Rule,84.8,84.8,0.788
Impartial Anonymous Culture (IAC),4,100,77,23,23,1000,Cutoff,k-Median-Shapley,71.7,71.7,0.82075
Impartial Anonymous Culture (IAC),4,100,77,23,23,1000,Bottom,Evaluative Voting,99.0,99.0,0.7525
Impartial Anonymous Culture (IAC),4,100,77,23,23,1000,Bottom,k-Median Rule,84.8,84.8,0.788
Impartial Anonymous Culture (IAC),4,100,77,23,23,1000,Bottom,k-Median-Shapley,71.7,71.7,0.82075
Impartial Anonymous Culture (IAC),2,100,76,24,24,1000,Cutoff,Evaluative Voting,99.8,99.8,0.501
Impartial Anonymous Culture (IAC),2,100,76,24,24,1000,Cutoff,k-Median Rule,87.8,87.8,0.527
Impartial Anonymous Culture (IAC),2,100,76,24,24,1000,Cutoff,k-Median-Shapley,77.0,76.5,0.6095
Impartial Anonymous Culture (IAC),2,100,76,24,24,1000,Bottom,Evaluative Voting,81.6,81.6,0.592
Impartial Anonymous Culture (IAC),2,100,76,24,24,1000,Bottom,k-Median Rule,72.8,50.8,0.5815
Impartial Anonymous Culture (IAC),2,100,76,24,24,1000,Bottom,k-Median-Shapley,45.7,23.200000000000003,0.762
Impartial Anonymous Culture (IAC),3,100,76,24,24,1000,Cutoff,Evaluative Voting,99.8,99.8,0.6673333333333303
Impartial Anonymous Culture (IAC),3,100,76,24,24,1000,Cutoff,k-Median Rule,90.8,90.8,0.6786666666666634
Impartial Anonymous Culture (IAC),3,100,76,24,24,1000,Cutoff,k-Median-Shapley,82.0,81.89999999999999,0.7229999999999955
Impartial Anonymous Culture (IAC),3,100,76,24,24,1000,Bottom,Evaluative Voting,95.5,95.5,0.6816666666666631
Impartial Anonymous Culture (IAC),3,100,76,24,24,1000,Bottom,k-Median Rule,84.8,71.8,0.6749999999999977
Impartial Anonymous Culture (IAC),3,100,76,24,24,1000,Bottom,k-Median-Shapley,57.99999999999999,46.6,0.7969999999999958
Impartial Anonymous Culture (IAC),4,100,76,24,24,1000,Cutoff,Evaluative Voting,99.4,99.4,0.7515
Impartial Anonymous Culture (IAC),4,100,76,24,24,1000,Cutoff,k-Median Rule,86.7,86.7,0.78325
Impartial Anonymous Culture (IAC),4,100,76,24,24,1000,Cutoff,k-Median-Shapley,74.0,74.0,0.815
Impartial Anonymous Culture (IAC),4,100,76,24,24,1000,Bottom,Evaluative Voting,99.4,99.4,0.7515
Impartial Anonymous Culture (IAC),4,100,76,24,24,1000,Bottom,k-Median Rule,86.7,86.7,0.78325
Impartial Anonymous Culture (IAC),4,100,76,24,24,1000,Bottom,k-Median-Shapley,74.0,74.0,0.815
Impartial Anonymous Culture (IAC),2,100,75,25,25,1000,Cutoff,Evaluative Voting,99.9,99.9,0.5005
Impartial Anonymous Culture (IAC),2,100,75,25,25,1000,Cutoff,k-Median Rule,89.9,89.9,0.5165
Impartial Anonymous Culture (IAC),2,100,75,25,25,1000,Cutoff,k-Median-Shapley,79.7,79.4,0.593
Impartial Anonymous Culture (IAC),2,100,75,25,25,1000,Bottom,Evaluative Voting,85.8,85.8,0.571
Impartial Anonymous Culture (IAC),2,100,75,25,25,1000,Bottom,k-Median Rule,75.2,53.7,0.5685
Impartial Anonymous Culture (IAC),2,100,75,25,25,1000,Bottom,k-Median-Shapley,46.6,25.2,0.7545
Impartial Anonymous Culture (IAC),3,100,75,25,25,1000,Cutoff,Evaluative Voting,99.8,99.8,0.6673333333333303
Impartial Anonymous Culture (IAC),3,100,75,25,25,1000,Cutoff,k-Median Rule,92.9,92.9,0.6683333333333308
Impartial Anonymous Culture (IAC),3,100,75,25,25,1000,Cutoff,k-Median-Shapley,82.89999999999999,82.8,0.7203333333333293
Impartial Anonymous Culture (IAC),3,100,75,25,25,1000,Bottom,Evaluative Voting,96.8,96.8,0.6773333333333301
Impartial Anonymous Culture (IAC),3,100,75,25,25,1000,Bottom,k-Median Rule,87.1,75.1,0.664666666666665
Impartial Anonymous Culture (IAC),3,100,75,25,25,1000,Bottom,k-Median-Shapley,61.8,49.3,0.7816666666666627
Impartial Anonymous Culture (IAC),4,100,75,25,25,1000,Cutoff,Evaluative Voting,99.6,99.6,0.751
Impartial Anonymous Culture (IAC),4,100,75,25,25,1000,Cutoff,k-Median Rule,89.8,89.8,0.7755
Impartial Anonymous Culture (IAC),4,100,75,25,25,1000,Cutoff,k-Median-Shapley,76.9,76.9,0.80775
Impartial Anonymous Culture (IAC),4,100,75,25,25,1000,Bottom,Evaluative Voting,99.6,99.6,0.751
Impartial Anonymous Culture (IAC),4,100,75,25,25,1000,Bottom,k-Median Rule,89.8,89.8,0.7755
Impartial Anonymous Culture (IAC),4,100,75,25,25,1000,Bottom,k-Median-Shapley,76.9,76.9,0.80775
Impartial Anonymous Culture (IAC),2,100,74,26,26,1000,Cutoff,Evaluative Voting,99.9,99.9,0.5005
Impartial Anonymous Culture (IAC),2,100,74,26,26,1000,Cutoff,k-Median Rule,91.5,91.5,0.511
Impartial Anonymous Culture (IAC),2,100,74,26,26,1000,Cutoff,k-Median-Shapley,81.2,81.10000000000001,0.587
Impartial Anonymous Culture (IAC),2,100,74,26,26,1000,Bottom,Evaluative Voting,90.3,90.3,0.5485
Impartial Anonymous Culture (IAC),2,100,74,26,26,1000,Bottom,k-Median Rule,78.2,59.099999999999994,0.55
Impartial Anonymous Culture (IAC),2,100,74,26,26,1000,Bottom,k-Median-Shapley,48.4,26.900000000000002,0.745
Impartial Anonymous Culture (IAC),3,100,74,26,26,1000,Cutoff,Evaluative Voting,99.8,99.8,0.6673333333333303
Impartial Anonymous Culture (IAC),3,100,74,26,26,1000,Cutoff,k-Median Rule,93.8,93.8,0.6669999999999975
Impartial Anonymous Culture (IAC),3,100,74,26,26,1000,Cutoff,k-Median-Shapley,84.8,84.7,0.7146666666666628
Impartial Anonymous Culture (IAC),3,100,74,26,26,1000,Bottom,Evaluative Voting,97.6,97.6,0.6746666666666636
Impartial Anonymous Culture (IAC),3,100,74,26,26,1000,Bottom,k-Median Rule,89.3,78.60000000000001,0.6583333333333317
Impartial Anonymous Culture (IAC),3,100,74,26,26,1000,Bottom,k-Median-Shapley,63.3,52.800000000000004,0.7739999999999968
Impartial Anonymous Culture (IAC),4,100,74,26,26,1000,Cutoff,Evaluative Voting,99.6,99.6,0.751
Impartial Anonymous Culture (IAC),4,100,74,26,26,1000,Cutoff,k-Median Rule,91.3,91.3,0.77175
Impartial Anonymous Culture (IAC),4,100,74,26,26,1000,Cutoff,k-Median-Shapley,80.7,80.7,0.79825
Impartial Anonymous Culture (IAC),4,100,74,26,26,1000,Bottom,Evaluative Voting,99.6,99.6,0.751
Impartial Anonymous Culture (IAC),4,100,74,26,26,1000,Bottom,k-Median Rule,91.3,91.3,0.77175
Impartial Anonymous Culture (IAC),4,100,74,26,26,1000,Bottom,k-Median-Shapley,80.7,80.7,0.79825
Impartial Anonymous Culture (IAC),2,100,73,27,27,1000,Cutoff,Evaluative Voting,100.0,100.0,0.5
Impartial Anonymous Culture (IAC),2,100,73,27,27,1000,Cutoff,k-Median Rule,92.9,92.9,0.4965
Impartial Anonymous Culture (IAC),2,100,73,27,27,1000,Cutoff,k-Median-Shapley,83.7,83.6,0.5735
Impartial Anonymous Culture (IAC),2,100,73,27,27,1000,Bottom,Evaluative Voting,91.5,91.5,0.5425
Impartial Anonymous Culture (IAC),2,100,73,27,27,1000,Bottom,k-Median Rule,80.5,62.3,0.5285
Impartial Anonymous Culture (IAC),2,100,73,27,27,1000,Bottom,k-Median-Shapley,51.6,30.7,0.726
Impartial Anonymous Culture (IAC),3,100,73,27,27,1000,Cutoff,Evaluative Voting,99.9,99.9,0.6669999999999969
Impartial Anonymous Culture (IAC),3,100,73,27,27,1000,Cutoff,k-Median Rule,95.5,95.5,0.6563333333333311
Impartial Anonymous Culture (IAC),3,100,73,27,27,1000,Cutoff,k-Median-Shapley,86.7,86.7,0.7079999999999957
Impartial Anonymous Culture (IAC),3,100,73,27,27,1000,Bottom,Evaluative Voting,98.4,98.4,0.671999999999997
Impartial Anonymous Culture (IAC),3,100,73,27,27,1000,Bottom,k-Median Rule,90.3,80.7,0.6516666666666654
Impartial Anonymous Culture (IAC),3,100,73,27,27,1000,Bottom,k-Median-Shapley,66.10000000000001,57.199999999999996,0.7629999999999958
Impartial Anonymous Culture (IAC),4,100,73,27,27,1000,Cutoff,Evaluative Voting,99.9,99.9,0.75025
Impartial Anonymous Culture (IAC),4,100,73,27,27,1000,Cutoff,k-Median Rule,92.7,92.7,0.76825
Impartial Anonymous Culture (IAC),4,100,73,27,27,1000,Cutoff,k-Median-Shapley,82.69999999999999,82.69999999999999,0.79325
Impartial Anonymous Culture (IAC),4,100,73,27,27,1000,Bottom,Evaluative Voting,99.9,99.9,0.75025
Impartial Anonymous Culture (IAC),4,100,73,27,27,1000,Bottom,k-Median Rule,92.7,92.7,0.76825
Impartial Anonymous Culture (IAC),4,100,73,27,27,1000,Bottom,k-Median-Shapley,82.69999999999999,82.69999999999999,0.79325
Impartial Anonymous Culture (IAC),2,100,72,28,28,1000,Cutoff,Evaluative Voting,100.0,100.0,0.5
Impartial Anonymous Culture (IAC),2,100,72,28,28,1000,Cutoff,k-Median Rule,93.4,93.4,0.493
Impartial Anonymous Culture (IAC),2,100,72,28,28,1000,Cutoff,k-Median-Shapley,85.2,85.1,0.562
Impartial Anonymous Culture (IAC),2,100,72,28,28,1000,Bottom,Evaluative Voting,94.19999999999999,94.19999999999999,0.529
Impartial Anonymous Culture (IAC),2,100,72,28,28,1000,Bottom,k-Median Rule,82.8,66.0,0.5125
Impartial Anonymous Culture (IAC),2,100,72,28,28,1000,Bottom,k-Median-Shapley,54.2,34.4,0.711
Impartial Anonymous Culture (IAC),3,100,72,28,28,1000,Cutoff,Evaluative Voting,100.0,100.0,0.6666666666666636
Impartial Anonymous Culture (IAC),3,100,72,28,28,1000,Cutoff,k-Median Rule,96.2,96.2,0.6513333333333317
Impartial Anonymous Culture (IAC),3,100,72,28,28,1000,Cutoff,k-Median-Shapley,89.8,89.8,0.6963333333333296
Impartial Anonymous Culture (IAC),3,100,72,28,28,1000,Bottom,Evaluative Voting,99.0,99.0,0.6699999999999969
Impartial Anonymous Culture (IAC),3,100,72,28,28,1000,Bottom,k-Median Rule,91.5,83.1,0.6426666666666656
Impartial Anonymous Culture (IAC),3,100,72,28,28,1000,Bottom,k-Median-Shapley,68.2,60.5,0.7543333333333296
Impartial Anonymous Culture (IAC),4,100,72,28,28,1000,Cutoff,Evaluative Voting,100.0,100.0,0.75
Impartial Anonymous Culture (IAC),4,100,72,28,28,1000,Cutoff,k-Median Rule,94.3,94.3,0.76425
Impartial Anonymous Culture (IAC),4,100,72,28,28,1000,Cutoff,k-Median-Shapley,83.8,83.8,0.7905
Impartial Anonymous Culture (IAC),4,100,72,28,28,1000,Bottom,Evaluative Voting,100.0,100.0,0.75
Impartial Anonymous Culture (IAC),4,100,72,28,28,1000,Bottom,k-Median Rule,94.3,94.3,0.76425
Impartial Anonymous Culture (IAC),4,100,72,28,28,1000,Bottom,k-Median-Shapley,83.8,83.8,0.7905
Impartial Anonymous Culture (IAC),2,100,71,29,29,1000,Cutoff,Evaluative Voting,100.0,100.0,0.5
Impartial Anonymous Culture (IAC),2,100,71,29,29,1000,Cutoff,k-Median Rule,94.3,94.3,0.483
Impartial Anonymous Culture (IAC),2,100,71,29,29,1000,Cutoff,k-Median-Shapley,86.8,86.6,0.5545
Impartial Anonymous Culture (IAC),2,100,71,29,29,1000,Bottom,Evaluative Voting,95.7,95.7,0.5215
Impartial Anonymous Culture (IAC),2,100,71,29,29,1000,Bottom,k-Median Rule,84.3,69.5,0.497
Impartial Anonymous Culture (IAC),2,100,71,29,29,1000,Bottom,k-Median-Shapley,56.8,38.4,0.693
Impartial Anonymous Culture (IAC),3,100,71,29,29,1000,Cutoff,Evaluative Voting,100.0,100.0,0.6666666666666636
Impartial Anonymous Culture (IAC),3,100,71,29,29,1000,Cutoff,k-Median Rule,97.0,97.0,0.6419999999999991
Impartial Anonymous Culture (IAC),3,100,71,29,29,1000,Cutoff,k-Median-Shapley,90.3,90.10000000000001,0.694666666666663
Impartial Anonymous Culture (IAC),3,100,71,29,29,1000,Bottom,Evaluative Voting,99.4,99.4,0.6686666666666635
Impartial Anonymous Culture (IAC),3,100,71,29,29,1000,Bottom,k-Median Rule,92.4,85.3,0.6373333333333328
Impartial Anonymous Culture (IAC),3,100,71,29,29,1000,Bottom,k-Median-Shapley,70.7,63.7,0.7436666666666636
Impartial Anonymous Culture (IAC),4,100,71,29,29,1000,Cutoff,Evaluative Voting,100.0,100.0,0.75
Impartial Anonymous Culture (IAC),4,100,71,29,29,1000,Cutoff,k-Median Rule,95.39999999999999,95.39999999999999,0.7615
Impartial Anonymous Culture (IAC),4,100,71,29,29,1000,Cutoff,k-Median-Shapley,86.4,86.4,0.784
Impartial Anonymous Culture (IAC),4,100,71,29,29,1000,Bottom,Evaluative Voting,100.0,100.0,0.75
Impartial Anonymous Culture (IAC),4,100,71,29,29,1000,Bottom,k-Median Rule,95.39999999999999,95.39999999999999,0.7615
Impartial Anonymous Culture (IAC),4,100,71,29,29,1000,Bottom,k-Median-Shapley,86.4,86.4,0.784
Impartial Anonymous Culture (IAC),2,100,70,30,30,1000,Cutoff,Evaluative Voting,100.0,100.0,0.5
Impartial Anonymous Culture (IAC),2,100,70,30,30,1000,Cutoff,k-Median Rule,95.8,95.8,0.473
Impartial Anonymous Culture (IAC),2,100,70,30,30,1000,Cutoff,k-Median-Shapley,88.7,88.7,0.543
Impartial Anonymous Culture (IAC),2,100,70,30,30,1000,Bottom,Evaluative Voting,97.2,97.2,0.514
Impartial Anonymous Culture (IAC),2,100,70,30,30,1000,Bottom,k-Median Rule,86.1,73.1,0.483
Impartial Anonymous Culture (IAC),2,100,70,30,30,1000,Bottom,k-Median-Shapley,60.9,43.6,0.6675
Impartial Anonymous Culture (IAC),3,100,70,30,30,1000,Cutoff,Evaluative Voting,100.0,100.0,0.6666666666666636
Impartial Anonymous Culture (IAC),3,100,70,30,30,1000,Cutoff,k-Median Rule,97.5,97.5,0.6413333333333323
Impartial Anonymous Culture (IAC),3,100,70,30,30,1000,Cutoff,k-Median-Shapley,92.10000000000001,92.0,0.6883333333333298
Impartial Anonymous Culture (IAC),3,100,70,30,30,1000,Bottom,Evaluative Voting,99.6,99.6,0.667999999999997
Impartial Anonymous Culture (IAC),3,100,70,30,30,1000,Bottom,k-Median Rule,93.60000000000001,87.8,0.6283333333333329
Impartial Anonymous Culture (IAC),3,100,70,30,30,1000,Bottom,k-Median-Shapley,73.8,67.80000000000001,0.7319999999999968
Impartial Anonymous Culture (IAC),4,100,70,30,30,1000,Cutoff,Evaluative Voting,100.0,100.0,0.75
Impartial Anonymous Culture (IAC),4,100,70,30,30,1000,Cutoff,k-Median Rule,96.1,96.1,0.75975
Impartial Anonymous Culture (IAC),4,100,70,30,30,1000,Cutoff,k-Median-Shapley,87.5,87.5,0.78125
Impartial Anonymous Culture (IAC),4,100,70,30,30,1000,Bottom,Evaluative Voting,100.0,100.0,0.75
Impartial Anonymous Culture (IAC),4,100,70,30,30,1000,Bottom,k-Median Rule,96.1,96.1,0.75975
Impartial Anonymous Culture (IAC),4,100,70,30,30,1000,Bottom,k-Median-Shapley,87.5,87.5,0.78125
Impartial Anonymous Culture (IAC),2,100,69,31,31,1000,Cutoff,Evaluative Voting,100.0,100.0,0.5
Impartial Anonymous Culture (IAC),2,100,69,31,31,1000,Cutoff,k-Median Rule,96.39999999999999,96.39999999999999,0.465
Impartial Anonymous Culture (IAC),2,100,69,31,31,1000,Cutoff,k-Median-Shapley,90.2,90.10000000000001,0.538
Impartial Anonymous Culture (IAC),2,100,69,31,31,1000,Bottom,Evaluative Voting,98.6,98.6,0.507
Impartial Anonymous Culture (IAC),2,100,69,31,31,1000,Bottom,k-Median Rule,88.4,76.3,0.461
Impartial Anonymous Culture (IAC),2,100,69,31,31,1000,Bottom,k-Median-Shapley,64.5,48.4,0.645
Impartial Anonymous Culture (IAC),3,100,69,31,31,1000,Cutoff,Evaluative Voting,100.0,100.0,0.6666666666666636
Impartial Anonymous Culture (IAC),3,100,69,31,31,1000,Cutoff,k-Median Rule,98.2,98.2,0.632666666666666
Impartial Anonymous Culture (IAC),3,100,69,31,31,1000,Cutoff,k-Median-Shapley,93.5,93.5,0.6836666666666633
Impartial Anonymous Culture (IAC),3,100,69,31,31,1000,Bottom,Evaluative Voting,99.9,99.9,0.666999999999997
Impartial Anonymous Culture (IAC),3,100,69,31,31,1000,Bottom,k-Median Rule,94.89999999999999,90.3,0.6166666666666669
Impartial Anonymous Culture (IAC),3,100,69,31,31,1000,Bottom,k-Median-Shapley,76.5,71.5,0.717666666666664
Impartial Anonymous Culture (IAC),4,100,69,31,31,1000,Cutoff,Evaluative Voting,100.0,100.0,0.75
Impartial Anonymous Culture (IAC),4,100,69,31,31,1000,Cutoff,k-Median Rule,96.8,96.8,0.758
Impartial Anonymous Culture (IAC),4,100,69,31,31,1000,Cutoff,k-Median-Shapley,89.4,89.4,0.7765
Impartial Anonymous Culture (IAC),4,100,69,31,31,1000,Bottom,Evaluative Voting,100.0,100.0,0.75
Impartial Anonymous Culture (IAC),4,100,69,31,31,1000,Bottom,k-Median Rule,96.8,96.8,0.758
Impartial Anonymous Culture (IAC),4,100,69,31,31,1000,Bottom,k-Median-Shapley,89.4,89.4,0.7765
Impartial Anonymous Culture (IAC),2,100,68,32,32,1000,Cutoff,Evaluative Voting,100.0,100.0,0.5
Impartial Anonymous Culture (IAC),2,100,68,32,32,1000,Cutoff,k-Median Rule,97.6,97.6,0.4545
Impartial Anonymous Culture (IAC),2,100,68,32,32,1000,Cutoff,k-Median-Shapley,91.60000000000001,91.5,0.5295
Impartial Anonymous Culture (IAC),2,100,68,32,32,1000,Bottom,Evaluative Voting,99.3,99.3,0.5035
Impartial Anonymous Culture (IAC),2,100,68,32,32,1000,Bottom,k-Median Rule,90.3,80.2,0.446
Impartial Anonymous Culture (IAC),2,100,68,32,32,1000,Bottom,k-Median-Shapley,67.80000000000001,52.0,0.627
Impartial Anonymous Culture (IAC),3,100,68,32,32,1000,Cutoff,Evaluative Voting,100.0,100.0,0.6666666666666636
Impartial Anonymous Culture (IAC),3,100,68,32,32,1000,Cutoff,k-Median Rule,98.7,98.7,0.6306666666666659
Impartial Anonymous Culture (IAC),3,100,68,32,32,1000,Cutoff,k-Median-Shapley,95.5,95.5,0.6743333333333305
Impartial Anonymous Culture (IAC),3,100,68,32,32,1000,Bottom,Evaluative Voting,100.0,100.0,0.6666666666666636
Impartial Anonymous Culture (IAC),3,100,68,32,32,1000,Bottom,k-Median Rule,95.6,91.8,0.6153333333333335
Impartial Anonymous Culture (IAC),3,100,68,32,32,1000,Bottom,k-Median-Shapley,80.0,75.0,0.702333333333331
Impartial Anonymous Culture (IAC),4,100,68,32,32,1000,Cutoff,Evaluative Voting,100.0,100.0,0.75
Impartial Anonymous Culture (IAC),4,100,68,32,32,1000,Cutoff,k-Median Rule,97.6,97.6,0.756
Impartial Anonymous Culture (IAC),4,100,68,32,32,1000,Cutoff,k-Median-Shapley,91.10000000000001,91.10000000000001,0.77225
Impartial Anonymous Culture (IAC),4,100,68,32,32,1000,Bottom,Evaluative Voting,100.0,100.0,0.75
Impartial Anonymous Culture (IAC),4,100,68,32,32,1000,Bottom,k-Median Rule,97.6,97.6,0.756
Impartial Anonymous Culture (IAC),4,100,68,32,32,1000,Bottom,k-Median-Shapley,91.10000000000001,91.10000000000001,0.77225
Impartial Anonymous Culture (IAC),2,100,67,33,33,1000,Cutoff,Evaluative Voting,100.0,100.0,0.5
Impartial Anonymous Culture (IAC),2,100,67,33,33,1000,Cutoff,k-Median Rule,98.3,98.3,0.445
Impartial Anonymous Culture (IAC),2,100,67,33,33,1000,Cutoff,k-Median-Shapley,93.2,92.7,0.523
Impartial Anonymous Culture (IAC),2,100,67,33,33,1000,Bottom,Evaluative Voting,99.7,99.7,0.5015
Impartial Anonymous Culture (IAC),2,100,67,33,33,1000,Bottom,k-Median Rule,91.60000000000001,82.69999999999999,0.43
Impartial Anonymous Culture (IAC),2,100,67,33,33,1000,Bottom,k-Median-Shapley,70.6,56.3,0.6165
Impartial Anonymous Culture (IAC),3,100,67,33,33,1000,Cutoff,Evaluative Voting,100.0,100.0,0.6666666666666636
Impartial Anonymous Culture (IAC),3,100,67,33,33,1000,Cutoff,k-Median Rule,99.1,99.1,0.6266666666666663
Impartial Anonymous Culture (IAC),3,100,67,33,33,1000,Cutoff,k-Median-Shapley,96.1,96.1,0.6723333333333303
Impartial Anonymous Culture (IAC),3,100,67,33,33,1000,Bottom,Evaluative Voting,100.0,100.0,0.6666666666666636
Impartial Anonymous Culture (IAC),3,100,67,33,33,1000,Bottom,k-Median Rule,96.2,93.0,0.603666666666667
Impartial Anonymous Culture (IAC),3,100,67,33,33,1000,Bottom,k-Median-Shapley,82.5,77.9,0.6943333333333314
Impartial Anonymous Culture (IAC),4,100,67,33,33,1000,Cutoff,Evaluative Voting,100.0,100.0,0.75
Impartial Anonymous Culture (IAC),4,100,67,33,33,1000,Cutoff,k-Median Rule,97.89999999999999,97.89999999999999,0.75525
Impartial Anonymous Culture (IAC),4,100,67,33,33,1000,Cutoff,k-Median-Shapley,92.7,92.7,0.76825
Impartial Anonymous Culture (IAC),4,100,67,33,33,1000,Bottom,Evaluative Voting,100.0,100.0,0.75
Impartial Anonymous Culture (IAC),4,100,67,33,33,1000,Bottom,k-Median Rule,97.89999999999999,97.89999999999999,0.75525
Impartial Anonymous Culture (IAC),4,100,67,33,33,1000,Bottom,k-Median-Shapley,92.7,92.7,0.76825
Impartial Anonymous Culture (IAC),2,100,66,34,34,1000,Cutoff,Evaluative Voting,100.0,100.0,0.5
Impartial Anonymous Culture (IAC),2,100,66,34,34,1000,Cutoff,k-Median Rule,98.5,98.5,0.4405
Impartial Anonymous Culture (IAC),2,100,66,34,34,1000,Cutoff,k-Median-Shapley,95.0,94.89999999999999,0.5125
Impartial Anonymous Culture (IAC),2,100,66,34,34,1000,Bottom,Evaluative Voting,99.8,99.8,0.501
Impartial Anonymous Culture (IAC),2,100,66,34,34,1000,Bottom,k-Median Rule,93.4,86.1,0.4145
Impartial Anonymous Culture (IAC),2,100,66,34,34,1000,Bottom,k-Median-Shapley,73.4,60.199999999999996,0.5975
Impartial Anonymous Culture (IAC),3,100,66,34,34,1000,Cutoff,Evaluative Voting,100.0,100.0,0.6666666666666636
Impartial Anonymous Culture (IAC),3,100,66,34,34,1000,Cutoff,k-Median Rule,99.4,99.4,0.6249999999999994
Impartial Anonymous Culture (IAC),3,100,66,34,34,1000,Cutoff,k-Median-Shapley,96.6,96.5,0.6716666666666636
Impartial Anonymous Culture (IAC),3,100,66,34,34,1000,Bottom,Evaluative Voting,100.0,100.0,0.6666666666666636
Impartial Anonymous Culture (IAC),3,100,66,34,34,1000,Bottom,k-Median Rule,97.39999999999999,94.89999999999999,0.5983333333333337
Impartial Anonymous Culture (IAC),3,100,66,34,34,1000,Bottom,k-Median-Shapley,85.0,81.6,0.6856666666666649
Impartial Anonymous Culture (IAC),4,100,66,34,34,1000,Cutoff,Evaluative Voting,100.0,100.0,0.75
Impartial Anonymous Culture (IAC),4,100,66,34,34,1000,Cutoff,k-Median Rule,98.6,98.6,0.7535
Impartial Anonymous Culture (IAC),4,100,66,34,34,1000,Cutoff,k-Median-Shapley,94.19999999999999,94.19999999999999,0.7645
Impartial Anonymous Culture (IAC),4,100,66,34,34,1000,Bottom,Evaluative Voting,100.0,100.0,0.75
Impartial Anonymous Culture (IAC),4,100,66,34,34,1000,Bottom,k-Median Rule,98.6,98.6,0.7535
Impartial Anonymous Culture (IAC),4,100,66,34,34,1000,Bottom,k-Median-Shapley,94.19999999999999,94.19999999999999,0.7645
Impartial Anonymous Culture (IAC),2,100,65,35,35,1000,Cutoff,Evaluative Voting,100.0,100.0,0.5
Impartial Anonymous Culture (IAC),2,100,65,35,35,1000,Cutoff,k-Median Rule,98.7,98.7,0.431
Impartial Anonymous Culture (IAC),2,100,65,35,35,1000,Cutoff,k-Median-Shapley,95.7,95.5,0.5055
Impartial Anonymous Culture (IAC),2,100,65,35,35,1000,Bottom,Evaluative Voting,99.9,99.9,0.5005
Impartial Anonymous Culture (IAC),2,100,65,35,35,1000,Bottom,k-Median Rule,94.1,88.3,0.4075
Impartial Anonymous Culture (IAC),2,100,65,35,35,1000,Bottom,k-Median-Shapley,78.0,66.10000000000001,0.569
Impartial Anonymous Culture (IAC),3,100,65,35,35,1000,Cutoff,Evaluative Voting,100.0,100.0,0.6666666666666636
Impartial Anonymous Culture (IAC),3,100,65,35,35,1000,Cutoff,k-Median Rule,99.4,99.4,0.6196666666666664
Impartial Anonymous Culture (IAC),3,100,65,35,35,1000,Cutoff,k-Median-Shapley,97.6,97.6,0.6643333333333307
Impartial Anonymous Culture (IAC),3,100,65,35,35,1000,Bottom,Evaluative Voting,100.0,100.0,0.6666666666666636
Impartial Anonymous Culture (IAC),3,100,65,35,35,1000,Bottom,k-Median Rule,98.2,96.1,0.5883333333333337
Impartial Anonymous Culture (IAC),3,100,65,35,35,1000,Bottom,k-Median-Shapley,88.0,83.8,0.6766666666666649
Impartial Anonymous Culture (IAC),4,100,65,35,35,1000,Cutoff,Evaluative Voting,100.0,100.0,0.75
Impartial Anonymous Culture (IAC),4,100,65,35,35,1000,Cutoff,k-Median Rule,99.2,99.2,0.752
Impartial Anonymous Culture (IAC),4,100,65,35,35,1000,Cutoff,k-Median-Shapley,95.0,95.0,0.7625
Impartial Anonymous Culture (IAC),4,100,65,35,35,1000,Bottom,Evaluative Voting,100.0,100.0,0.75
Impartial Anonymous Culture (IAC),4,100,65,35,35,1000,Bottom,k-Median Rule,99.2,99.2,0.752
Impartial Anonymous Culture (IAC),4,100,65,35,35,1000,Bottom,k-Median-Shapley,95.0,95.0,0.7625
Impartial Anonymous Culture (IAC),2,100,64,36,36,1000,Cutoff,Evaluative Voting,100.0,100.0,0.5
Impartial Anonymous Culture (IAC),2,100,64,36,36,1000,Cutoff,k-Median Rule,99.1,99.1,0.4315
Impartial Anonymous Culture (IAC),2,100,64,36,36,1000,Cutoff,k-Median-Shapley,97.0,96.89999999999999,0.4945
Impartial Anonymous Culture (IAC),2,100,64,36,36,1000,Bottom,Evaluative Voting,100.0,100.0,0.5
Impartial Anonymous Culture (IAC),2,100,64,36,36,1000,Bottom,k-Median Rule,94.69999999999999,90.3,0.4085
Impartial Anonymous Culture (IAC),2,100,64,36,36,1000,Bottom,k-Median-Shapley,81.10000000000001,71.5,0.552
Impartial Anonymous Culture (IAC),3,100,64,36,36,1000,Cutoff,Evaluative Voting,100.0,100.0,0.6666666666666636
Impartial Anonymous Culture (IAC),3,100,64,36,36,1000,Cutoff,k-Median Rule,99.4,99.4,0.6176666666666666
Impartial Anonymous Culture (IAC),3,100,64,36,36,1000,Cutoff,k-Median-Shapley,98.5,98.5,0.6616666666666643
Impartial Anonymous Culture (IAC),3,100,64,36,36,1000,Bottom,Evaluative Voting,100.0,100.0,0.6666666666666636
Impartial Anonymous Culture (IAC),3,100,64,36,36,1000,Bottom,k-Median Rule,98.5,97.2,0.5900000000000007
Impartial Anonymous Culture (IAC),3,100,64,36,36,1000,Bottom,k-Median-Shapley,90.0,87.5,0.6703333333333316
Impartial Anonymous Culture (IAC),4,100,64,36,36,1000,Cutoff,Evaluative Voting,100.0,100.0,0.75
Impartial Anonymous Culture (IAC),4,100,64,36,36,1000,Cutoff,k-Median Rule,99.5,99.5,0.75125
Impartial Anonymous Culture (IAC),4,100,64,36,36,1000,Cutoff,k-Median-Shapley,96.3,96.3,0.75925
Impartial Anonymous Culture (IAC),4,100,64,36,36,1000,Bottom,Evaluative Voting,100.0,100.0,0.75
Impartial Anonymous Culture (IAC),4,100,64,36,36,1000,Bottom,k-Median Rule,99.5,99.5,0.75125
Impartial Anonymous Culture (IAC),4,100,64,36,36,1000,Bottom,k-Median-Shapley,96.3,96.3,0.75925
Impartial Anonymous Culture (IAC),2,100,63,37,37,1000,Cutoff,Evaluative Voting,100.0,100.0,0.5
Impartial Anonymous Culture (IAC),2,100,63,37,37,1000,Cutoff,k-Median Rule,99.3,99.3,0.4225
Impartial Anonymous Culture (IAC),2,100,63,37,37,1000,Cutoff,k-Median-Shapley,97.6,97.5,0.492
Impartial Anonymous Culture (IAC),2,100,63,37,37,1000,Bottom,Evaluative Voting,100.0,100.0,0.5
Impartial Anonymous Culture (IAC),2,100,63,37,37,1000,Bottom,k-Median Rule,96.1,92.5,0.396
Impartial Anonymous Culture (IAC),2,100,63,37,37,1000,Bottom,k-Median-Shapley,84.39999999999999,75.6,0.527
Impartial Anonymous Culture (IAC),3,100,63,37,37,1000,Cutoff,Evaluative Voting,100.0,100.0,0.6666666666666636
Impartial Anonymous Culture (IAC),3,100,63,37,37,1000,Cutoff,k-Median Rule,99.7,99.7,0.6110000000000001
Impartial Anonymous Culture (IAC),3,100,63,37,37,1000,Cutoff,k-Median-Shapley,98.9,98.9,0.6603333333333309
Impartial Anonymous Culture (IAC),3,100,63,37,37,1000,Bottom,Evaluative Voting,100.0,100.0,0.6666666666666636
Impartial Anonymous Culture (IAC),3,100,63,37,37,1000,Bottom,k-Median Rule,98.8,97.8,0.5843333333333346
Impartial Anonymous Culture (IAC),3,100,63,37,37,1000,Bottom,k-Median-Shapley,92.60000000000001,90.60000000000001,0.657333333333332
Impartial Anonymous Culture (IAC),4,100,63,37,37,1000,Cutoff,Evaluative Voting,100.0,100.0,0.75
Impartial Anonymous Culture (IAC),4,100,63,37,37,1000,Cutoff,k-Median Rule,99.6,99.6,0.751
Impartial Anonymous Culture (IAC),4,100,63,37,37,1000,Cutoff,k-Median-Shapley,97.1,97.1,0.75725
Impartial Anonymous Culture (IAC),4,100,63,37,37,1000,Bottom,Evaluative Voting,100.0,100.0,0.75
Impartial Anonymous Culture (IAC),4,100,63,37,37,1000,Bottom,k-Median Rule,99.6,99.6,0.751
Impartial Anonymous Culture (IAC),4,100,63,37,37,1000,Bottom,k-Median-Shapley,97.1,97.1,0.75725
Impartial Anonymous Culture (IAC),2,100,62,38,38,1000,Cutoff,Evaluative Voting,100.0,100.0,0.5
Impartial Anonymous Culture (IAC),2,100,62,38,38,1000,Cutoff,k-Median Rule,99.2,99.2,0.422
Impartial Anonymous Culture (IAC),2,100,62,38,38,1000,Cutoff,k-Median-Shapley,98.3,98.3,0.484
Impartial Anonymous Culture (IAC),2,100,62,38,38,1000,Bottom,Evaluative Voting,100.0,100.0,0.5
Impartial Anonymous Culture (IAC),2,100,62,38,38,1000,Bottom,k-Median Rule,96.89999999999999,94.6,0.39
Impartial Anonymous Culture (IAC),2,100,62,38,38,1000,Bottom,k-Median-Shapley,85.0,78.4,0.514
Impartial Anonymous Culture (IAC),3,100,62,38,38,1000,Cutoff,Evaluative Voting,100.0,100.0,0.6666666666666636
Impartial Anonymous Culture (IAC),3,100,62,38,38,1000,Cutoff,k-Median Rule,99.8,99.8,0.6093333333333335
Impartial Anonymous Culture (IAC),3,100,62,38,38,1000,Cutoff,k-Median-Shapley,98.9,98.9,0.6586666666666645
Impartial Anonymous Culture (IAC),3,100,62,38,38,1000,Bottom,Evaluative Voting,100.0,100.0,0.6666666666666636
Impartial Anonymous Culture (IAC),3,100,62,38,38,1000,Bottom,k-Median Rule,98.8,98.5,0.5866666666666677
Impartial Anonymous Culture (IAC),3,100,62,38,38,1000,Bottom,k-Median-Shapley,94.19999999999999,92.30000000000001,0.6433333333333325
Impartial Anonymous Culture (IAC),4,100,62,38,38,1000,Cutoff,Evaluative Voting,100.0,100.0,0.75
Impartial Anonymous Culture (IAC),4,100,62,38,38,1000,Cutoff,k-Median Rule,99.9,99.9,0.75025
Impartial Anonymous Culture (IAC),4,100,62,38,38,1000,Cutoff,k-Median-Shapley,98.4,98.4,0.754
Impartial Anonymous Culture (IAC),4,100,62,38,38,1000,Bottom,Evaluative Voting,100.0,100.0,0.75
Impartial Anonymous Culture (IAC),4,100,62,38,38,1000,Bottom,k-Median Rule,99.9,99.9,0.75025
Impartial Anonymous Culture (IAC),4,100,62,38,38,1000,Bottom,k-Median-Shapley,98.4,98.4,0.754
Impartial Anonymous Culture (IAC),2,100,61,39,39,1000,Cutoff,Evaluative Voting,100.0,100.0,0.5
Impartial Anonymous Culture (IAC),2,100,61,39,39,1000,Cutoff,k-Median Rule,99.7,99.7,0.412
Impartial Anonymous Culture (IAC),2,100,61,39,39,1000,Cutoff,k-Median-Shapley,98.8,98.8,0.4805
Impartial Anonymous Culture (IAC),2,100,61,39,39,1000,Bottom,Evaluative Voting,100.0,100.0,0.5
Impartial Anonymous Culture (IAC),2,100,61,39,39,1000,Bottom,k-Median Rule,97.89999999999999,96.2,0.369
Impartial Anonymous Culture (IAC),2,100,61,39,39,1000,Bottom,k-Median-Shapley,87.7,82.6,0.4975
Impartial Anonymous Culture (IAC),3,100,61,39,39,1000,Cutoff,Evaluative Voting,100.0,100.0,0.6666666666666636
Impartial Anonymous Culture (IAC),3,100,61,39,39,1000,Cutoff,k-Median Rule,99.8,99.8,0.6090000000000003
Impartial Anonymous Culture (IAC),3,100,61,39,39,1000,Cutoff,k-Median-Shapley,99.0,99.0,0.6573333333333311
Impartial Anonymous Culture (IAC),3,100,61,39,39,1000,Bottom,Evaluative Voting,100.0,100.0,0.6666666666666636
Impartial Anonymous Culture (IAC),3,100,61,39,39,1000,Bottom,k-Median Rule,99.4,99.0,0.5746666666666674
Impartial Anonymous Culture (IAC),3,100,61,39,39,1000,Bottom,k-Median-Shapley,95.89999999999999,94.6,0.6359999999999999
Impartial Anonymous Culture (IAC),4,100,61,39,39,1000,Cutoff,Evaluative Voting,100.0,100.0,0.75
Impartial Anonymous Culture (IAC),4,100,61,39,39,1000,Cutoff,k-Median Rule,100.0,100.0,0.75
Impartial Anonymous Culture (IAC),4,100,61,39,39,1000,Cutoff,k-Median-Shapley,98.5,98.5,0.75375
Impartial Anonymous Culture (IAC),4,100,61,39,39,1000,Bottom,Evaluative Voting,100.0,100.0,0.75
Impartial Anonymous Culture (IAC),4,100,61,39,39,1000,Bottom,k-Median Rule,100.0,100.0,0.75
Impartial Anonymous Culture (IAC),4,100,61,39,39,1000,Bottom,k-Median-Shapley,98.5,98.5,0.75375
Impartial Anonymous Culture (IAC),2,100,60,40,40,1000,Cutoff,Evaluative Voting,100.0,100.0,0.5
Impartial Anonymous Culture (IAC),2,100,60,40,40,1000,Cutoff,k-Median Rule,99.8,99.8,0.411
Impartial Anonymous Culture (IAC),2,100,60,40,40,1000,Cutoff,k-Median-Shapley,99.1,99.1,0.477
Impartial Anonymous Culture (IAC),2,100,60,40,40,1000,Bottom,Evaluative Voting,100.0,100.0,0.5
Impartial Anonymous Culture (IAC),2,100,60,40,40,1000,Bottom,k-Median Rule,98.8,97.8,0.362
Impartial Anonymous Culture (IAC),2,100,60,40,40,1000,Bottom,k-Median-Shapley,91.60000000000001,87.1,0.474
Impartial Anonymous Culture (IAC),3,100,60,40,40,1000,Cutoff,Evaluative Voting,100.0,100.0,0.6666666666666636
Impartial Anonymous Culture (IAC),3,100,60,40,40,1000,Cutoff,k-Median Rule,99.9,99.9,0.6056666666666671
Impartial Anonymous Culture (IAC),3,100,60,40,40,1000,Cutoff,k-Median-Shapley,99.3,99.3,0.6546666666666647
Impartial Anonymous Culture (IAC),3,100,60,40,40,1000,Bottom,Evaluative Voting,100.0,100.0,0.6666666666666636
Impartial Anonymous Culture (IAC),3,100,60,40,40,1000,Bottom,k-Median Rule,99.6,99.2,0.5746666666666677
Impartial Anonymous Culture (IAC),3,100,60,40,40,1000,Bottom,k-Median-Shapley,96.39999999999999,95.7,0.6363333333333332
Impartial Anonymous Culture (IAC),4,100,60,40,40,1000,Cutoff,Evaluative Voting,100.0,100.0,0.75
Impartial Anonymous Culture (IAC),4,100,60,40,40,1000,Cutoff,k-Median Rule,100.0,100.0,0.75
Impartial Anonymous Culture (IAC),4,100,60,40,40,1000,Cutoff,k-Median-Shapley,98.9,98.9,0.75275
Impartial Anonymous Culture (IAC),4,100,60,40,40,1000,Bottom,Evaluative Voting,100.0,100.0,0.75
Impartial Anonymous Culture (IAC),4,100,60,40,40,1000,Bottom,k-Median Rule,100.0,100.0,0.75
Impartial Anonymous Culture (IAC),4,100,60,40,40,1000,Bottom,k-Median-Shapley,98.9,98.9,0.75275
Impartial Anonymous Culture (IAC),2,100,59,41,41,1000,Cutoff,Evaluative Voting,100.0,100.0,0.5
Impartial Anonymous Culture (IAC),2,100,59,41,41,1000,Cutoff,k-Median Rule,99.9,99.9,0.401
Impartial Anonymous Culture (IAC),2,100,59,41,41,1000,Cutoff,k-Median-Shapley,99.5,99.5,0.4805
Impartial Anonymous Culture (IAC),2,100,59,41,41,1000,Bottom,Evaluative Voting,100.0,100.0,0.5
Impartial Anonymous Culture (IAC),2,100,59,41,41,1000,Bottom,k-Median Rule,99.2,98.9,0.3515
Impartial Anonymous Culture (IAC),2,100,59,41,41,1000,Bottom,k-Median-Shapley,93.89999999999999,90.5,0.4665
Impartial Anonymous Culture (IAC),3,100,59,41,41,1000,Cutoff,Evaluative Voting,100.0,100.0,0.6666666666666636
Impartial Anonymous Culture (IAC),3,100,59,41,41,1000,Cutoff,k-Median Rule,99.9,99.9,0.601666666666667
Impartial Anonymous Culture (IAC),3,100,59,41,41,1000,Cutoff,k-Median-Shapley,99.5,99.4,0.6516666666666645
Impartial Anonymous Culture (IAC),3,100,59,41,41,1000,Bottom,Evaluative Voting,100.0,100.0,0.6666666666666636
Impartial Anonymous Culture (IAC),3,100,59,41,41,1000,Bottom,k-Median Rule,99.9,99.8,0.5630000000000013
Impartial Anonymous Culture (IAC),3,100,59,41,41,1000,Bottom,k-Median-Shapley,97.6,97.1,0.6236666666666665
Impartial Anonymous Culture (IAC),4,100,59,41,41,1000,Cutoff,Evaluative Voting,100.0,100.0,0.75
Impartial Anonymous Culture (IAC),4,100,59,41,41,1000,Cutoff,k-Median Rule,100.0,100.0,0.75
Impartial Anonymous Culture (IAC),4,100,59,41,41,1000,Cutoff,k-Median-Shapley,98.9,98.9,0.75275
Impartial Anonymous Culture (IAC),4,100,59,41,41,1000,Bottom,Evaluative Voting,100.0,100.0,0.75
Impartial Anonymous Culture (IAC),4,100,59,41,41,1000,Bottom,k-Median Rule,100.0,100.0,0.75
Impartial Anonymous Culture (IAC),4,100,59,41,41,1000,Bottom,k-Median-Shapley,98.9,98.9,0.75275
Impartial Anonymous Culture (IAC),2,100,58,42,42,1000,Cutoff,Evaluative Voting,100.0,100.0,0.5
Impartial Anonymous Culture (IAC),2,100,58,42,42,1000,Cutoff,k-Median Rule,100.0,100.0,0.3945
Impartial Anonymous Culture (IAC),2,100,58,42,42,1000,Cutoff,k-Median-Shapley,99.9,99.9,0.471
Impartial Anonymous Culture (IAC),2,100,58,42,42,1000,Bottom,Evaluative Voting,100.0,100.0,0.5
Impartial Anonymous Culture (IAC),2,100,58,42,42,1000,Bottom,k-Median Rule,99.5,99.1,0.345
Impartial Anonymous Culture (IAC),2,100,58,42,42,1000,Bottom,k-Median-Shapley,95.89999999999999,93.4,0.445
Impartial Anonymous Culture (IAC),3,100,58,42,42,1000,Cutoff,Evaluative Voting,100.0,100.0,0.6666666666666636
Impartial Anonymous Culture (IAC),3,100,58,42,42,1000,Cutoff,k-Median Rule,100.0,100.0,0.5993333333333337
Impartial Anonymous Culture (IAC),3,100,58,42,42,1000,Cutoff,k-Median-Shapley,99.9,99.9,0.6486666666666645
Impartial Anonymous Culture (IAC),3,100,58,42,42,1000,Bottom,Evaluative Voting,100.0,100.0,0.6666666666666636
Impartial Anonymous Culture (IAC),3,100,58,42,42,1000,Bottom,k-Median Rule,100.0,99.9,0.560666666666668
Impartial Anonymous Culture (IAC),3,100,58,42,42,1000,Bottom,k-Median-Shapley,98.4,97.89999999999999,0.6219999999999998
Impartial Anonymous Culture (IAC),4,100,58,42,42,1000,Cutoff,Evaluative Voting,100.0,100.0,0.75
Impartial Anonymous Culture (IAC),4,100,58,42,42,1000,Cutoff,k-Median Rule,100.0,100.0,0.75
Impartial Anonymous Culture (IAC),4,100,58,42,42,1000,Cutoff,k-Median-Shapley,99.5,99.5,0.75125
Impartial Anonymous Culture (IAC),4,100,58,42,42,1000,Bottom,Evaluative Voting,100.0,100.0,0.75
Impartial Anonymous Culture (IAC),4,100,58,42,42,1000,Bottom,k-Median Rule,100.0,100.0,0.75
Impartial Anonymous Culture (IAC),4,100,58,42,42,1000,Bottom,k-Median-Shapley,99.5,99.5,0.75125
Impartial Anonymous Culture (IAC),2,100,57,43,43,1000,Cutoff,Evaluative Voting,100.0,100.0,0.5
Impartial Anonymous Culture (IAC),2,100,57,43,43,1000,Cutoff,k-Median Rule,100.0,100.0,0.377
Impartial Anonymous Culture (IAC),2,100,57,43,43,1000,Cutoff,k-Median-Shapley,99.9,99.9,0.466
Impartial Anonymous Culture (IAC),2,100,57,43,43,1000,Bottom,Evaluative Voting,100.0,100.0,0.5
Impartial Anonymous Culture (IAC),2,100,57,43,43,1000,Bottom,k-Median Rule,99.7,99.3,0.33
Impartial Anonymous Culture (IAC),2,100,57,43,43,1000,Bottom,k-Median-Shapley,96.8,95.39999999999999,0.4355
Impartial Anonymous Culture (IAC),3,100,57,43,43,1000,Cutoff,Evaluative Voting,100.0,100.0,0.6666666666666636
Impartial Anonymous Culture (IAC),3,100,57,43,43,1000,Cutoff,k-Median Rule,100.0,100.0,0.5906666666666671
Impartial Anonymous Culture (IAC),3,100,57,43,43,1000,Cutoff,k-Median-Shapley,99.9,99.9,0.6429999999999981
Impartial Anonymous Culture (IAC),3,100,57,43,43,1000,Bottom,Evaluative Voting,100.0,100.0,0.6666666666666636
Impartial Anonymous Culture (IAC),3,100,57,43,43,1000,Bottom,k-Median Rule,100.0,100.0,0.5516666666666682
Impartial Anonymous Culture (IAC),3,100,57,43,43,1000,Bottom,k-Median-Shapley,98.6,98.4,0.611666666666667
Impartial Anonymous Culture (IAC),4,100,57,43,43,1000,Cutoff,Evaluative Voting,100.0,100.0,0.75
Impartial Anonymous Culture (IAC),4,100,57,43,43,1000,Cutoff,k-Median Rule,100.0,100.0,0.75
Impartial Anonymous Culture (IAC),4,100,57,43,43,1000,Cutoff,k-Median-Shapley,99.8,99.8,0.7505
Impartial Anonymous Culture (IAC),4,100,57,43,43,1000,Bottom,Evaluative Voting,100.0,100.0,0.75
Impartial Anonymous Culture (IAC),4,100,57,43,43,1000,Bottom,k-Median Rule,100.0,100.0,0.75
Impartial Anonymous Culture (IAC),4,100,57,43,43,1000,Bottom,k-Median-Shapley,99.8,99.8,0.7505
Impartial Anonymous Culture (IAC),2,100,56,44,44,1000,Cutoff,Evaluative Voting,100.0,100.0,0.5
Impartial Anonymous Culture (IAC),2,100,56,44,44,1000,Cutoff,k-Median Rule,100.0,100.0,0.375
Impartial Anonymous Culture (IAC),2,100,56,44,44,1000,Cutoff,k-Median-Shapley,99.9,99.9,0.458
Impartial Anonymous Culture (IAC),2,100,56,44,44,1000,Bottom,Evaluative Voting,100.0,100.0,0.5
Impartial Anonymous Culture (IAC),2,100,56,44,44,1000,Bottom,k-Median Rule,99.8,99.6,0.3275
Impartial Anonymous Culture (IAC),2,100,56,44,44,1000,Bottom,k-Median-Shapley,98.2,97.39999999999999,0.4085
Impartial Anonymous Culture (IAC),3,100,56,44,44,1000,Cutoff,Evaluative Voting,100.0,100.0,0.6666666666666636
Impartial Anonymous Culture (IAC),3,100,56,44,44,1000,Cutoff,k-Median Rule,100.0,100.0,0.5850000000000004
Impartial Anonymous Culture (IAC),3,100,56,44,44,1000,Cutoff,k-Median-Shapley,99.9,99.9,0.6426666666666647
Impartial Anonymous Culture (IAC),3,100,56,44,44,1000,Bottom,Evaluative Voting,100.0,100.0,0.6666666666666636
Impartial Anonymous Culture (IAC),3,100,56,44,44,1000,Bottom,k-Median Rule,100.0,100.0,0.5510000000000014
Impartial Anonymous Culture (IAC),3,100,56,44,44,1000,Bottom,k-Median-Shapley,99.1,98.9,0.6070000000000005
Impartial Anonymous Culture (IAC),4,100,56,44,44,1000,Cutoff,Evaluative Voting,100.0,100.0,0.75
Impartial Anonymous Culture (IAC),4,100,56,44,44,1000,Cutoff,k-Median Rule,100.0,100.0,0.75
Impartial Anonymous Culture (IAC),4,100,56,44,44,1000,Cutoff,k-Median-Shapley,99.9,99.9,0.75025
Impartial Anonymous Culture (IAC),4,100,56,44,44,1000,Bottom,Evaluative Voting,100.0,100.0,0.75
Impartial Anonymous Culture (IAC),4,100,56,44,44,1000,Bottom,k-Median Rule,100.0,100.0,0.75
Impartial Anonymous Culture (IAC),4,100,56,44,44,1000,Bottom,k-Median-Shapley,99.9,99.9,0.75025
Impartial Anonymous Culture (IAC),2,100,55,45,45,1000,Cutoff,Evaluative Voting,100.0,100.0,0.5
Impartial Anonymous Culture (IAC),2,100,55,45,45,1000,Cutoff,k-Median Rule,100.0,100.0,0.3615
Impartial Anonymous Culture (IAC),2,100,55,45,45,1000,Cutoff,k-Median-Shapley,100.0,100.0,0.4515
Impartial Anonymous Culture (IAC),2,100,55,45,45,1000,Bottom,Evaluative Voting,100.0,100.0,0.5
Impartial Anonymous Culture (IAC),2,100,55,45,45,1000,Bottom,k-Median Rule,100.0,99.9,0.319
Impartial Anonymous Culture (IAC),2,100,55,45,45,1000,Bottom,k-Median-Shapley,98.9,98.2,0.3935
Impartial Anonymous Culture (IAC),3,100,55,45,45,1000,Cutoff,Evaluative Voting,100.0,100.0,0.6666666666666636
Impartial Anonymous Culture (IAC),3,100,55,45,45,1000,Cutoff,k-Median Rule,100.0,100.0,0.5756666666666673
Impartial Anonymous Culture (IAC),3,100,55,45,45,1000,Cutoff,k-Median-Shapley,100.0,100.0,0.6383333333333315
Impartial Anonymous Culture (IAC),3,100,55,45,45,1000,Bottom,Evaluative Voting,100.0,100.0,0.6666666666666636
Impartial Anonymous Culture (IAC),3,100,55,45,45,1000,Bottom,k-Median Rule,100.0,100.0,0.5496666666666677
Impartial Anonymous Culture (IAC),3,100,55,45,45,1000,Bottom,k-Median-Shapley,99.6,99.6,0.5986666666666673
Impartial Anonymous Culture (IAC),4,100,55,45,45,1000,Cutoff,Evaluative Voting,100.0,100.0,0.75
Impartial Anonymous Culture (IAC),4,100,55,45,45,1000,Cutoff,k-Median Rule,100.0,100.0,0.75
Impartial Anonymous Culture (IAC),4,100,55,45,45,1000,Cutoff,k-Median-Shapley,100.0,100.0,0.75
Impartial Anonymous Culture (IAC),4,100,55,45,45,1000,Bottom,Evaluative Voting,100.0,100.0,0.75
Impartial Anonymous Culture (IAC),4,100,55,45,45,1000,Bottom,k-Median Rule,100.0,100.0,0.75
Impartial Anonymous Culture (IAC),4,100,55,45,45,1000,Bottom,k-Median-Shapley,100.0,100.0,0.75
Impartial Anonymous Culture (IAC),2,100,54,46,46,1000,Cutoff,Evaluative Voting,100.0,100.0,0.5
Impartial Anonymous Culture (IAC),2,100,54,46,46,1000,Cutoff,k-Median Rule,100.0,100.0,0.3535
Impartial Anonymous Culture (IAC),2,100,54,46,46,1000,Cutoff,k-Median-Shapley,100.0,100.0,0.443
Impartial Anonymous Culture (IAC),2,100,54,46,46,1000,Bottom,Evaluative Voting,100.0,100.0,0.5
Impartial Anonymous Culture (IAC),2,100,54,46,46,1000,Bottom,k-Median Rule,100.0,99.9,0.316
Impartial Anonymous Culture (IAC),2,100,54,46,46,1000,Bottom,k-Median-Shapley,99.6,99.1,0.3965
Impartial Anonymous Culture (IAC),3,100,54,46,46,1000,Cutoff,Evaluative Voting,100.0,100.0,0.6666666666666636
Impartial Anonymous Culture (IAC),3,100,54,46,46,1000,Cutoff,k-Median Rule,100.0,100.0,0.5710000000000007
Impartial Anonymous Culture (IAC),3,100,54,46,46,1000,Cutoff,k-Median-Shapley,100.0,100.0,0.629999999999999
Impartial Anonymous Culture (IAC),3,100,54,46,46,1000,Bottom,Evaluative Voting,100.0,100.0,0.6666666666666636
Impartial Anonymous Culture (IAC),3,100,54,46,46,1000,Bottom,k-Median Rule,100.0,100.0,0.5483333333333339
Impartial Anonymous Culture (IAC),3,100,54,46,46,1000,Bottom,k-Median-Shapley,99.6,99.6,0.5936666666666669
Impartial Anonymous Culture (IAC),4,100,54,46,46,1000,Cutoff,Evaluative Voting,100.0,100.0,0.75
Impartial Anonymous Culture (IAC),4,100,54,46,46,1000,Cutoff,k-Median Rule,100.0,100.0,0.75
Impartial Anonymous Culture (IAC),4,100,54,46,46,1000,Cutoff,k-Median-Shapley,100.0,100.0,0.75
Impartial Anonymous Culture (IAC),4,100,54,46,46,1000,Bottom,Evaluative Voting,100.0,100.0,0.75
Impartial Anonymous Culture (IAC),4,100,54,46,46,1000,Bottom,k-Median Rule,100.0,100.0,0.75
Impartial Anonymous Culture (IAC),4,100,54,46,46,1000,Bottom,k-Median-Shapley,100.0,100.0,0.75
Impartial Anonymous Culture (IAC),2,100,53,47,47,1000,Cutoff,Evaluative Voting,100.0,100.0,0.5
Impartial Anonymous Culture (IAC),2,100,53,47,47,1000,Cutoff,k-Median Rule,100.0,100.0,0.346
Impartial Anonymous Culture (IAC),2,100,53,47,47,1000,Cutoff,k-Median-Shapley,100.0,100.0,0.426
Impartial Anonymous Culture (IAC),2,100,53,47,47,1000,Bottom,Evaluative Voting,100.0,100.0,0.5
Impartial Anonymous Culture (IAC),2,100,53,47,47,1000,Bottom,k-Median Rule,100.0,99.9,0.312
Impartial Anonymous Culture (IAC),2,100,53,47,47,1000,Bottom,k-Median-Shapley,99.6,99.4,0.369
Impartial Anonymous Culture (IAC),3,100,53,47,47,1000,Cutoff,Evaluative Voting,100.0,100.0,0.6666666666666636
Impartial Anonymous Culture (IAC),3,100,53,47,47,1000,Cutoff,k-Median Rule,100.0,100.0,0.5666666666666675
Impartial Anonymous Culture (IAC),3,100,53,47,47,1000,Cutoff,k-Median-Shapley,100.0,100.0,0.6246666666666656
Impartial Anonymous Culture (IAC),3,100,53,47,47,1000,Bottom,Evaluative Voting,100.0,100.0,0.6666666666666636
Impartial Anonymous Culture (IAC),3,100,53,47,47,1000,Bottom,k-Median Rule,100.0,100.0,0.5376666666666677
Impartial Anonymous Culture (IAC),3,100,53,47,47,1000,Bottom,k-Median-Shapley,99.8,99.8,0.5810000000000002
Impartial Anonymous Culture (IAC),4,100,53,47,47,1000,Cutoff,Evaluative Voting,100.0,100.0,0.75
Impartial Anonymous Culture (IAC),4,100,53,47,47,1000,Cutoff,k-Median Rule,100.0,100.0,0.75
Impartial Anonymous Culture (IAC),4,100,53,47,47,1000,Cutoff,k-Median-Shapley,100.0,100.0,0.75
Impartial Anonymous Culture (IAC),4,100,53,47,47,1000,Bottom,Evaluative Voting,100.0,100.0,0.75
Impartial Anonymous Culture (IAC),4,100,53,47,47,1000,Bottom,k-Median Rule,100.0,100.0,0.75
Impartial Anonymous Culture (IAC),4,100,53,47,47,1000,Bottom,k-Median-Shapley,100.0,100.0,0.75
Impartial Anonymous Culture (IAC),2,100,52,48,48,1000,Cutoff,Evaluative Voting,100.0,100.0,0.5
Impartial Anonymous Culture (IAC),2,100,52,48,48,1000,Cutoff,k-Median Rule,100.0,100.0,0.3355
Impartial Anonymous Culture (IAC),2,100,52,48,48,1000,Cutoff,k-Median-Shapley,100.0,100.0,0.415
Impartial Anonymous Culture (IAC),2,100,52,48,48,1000,Bottom,Evaluative Voting,100.0,100.0,0.5
Impartial Anonymous Culture (IAC),2,100,52,48,48,1000,Bottom,k-Median Rule,100.0,100.0,0.3105
Impartial Anonymous Culture (IAC),2,100,52,48,48,1000,Bottom,k-Median-Shapley,99.9,99.9,0.3715
Impartial Anonymous Culture (IAC),3,100,52,48,48,1000,Cutoff,Evaluative Voting,100.0,100.0,0.6666666666666636
Impartial Anonymous Culture (IAC),3,100,52,48,48,1000,Cutoff,k-Median Rule,100.0,100.0,0.5606666666666675
Impartial Anonymous Culture (IAC),3,100,52,48,48,1000,Cutoff,k-Median-Shapley,100.0,100.0,0.6113333333333335
Impartial Anonymous Culture (IAC),3,100,52,48,48,1000,Bottom,Evaluative Voting,100.0,100.0,0.6666666666666636
Impartial Anonymous Culture (IAC),3,100,52,48,48,1000,Bottom,k-Median Rule,100.0,100.0,0.5393333333333344
Impartial Anonymous Culture (IAC),3,100,52,48,48,1000,Bottom,k-Median-Shapley,99.9,99.9,0.574000000000001
Impartial Anonymous Culture (IAC),4,100,52,48,48,1000,Cutoff,Evaluative Voting,100.0,100.0,0.75
Impartial Anonymous Culture (IAC),4,100,52,48,48,1000,Cutoff,k-Median Rule,100.0,100.0,0.75
Impartial Anonymous Culture (IAC),4,100,52,48,48,1000,Cutoff,k-Median-Shapley,100.0,100.0,0.75
Impartial Anonymous Culture (IAC),4,100,52,48,48,1000,Bottom,Evaluative Voting,100.0,100.0,0.75
Impartial Anonymous Culture (IAC),4,100,52,48,48,1000,Bottom,k-Median Rule,100.0,100.0,0.75
Impartial Anonymous Culture (IAC),4,100,52,48,48,1000,Bottom,k-Median-Shapley,100.0,100.0,0.75
Impartial Anonymous Culture (IAC),2,100,51,49,49,1000,Cutoff,Evaluative Voting,100.0,100.0,0.5
Impartial Anonymous Culture (IAC),2,100,51,49,49,1000,Cutoff,k-Median Rule,100.0,100.0,0.318
Impartial Anonymous Culture (IAC),2,100,51,49,49,1000,Cutoff,k-Median-Shapley,100.0,100.0,0.362
Impartial Anonymous Culture (IAC),2,100,51,49,49,1000,Bottom,Evaluative Voting,100.0,100.0,0.5
Impartial Anonymous Culture (IAC),2,100,51,49,49,1000,Bottom,k-Median Rule,100.0,100.0,0.303
Impartial Anonymous Culture (IAC),2,100,51,49,49,1000,Bottom,k-Median-Shapley,100.0,100.0,0.329
Impartial Anonymous Culture (IAC),3,100,51,49,49,1000,Cutoff,Evaluative Voting,100.0,100.0,0.6666666666666636
Impartial Anonymous Culture (IAC),3,100,51,49,49,1000,Cutoff,k-Median Rule,100.0,100.0,0.548666666666668
Impartial Anonymous Culture (IAC),3,100,51,49,49,1000,Cutoff,k-Median-Shapley,100.0,100.0,0.5930000000000006
Impartial Anonymous Culture (IAC),3,100,51,49,49,1000,Bottom,Evaluative Voting,100.0,100.0,0.6666666666666636
Impartial Anonymous Culture (IAC),3,100,51,49,49,1000,Bottom,k-Median Rule,100.0,100.0,0.5306666666666675
Impartial Anonymous Culture (IAC),3,100,51,49,49,1000,Bottom,k-Median-Shapley,100.0,100.0,0.5563333333333348
Impartial Anonymous Culture (IAC),4,100,51,49,49,1000,Cutoff,Evaluative Voting,100.0,100.0,0.75
Impartial Anonymous Culture (IAC),4,100,51,49,49,1000,Cutoff,k-Median Rule,100.0,100.0,0.75
Impartial Anonymous Culture (IAC),4,100,51,49,49,1000,Cutoff,k-Median-Shapley,100.0,100.0,0.75
Impartial Anonymous Culture (IAC),4,100,51,49,49,1000,Bottom,Evaluative Voting,100.0,100.0,0.75
Impartial Anonymous Culture (IAC),4,100,51,49,49,1000,Bottom,k-Median Rule,100.0,100.0,0.75
Impartial Anonymous Culture (IAC),4,100,51,49,49,1000,Bottom,k-Median-Shapley,100.0,100.0,0.75
Polya Urn (alpha=0.2),2,100,99,1,1,1000,Cutoff,Evaluative Voting,10.4,10.4,0.948
Polya Urn (alpha=0.2),2,100,99,1,1,1000,Cutoff,k-Median Rule,6.5,6.5,0.9675
Polya Urn (alpha=0.2),2,100,99,1,1,1000,Cutoff,k-Median-Shapley,7.1,5.3,0.963
Polya Urn (alpha=0.2),2,100,99,1,1,1000,Bottom,Evaluative Voting,0.0,0.0,1.0
Polya Urn (alpha=0.2),2,100,99,1,1,1000,Bottom,k-Median Rule,6.3,0.0,0.9685
Polya Urn (alpha=0.2),2,100,99,1,1,1000,Bottom,k-Median-Shapley,6.800000000000001,0.5,0.965
Polya Urn (alpha=0.2),3,100,99,1,1,1000,Cutoff,Evaluative Voting,10.5,10.5,0.9649999999999985
Polya Urn (alpha=0.2),3,100,99,1,1,1000,Cutoff,k-Median Rule,5.7,5.7,0.9806666666666659
Polya Urn (alpha=0.2),3,100,99,1,1,1000,Cutoff,k-Median-Shapley,7.6,6.5,0.9736666666666658
Polya Urn (alpha=0.2),3,100,99,1,1,1000,Bottom,Evaluative Voting,0.7000000000000001,0.7000000000000001,0.9976666666666665
Polya Urn (alpha=0.2),3,100,99,1,1,1000,Bottom,k-Median Rule,5.6000000000000005,0.1,0.9809999999999993
Polya Urn (alpha=0.2),3,100,99,1,1,1000,Bottom,k-Median-Shapley,7.000000000000001,1.6,0.9756666666666659
Polya Urn (alpha=0.2),4,100,99,1,1,1000,Cutoff,Evaluative Voting,8.3,8.3,0.97925
Polya Urn (alpha=0.2),4,100,99,1,1,1000,Cutoff,k-Median Rule,4.7,4.7,0.98825
Polya Urn (alpha=0.2),4,100,99,1,1,1000,Cutoff,k-Median-Shapley,5.7,5.7,0.98575
Polya Urn (alpha=0.2),4,100,99,1,1,1000,Bottom,Evaluative Voting,8.3,8.3,0.97925
Polya Urn (alpha=0.2),4,100,99,1,1,1000,Bottom,k-Median Rule,4.7,4.7,0.98825
Polya Urn (alpha=0.2),4,100,99,1,1,1000,Bottom,k-Median-Shapley,5.7,5.7,0.98575
Polya Urn (alpha=0.2),2,100,98,2,2,1000,Cutoff,Evaluative Voting,19.6,19.6,0.902
Polya Urn (alpha=0.2),2,100,98,2,2,1000,Cutoff,k-Median Rule,9.6,9.6,0.952
Polya Urn (alpha=0.2),2,100,98,2,2,1000,Cutoff,k-Median-Shapley,11.700000000000001,10.100000000000001,0.94
Polya Urn (alpha=0.2),2,100,98,2,2,1000,Bottom,Evaluative Voting,0.2,0.2,0.999
Polya Urn (alpha=0.2),2,100,98,2,2,1000,Bottom,k-Median Rule,8.4,1.6,0.958
Polya Urn (alpha=0.2),2,100,98,2,2,1000,Bottom,k-Median-Shapley,9.3,1.0999999999999999,0.952
Polya Urn (alpha=0.2),3,100,98,2,2,1000,Cutoff,Evaluative Voting,21.099999999999998,21.099999999999998,0.9296666666666646
Polya Urn (alpha=0.2),3,100,98,2,2,1000,Cutoff,k-Median Rule,8.6,8.6,0.971333333333332
Polya Urn (alpha=0.2),3,100,98,2,2,1000,Cutoff,k-Median-Shapley,10.6,9.2,0.9626666666666654
Polya Urn (alpha=0.2),3,100,98,2,2,1000,Bottom,Evaluative Voting,1.3,1.3,0.9956666666666665
Polya Urn (alpha=0.2),3,100,98,2,2,1000,Bottom,k-Median Rule,8.0,2.6,0.973333333333332
Polya Urn (alpha=0.2),3,100,98,2,2,1000,Bottom,k-Median-Shapley,8.9,2.8000000000000003,0.9686666666666657
Polya Urn (alpha=0.2),4,100,98,2,2,1000,Cutoff,Evaluative Voting,15.5,15.5,0.96125
Polya Urn (alpha=0.2),4,100,98,2,2,1000,Cutoff,k-Median Rule,9.8,9.8,0.9755
Polya Urn (alpha=0.2),4,100,98,2,2,1000,Cutoff,k-Median-Shapley,9.2,9.2,0.977
Polya Urn (alpha=0.2),4,100,98,2,2,1000,Bottom,Evaluative Voting,15.5,15.5,0.96125
Polya Urn (alpha=0.2),4,100,98,2,2,1000,Bottom,k-Median Rule,9.8,9.8,0.9755
Polya Urn (alpha=0.2),4,100,98,2,2,1000,Bottom,k-Median-Shapley,9.2,9.2,0.977
Polya Urn (alpha=0.2),2,100,97,3,3,1000,Cutoff,Evaluative Voting,28.000000000000004,28.000000000000004,0.86
Polya Urn (alpha=0.2),2,100,97,3,3,1000,Cutoff,k-Median Rule,15.7,15.7,0.921
Polya Urn (alpha=0.2),2,100,97,3,3,1000,Cutoff,k-Median-Shapley,17.1,14.6,0.9125
Polya Urn (alpha=0.2),2,100,97,3,3,1000,Bottom,Evaluative Voting,0.3,0.3,0.9985
Polya Urn (alpha=0.2),2,100,97,3,3,1000,Bottom,k-Median Rule,13.3,1.7999999999999998,0.9335
Polya Urn (alpha=0.2),2,100,97,3,3,1000,Bottom,k-Median-Shapley,14.499999999999998,1.6,0.9255
Polya Urn (alpha=0.2),3,100,97,3,3,1000,Cutoff,Evaluative Voting,30.099999999999998,30.099999999999998,0.8996666666666635
Polya Urn (alpha=0.2),3,100,97,3,3,1000,Cutoff,k-Median Rule,14.2,14.2,0.952333333333331
Polya Urn (alpha=0.2),3,100,97,3,3,1000,Cutoff,k-Median-Shapley,17.8,15.5,0.9389999999999977
Polya Urn (alpha=0.2),3,100,97,3,3,1000,Bottom,Evaluative Voting,3.0,3.0,0.9899999999999997
Polya Urn (alpha=0.2),3,100,97,3,3,1000,Bottom,k-Median Rule,13.8,3.5000000000000004,0.9536666666666644
Polya Urn (alpha=0.2),3,100,97,3,3,1000,Bottom,k-Median-Shapley,14.799999999999999,4.6,0.9486666666666648
Polya Urn (alpha=0.2),4,100,97,3,3,1000,Cutoff,Evaluative Voting,23.599999999999998,23.599999999999998,0.941
Polya Urn (alpha=0.2),4,100,97,3,3,1000,Cutoff,k-Median Rule,15.2,15.2,0.962
Polya Urn (alpha=0.2),4,100,97,3,3,1000,Cutoff,k-Median-Shapley,14.2,14.2,0.9645
Polya Urn (alpha=0.2),4,100,97,3,3,1000,Bottom,Evaluative Voting,23.599999999999998,23.599999999999998,0.941
Polya Urn (alpha=0.2),4,100,97,3,3,1000,Bottom,k-Median Rule,15.2,15.2,0.962
Polya Urn (alpha=0.2),4,100,97,3,3,1000,Bottom,k-Median-Shapley,14.2,14.2,0.9645
Polya Urn (alpha=0.2),2,100,96,4,4,1000,Cutoff,Evaluative Voting,37.0,37.0,0.815
Polya Urn (alpha=0.2),2,100,96,4,4,1000,Cutoff,k-Median Rule,19.900000000000002,19.900000000000002,0.899
Polya Urn (alpha=0.2),2,100,96,4,4,1000,Cutoff,k-Median-Shapley,19.1,16.0,0.9025
Polya Urn (alpha=0.2),2,100,96,4,4,1000,Bottom,Evaluative Voting,0.4,0.4,0.998
Polya Urn (alpha=0.2),2,100,96,4,4,1000,Bottom,k-Median Rule,15.4,3.8,0.922
Polya Urn (alpha=0.2),2,100,96,4,4,1000,Bottom,k-Median-Shapley,14.499999999999998,1.6,0.9255
Polya Urn (alpha=0.2),3,100,96,4,4,1000,Cutoff,Evaluative Voting,39.0,39.0,0.8699999999999959
Polya Urn (alpha=0.2),3,100,96,4,4,1000,Cutoff,k-Median Rule,18.8,18.8,0.9373333333333305
Polya Urn (alpha=0.2),3,100,96,4,4,1000,Cutoff,k-Median-Shapley,21.3,19.0,0.9273333333333309
Polya Urn (alpha=0.2),3,100,96,4,4,1000,Bottom,Evaluative Voting,4.9,4.9,0.9836666666666659
Polya Urn (alpha=0.2),3,100,96,4,4,1000,Bottom,k-Median Rule,17.299999999999997,7.3,0.9416666666666641
Polya Urn (alpha=0.2),3,100,96,4,4,1000,Bottom,k-Median-Shapley,16.900000000000002,5.2,0.9419999999999981
Polya Urn (alpha=0.2),4,100,96,4,4,1000,Cutoff,Evaluative Voting,29.799999999999997,29.799999999999997,0.9255
Polya Urn (alpha=0.2),4,100,96,4,4,1000,Cutoff,k-Median Rule,19.7,19.7,0.95075
Polya Urn (alpha=0.2),4,100,96,4,4,1000,Cutoff,k-Median-Shapley,17.2,17.2,0.957
Polya Urn (alpha=0.2),4,100,96,4,4,1000,Bottom,Evaluative Voting,29.799999999999997,29.799999999999997,0.9255
Polya Urn (alpha=0.2),4,100,96,4,4,1000,Bottom,k-Median Rule,19.7,19.7,0.95075
Polya Urn (alpha=0.2),4,100,96,4,4,1000,Bottom,k-Median-Shapley,17.2,17.2,0.957
Polya Urn (alpha=0.2),2,100,95,5,5,1000,Cutoff,Evaluative Voting,45.0,45.0,0.775
Polya Urn (alpha=0.2),2,100,95,5,5,1000,Cutoff,k-Median Rule,26.1,26.1,0.8675
Polya Urn (alpha=0.2),2,100,95,5,5,1000,Cutoff,k-Median-Shapley,23.7,20.0,0.8775
Polya Urn (alpha=0.2),2,100,95,5,5,1000,Bottom,Evaluative Voting,1.0,1.0,0.995
Polya Urn (alpha=0.2),2,100,95,5,5,1000,Bottom,k-Median Rule,21.5,3.4000000000000004,0.891
Polya Urn (alpha=0.2),2,100,95,5,5,1000,Bottom,k-Median-Shapley,18.9,1.9,0.9015
Polya Urn (alpha=0.2),3,100,95,5,5,1000,Cutoff,Evaluative Voting,45.1,45.1,0.8496666666666626
Polya Urn (alpha=0.2),3,100,95,5,5,1000,Cutoff,k-Median Rule,24.6,24.6,0.9176666666666629
Polya Urn (alpha=0.2),3,100,95,5,5,1000,Cutoff,k-Median-Shapley,27.400000000000002,24.9,0.9063333333333304
Polya Urn (alpha=0.2),3,100,95,5,5,1000,Bottom,Evaluative Voting,7.199999999999999,7.199999999999999,0.9759999999999989
Polya Urn (alpha=0.2),3,100,95,5,5,1000,Bottom,k-Median Rule,22.3,7.5,0.9246666666666633
Polya Urn (alpha=0.2),3,100,95,5,5,1000,Bottom,k-Median-Shapley,20.7,6.7,0.9283333333333313
Polya Urn (alpha=0.2),4,100,95,5,5,1000,Cutoff,Evaluative Voting,36.6,36.6,0.9085
Polya Urn (alpha=0.2),4,100,95,5,5,1000,Cutoff,k-Median Rule,23.599999999999998,23.599999999999998,0.941
Polya Urn (alpha=0.2),4,100,95,5,5,1000,Cutoff,k-Median-Shapley,22.1,22.1,0.94475
Polya Urn (alpha=0.2),4,100,95,5,5,1000,Bottom,Evaluative Voting,36.6,36.6,0.9085
Polya Urn (alpha=0.2),4,100,95,5,5,1000,Bottom,k-Median Rule,23.599999999999998,23.599999999999998,0.941
Polya Urn (alpha=0.2),4,100,95,5,5,1000,Bottom,k-Median-Shapley,22.1,22.1,0.94475
Polya Urn (alpha=0.2),2,100,94,6,6,1000,Cutoff,Evaluative Voting,52.6,52.6,0.737
Polya Urn (alpha=0.2),2,100,94,6,6,1000,Cutoff,k-Median Rule,29.2,29.2,0.8525
Polya Urn (alpha=0.2),2,100,94,6,6,1000,Cutoff,k-Median-Shapley,25.4,21.6,0.8705
Polya Urn (alpha=0.2),2,100,94,6,6,1000,Bottom,Evaluative Voting,2.0,2.0,0.99
Polya Urn (alpha=0.2),2,100,94,6,6,1000,Bottom,k-Median Rule,24.3,6.0,0.877
Polya Urn (alpha=0.2),2,100,94,6,6,1000,Bottom,k-Median-Shapley,18.4,2.1999999999999997,0.9055
Polya Urn (alpha=0.2),3,100,94,6,6,1000,Cutoff,Evaluative Voting,51.2,51.2,0.829333333333329
Polya Urn (alpha=0.2),3,100,94,6,6,1000,Cutoff,k-Median Rule,27.500000000000004,27.500000000000004,0.9079999999999963
Polya Urn (alpha=0.2),3,100,94,6,6,1000,Cutoff,k-Median-Shapley,28.000000000000004,25.8,0.9046666666666636
Polya Urn (alpha=0.2),3,100,94,6,6,1000,Bottom,Evaluative Voting,12.1,12.1,0.9596666666666651
Polya Urn (alpha=0.2),3,100,94,6,6,1000,Bottom,k-Median Rule,24.4,10.8,0.9179999999999964
Polya Urn (alpha=0.2),3,100,94,6,6,1000,Bottom,k-Median-Shapley,22.0,6.9,0.9246666666666644
Polya Urn (alpha=0.2),4,100,94,6,6,1000,Cutoff,Evaluative Voting,44.3,44.3,0.88925
Polya Urn (alpha=0.2),4,100,94,6,6,1000,Cutoff,k-Median Rule,27.200000000000003,27.200000000000003,0.932
Polya Urn (alpha=0.2),4,100,94,6,6,1000,Cutoff,k-Median-Shapley,24.099999999999998,24.099999999999998,0.93975
Polya Urn (alpha=0.2),4,100,94,6,6,1000,Bottom,Evaluative Voting,44.3,44.3,0.88925
Polya Urn (alpha=0.2),4,100,94,6,6,1000,Bottom,k-Median Rule,27.200000000000003,27.200000000000003,0.932
Polya Urn (alpha=0.2),4,100,94,6,6,1000,Bottom,k-Median-Shapley,24.099999999999998,24.099999999999998,0.93975
Polya Urn (alpha=0.2),2,100,93,7,7,1000,Cutoff,Evaluative Voting,59.599999999999994,59.599999999999994,0.702
Polya Urn (alpha=0.2),2,100,93,7,7,1000,Cutoff,k-Median Rule,35.8,35.8,0.8175
Polya Urn (alpha=0.2),2,100,93,7,7,1000,Cutoff,k-Median-Shapley,31.2,26.900000000000002,0.8395
Polya Urn (alpha=0.2),2,100,93,7,7,1000,Bottom,Evaluative Voting,3.1,3.1,0.9845
Polya Urn (alpha=0.2),2,100,93,7,7,1000,Bottom,k-Median Rule,28.799999999999997,6.2,0.8525
Polya Urn (alpha=0.2),2,100,93,7,7,1000,Bottom,k-Median-Shapley,23.400000000000002,3.6999999999999997,0.877
Polya Urn (alpha=0.2),3,100,93,7,7,1000,Cutoff,Evaluative Voting,60.4,60.4,0.7986666666666619
Polya Urn (alpha=0.2),3,100,93,7,7,1000,Cutoff,k-Median Rule,34.1,34.1,0.8849999999999958
Polya Urn (alpha=0.2),3,100,93,7,7,1000,Cutoff,k-Median-Shapley,34.0,30.5,0.8829999999999968
Polya Urn (alpha=0.2),3,100,93,7,7,1000,Bottom,Evaluative Voting,16.400000000000002,16.400000000000002,0.9453333333333315
Polya Urn (alpha=0.2),3,100,93,7,7,1000,Bottom,k-Median Rule,29.5,11.799999999999999,0.8999999999999957
Polya Urn (alpha=0.2),3,100,93,7,7,1000,Bottom,k-Median-Shapley,26.900000000000002,10.100000000000001,0.9066666666666642
Polya Urn (alpha=0.2),4,100,93,7,7,1000,Cutoff,Evaluative Voting,49.8,49.8,0.8755
Polya Urn (alpha=0.2),4,100,93,7,7,1000,Cutoff,k-Median Rule,32.1,32.1,0.91975
Polya Urn (alpha=0.2),4,100,93,7,7,1000,Cutoff,k-Median-Shapley,29.5,29.5,0.92625
Polya Urn (alpha=0.2),4,100,93,7,7,1000,Bottom,Evaluative Voting,49.8,49.8,0.8755
Polya Urn (alpha=0.2),4,100,93,7,7,1000,Bottom,k-Median Rule,32.1,32.1,0.91975
Polya Urn (alpha=0.2),4,100,93,7,7,1000,Bottom,k-Median-Shapley,29.5,29.5,0.92625
Polya Urn (alpha=0.2),2,100,92,8,8,1000,Cutoff,Evaluative Voting,65.2,65.2,0.674
Polya Urn (alpha=0.2),2,100,92,8,8,1000,Cutoff,k-Median Rule,38.4,38.4,0.805
Polya Urn (alpha=0.2),2,100,92,8,8,1000,Cutoff,k-Median-Shapley,33.2,28.999999999999996,0.8275
Polya Urn (alpha=0.2),2,100,92,8,8,1000,Bottom,Evaluative Voting,4.3,4.3,0.9785
Polya Urn (alpha=0.2),2,100,92,8,8,1000,Bottom,k-Median Rule,31.1,9.5,0.841
Polya Urn (alpha=0.2),2,100,92,8,8,1000,Bottom,k-Median-Shapley,24.3,3.9,0.874
Polya Urn (alpha=0.2),3,100,92,8,8,1000,Cutoff,Evaluative Voting,66.8,66.8,0.777333333333328
Polya Urn (alpha=0.2),3,100,92,8,8,1000,Cutoff,k-Median Rule,37.7,37.7,0.8726666666666624
Polya Urn (alpha=0.2),3,100,92,8,8,1000,Cutoff,k-Median-Shapley,37.1,34.300000000000004,0.87233333333333
Polya Urn (alpha=0.2),3,100,92,8,8,1000,Bottom,Evaluative Voting,21.4,21.4,0.9286666666666643
Polya Urn (alpha=0.2),3,100,92,8,8,1000,Bottom,k-Median Rule,33.0,16.2,0.8859999999999955
Polya Urn (alpha=0.2),3,100,92,8,8,1000,Bottom,k-Median-Shapley,29.299999999999997,11.5,0.8973333333333304
Polya Urn (alpha=0.2),4,100,92,8,8,1000,Cutoff,Evaluative Voting,56.10000000000001,56.10000000000001,0.85975
Polya Urn (alpha=0.2),4,100,92,8,8,1000,Cutoff,k-Median Rule,36.4,36.4,0.909
Polya Urn (alpha=0.2),4,100,92,8,8,1000,Cutoff,k-Median-Shapley,31.8,31.8,0.9205
Polya Urn (alpha=0.2),4,100,92,8,8,1000,Bottom,Evaluative Voting,56.10000000000001,56.10000000000001,0.85975
Polya Urn (alpha=0.2),4,100,92,8,8,1000,Bottom,k-Median Rule,36.4,36.4,0.909
Polya Urn (alpha=0.2),4,100,92,8,8,1000,Bottom,k-Median-Shapley,31.8,31.8,0.9205
Polya Urn (alpha=0.2),2,100,91,9,9,1000,Cutoff,Evaluative Voting,69.89999999999999,69.89999999999999,0.6505
Polya Urn (alpha=0.2),2,100,91,9,9,1000,Cutoff,k-Median Rule,44.1,44.1,0.774
Polya Urn (alpha=0.2),2,100,91,9,9,1000,Cutoff,k-Median-Shapley,37.2,31.0,0.808
Polya Urn (alpha=0.2),2,100,91,9,9,1000,Bottom,Evaluative Voting,5.5,5.5,0.9725
Polya Urn (alpha=0.2),2,100,91,9,9,1000,Bottom,k-Median Rule,36.1,9.6,0.814
Polya Urn (alpha=0.2),2,100,91,9,9,1000,Bottom,k-Median-Shapley,28.199999999999996,4.6,0.8545
Polya Urn (alpha=0.2),3,100,91,9,9,1000,Cutoff,Evaluative Voting,71.0,71.0,0.7633333333333279
Polya Urn (alpha=0.2),3,100,91,9,9,1000,Cutoff,k-Median Rule,43.6,43.6,0.8513333333333292
Polya Urn (alpha=0.2),3,100,91,9,9,1000,Cutoff,k-Median-Shapley,42.5,39.2,0.8536666666666629
Polya Urn (alpha=0.2),3,100,91,9,9,1000,Bottom,Evaluative Voting,26.400000000000002,26.400000000000002,0.9119999999999971
Polya Urn (alpha=0.2),3,100,91,9,9,1000,Bottom,k-Median Rule,37.8,17.9,0.8679999999999953
Polya Urn (alpha=0.2),3,100,91,9,9,1000,Bottom,k-Median-Shapley,33.7,13.100000000000001,0.8823333333333295
Polya Urn (alpha=0.2),4,100,91,9,9,1000,Cutoff,Evaluative Voting,60.5,60.5,0.84875
Polya Urn (alpha=0.2),4,100,91,9,9,1000,Cutoff,k-Median Rule,41.0,41.0,0.8975
Polya Urn (alpha=0.2),4,100,91,9,9,1000,Cutoff,k-Median-Shapley,35.099999999999994,35.099999999999994,0.91225
Polya Urn (alpha=0.2),4,100,91,9,9,1000,Bottom,Evaluative Voting,60.5,60.5,0.84875
Polya Urn (alpha=0.2),4,100,91,9,9,1000,Bottom,k-Median Rule,41.0,41.0,0.8975
Polya Urn (alpha=0.2),4,100,91,9,9,1000,Bottom,k-Median-Shapley,35.099999999999994,35.099999999999994,0.91225
Polya Urn (alpha=0.2),2,100,90,10,10,1000,Cutoff,Evaluative Voting,74.5,74.5,0.6275
Polya Urn (alpha=0.2),2,100,90,10,10,1000,Cutoff,k-Median Rule,46.6,46.6,0.7615
Polya Urn (alpha=0.2),2,100,90,10,10,1000,Cutoff,k-Median-Shapley,38.7,33.0,0.7985
Polya Urn (alpha=0.2),2,100,90,10,10,1000,Bottom,Evaluative Voting,7.8,7.8,0.961
Polya Urn (alpha=0.2),2,100,90,10,10,1000,Bottom,k-Median Rule,38.1,11.4,0.8045
Polya Urn (alpha=0.2),2,100,90,10,10,1000,Bottom,k-Median-Shapley,28.9,5.3,0.85
Polya Urn (alpha=0.2),3,100,90,10,10,1000,Cutoff,Evaluative Voting,75.5,75.5,0.7483333333333286
Polya Urn (alpha=0.2),3,100,90,10,10,1000,Cutoff,k-Median Rule,47.199999999999996,47.199999999999996,0.8396666666666627
Polya Urn (alpha=0.2),3,100,90,10,10,1000,Cutoff,k-Median-Shapley,45.1,42.1,0.8453333333333295
Polya Urn (alpha=0.2),3,100,90,10,10,1000,Bottom,Evaluative Voting,30.8,30.8,0.8973333333333301
Polya Urn (alpha=0.2),3,100,90,10,10,1000,Bottom,k-Median Rule,40.5,21.2,0.8586666666666619
Polya Urn (alpha=0.2),3,100,90,10,10,1000,Bottom,k-Median-Shapley,35.0,14.299999999999999,0.8783333333333294
Polya Urn (alpha=0.2),4,100,90,10,10,1000,Cutoff,Evaluative Voting,66.10000000000001,66.10000000000001,0.83475
Polya Urn (alpha=0.2),4,100,90,10,10,1000,Cutoff,k-Median Rule,45.1,45.1,0.88725
Polya Urn (alpha=0.2),4,100,90,10,10,1000,Cutoff,k-Median-Shapley,36.0,36.0,0.91
Polya Urn (alpha=0.2),4,100,90,10,10,1000,Bottom,Evaluative Voting,66.10000000000001,66.10000000000001,0.83475
Polya Urn (alpha=0.2),4,100,90,10,10,1000,Bottom,k-Median Rule,45.1,45.1,0.88725
Polya Urn (alpha=0.2),4,100,90,10,10,1000,Bottom,k-Median-Shapley,36.0,36.0,0.91
Polya Urn (alpha=0.2),2,100,89,11,11,1000,Cutoff,Evaluative Voting,78.2,78.2,0.609
Polya Urn (alpha=0.2),2,100,89,11,11,1000,Cutoff,k-Median Rule,51.7,51.7,0.7335
Polya Urn (alpha=0.2),2,100,89,11,11,1000,Cutoff,k-Median-Shapley,42.3,36.199999999999996,0.7775
Polya Urn (alpha=0.2),2,100,89,11,11,1000,Bottom,Evaluative Voting,11.4,11.4,0.943
Polya Urn (alpha=0.2),2,100,89,11,11,1000,Bottom,k-Median Rule,42.6,12.8,0.777
Polya Urn (alpha=0.2),2,100,89,11,11,1000,Bottom,k-Median-Shapley,32.800000000000004,6.9,0.827
Polya Urn (alpha=0.2),3,100,89,11,11,1000,Cutoff,Evaluative Voting,80.5,80.5,0.7316666666666618
Polya Urn (alpha=0.2),3,100,89,11,11,1000,Cutoff,k-Median Rule,51.7,51.7,0.8209999999999957
Polya Urn (alpha=0.2),3,100,89,11,11,1000,Cutoff,k-Median-Shapley,48.3,44.6,0.8339999999999956
Polya Urn (alpha=0.2),3,100,89,11,11,1000,Bottom,Evaluative Voting,36.5,36.5,0.8783333333333296
Polya Urn (alpha=0.2),3,100,89,11,11,1000,Bottom,k-Median Rule,44.5,23.9,0.8413333333333287
Polya Urn (alpha=0.2),3,100,89,11,11,1000,Bottom,k-Median-Shapley,38.800000000000004,17.0,0.8643333333333288
Polya Urn (alpha=0.2),4,100,89,11,11,1000,Cutoff,Evaluative Voting,70.19999999999999,70.19999999999999,0.8245
Polya Urn (alpha=0.2),4,100,89,11,11,1000,Cutoff,k-Median Rule,48.6,48.6,0.8785
Polya Urn (alpha=0.2),4,100,89,11,11,1000,Cutoff,k-Median-Shapley,40.2,40.2,0.8995
Polya Urn (alpha=0.2),4,100,89,11,11,1000,Bottom,Evaluative Voting,70.19999999999999,70.19999999999999,0.8245
Polya Urn (alpha=0.2),4,100,89,11,11,1000,Bottom,k-Median Rule,48.6,48.6,0.8785
Polya Urn (alpha=0.2),4,100,89,11,11,1000,Bottom,k-Median-Shapley,40.2,40.2,0.8995
Polya Urn (alpha=0.2),2,100,88,12,12,1000,Cutoff,Evaluative Voting,81.39999999999999,81.39999999999999,0.593
Polya Urn (alpha=0.2),2,100,88,12,12,1000,Cutoff,k-Median Rule,54.6,54.6,0.72
Polya Urn (alpha=0.2),2,100,88,12,12,1000,Cutoff,k-Median-Shapley,43.6,38.2,0.7695
Polya Urn (alpha=0.2),2,100,88,12,12,1000,Bottom,Evaluative Voting,15.6,15.6,0.922
Polya Urn (alpha=0.2),2,100,88,12,12,1000,Bottom,k-Median Rule,44.1,16.1,0.77
Polya Urn (alpha=0.2),2,100,88,12,12,1000,Bottom,k-Median-Shapley,33.300000000000004,8.0,0.8245
Polya Urn (alpha=0.2),3,100,88,12,12,1000,Cutoff,Evaluative Voting,83.89999999999999,83.89999999999999,0.7203333333333289
Polya Urn (alpha=0.2),3,100,88,12,12,1000,Cutoff,k-Median Rule,54.400000000000006,54.400000000000006,0.8129999999999955
Polya Urn (alpha=0.2),3,100,88,12,12,1000,Cutoff,k-Median-Shapley,49.6,46.1,0.8263333333333291
Polya Urn (alpha=0.2),3,100,88,12,12,1000,Bottom,Evaluative Voting,42.0,42.0,0.8599999999999958
Polya Urn (alpha=0.2),3,100,88,12,12,1000,Bottom,k-Median Rule,47.3,27.800000000000004,0.8333333333333288
Polya Urn (alpha=0.2),3,100,88,12,12,1000,Bottom,k-Median-Shapley,40.400000000000006,19.3,0.855999999999996
Polya Urn (alpha=0.2),4,100,88,12,12,1000,Cutoff,Evaluative Voting,75.6,75.6,0.811
Polya Urn (alpha=0.2),4,100,88,12,12,1000,Cutoff,k-Median Rule,51.4,51.4,0.8715
Polya Urn (alpha=0.2),4,100,88,12,12,1000,Cutoff,k-Median-Shapley,43.4,43.4,0.8915
Polya Urn (alpha=0.2),4,100,88,12,12,1000,Bottom,Evaluative Voting,75.6,75.6,0.811
Polya Urn (alpha=0.2),4,100,88,12,12,1000,Bottom,k-Median Rule,51.4,51.4,0.8715
Polya Urn (alpha=0.2),4,100,88,12,12,1000,Bottom,k-Median-Shapley,43.4,43.4,0.8915
Polya Urn (alpha=0.2),2,100,87,13,13,1000,Cutoff,Evaluative Voting,84.89999999999999,84.89999999999999,0.5755
Polya Urn (alpha=0.2),2,100,87,13,13,1000,Cutoff,k-Median Rule,59.8,59.8,0.692
Polya Urn (alpha=0.2),2,100,87,13,13,1000,Cutoff,k-Median-Shapley,46.0,40.699999999999996,0.7545
Polya Urn (alpha=0.2),2,100,87,13,13,1000,Bottom,Evaluative Voting,18.9,18.9,0.9055
Polya Urn (alpha=0.2),2,100,87,13,13,1000,Bottom,k-Median Rule,48.3,17.1,0.748
Polya Urn (alpha=0.2),2,100,87,13,13,1000,Bottom,k-Median-Shapley,34.9,8.799999999999999,0.8125
Polya Urn (alpha=0.2),3,100,87,13,13,1000,Cutoff,Evaluative Voting,86.4,86.4,0.7119999999999957
Polya Urn (alpha=0.2),3,100,87,13,13,1000,Cutoff,k-Median Rule,60.6,60.6,0.7913333333333286
Polya Urn (alpha=0.2),3,100,87,13,13,1000,Cutoff,k-Median-Shapley,51.9,48.5,0.817333333333329
Polya Urn (alpha=0.2),3,100,87,13,13,1000,Bottom,Evaluative Voting,46.400000000000006,46.400000000000006,0.8453333333333287
Polya Urn (alpha=0.2),3,100,87,13,13,1000,Bottom,k-Median Rule,51.1,30.0,0.8196666666666621
Polya Urn (alpha=0.2),3,100,87,13,13,1000,Bottom,k-Median-Shapley,42.1,20.5,0.8479999999999959
Polya Urn (alpha=0.2),4,100,87,13,13,1000,Cutoff,Evaluative Voting,78.9,78.9,0.80275
Polya Urn (alpha=0.2),4,100,87,13,13,1000,Cutoff,k-Median Rule,54.7,54.7,0.86325
Polya Urn (alpha=0.2),4,100,87,13,13,1000,Cutoff,k-Median-Shapley,44.6,44.6,0.8885
Polya Urn (alpha=0.2),4,100,87,13,13,1000,Bottom,Evaluative Voting,78.9,78.9,0.80275
Polya Urn (alpha=0.2),4,100,87,13,13,1000,Bottom,k-Median Rule,54.7,54.7,0.86325
Polya Urn (alpha=0.2),4,100,87,13,13,1000,Bottom,k-Median-Shapley,44.6,44.6,0.8885
Polya Urn (alpha=0.2),2,100,86,14,14,1000,Cutoff,Evaluative Voting,88.0,88.0,0.56
Polya Urn (alpha=0.2),2,100,86,14,14,1000,Cutoff,k-Median Rule,61.4,61.4,0.681
Polya Urn (alpha=0.2),2,100,86,14,14,1000,Cutoff,k-Median-Shapley,48.5,43.3,0.7415
Polya Urn (alpha=0.2),2,100,86,14,14,1000,Bottom,Evaluative Voting,23.1,23.1,0.8845
Polya Urn (alpha=0.2),2,100,86,14,14,1000,Bottom,k-Median Rule,49.9,20.5,0.737
Polya Urn (alpha=0.2),2,100,86,14,14,1000,Bottom,k-Median-Shapley,36.199999999999996,9.6,0.806
Polya Urn (alpha=0.2),3,100,86,14,14,1000,Cutoff,Evaluative Voting,88.9,88.9,0.7036666666666629
Polya Urn (alpha=0.2),3,100,86,14,14,1000,Cutoff,k-Median Rule,62.6,62.6,0.7836666666666621
Polya Urn (alpha=0.2),3,100,86,14,14,1000,Cutoff,k-Median-Shapley,54.1,50.7,0.8096666666666626
Polya Urn (alpha=0.2),3,100,86,14,14,1000,Bottom,Evaluative Voting,52.300000000000004,52.300000000000004,0.8256666666666622
Polya Urn (alpha=0.2),3,100,86,14,14,1000,Bottom,k-Median Rule,54.1,34.9,0.8069999999999954
Polya Urn (alpha=0.2),3,100,86,14,14,1000,Bottom,k-Median-Shapley,42.3,22.400000000000002,0.846666666666663
Polya Urn (alpha=0.2),4,100,86,14,14,1000,Cutoff,Evaluative Voting,82.8,82.8,0.793
Polya Urn (alpha=0.2),4,100,86,14,14,1000,Cutoff,k-Median Rule,59.0,59.0,0.8525
Polya Urn (alpha=0.2),4,100,86,14,14,1000,Cutoff,k-Median-Shapley,47.599999999999994,47.599999999999994,0.881
Polya Urn (alpha=0.2),4,100,86,14,14,1000,Bottom,Evaluative Voting,82.8,82.8,0.793
Polya Urn (alpha=0.2),4,100,86,14,14,1000,Bottom,k-Median Rule,59.0,59.0,0.8525
Polya Urn (alpha=0.2),4,100,86,14,14,1000,Bottom,k-Median-Shapley,47.599999999999994,47.599999999999994,0.881
Polya Urn (alpha=0.2),2,100,85,15,15,1000,Cutoff,Evaluative Voting,91.3,91.3,0.5435
Polya Urn (alpha=0.2),2,100,85,15,15,1000,Cutoff,k-Median Rule,65.3,65.3,0.658
Polya Urn (alpha=0.2),2,100,85,15,15,1000,Cutoff,k-Median-Shapley,52.5,46.300000000000004,0.7195
Polya Urn (alpha=0.2),2,100,85,15,15,1000,Bottom,Evaluative Voting,27.6,27.6,0.862
Polya Urn (alpha=0.2),2,100,85,15,15,1000,Bottom,k-Median Rule,53.300000000000004,22.0,0.713
Polya Urn (alpha=0.2),2,100,85,15,15,1000,Bottom,k-Median-Shapley,39.6,11.799999999999999,0.785
Polya Urn (alpha=0.2),3,100,85,15,15,1000,Cutoff,Evaluative Voting,92.0,92.0,0.6933333333333297
Polya Urn (alpha=0.2),3,100,85,15,15,1000,Cutoff,k-Median Rule,66.7,66.7,0.7679999999999958
Polya Urn (alpha=0.2),3,100,85,15,15,1000,Cutoff,k-Median-Shapley,56.8,53.0,0.8016666666666622
Polya Urn (alpha=0.2),3,100,85,15,15,1000,Bottom,Evaluative Voting,57.699999999999996,57.699999999999996,0.8076666666666621
Polya Urn (alpha=0.2),3,100,85,15,15,1000,Bottom,k-Median Rule,57.49999999999999,37.5,0.7913333333333292
Polya Urn (alpha=0.2),3,100,85,15,15,1000,Bottom,k-Median-Shapley,45.2,24.6,0.8346666666666628
Polya Urn (alpha=0.2),4,100,85,15,15,1000,Cutoff,Evaluative Voting,85.6,85.6,0.786
Polya Urn (alpha=0.2),4,100,85,15,15,1000,Cutoff,k-Median Rule,61.3,61.3,0.84675
Polya Urn (alpha=0.2),4,100,85,15,15,1000,Cutoff,k-Median-Shapley,50.4,50.4,0.874
Polya Urn (alpha=0.2),4,100,85,15,15,1000,Bottom,Evaluative Voting,85.6,85.6,0.786
Polya Urn (alpha=0.2),4,100,85,15,15,1000,Bottom,k-Median Rule,61.3,61.3,0.84675
Polya Urn (alpha=0.2),4,100,85,15,15,1000,Bottom,k-Median-Shapley,50.4,50.4,0.874
Polya Urn (alpha=0.2),2,100,84,16,16,1000,Cutoff,Evaluative Voting,93.60000000000001,93.60000000000001,0.532
Polya Urn (alpha=0.2),2,100,84,16,16,1000,Cutoff,k-Median Rule,67.7,67.7,0.6455
Polya Urn (alpha=0.2),2,100,84,16,16,1000,Cutoff,k-Median-Shapley,55.1,49.0,0.7055
Polya Urn (alpha=0.2),2,100,84,16,16,1000,Bottom,Evaluative Voting,32.7,32.7,0.8365
Polya Urn (alpha=0.2),2,100,84,16,16,1000,Bottom,k-Median Rule,55.7,25.0,0.702
Polya Urn (alpha=0.2),2,100,84,16,16,1000,Bottom,k-Median-Shapley,41.199999999999996,12.9,0.7755
Polya Urn (alpha=0.2),3,100,84,16,16,1000,Cutoff,Evaluative Voting,93.4,93.4,0.6886666666666632
Polya Urn (alpha=0.2),3,100,84,16,16,1000,Cutoff,k-Median Rule,69.1,69.1,0.760333333333329
Polya Urn (alpha=0.2),3,100,84,16,16,1000,Cutoff,k-Median-Shapley,60.4,56.599999999999994,0.7899999999999955
Polya Urn (alpha=0.2),3,100,84,16,16,1000,Bottom,Evaluative Voting,62.9,62.9,0.7903333333333287
Polya Urn (alpha=0.2),3,100,84,16,16,1000,Bottom,k-Median Rule,59.8,42.1,0.7829999999999959
Polya Urn (alpha=0.2),3,100,84,16,16,1000,Bottom,k-Median-Shapley,47.699999999999996,27.3,0.8249999999999961
Polya Urn (alpha=0.2),4,100,84,16,16,1000,Cutoff,Evaluative Voting,88.3,88.3,0.77925
Polya Urn (alpha=0.2),4,100,84,16,16,1000,Cutoff,k-Median Rule,65.9,65.9,0.83525
Polya Urn (alpha=0.2),4,100,84,16,16,1000,Cutoff,k-Median-Shapley,52.300000000000004,52.300000000000004,0.86925
Polya Urn (alpha=0.2),4,100,84,16,16,1000,Bottom,Evaluative Voting,88.3,88.3,0.77925
Polya Urn (alpha=0.2),4,100,84,16,16,1000,Bottom,k-Median Rule,65.9,65.9,0.83525
Polya Urn (alpha=0.2),4,100,84,16,16,1000,Bottom,k-Median-Shapley,52.300000000000004,52.300000000000004,0.86925
Polya Urn (alpha=0.2),2,100,83,17,17,1000,Cutoff,Evaluative Voting,95.7,95.7,0.5215
Polya Urn (alpha=0.2),2,100,83,17,17,1000,Cutoff,k-Median Rule,71.1,71.1,0.624
Polya Urn (alpha=0.2),2,100,83,17,17,1000,Cutoff,k-Median-Shapley,57.49999999999999,51.4,0.691
Polya Urn (alpha=0.2),2,100,83,17,17,1000,Bottom,Evaluative Voting,38.3,38.3,0.8085
Polya Urn (alpha=0.2),2,100,83,17,17,1000,Bottom,k-Median Rule,58.099999999999994,26.700000000000003,0.686
Polya Urn (alpha=0.2),2,100,83,17,17,1000,Bottom,k-Median-Shapley,43.5,14.399999999999999,0.7605
Polya Urn (alpha=0.2),3,100,83,17,17,1000,Cutoff,Evaluative Voting,94.8,94.8,0.6839999999999966
Polya Urn (alpha=0.2),3,100,83,17,17,1000,Cutoff,k-Median Rule,72.6,72.6,0.7453333333333294
Polya Urn (alpha=0.2),3,100,83,17,17,1000,Cutoff,k-Median-Shapley,63.5,59.3,0.7749999999999957
Polya Urn (alpha=0.2),3,100,83,17,17,1000,Bottom,Evaluative Voting,67.30000000000001,67.30000000000001,0.7756666666666618
Polya Urn (alpha=0.2),3,100,83,17,17,1000,Bottom,k-Median Rule,63.0,44.5,0.7676666666666626
Polya Urn (alpha=0.2),3,100,83,17,17,1000,Bottom,k-Median-Shapley,50.3,30.5,0.8113333333333298
Polya Urn (alpha=0.2),4,100,83,17,17,1000,Cutoff,Evaluative Voting,90.8,90.8,0.773
Polya Urn (alpha=0.2),4,100,83,17,17,1000,Cutoff,k-Median Rule,69.0,69.0,0.8275
Polya Urn (alpha=0.2),4,100,83,17,17,1000,Cutoff,k-Median-Shapley,55.50000000000001,55.50000000000001,0.86125
Polya Urn (alpha=0.2),4,100,83,17,17,1000,Bottom,Evaluative Voting,90.8,90.8,0.773
Polya Urn (alpha=0.2),4,100,83,17,17,1000,Bottom,k-Median Rule,69.0,69.0,0.8275
Polya Urn (alpha=0.2),4,100,83,17,17,1000,Bottom,k-Median-Shapley,55.50000000000001,55.50000000000001,0.86125
Polya Urn (alpha=0.2),2,100,82,18,18,1000,Cutoff,Evaluative Voting,97.0,97.0,0.515
Polya Urn (alpha=0.2),2,100,82,18,18,1000,Cutoff,k-Median Rule,73.2,73.2,0.6105
Polya Urn (alpha=0.2),2,100,82,18,18,1000,Cutoff,k-Median-Shapley,59.9,52.900000000000006,0.68
Polya Urn (alpha=0.2),2,100,82,18,18,1000,Bottom,Evaluative Voting,43.6,43.6,0.782
Polya Urn (alpha=0.2),2,100,82,18,18,1000,Bottom,k-Median Rule,59.8,29.9,0.6735
Polya Urn (alpha=0.2),2,100,82,18,18,1000,Bottom,k-Median-Shapley,44.3,16.400000000000002,0.755
Polya Urn (alpha=0.2),3,100,82,18,18,1000,Cutoff,Evaluative Voting,95.7,95.7,0.6809999999999965
Polya Urn (alpha=0.2),3,100,82,18,18,1000,Cutoff,k-Median Rule,74.6,74.6,0.7383333333333292
Polya Urn (alpha=0.2),3,100,82,18,18,1000,Cutoff,k-Median-Shapley,65.7,61.8,0.7639999999999958
Polya Urn (alpha=0.2),3,100,82,18,18,1000,Bottom,Evaluative Voting,71.5,71.5,0.7616666666666616
Polya Urn (alpha=0.2),3,100,82,18,18,1000,Bottom,k-Median Rule,65.5,47.9,0.7589999999999953
Polya Urn (alpha=0.2),3,100,82,18,18,1000,Bottom,k-Median-Shapley,52.6,33.300000000000004,0.8023333333333301
Polya Urn (alpha=0.2),4,100,82,18,18,1000,Cutoff,Evaluative Voting,92.80000000000001,92.80000000000001,0.768
Polya Urn (alpha=0.2),4,100,82,18,18,1000,Cutoff,k-Median Rule,71.5,71.5,0.82125
Polya Urn (alpha=0.2),4,100,82,18,18,1000,Cutoff,k-Median-Shapley,57.099999999999994,57.099999999999994,0.85725
Polya Urn (alpha=0.2),4,100,82,18,18,1000,Bottom,Evaluative Voting,92.80000000000001,92.80000000000001,0.768
Polya Urn (alpha=0.2),4,100,82,18,18,1000,Bottom,k-Median Rule,71.5,71.5,0.82125
Polya Urn (alpha=0.2),4,100,82,18,18,1000,Bottom,k-Median-Shapley,57.099999999999994,57.099999999999994,0.85725
Polya Urn (alpha=0.2),2,100,81,19,19,1000,Cutoff,Evaluative Voting,97.6,97.6,0.512
Polya Urn (alpha=0.2),2,100,81,19,19,1000,Cutoff,k-Median Rule,76.1,76.1,0.5905
Polya Urn (alpha=0.2),2,100,81,19,19,1000,Cutoff,k-Median-Shapley,62.8,55.50000000000001,0.665
Polya Urn (alpha=0.2),2,100,81,19,19,1000,Bottom,Evaluative Voting,49.2,49.2,0.754
Polya Urn (alpha=0.2),2,100,81,19,19,1000,Bottom,k-Median Rule,61.4,31.0,0.6565
Polya Urn (alpha=0.2),2,100,81,19,19,1000,Bottom,k-Median-Shapley,45.6,17.4,0.746
Polya Urn (alpha=0.2),3,100,81,19,19,1000,Cutoff,Evaluative Voting,96.7,96.7,0.6776666666666632
Polya Urn (alpha=0.2),3,100,81,19,19,1000,Cutoff,k-Median Rule,77.4,77.4,0.7253333333333296
Polya Urn (alpha=0.2),3,100,81,19,19,1000,Cutoff,k-Median-Shapley,67.7,63.800000000000004,0.7573333333333294
Polya Urn (alpha=0.2),3,100,81,19,19,1000,Bottom,Evaluative Voting,76.9,76.9,0.7436666666666614
Polya Urn (alpha=0.2),3,100,81,19,19,1000,Bottom,k-Median Rule,68.30000000000001,50.5,0.7436666666666624
Polya Urn (alpha=0.2),3,100,81,19,19,1000,Bottom,k-Median-Shapley,55.2,35.4,0.7923333333333303
Polya Urn (alpha=0.2),4,100,81,19,19,1000,Cutoff,Evaluative Voting,94.19999999999999,94.19999999999999,0.7645
Polya Urn (alpha=0.2),4,100,81,19,19,1000,Cutoff,k-Median Rule,73.5,73.5,0.81625
Polya Urn (alpha=0.2),4,100,81,19,19,1000,Cutoff,k-Median-Shapley,60.4,60.4,0.849
Polya Urn (alpha=0.2),4,100,81,19,19,1000,Bottom,Evaluative Voting,94.19999999999999,94.19999999999999,0.7645
Polya Urn (alpha=0.2),4,100,81,19,19,1000,Bottom,k-Median Rule,73.5,73.5,0.81625
Polya Urn (alpha=0.2),4,100,81,19,19,1000,Bottom,k-Median-Shapley,60.4,60.4,0.849
Polya Urn (alpha=0.2),2,100,80,20,20,1000,Cutoff,Evaluative Voting,98.3,98.3,0.5085
Polya Urn (alpha=0.2),2,100,80,20,20,1000,Cutoff,k-Median Rule,79.2,79.2,0.575
Polya Urn (alpha=0.2),2,100,80,20,20,1000,Cutoff,k-Median-Shapley,64.4,57.9,0.6605
Polya Urn (alpha=0.2),2,100,80,20,20,1000,Bottom,Evaluative Voting,53.900000000000006,53.900000000000006,0.7305
Polya Urn (alpha=0.2),2,100,80,20,20,1000,Bottom,k-Median Rule,63.5,34.8,0.649
Polya Urn (alpha=0.2),2,100,80,20,20,1000,Bottom,k-Median-Shapley,46.0,19.2,0.748
Polya Urn (alpha=0.2),3,100,80,20,20,1000,Cutoff,Evaluative Voting,97.39999999999999,97.39999999999999,0.6753333333333298
Polya Urn (alpha=0.2),3,100,80,20,20,1000,Cutoff,k-Median Rule,80.10000000000001,80.10000000000001,0.71533333333333
Polya Urn (alpha=0.2),3,100,80,20,20,1000,Cutoff,k-Median-Shapley,70.19999999999999,66.3,0.747999999999996
Polya Urn (alpha=0.2),3,100,80,20,20,1000,Bottom,Evaluative Voting,80.60000000000001,80.60000000000001,0.7313333333333282
Polya Urn (alpha=0.2),3,100,80,20,20,1000,Bottom,k-Median Rule,70.39999999999999,53.7,0.7339999999999958
Polya Urn (alpha=0.2),3,100,80,20,20,1000,Bottom,k-Median-Shapley,56.2,37.8,0.789999999999997
Polya Urn (alpha=0.2),4,100,80,20,20,1000,Cutoff,Evaluative Voting,95.6,95.6,0.761
Polya Urn (alpha=0.2),4,100,80,20,20,1000,Cutoff,k-Median Rule,76.2,76.2,0.8095
Polya Urn (alpha=0.2),4,100,80,20,20,1000,Cutoff,k-Median-Shapley,63.4,63.4,0.8415
Polya Urn (alpha=0.2),4,100,80,20,20,1000,Bottom,Evaluative Voting,95.6,95.6,0.761
Polya Urn (alpha=0.2),4,100,80,20,20,1000,Bottom,k-Median Rule,76.2,76.2,0.8095
Polya Urn (alpha=0.2),4,100,80,20,20,1000,Bottom,k-Median-Shapley,63.4,63.4,0.8415
Polya Urn (alpha=0.2),2,100,79,21,21,1000,Cutoff,Evaluative Voting,98.9,98.9,0.5055
Polya Urn (alpha=0.2),2,100,79,21,21,1000,Cutoff,k-Median Rule,81.69999999999999,81.69999999999999,0.5595
Polya Urn (alpha=0.2),2,100,79,21,21,1000,Cutoff,k-Median-Shapley,66.8,59.599999999999994,0.6425
Polya Urn (alpha=0.2),2,100,79,21,21,1000,Bottom,Evaluative Voting,60.0,60.0,0.7
Polya Urn (alpha=0.2),2,100,79,21,21,1000,Bottom,k-Median Rule,66.10000000000001,37.2,0.629
Polya Urn (alpha=0.2),2,100,79,21,21,1000,Bottom,k-Median-Shapley,49.7,20.7,0.7225
Polya Urn (alpha=0.2),3,100,79,21,21,1000,Cutoff,Evaluative Voting,98.5,98.5,0.6716666666666633
Polya Urn (alpha=0.2),3,100,79,21,21,1000,Cutoff,k-Median Rule,82.1,82.1,0.7053333333333304
Polya Urn (alpha=0.2),3,100,79,21,21,1000,Cutoff,k-Median-Shapley,72.1,68.0,0.7403333333333293
Polya Urn (alpha=0.2),3,100,79,21,21,1000,Bottom,Evaluative Voting,84.5,84.5,0.7183333333333286
Polya Urn (alpha=0.2),3,100,79,21,21,1000,Bottom,k-Median Rule,72.2,56.89999999999999,0.7236666666666631
Polya Urn (alpha=0.2),3,100,79,21,21,1000,Bottom,k-Median-Shapley,58.9,40.5,0.7746666666666641
Polya Urn (alpha=0.2),4,100,79,21,21,1000,Cutoff,Evaluative Voting,96.8,96.8,0.758
Polya Urn (alpha=0.2),4,100,79,21,21,1000,Cutoff,k-Median Rule,79.10000000000001,79.10000000000001,0.80225
Polya Urn (alpha=0.2),4,100,79,21,21,1000,Cutoff,k-Median-Shapley,66.60000000000001,66.60000000000001,0.8335
Polya Urn (alpha=0.2),4,100,79,21,21,1000,Bottom,Evaluative Voting,96.8,96.8,0.758
Polya Urn (alpha=0.2),4,100,79,21,21,1000,Bottom,k-Median Rule,79.10000000000001,79.10000000000001,0.80225
Polya Urn (alpha=0.2),4,100,79,21,21,1000,Bottom,k-Median-Shapley,66.60000000000001,66.60000000000001,0.8335
Polya Urn (alpha=0.2),2,100,78,22,22,1000,Cutoff,Evaluative Voting,99.2,99.2,0.504
Polya Urn (alpha=0.2),2,100,78,22,22,1000,Cutoff,k-Median Rule,83.6,83.6,0.5495
Polya Urn (alpha=0.2),2,100,78,22,22,1000,Cutoff,k-Median-Shapley,68.0,61.6,0.635
Polya Urn (alpha=0.2),2,100,78,22,22,1000,Bottom,Evaluative Voting,64.7,64.7,0.6765
Polya Urn (alpha=0.2),2,100,78,22,22,1000,Bottom,k-Median Rule,68.2,41.9,0.619
Polya Urn (alpha=0.2),2,100,78,22,22,1000,Bottom,k-Median-Shapley,51.4,22.8,0.715
Polya Urn (alpha=0.2),3,100,78,22,22,1000,Cutoff,Evaluative Voting,98.8,98.8,0.6706666666666633
Polya Urn (alpha=0.2),3,100,78,22,22,1000,Cutoff,k-Median Rule,84.2,84.2,0.6993333333333303
Polya Urn (alpha=0.2),3,100,78,22,22,1000,Cutoff,k-Median-Shapley,73.3,69.6,0.7329999999999964
Polya Urn (alpha=0.2),3,100,78,22,22,1000,Bottom,Evaluative Voting,87.1,87.1,0.7096666666666624
Polya Urn (alpha=0.2),3,100,78,22,22,1000,Bottom,k-Median Rule,73.8,60.699999999999996,0.7176666666666636
Polya Urn (alpha=0.2),3,100,78,22,22,1000,Bottom,k-Median-Shapley,60.0,42.5,0.7703333333333305
Polya Urn (alpha=0.2),4,100,78,22,22,1000,Cutoff,Evaluative Voting,98.0,98.0,0.755
Polya Urn (alpha=0.2),4,100,78,22,22,1000,Cutoff,k-Median Rule,81.89999999999999,81.89999999999999,0.79525
Polya Urn (alpha=0.2),4,100,78,22,22,1000,Cutoff,k-Median-Shapley,68.0,68.0,0.83
Polya Urn (alpha=0.2),4,100,78,22,22,1000,Bottom,Evaluative Voting,98.0,98.0,0.755
Polya Urn (alpha=0.2),4,100,78,22,22,1000,Bottom,k-Median Rule,81.89999999999999,81.89999999999999,0.79525
Polya Urn (alpha=0.2),4,100,78,22,22,1000,Bottom,k-Median-Shapley,68.0,68.0,0.83
Polya Urn (alpha=0.2),2,100,77,23,23,1000,Cutoff,Evaluative Voting,99.4,99.4,0.503
Polya Urn (alpha=0.2),2,100,77,23,23,1000,Cutoff,k-Median Rule,86.9,86.9,0.5285
Polya Urn (alpha=0.2),2,100,77,23,23,1000,Cutoff,k-Median-Shapley,69.5,63.2,0.623
Polya Urn (alpha=0.2),2,100,77,23,23,1000,Bottom,Evaluative Voting,71.6,71.6,0.642
Polya Urn (alpha=0.2),2,100,77,23,23,1000,Bottom,k-Median Rule,71.5,44.800000000000004,0.5955
Polya Urn (alpha=0.2),2,100,77,23,23,1000,Bottom,k-Median-Shapley,54.900000000000006,25.8,0.6925
Polya Urn (alpha=0.2),3,100,77,23,23,1000,Cutoff,Evaluative Voting,99.1,99.1,0.6696666666666634
Polya Urn (alpha=0.2),3,100,77,23,23,1000,Cutoff,k-Median Rule,87.1,87.1,0.684666666666664
Polya Urn (alpha=0.2),3,100,77,23,23,1000,Cutoff,k-Median-Shapley,75.4,71.6,0.7236666666666632
Polya Urn (alpha=0.2),3,100,77,23,23,1000,Bottom,Evaluative Voting,89.8,89.8,0.7006666666666624
Polya Urn (alpha=0.2),3,100,77,23,23,1000,Bottom,k-Median Rule,77.8,64.4,0.6966666666666647
Polya Urn (alpha=0.2),3,100,77,23,23,1000,Bottom,k-Median-Shapley,62.4,45.0,0.7586666666666639
Polya Urn (alpha=0.2),4,100,77,23,23,1000,Cutoff,Evaluative Voting,98.9,98.9,0.75275
Polya Urn (alpha=0.2),4,100,77,23,23,1000,Cutoff,k-Median Rule,83.6,83.6,0.791
Polya Urn (alpha=0.2),4,100,77,23,23,1000,Cutoff,k-Median-Shapley,71.3,71.3,0.82175
Polya Urn (alpha=0.2),4,100,77,23,23,1000,Bottom,Evaluative Voting,98.9,98.9,0.75275
Polya Urn (alpha=0.2),4,100,77,23,23,1000,Bottom,k-Median Rule,83.6,83.6,0.791
Polya Urn (alpha=0.2),4,100,77,23,23,1000,Bottom,k-Median-Shapley,71.3,71.3,0.82175
Polya Urn (alpha=0.2),2,100,76,24,24,1000,Cutoff,Evaluative Voting,99.5,99.5,0.5025
Polya Urn (alpha=0.2),2,100,76,24,24,1000,Cutoff,k-Median Rule,86.4,86.4,0.5305
Polya Urn (alpha=0.2),2,100,76,24,24,1000,Cutoff,k-Median-Shapley,70.6,65.5,0.6155
Polya Urn (alpha=0.2),2,100,76,24,24,1000,Bottom,Evaluative Voting,77.10000000000001,77.10000000000001,0.6145
Polya Urn (alpha=0.2),2,100,76,24,24,1000,Bottom,k-Median Rule,72.6,47.699999999999996,0.5905
Polya Urn (alpha=0.2),2,100,76,24,24,1000,Bottom,k-Median-Shapley,54.800000000000004,27.200000000000003,0.69
Polya Urn (alpha=0.2),3,100,76,24,24,1000,Cutoff,Evaluative Voting,99.5,99.5,0.6683333333333302
Polya Urn (alpha=0.2),3,100,76,24,24,1000,Cutoff,k-Median Rule,88.7,88.7,0.6789999999999974
Polya Urn (alpha=0.2),3,100,76,24,24,1000,Cutoff,k-Median-Shapley,76.7,74.1,0.7169999999999969
Polya Urn (alpha=0.2),3,100,76,24,24,1000,Bottom,Evaluative Voting,91.3,91.3,0.6956666666666625
Polya Urn (alpha=0.2),3,100,76,24,24,1000,Bottom,k-Median Rule,79.60000000000001,67.5,0.6909999999999983
Polya Urn (alpha=0.2),3,100,76,24,24,1000,Bottom,k-Median-Shapley,64.2,47.699999999999996,0.7529999999999973
Polya Urn (alpha=0.2),4,100,76,24,24,1000,Cutoff,Evaluative Voting,99.3,99.3,0.75175
Polya Urn (alpha=0.2),4,100,76,24,24,1000,Cutoff,k-Median Rule,85.1,85.1,0.78725
Polya Urn (alpha=0.2),4,100,76,24,24,1000,Cutoff,k-Median-Shapley,73.4,73.4,0.8165
Polya Urn (alpha=0.2),4,100,76,24,24,1000,Bottom,Evaluative Voting,99.3,99.3,0.75175
Polya Urn (alpha=0.2),4,100,76,24,24,1000,Bottom,k-Median Rule,85.1,85.1,0.78725
Polya Urn (alpha=0.2),4,100,76,24,24,1000,Bottom,k-Median-Shapley,73.4,73.4,0.8165
Polya Urn (alpha=0.2),2,100,75,25,25,1000,Cutoff,Evaluative Voting,99.7,99.7,0.5015
Polya Urn (alpha=0.2),2,100,75,25,25,1000,Cutoff,k-Median Rule,89.3,89.3,0.511
Polya Urn (alpha=0.2),2,100,75,25,25,1000,Cutoff,k-Median-Shapley,73.0,67.10000000000001,0.6
Polya Urn (alpha=0.2),2,100,75,25,25,1000,Bottom,Evaluative Voting,81.2,81.2,0.594
Polya Urn (alpha=0.2),2,100,75,25,25,1000,Bottom,k-Median Rule,75.3,50.6,0.5695
Polya Urn (alpha=0.2),2,100,75,25,25,1000,Bottom,k-Median-Shapley,58.5,29.4,0.668
Polya Urn (alpha=0.2),3,100,75,25,25,1000,Cutoff,Evaluative Voting,99.6,99.6,0.6679999999999969
Polya Urn (alpha=0.2),3,100,75,25,25,1000,Cutoff,k-Median Rule,90.8,90.8,0.6679999999999979
Polya Urn (alpha=0.2),3,100,75,25,25,1000,Cutoff,k-Median-Shapley,79.4,76.2,0.7059999999999974
Polya Urn (alpha=0.2),3,100,75,25,25,1000,Bottom,Evaluative Voting,94.1,94.1,0.6863333333333295
Polya Urn (alpha=0.2),3,100,75,25,25,1000,Bottom,k-Median Rule,82.19999999999999,70.6,0.6763333333333315
Polya Urn (alpha=0.2),3,100,75,25,25,1000,Bottom,k-Median-Shapley,66.60000000000001,50.9,0.7396666666666643
Polya Urn (alpha=0.2),4,100,75,25,25,1000,Cutoff,Evaluative Voting,99.5,99.5,0.75125
Polya Urn (alpha=0.2),4,100,75,25,25,1000,Cutoff,k-Median Rule,87.1,87.1,0.78225
Polya Urn (alpha=0.2),4,100,75,25,25,1000,Cutoff,k-Median-Shapley,75.5,75.5,0.81125
Polya Urn (alpha=0.2),4,100,75,25,25,1000,Bottom,Evaluative Voting,99.5,99.5,0.75125
Polya Urn (alpha=0.2),4,100,75,25,25,1000,Bottom,k-Median Rule,87.1,87.1,0.78225
Polya Urn (alpha=0.2),4,100,75,25,25,1000,Bottom,k-Median-Shapley,75.5,75.5,0.81125
Polya Urn (alpha=0.2),2,100,74,26,26,1000,Cutoff,Evaluative Voting,99.9,99.9,0.5005
Polya Urn (alpha=0.2),2,100,74,26,26,1000,Cutoff,k-Median Rule,90.7,90.7,0.498
Polya Urn (alpha=0.2),2,100,74,26,26,1000,Cutoff,k-Median-Shapley,75.1,69.0,0.5885
Polya Urn (alpha=0.2),2,100,74,26,26,1000,Bottom,Evaluative Voting,84.5,84.5,0.5775
Polya Urn (alpha=0.2),2,100,74,26,26,1000,Bottom,k-Median Rule,77.5,54.800000000000004,0.556
Polya Urn (alpha=0.2),2,100,74,26,26,1000,Bottom,k-Median-Shapley,60.4,32.1,0.656
Polya Urn (alpha=0.2),3,100,74,26,26,1000,Cutoff,Evaluative Voting,99.8,99.8,0.6673333333333303
Polya Urn (alpha=0.2),3,100,74,26,26,1000,Cutoff,k-Median Rule,92.7,92.7,0.6609999999999977
Polya Urn (alpha=0.2),3,100,74,26,26,1000,Cutoff,k-Median-Shapley,80.60000000000001,77.7,0.7036666666666638
Polya Urn (alpha=0.2),3,100,74,26,26,1000,Bottom,Evaluative Voting,95.39999999999999,95.39999999999999,0.6819999999999963
Polya Urn (alpha=0.2),3,100,74,26,26,1000,Bottom,k-Median Rule,84.2,73.9,0.6673333333333316
Polya Urn (alpha=0.2),3,100,74,26,26,1000,Bottom,k-Median-Shapley,68.2,53.7,0.7326666666666646
Polya Urn (alpha=0.2),4,100,74,26,26,1000,Cutoff,Evaluative Voting,99.6,99.6,0.751
Polya Urn (alpha=0.2),4,100,74,26,26,1000,Cutoff,k-Median Rule,89.4,89.4,0.7765
Polya Urn (alpha=0.2),4,100,74,26,26,1000,Cutoff,k-Median-Shapley,77.4,77.4,0.8065
Polya Urn (alpha=0.2),4,100,74,26,26,1000,Bottom,Evaluative Voting,99.6,99.6,0.751
Polya Urn (alpha=0.2),4,100,74,26,26,1000,Bottom,k-Median Rule,89.4,89.4,0.7765
Polya Urn (alpha=0.2),4,100,74,26,26,1000,Bottom,k-Median-Shapley,77.4,77.4,0.8065
Polya Urn (alpha=0.2),2,100,73,27,27,1000,Cutoff,Evaluative Voting,100.0,100.0,0.5
Polya Urn (alpha=0.2),2,100,73,27,27,1000,Cutoff,k-Median Rule,92.0,92.0,0.485
Polya Urn (alpha=0.2),2,100,73,27,27,1000,Cutoff,k-Median-Shapley,77.7,70.89999999999999,0.571
Polya Urn (alpha=0.2),2,100,73,27,27,1000,Bottom,Evaluative Voting,87.4,87.4,0.563
Polya Urn (alpha=0.2),2,100,73,27,27,1000,Bottom,k-Median Rule,80.0,59.199999999999996,0.5305
Polya Urn (alpha=0.2),2,100,73,27,27,1000,Bottom,k-Median-Shapley,63.9,36.1,0.6365
Polya Urn (alpha=0.2),3,100,73,27,27,1000,Cutoff,Evaluative Voting,99.9,99.9,0.6669999999999969
Polya Urn (alpha=0.2),3,100,73,27,27,1000,Cutoff,k-Median Rule,93.60000000000001,93.60000000000001,0.6543333333333312
Polya Urn (alpha=0.2),3,100,73,27,27,1000,Cutoff,k-Median-Shapley,83.1,80.5,0.686666666666664
Polya Urn (alpha=0.2),3,100,73,27,27,1000,Bottom,Evaluative Voting,96.8,96.8,0.6773333333333297
Polya Urn (alpha=0.2),3,100,73,27,27,1000,Bottom,k-Median Rule,86.3,77.2,0.6556666666666654
Polya Urn (alpha=0.2),3,100,73,27,27,1000,Bottom,k-Median-Shapley,70.5,57.099999999999994,0.7199999999999979
Polya Urn (alpha=0.2),4,100,73,27,27,1000,Cutoff,Evaluative Voting,99.6,99.6,0.751
Polya Urn (alpha=0.2),4,100,73,27,27,1000,Cutoff,k-Median Rule,90.9,90.9,0.77275
Polya Urn (alpha=0.2),4,100,73,27,27,1000,Cutoff,k-Median-Shapley,80.60000000000001,80.60000000000001,0.7985
Polya Urn (alpha=0.2),4,100,73,27,27,1000,Bottom,Evaluative Voting,99.6,99.6,0.751
Polya Urn (alpha=0.2),4,100,73,27,27,1000,Bottom,k-Median Rule,90.9,90.9,0.77275
Polya Urn (alpha=0.2),4,100,73,27,27,1000,Bottom,k-Median-Shapley,80.60000000000001,80.60000000000001,0.7985
Polya Urn (alpha=0.2),2,100,72,28,28,1000,Cutoff,Evaluative Voting,100.0,100.0,0.5
Polya Urn (alpha=0.2),2,100,72,28,28,1000,Cutoff,k-Median Rule,92.5,92.5,0.48
Polya Urn (alpha=0.2),2,100,72,28,28,1000,Cutoff,k-Median-Shapley,80.4,74.4,0.556
Polya Urn (alpha=0.2),2,100,72,28,28,1000,Bottom,Evaluative Voting,89.8,89.8,0.551
Polya Urn (alpha=0.2),2,100,72,28,28,1000,Bottom,k-Median Rule,82.39999999999999,63.5,0.513
Polya Urn (alpha=0.2),2,100,72,28,28,1000,Bottom,k-Median-Shapley,65.3,38.4,0.6245
Polya Urn (alpha=0.2),3,100,72,28,28,1000,Cutoff,Evaluative Voting,99.9,99.9,0.6669999999999969
Polya Urn (alpha=0.2),3,100,72,28,28,1000,Cutoff,k-Median Rule,94.8,94.8,0.6499999999999982
Polya Urn (alpha=0.2),3,100,72,28,28,1000,Cutoff,k-Median-Shapley,85.1,83.1,0.6819999999999972
Polya Urn (alpha=0.2),3,100,72,28,28,1000,Bottom,Evaluative Voting,97.7,97.7,0.6743333333333299
Polya Urn (alpha=0.2),3,100,72,28,28,1000,Bottom,k-Median Rule,87.2,79.60000000000001,0.6496666666666656
Polya Urn (alpha=0.2),3,100,72,28,28,1000,Bottom,k-Median-Shapley,72.3,59.9,0.7133333333333309
Polya Urn (alpha=0.2),4,100,72,28,28,1000,Cutoff,Evaluative Voting,99.8,99.8,0.7505
Polya Urn (alpha=0.2),4,100,72,28,28,1000,Cutoff,k-Median Rule,92.2,92.2,0.7695
Polya Urn (alpha=0.2),4,100,72,28,28,1000,Cutoff,k-Median-Shapley,81.8,81.8,0.7955
Polya Urn (alpha=0.2),4,100,72,28,28,1000,Bottom,Evaluative Voting,99.8,99.8,0.7505
Polya Urn (alpha=0.2),4,100,72,28,28,1000,Bottom,k-Median Rule,92.2,92.2,0.7695
Polya Urn (alpha=0.2),4,100,72,28,28,1000,Bottom,k-Median-Shapley,81.8,81.8,0.7955
Polya Urn (alpha=0.2),2,100,71,29,29,1000,Cutoff,Evaluative Voting,100.0,100.0,0.5
Polya Urn (alpha=0.2),2,100,71,29,29,1000,Cutoff,k-Median Rule,94.0,94.0,0.4745
Polya Urn (alpha=0.2),2,100,71,29,29,1000,Cutoff,k-Median-Shapley,82.19999999999999,76.2,0.544
Polya Urn (alpha=0.2),2,100,71,29,29,1000,Bottom,Evaluative Voting,92.4,92.4,0.538
Polya Urn (alpha=0.2),2,100,71,29,29,1000,Bottom,k-Median Rule,84.2,65.9,0.498
Polya Urn (alpha=0.2),2,100,71,29,29,1000,Bottom,k-Median-Shapley,67.60000000000001,40.400000000000006,0.6085
Polya Urn (alpha=0.2),3,100,71,29,29,1000,Cutoff,Evaluative Voting,99.9,99.9,0.6669999999999969
Polya Urn (alpha=0.2),3,100,71,29,29,1000,Cutoff,k-Median Rule,95.8,95.8,0.6436666666666654
Polya Urn (alpha=0.2),3,100,71,29,29,1000,Cutoff,k-Median-Shapley,86.9,84.39999999999999,0.673666666666664
Polya Urn (alpha=0.2),3,100,71,29,29,1000,Bottom,Evaluative Voting,98.5,98.5,0.6716666666666634
Polya Urn (alpha=0.2),3,100,71,29,29,1000,Bottom,k-Median Rule,89.4,82.0,0.6396666666666657
Polya Urn (alpha=0.2),3,100,71,29,29,1000,Bottom,k-Median-Shapley,75.2,62.8,0.7016666666666646
Polya Urn (alpha=0.2),4,100,71,29,29,1000,Cutoff,Evaluative Voting,99.9,99.9,0.75025
Polya Urn (alpha=0.2),4,100,71,29,29,1000,Cutoff,k-Median Rule,93.30000000000001,93.30000000000001,0.76675
Polya Urn (alpha=0.2),4,100,71,29,29,1000,Cutoff,k-Median-Shapley,84.39999999999999,84.39999999999999,0.789
Polya Urn (alpha=0.2),4,100,71,29,29,1000,Bottom,Evaluative Voting,99.9,99.9,0.75025
Polya Urn (alpha=0.2),4,100,71,29,29,1000,Bottom,k-Median Rule,93.30000000000001,93.30000000000001,0.76675
Polya Urn (alpha=0.2),4,100,71,29,29,1000,Bottom,k-Median-Shapley,84.39999999999999,84.39999999999999,0.789
Polya Urn (alpha=0.2),2,100,70,30,30,1000,Cutoff,Evaluative Voting,100.0,100.0,0.5
Polya Urn (alpha=0.2),2,100,70,30,30,1000,Cutoff,k-Median Rule,95.3,95.3,0.4625
Polya Urn (alpha=0.2),2,100,70,30,30,1000,Cutoff,k-Median-Shapley,84.3,78.9,0.532
Polya Urn (alpha=0.2),2,100,70,30,30,1000,Bottom,Evaluative Voting,93.89999999999999,93.89999999999999,0.5305
Polya Urn (alpha=0.2),2,100,70,30,30,1000,Bottom,k-Median Rule,86.4,70.19999999999999,0.478
Polya Urn (alpha=0.2),2,100,70,30,30,1000,Bottom,k-Median-Shapley,69.8,43.1,0.5905
Polya Urn (alpha=0.2),3,100,70,30,30,1000,Cutoff,Evaluative Voting,99.9,99.9,0.6669999999999969
Polya Urn (alpha=0.2),3,100,70,30,30,1000,Cutoff,k-Median Rule,96.6,96.6,0.6386666666666658
Polya Urn (alpha=0.2),3,100,70,30,30,1000,Cutoff,k-Median-Shapley,87.8,85.7,0.6689999999999974
Polya Urn (alpha=0.2),3,100,70,30,30,1000,Bottom,Evaluative Voting,99.2,99.2,0.6693333333333302
Polya Urn (alpha=0.2),3,100,70,30,30,1000,Bottom,k-Median Rule,91.4,85.2,0.6273333333333332
Polya Urn (alpha=0.2),3,100,70,30,30,1000,Bottom,k-Median-Shapley,77.7,65.60000000000001,0.6903333333333318
Polya Urn (alpha=0.2),4,100,70,30,30,1000,Cutoff,Evaluative Voting,100.0,100.0,0.75
Polya Urn (alpha=0.2),4,100,70,30,30,1000,Cutoff,k-Median Rule,94.89999999999999,94.89999999999999,0.76275
Polya Urn (alpha=0.2),4,100,70,30,30,1000,Cutoff,k-Median-Shapley,86.4,86.4,0.784
Polya Urn (alpha=0.2),4,100,70,30,30,1000,Bottom,Evaluative Voting,100.0,100.0,0.75
Polya Urn (alpha=0.2),4,100,70,30,30,1000,Bottom,k-Median Rule,94.89999999999999,94.89999999999999,0.76275
Polya Urn (alpha=0.2),4,100,70,30,30,1000,Bottom,k-Median-Shapley,86.4,86.4,0.784
Polya Urn (alpha=0.2),2,100,69,31,31,1000,Cutoff,Evaluative Voting,100.0,100.0,0.5
Polya Urn (alpha=0.2),2,100,69,31,31,1000,Cutoff,k-Median Rule,95.8,95.8,0.4535
Polya Urn (alpha=0.2),2,100,69,31,31,1000,Cutoff,k-Median-Shapley,85.5,79.3,0.5195
Polya Urn (alpha=0.2),2,100,69,31,31,1000,Bottom,Evaluative Voting,96.2,96.2,0.519
Polya Urn (alpha=0.2),2,100,69,31,31,1000,Bottom,k-Median Rule,87.1,72.2,0.4705
Polya Urn (alpha=0.2),2,100,69,31,31,1000,Bottom,k-Median-Shapley,71.89999999999999,46.6,0.5715
Polya Urn (alpha=0.2),3,100,69,31,31,1000,Cutoff,Evaluative Voting,100.0,100.0,0.6666666666666636
Polya Urn (alpha=0.2),3,100,69,31,31,1000,Cutoff,k-Median Rule,97.5,97.5,0.631333333333333
Polya Urn (alpha=0.2),3,100,69,31,31,1000,Cutoff,k-Median-Shapley,89.5,87.2,0.6599999999999976
Polya Urn (alpha=0.2),3,100,69,31,31,1000,Bottom,Evaluative Voting,99.6,99.6,0.6679999999999969
Polya Urn (alpha=0.2),3,100,69,31,31,1000,Bottom,k-Median Rule,93.2,87.2,0.6166666666666674
Polya Urn (alpha=0.2),3,100,69,31,31,1000,Bottom,k-Median-Shapley,79.60000000000001,68.5,0.6816666666666655
Polya Urn (alpha=0.2),4,100,69,31,31,1000,Cutoff,Evaluative Voting,100.0,100.0,0.75
Polya Urn (alpha=0.2),4,100,69,31,31,1000,Cutoff,k-Median Rule,96.3,96.3,0.75925
Polya Urn (alpha=0.2),4,100,69,31,31,1000,Cutoff,k-Median-Shapley,88.1,88.1,0.77975
Polya Urn (alpha=0.2),4,100,69,31,31,1000,Bottom,Evaluative Voting,100.0,100.0,0.75
Polya Urn (alpha=0.2),4,100,69,31,31,1000,Bottom,k-Median Rule,96.3,96.3,0.75925
Polya Urn (alpha=0.2),4,100,69,31,31,1000,Bottom,k-Median-Shapley,88.1,88.1,0.77975
Polya Urn (alpha=0.2),2,100,68,32,32,1000,Cutoff,Evaluative Voting,100.0,100.0,0.5
Polya Urn (alpha=0.2),2,100,68,32,32,1000,Cutoff,k-Median Rule,96.3,96.3,0.4505
Polya Urn (alpha=0.2),2,100,68,32,32,1000,Cutoff,k-Median-Shapley,86.6,81.2,0.515
Polya Urn (alpha=0.2),2,100,68,32,32,1000,Bottom,Evaluative Voting,97.5,97.5,0.5125
Polya Urn (alpha=0.2),2,100,68,32,32,1000,Bottom,k-Median Rule,88.8,75.6,0.4605
Polya Urn (alpha=0.2),2,100,68,32,32,1000,Bottom,k-Median-Shapley,73.2,50.3,0.564
Polya Urn (alpha=0.2),3,100,68,32,32,1000,Cutoff,Evaluative Voting,100.0,100.0,0.6666666666666636
Polya Urn (alpha=0.2),3,100,68,32,32,1000,Cutoff,k-Median Rule,97.8,97.8,0.6299999999999998
Polya Urn (alpha=0.2),3,100,68,32,32,1000,Cutoff,k-Median-Shapley,90.2,87.9,0.6583333333333313
Polya Urn (alpha=0.2),3,100,68,32,32,1000,Bottom,Evaluative Voting,99.7,99.7,0.6676666666666635
Polya Urn (alpha=0.2),3,100,68,32,32,1000,Bottom,k-Median Rule,94.3,88.9,0.6126666666666675
Polya Urn (alpha=0.2),3,100,68,32,32,1000,Bottom,k-Median-Shapley,80.60000000000001,70.7,0.6746666666666659
Polya Urn (alpha=0.2),4,100,68,32,32,1000,Cutoff,Evaluative Voting,100.0,100.0,0.75
Polya Urn (alpha=0.2),4,100,68,32,32,1000,Cutoff,k-Median Rule,96.8,96.8,0.758
Polya Urn (alpha=0.2),4,100,68,32,32,1000,Cutoff,k-Median-Shapley,89.60000000000001,89.60000000000001,0.776
Polya Urn (alpha=0.2),4,100,68,32,32,1000,Bottom,Evaluative Voting,100.0,100.0,0.75
Polya Urn (alpha=0.2),4,100,68,32,32,1000,Bottom,k-Median Rule,96.8,96.8,0.758
Polya Urn (alpha=0.2),4,100,68,32,32,1000,Bottom,k-Median-Shapley,89.60000000000001,89.60000000000001,0.776
Polya Urn (alpha=0.2),2,100,67,33,33,1000,Cutoff,Evaluative Voting,100.0,100.0,0.5
Polya Urn (alpha=0.2),2,100,67,33,33,1000,Cutoff,k-Median Rule,97.0,97.0,0.441
Polya Urn (alpha=0.2),2,100,67,33,33,1000,Cutoff,k-Median-Shapley,88.3,83.1,0.503
Polya Urn (alpha=0.2),2,100,67,33,33,1000,Bottom,Evaluative Voting,98.0,98.0,0.51
Polya Urn (alpha=0.2),2,100,67,33,33,1000,Bottom,k-Median Rule,89.8,78.9,0.444
Polya Urn (alpha=0.2),2,100,67,33,33,1000,Bottom,k-Median-Shapley,76.0,54.1,0.541
Polya Urn (alpha=0.2),3,100,67,33,33,1000,Cutoff,Evaluative Voting,100.0,100.0,0.6666666666666636
Polya Urn (alpha=0.2),3,100,67,33,33,1000,Cutoff,k-Median Rule,98.7,98.7,0.6239999999999997
Polya Urn (alpha=0.2),3,100,67,33,33,1000,Cutoff,k-Median-Shapley,92.30000000000001,90.3,0.6499999999999984
Polya Urn (alpha=0.2),3,100,67,33,33,1000,Bottom,Evaluative Voting,99.9,99.9,0.666999999999997
Polya Urn (alpha=0.2),3,100,67,33,33,1000,Bottom,k-Median Rule,95.19999999999999,90.7,0.6026666666666675
Polya Urn (alpha=0.2),3,100,67,33,33,1000,Bottom,k-Median-Shapley,84.0,74.5,0.6586666666666657
Polya Urn (alpha=0.2),4,100,67,33,33,1000,Cutoff,Evaluative Voting,100.0,100.0,0.75
Polya Urn (alpha=0.2),4,100,67,33,33,1000,Cutoff,k-Median Rule,97.89999999999999,97.89999999999999,0.75525
Polya Urn (alpha=0.2),4,100,67,33,33,1000,Cutoff,k-Median-Shapley,91.4,91.4,0.7715
Polya Urn (alpha=0.2),4,100,67,33,33,1000,Bottom,Evaluative Voting,100.0,100.0,0.75
Polya Urn (alpha=0.2),4,100,67,33,33,1000,Bottom,k-Median Rule,97.89999999999999,97.89999999999999,0.75525
Polya Urn (alpha=0.2),4,100,67,33,33,1000,Bottom,k-Median-Shapley,91.4,91.4,0.7715
Polya Urn (alpha=0.2),2,100,66,34,34,1000,Cutoff,Evaluative Voting,100.0,100.0,0.5
Polya Urn (alpha=0.2),2,100,66,34,34,1000,Cutoff,k-Median Rule,97.3,97.3,0.443
Polya Urn (alpha=0.2),2,100,66,34,34,1000,Cutoff,k-Median-Shapley,89.4,84.5,0.4935
Polya Urn (alpha=0.2),2,100,66,34,34,1000,Bottom,Evaluative Voting,98.9,98.9,0.5055
Polya Urn (alpha=0.2),2,100,66,34,34,1000,Bottom,k-Median Rule,90.9,81.3,0.439
Polya Urn (alpha=0.2),2,100,66,34,34,1000,Bottom,k-Median-Shapley,78.10000000000001,56.2,0.527
Polya Urn (alpha=0.2),3,100,66,34,34,1000,Cutoff,Evaluative Voting,100.0,100.0,0.6666666666666636
Polya Urn (alpha=0.2),3,100,66,34,34,1000,Cutoff,k-Median Rule,99.0,99.0,0.6223333333333328
Polya Urn (alpha=0.2),3,100,66,34,34,1000,Cutoff,k-Median-Shapley,92.80000000000001,91.3,0.6466666666666652
Polya Urn (alpha=0.2),3,100,66,34,34,1000,Bottom,Evaluative Voting,99.9,99.9,0.666999999999997
Polya Urn (alpha=0.2),3,100,66,34,34,1000,Bottom,k-Median Rule,95.6,92.5,0.6010000000000008
Polya Urn (alpha=0.2),3,100,66,34,34,1000,Bottom,k-Median-Shapley,85.1,76.6,0.6549999999999989
Polya Urn (alpha=0.2),4,100,66,34,34,1000,Cutoff,Evaluative Voting,100.0,100.0,0.75
Polya Urn (alpha=0.2),4,100,66,34,34,1000,Cutoff,k-Median Rule,98.4,98.4,0.754
Polya Urn (alpha=0.2),4,100,66,34,34,1000,Cutoff,k-Median-Shapley,92.5,92.5,0.76875
Polya Urn (alpha=0.2),4,100,66,34,34,1000,Bottom,Evaluative Voting,100.0,100.0,0.75
Polya Urn (alpha=0.2),4,100,66,34,34,1000,Bottom,k-Median Rule,98.4,98.4,0.754
Polya Urn (alpha=0.2),4,100,66,34,34,1000,Bottom,k-Median-Shapley,92.5,92.5,0.76875
Polya Urn (alpha=0.2),2,100,65,35,35,1000,Cutoff,Evaluative Voting,100.0,100.0,0.5
Polya Urn (alpha=0.2),2,100,65,35,35,1000,Cutoff,k-Median Rule,98.2,98.2,0.427
Polya Urn (alpha=0.2),2,100,65,35,35,1000,Cutoff,k-Median-Shapley,91.4,87.2,0.476
Polya Urn (alpha=0.2),2,100,65,35,35,1000,Bottom,Evaluative Voting,99.5,99.5,0.5025
Polya Urn (alpha=0.2),2,100,65,35,35,1000,Bottom,k-Median Rule,92.10000000000001,84.1,0.42
Polya Urn (alpha=0.2),2,100,65,35,35,1000,Bottom,k-Median-Shapley,79.80000000000001,60.199999999999996,0.514
Polya Urn (alpha=0.2),3,100,65,35,35,1000,Cutoff,Evaluative Voting,100.0,100.0,0.6666666666666636
Polya Urn (alpha=0.2),3,100,65,35,35,1000,Cutoff,k-Median Rule,99.3,99.3,0.6146666666666665
Polya Urn (alpha=0.2),3,100,65,35,35,1000,Cutoff,k-Median-Shapley,93.7,91.8,0.6316666666666652
Polya Urn (alpha=0.2),3,100,65,35,35,1000,Bottom,Evaluative Voting,100.0,100.0,0.6666666666666636
Polya Urn (alpha=0.2),3,100,65,35,35,1000,Bottom,k-Median Rule,96.5,93.89999999999999,0.5923333333333338
Polya Urn (alpha=0.2),3,100,65,35,35,1000,Bottom,k-Median-Shapley,87.4,80.30000000000001,0.6419999999999991
Polya Urn (alpha=0.2),4,100,65,35,35,1000,Cutoff,Evaluative Voting,100.0,100.0,0.75
Polya Urn (alpha=0.2),4,100,65,35,35,1000,Cutoff,k-Median Rule,98.6,98.6,0.7535
Polya Urn (alpha=0.2),4,100,65,35,35,1000,Cutoff,k-Median-Shapley,94.3,94.3,0.76425
Polya Urn (alpha=0.2),4,100,65,35,35,1000,Bottom,Evaluative Voting,100.0,100.0,0.75
Polya Urn (alpha=0.2),4,100,65,35,35,1000,Bottom,k-Median Rule,98.6,98.6,0.7535
Polya Urn (alpha=0.2),4,100,65,35,35,1000,Bottom,k-Median-Shapley,94.3,94.3,0.76425
Polya Urn (alpha=0.2),2,100,64,36,36,1000,Cutoff,Evaluative Voting,100.0,100.0,0.5
Polya Urn (alpha=0.2),2,100,64,36,36,1000,Cutoff,k-Median Rule,98.6,98.6,0.424
Polya Urn (alpha=0.2),2,100,64,36,36,1000,Cutoff,k-Median-Shapley,92.60000000000001,88.9,0.469
Polya Urn (alpha=0.2),2,100,64,36,36,1000,Bottom,Evaluative Voting,99.6,99.6,0.502
Polya Urn (alpha=0.2),2,100,64,36,36,1000,Bottom,k-Median Rule,94.0,87.6,0.4045
Polya Urn (alpha=0.2),2,100,64,36,36,1000,Bottom,k-Median-Shapley,82.6,64.8,0.5015
Polya Urn (alpha=0.2),3,100,64,36,36,1000,Cutoff,Evaluative Voting,100.0,100.0,0.6666666666666636
Polya Urn (alpha=0.2),3,100,64,36,36,1000,Cutoff,k-Median Rule,99.4,99.4,0.6150000000000001
Polya Urn (alpha=0.2),3,100,64,36,36,1000,Cutoff,k-Median-Shapley,94.69999999999999,92.60000000000001,0.6329999999999983
Polya Urn (alpha=0.2),3,100,64,36,36,1000,Bottom,Evaluative Voting,100.0,100.0,0.6666666666666636
Polya Urn (alpha=0.2),3,100,64,36,36,1000,Bottom,k-Median Rule,97.3,95.3,0.5866666666666674
Polya Urn (alpha=0.2),3,100,64,36,36,1000,Bottom,k-Median-Shapley,89.5,82.6,0.6299999999999994
Polya Urn (alpha=0.2),4,100,64,36,36,1000,Cutoff,Evaluative Voting,100.0,100.0,0.75
Polya Urn (alpha=0.2),4,100,64,36,36,1000,Cutoff,k-Median Rule,99.0,99.0,0.7525
Polya Urn (alpha=0.2),4,100,64,36,36,1000,Cutoff,k-Median-Shapley,95.1,95.1,0.76225
Polya Urn (alpha=0.2),4,100,64,36,36,1000,Bottom,Evaluative Voting,100.0,100.0,0.75
Polya Urn (alpha=0.2),4,100,64,36,36,1000,Bottom,k-Median Rule,99.0,99.0,0.7525
Polya Urn (alpha=0.2),4,100,64,36,36,1000,Bottom,k-Median-Shapley,95.1,95.1,0.76225
Polya Urn (alpha=0.2),2,100,63,37,37,1000,Cutoff,Evaluative Voting,100.0,100.0,0.5
Polya Urn (alpha=0.2),2,100,63,37,37,1000,Cutoff,k-Median Rule,99.0,99.0,0.4125
Polya Urn (alpha=0.2),2,100,63,37,37,1000,Cutoff,k-Median-Shapley,93.5,90.5,0.4555
Polya Urn (alpha=0.2),2,100,63,37,37,1000,Bottom,Evaluative Voting,99.7,99.7,0.5015
Polya Urn (alpha=0.2),2,100,63,37,37,1000,Bottom,k-Median Rule,95.7,90.4,0.3895
Polya Urn (alpha=0.2),2,100,63,37,37,1000,Bottom,k-Median-Shapley,85.0,68.30000000000001,0.482
Polya Urn (alpha=0.2),3,100,63,37,37,1000,Cutoff,Evaluative Voting,100.0,100.0,0.6666666666666636
Polya Urn (alpha=0.2),3,100,63,37,37,1000,Cutoff,k-Median Rule,99.4,99.4,0.6066666666666672
Polya Urn (alpha=0.2),3,100,63,37,37,1000,Cutoff,k-Median-Shapley,96.0,94.89999999999999,0.6189999999999991
Polya Urn (alpha=0.2),3,100,63,37,37,1000,Bottom,Evaluative Voting,100.0,100.0,0.6666666666666636
Polya Urn (alpha=0.2),3,100,63,37,37,1000,Bottom,k-Median Rule,97.89999999999999,96.8,0.5753333333333343
Polya Urn (alpha=0.2),3,100,63,37,37,1000,Bottom,k-Median-Shapley,90.4,83.89999999999999,0.6216666666666663
Polya Urn (alpha=0.2),4,100,63,37,37,1000,Cutoff,Evaluative Voting,100.0,100.0,0.75
Polya Urn (alpha=0.2),4,100,63,37,37,1000,Cutoff,k-Median Rule,99.3,99.3,0.75175
Polya Urn (alpha=0.2),4,100,63,37,37,1000,Cutoff,k-Median-Shapley,95.8,95.8,0.7605
Polya Urn (alpha=0.2),4,100,63,37,37,1000,Bottom,Evaluative Voting,100.0,100.0,0.75
Polya Urn (alpha=0.2),4,100,63,37,37,1000,Bottom,k-Median Rule,99.3,99.3,0.75175
Polya Urn (alpha=0.2),4,100,63,37,37,1000,Bottom,k-Median-Shapley,95.8,95.8,0.7605
Polya Urn (alpha=0.2),2,100,62,38,38,1000,Cutoff,Evaluative Voting,100.0,100.0,0.5
Polya Urn (alpha=0.2),2,100,62,38,38,1000,Cutoff,k-Median Rule,99.3,99.3,0.414
Polya Urn (alpha=0.2),2,100,62,38,38,1000,Cutoff,k-Median-Shapley,94.69999999999999,92.0,0.4465
Polya Urn (alpha=0.2),2,100,62,38,38,1000,Bottom,Evaluative Voting,99.8,99.8,0.501
Polya Urn (alpha=0.2),2,100,62,38,38,1000,Bottom,k-Median Rule,96.39999999999999,92.0,0.386
Polya Urn (alpha=0.2),2,100,62,38,38,1000,Bottom,k-Median-Shapley,86.2,72.89999999999999,0.4765
Polya Urn (alpha=0.2),3,100,62,38,38,1000,Cutoff,Evaluative Voting,100.0,100.0,0.6666666666666636
Polya Urn (alpha=0.2),3,100,62,38,38,1000,Cutoff,k-Median Rule,99.6,99.6,0.6030000000000005
Polya Urn (alpha=0.2),3,100,62,38,38,1000,Cutoff,k-Median-Shapley,96.6,95.19999999999999,0.6136666666666662
Polya Urn (alpha=0.2),3,100,62,38,38,1000,Bottom,Evaluative Voting,100.0,100.0,0.6666666666666636
Polya Urn (alpha=0.2),3,100,62,38,38,1000,Bottom,k-Median Rule,98.1,97.3,0.5766666666666681
Polya Urn (alpha=0.2),3,100,62,38,38,1000,Bottom,k-Median-Shapley,91.7,87.0,0.6156666666666667
Polya Urn (alpha=0.2),4,100,62,38,38,1000,Cutoff,Evaluative Voting,100.0,100.0,0.75
Polya Urn (alpha=0.2),4,100,62,38,38,1000,Cutoff,k-Median Rule,99.4,99.4,0.7515
Polya Urn (alpha=0.2),4,100,62,38,38,1000,Cutoff,k-Median-Shapley,96.6,96.6,0.7585
Polya Urn (alpha=0.2),4,100,62,38,38,1000,Bottom,Evaluative Voting,100.0,100.0,0.75
Polya Urn (alpha=0.2),4,100,62,38,38,1000,Bottom,k-Median Rule,99.4,99.4,0.7515
Polya Urn (alpha=0.2),4,100,62,38,38,1000,Bottom,k-Median-Shapley,96.6,96.6,0.7585
Polya Urn (alpha=0.2),2,100,61,39,39,1000,Cutoff,Evaluative Voting,100.0,100.0,0.5
Polya Urn (alpha=0.2),2,100,61,39,39,1000,Cutoff,k-Median Rule,99.5,99.5,0.4025
Polya Urn (alpha=0.2),2,100,61,39,39,1000,Cutoff,k-Median-Shapley,95.6,93.30000000000001,0.435
Polya Urn (alpha=0.2),2,100,61,39,39,1000,Bottom,Evaluative Voting,99.9,99.9,0.5005
Polya Urn (alpha=0.2),2,100,61,39,39,1000,Bottom,k-Median Rule,97.1,93.89999999999999,0.3695
Polya Urn (alpha=0.2),2,100,61,39,39,1000,Bottom,k-Median-Shapley,89.0,77.9,0.452
Polya Urn (alpha=0.2),3,100,61,39,39,1000,Cutoff,Evaluative Voting,100.0,100.0,0.6666666666666636
Polya Urn (alpha=0.2),3,100,61,39,39,1000,Cutoff,k-Median Rule,99.7,99.7,0.600666666666667
Polya Urn (alpha=0.2),3,100,61,39,39,1000,Cutoff,k-Median-Shapley,97.89999999999999,96.7,0.6059999999999998
Polya Urn (alpha=0.2),3,100,61,39,39,1000,Bottom,Evaluative Voting,100.0,100.0,0.6666666666666636
Polya Urn (alpha=0.2),3,100,61,39,39,1000,Bottom,k-Median Rule,98.8,97.89999999999999,0.5693333333333345
Polya Urn (alpha=0.2),3,100,61,39,39,1000,Bottom,k-Median-Shapley,92.80000000000001,89.2,0.6040000000000004
Polya Urn (alpha=0.2),4,100,61,39,39,1000,Cutoff,Evaluative Voting,100.0,100.0,0.75
Polya Urn (alpha=0.2),4,100,61,39,39,1000,Cutoff,k-Median Rule,99.6,99.6,0.751
Polya Urn (alpha=0.2),4,100,61,39,39,1000,Cutoff,k-Median-Shapley,97.39999999999999,97.39999999999999,0.7565
Polya Urn (alpha=0.2),4,100,61,39,39,1000,Bottom,Evaluative Voting,100.0,100.0,0.75
Polya Urn (alpha=0.2),4,100,61,39,39,1000,Bottom,k-Median Rule,99.6,99.6,0.751
Polya Urn (alpha=0.2),4,100,61,39,39,1000,Bottom,k-Median-Shapley,97.39999999999999,97.39999999999999,0.7565
Polya Urn (alpha=0.2),2,100,60,40,40,1000,Cutoff,Evaluative Voting,100.0,100.0,0.5
Polya Urn (alpha=0.2),2,100,60,40,40,1000,Cutoff,k-Median Rule,99.7,99.7,0.4015
Polya Urn (alpha=0.2),2,100,60,40,40,1000,Cutoff,k-Median-Shapley,96.7,94.8,0.432
Polya Urn (alpha=0.2),2,100,60,40,40,1000,Bottom,Evaluative Voting,99.9,99.9,0.5005
Polya Urn (alpha=0.2),2,100,60,40,40,1000,Bottom,k-Median Rule,98.1,95.89999999999999,0.3565
Polya Urn (alpha=0.2),2,100,60,40,40,1000,Bottom,k-Median-Shapley,90.2,79.9,0.4365
Polya Urn (alpha=0.2),3,100,60,40,40,1000,Cutoff,Evaluative Voting,100.0,100.0,0.6666666666666636
Polya Urn (alpha=0.2),3,100,60,40,40,1000,Cutoff,k-Median Rule,99.7,99.7,0.595666666666667
Polya Urn (alpha=0.2),3,100,60,40,40,1000,Cutoff,k-Median-Shapley,97.89999999999999,96.6,0.6043333333333331
Polya Urn (alpha=0.2),3,100,60,40,40,1000,Bottom,Evaluative Voting,100.0,100.0,0.6666666666666636
Polya Urn (alpha=0.2),3,100,60,40,40,1000,Bottom,k-Median Rule,98.9,98.3,0.5646666666666676
Polya Urn (alpha=0.2),3,100,60,40,40,1000,Bottom,k-Median-Shapley,94.6,91.3,0.6006666666666671
Polya Urn (alpha=0.2),4,100,60,40,40,1000,Cutoff,Evaluative Voting,100.0,100.0,0.75
Polya Urn (alpha=0.2),4,100,60,40,40,1000,Cutoff,k-Median Rule,99.6,99.6,0.751
Polya Urn (alpha=0.2),4,100,60,40,40,1000,Cutoff,k-Median-Shapley,98.2,98.2,0.7545
Polya Urn (alpha=0.2),4,100,60,40,40,1000,Bottom,Evaluative Voting,100.0,100.0,0.75
Polya Urn (alpha=0.2),4,100,60,40,40,1000,Bottom,k-Median Rule,99.6,99.6,0.751
Polya Urn (alpha=0.2),4,100,60,40,40,1000,Bottom,k-Median-Shapley,98.2,98.2,0.7545
Polya Urn (alpha=0.2),2,100,59,41,41,1000,Cutoff,Evaluative Voting,100.0,100.0,0.5
Polya Urn (alpha=0.2),2,100,59,41,41,1000,Cutoff,k-Median Rule,99.8,99.8,0.396
Polya Urn (alpha=0.2),2,100,59,41,41,1000,Cutoff,k-Median-Shapley,97.89999999999999,96.2,0.416
Polya Urn (alpha=0.2),2,100,59,41,41,1000,Bottom,Evaluative Voting,100.0,100.0,0.5
Polya Urn (alpha=0.2),2,100,59,41,41,1000,Bottom,k-Median Rule,98.8,97.0,0.3515
Polya Urn (alpha=0.2),2,100,59,41,41,1000,Bottom,k-Median-Shapley,91.60000000000001,83.39999999999999,0.426
Polya Urn (alpha=0.2),3,100,59,41,41,1000,Cutoff,Evaluative Voting,100.0,100.0,0.6666666666666636
Polya Urn (alpha=0.2),3,100,59,41,41,1000,Cutoff,k-Median Rule,99.8,99.8,0.5946666666666671
Polya Urn (alpha=0.2),3,100,59,41,41,1000,Cutoff,k-Median-Shapley,98.3,97.39999999999999,0.6016666666666662
Polya Urn (alpha=0.2),3,100,59,41,41,1000,Bottom,Evaluative Voting,100.0,100.0,0.6666666666666636
Polya Urn (alpha=0.2),3,100,59,41,41,1000,Bottom,k-Median Rule,99.2,98.8,0.558333333333334
Polya Urn (alpha=0.2),3,100,59,41,41,1000,Bottom,k-Median-Shapley,95.7,93.30000000000001,0.583000000000001
Polya Urn (alpha=0.2),4,100,59,41,41,1000,Cutoff,Evaluative Voting,100.0,100.0,0.75
Polya Urn (alpha=0.2),4,100,59,41,41,1000,Cutoff,k-Median Rule,99.9,99.9,0.75025
Polya Urn (alpha=0.2),4,100,59,41,41,1000,Cutoff,k-Median-Shapley,98.2,98.2,0.7545
Polya Urn (alpha=0.2),4,100,59,41,41,1000,Bottom,Evaluative Voting,100.0,100.0,0.75
Polya Urn (alpha=0.2),4,100,59,41,41,1000,Bottom,k-Median Rule,99.9,99.9,0.75025
Polya Urn (alpha=0.2),4,100,59,41,41,1000,Bottom,k-Median-Shapley,98.2,98.2,0.7545
Polya Urn (alpha=0.2),2,100,58,42,42,1000,Cutoff,Evaluative Voting,100.0,100.0,0.5
Polya Urn (alpha=0.2),2,100,58,42,42,1000,Cutoff,k-Median Rule,99.8,99.8,0.392
Polya Urn (alpha=0.2),2,100,58,42,42,1000,Cutoff,k-Median-Shapley,98.1,96.7,0.409
Polya Urn (alpha=0.2),2,100,58,42,42,1000,Bottom,Evaluative Voting,100.0,100.0,0.5
Polya Urn (alpha=0.2),2,100,58,42,42,1000,Bottom,k-Median Rule,98.9,97.8,0.345
Polya Urn (alpha=0.2),2,100,58,42,42,1000,Bottom,k-Median-Shapley,93.4,87.3,0.3965
Polya Urn (alpha=0.2),3,100,58,42,42,1000,Cutoff,Evaluative Voting,100.0,100.0,0.6666666666666636
Polya Urn (alpha=0.2),3,100,58,42,42,1000,Cutoff,k-Median Rule,99.9,99.9,0.5890000000000005
Polya Urn (alpha=0.2),3,100,58,42,42,1000,Cutoff,k-Median-Shapley,98.7,98.0,0.5939999999999996
Polya Urn (alpha=0.2),3,100,58,42,42,1000,Bottom,Evaluative Voting,100.0,100.0,0.6666666666666636
Polya Urn (alpha=0.2),3,100,58,42,42,1000,Bottom,k-Median Rule,99.5,99.4,0.552333333333334
Polya Urn (alpha=0.2),3,100,58,42,42,1000,Bottom,k-Median-Shapley,97.5,95.6,0.5736666666666674
Polya Urn (alpha=0.2),4,100,58,42,42,1000,Cutoff,Evaluative Voting,100.0,100.0,0.75
Polya Urn (alpha=0.2),4,100,58,42,42,1000,Cutoff,k-Median Rule,100.0,100.0,0.75
Polya Urn (alpha=0.2),4,100,58,42,42,1000,Cutoff,k-Median-Shapley,99.1,99.1,0.75225
Polya Urn (alpha=0.2),4,100,58,42,42,1000,Bottom,Evaluative Voting,100.0,100.0,0.75
Polya Urn (alpha=0.2),4,100,58,42,42,1000,Bottom,k-Median Rule,100.0,100.0,0.75
Polya Urn (alpha=0.2),4,100,58,42,42,1000,Bottom,k-Median-Shapley,99.1,99.1,0.75225
Polya Urn (alpha=0.2),2,100,57,43,43,1000,Cutoff,Evaluative Voting,100.0,100.0,0.5
Polya Urn (alpha=0.2),2,100,57,43,43,1000,Cutoff,k-Median Rule,99.8,99.8,0.3835
Polya Urn (alpha=0.2),2,100,57,43,43,1000,Cutoff,k-Median-Shapley,98.9,97.6,0.391
Polya Urn (alpha=0.2),2,100,57,43,43,1000,Bottom,Evaluative Voting,100.0,100.0,0.5
Polya Urn (alpha=0.2),2,100,57,43,43,1000,Bottom,k-Median Rule,99.3,98.5,0.34
Polya Urn (alpha=0.2),2,100,57,43,43,1000,Bottom,k-Median-Shapley,95.5,89.5,0.382
Polya Urn (alpha=0.2),3,100,57,43,43,1000,Cutoff,Evaluative Voting,100.0,100.0,0.6666666666666636
Polya Urn (alpha=0.2),3,100,57,43,43,1000,Cutoff,k-Median Rule,99.9,99.9,0.5826666666666676
Polya Urn (alpha=0.2),3,100,57,43,43,1000,Cutoff,k-Median-Shapley,98.8,98.4,0.5866666666666672
Polya Urn (alpha=0.2),3,100,57,43,43,1000,Bottom,Evaluative Voting,100.0,100.0,0.6666666666666636
Polya Urn (alpha=0.2),3,100,57,43,43,1000,Bottom,k-Median Rule,99.7,99.6,0.5480000000000009
Polya Urn (alpha=0.2),3,100,57,43,43,1000,Bottom,k-Median-Shapley,98.2,96.6,0.5633333333333341
Polya Urn (alpha=0.2),4,100,57,43,43,1000,Cutoff,Evaluative Voting,100.0,100.0,0.75
Polya Urn (alpha=0.2),4,100,57,43,43,1000,Cutoff,k-Median Rule,100.0,100.0,0.75
Polya Urn (alpha=0.2),4,100,57,43,43,1000,Cutoff,k-Median-Shapley,99.1,99.1,0.75225
Polya Urn (alpha=0.2),4,100,57,43,43,1000,Bottom,Evaluative Voting,100.0,100.0,0.75
Polya Urn (alpha=0.2),4,100,57,43,43,1000,Bottom,k-Median Rule,100.0,100.0,0.75
Polya Urn (alpha=0.2),4,100,57,43,43,1000,Bottom,k-Median-Shapley,99.1,99.1,0.75225
Polya Urn (alpha=0.2),2,100,56,44,44,1000,Cutoff,Evaluative Voting,100.0,100.0,0.5
Polya Urn (alpha=0.2),2,100,56,44,44,1000,Cutoff,k-Median Rule,99.9,99.9,0.3745
Polya Urn (alpha=0.2),2,100,56,44,44,1000,Cutoff,k-Median-Shapley,98.9,98.2,0.387
Polya Urn (alpha=0.2),2,100,56,44,44,1000,Bottom,Evaluative Voting,100.0,100.0,0.5
Polya Urn (alpha=0.2),2,100,56,44,44,1000,Bottom,k-Median Rule,99.6,99.3,0.3285
Polya Urn (alpha=0.2),2,100,56,44,44,1000,Bottom,k-Median-Shapley,97.2,92.10000000000001,0.362
Polya Urn (alpha=0.2),3,100,56,44,44,1000,Cutoff,Evaluative Voting,100.0,100.0,0.6666666666666636
Polya Urn (alpha=0.2),3,100,56,44,44,1000,Cutoff,k-Median Rule,100.0,100.0,0.5786666666666679
Polya Urn (alpha=0.2),3,100,56,44,44,1000,Cutoff,k-Median-Shapley,99.3,98.7,0.5876666666666669
Polya Urn (alpha=0.2),3,100,56,44,44,1000,Bottom,Evaluative Voting,100.0,100.0,0.6666666666666636
Polya Urn (alpha=0.2),3,100,56,44,44,1000,Bottom,k-Median Rule,99.9,99.8,0.5480000000000012
Polya Urn (alpha=0.2),3,100,56,44,44,1000,Bottom,k-Median-Shapley,99.0,97.89999999999999,0.5553333333333346
Polya Urn (alpha=0.2),4,100,56,44,44,1000,Cutoff,Evaluative Voting,100.0,100.0,0.75
Polya Urn (alpha=0.2),4,100,56,44,44,1000,Cutoff,k-Median Rule,100.0,100.0,0.75
Polya Urn (alpha=0.2),4,100,56,44,44,1000,Cutoff,k-Median-Shapley,99.5,99.5,0.75125
Polya Urn (alpha=0.2),4,100,56,44,44,1000,Bottom,Evaluative Voting,100.0,100.0,0.75
Polya Urn (alpha=0.2),4,100,56,44,44,1000,Bottom,k-Median Rule,100.0,100.0,0.75
Polya Urn (alpha=0.2),4,100,56,44,44,1000,Bottom,k-Median-Shapley,99.5,99.5,0.75125
Polya Urn (alpha=0.2),2,100,55,45,45,1000,Cutoff,Evaluative Voting,100.0,100.0,0.5
Polya Urn (alpha=0.2),2,100,55,45,45,1000,Cutoff,k-Median Rule,100.0,100.0,0.364
Polya Urn (alpha=0.2),2,100,55,45,45,1000,Cutoff,k-Median-Shapley,99.4,98.8,0.3735
Polya Urn (alpha=0.2),2,100,55,45,45,1000,Bottom,Evaluative Voting,100.0,100.0,0.5
Polya Urn (alpha=0.2),2,100,55,45,45,1000,Bottom,k-Median Rule,99.9,99.8,0.3195
Polya Urn (alpha=0.2),2,100,55,45,45,1000,Bottom,k-Median-Shapley,97.89999999999999,94.3,0.3455
Polya Urn (alpha=0.2),3,100,55,45,45,1000,Cutoff,Evaluative Voting,100.0,100.0,0.6666666666666636
Polya Urn (alpha=0.2),3,100,55,45,45,1000,Cutoff,k-Median Rule,100.0,100.0,0.5770000000000016
Polya Urn (alpha=0.2),3,100,55,45,45,1000,Cutoff,k-Median-Shapley,99.6,99.5,0.5823333333333334
Polya Urn (alpha=0.2),3,100,55,45,45,1000,Bottom,Evaluative Voting,100.0,100.0,0.6666666666666636
Polya Urn (alpha=0.2),3,100,55,45,45,1000,Bottom,k-Median Rule,99.9,99.9,0.5463333333333344
Polya Urn (alpha=0.2),3,100,55,45,45,1000,Bottom,k-Median-Shapley,99.1,98.4,0.5443333333333341
Polya Urn (alpha=0.2),4,100,55,45,45,1000,Cutoff,Evaluative Voting,100.0,100.0,0.75
Polya Urn (alpha=0.2),4,100,55,45,45,1000,Cutoff,k-Median Rule,100.0,100.0,0.75
Polya Urn (alpha=0.2),4,100,55,45,45,1000,Cutoff,k-Median-Shapley,99.7,99.7,0.75075
Polya Urn (alpha=0.2),4,100,55,45,45,1000,Bottom,Evaluative Voting,100.0,100.0,0.75
Polya Urn (alpha=0.2),4,100,55,45,45,1000,Bottom,k-Median Rule,100.0,100.0,0.75
Polya Urn (alpha=0.2),4,100,55,45,45,1000,Bottom,k-Median-Shapley,99.7,99.7,0.75075
Polya Urn (alpha=0.2),2,100,54,46,46,1000,Cutoff,Evaluative Voting,100.0,100.0,0.5
Polya Urn (alpha=0.2),2,100,54,46,46,1000,Cutoff,k-Median Rule,100.0,100.0,0.36
Polya Urn (alpha=0.2),2,100,54,46,46,1000,Cutoff,k-Median-Shapley,99.6,99.3,0.3665
Polya Urn (alpha=0.2),2,100,54,46,46,1000,Bottom,Evaluative Voting,100.0,100.0,0.5
Polya Urn (alpha=0.2),2,100,54,46,46,1000,Bottom,k-Median Rule,100.0,99.9,0.3215
Polya Urn (alpha=0.2),2,100,54,46,46,1000,Bottom,k-Median-Shapley,99.4,96.6,0.337
Polya Urn (alpha=0.2),3,100,54,46,46,1000,Cutoff,Evaluative Voting,100.0,100.0,0.6666666666666636
Polya Urn (alpha=0.2),3,100,54,46,46,1000,Cutoff,k-Median Rule,100.0,100.0,0.5756666666666681
Polya Urn (alpha=0.2),3,100,54,46,46,1000,Cutoff,k-Median-Shapley,99.6,99.6,0.576
Polya Urn (alpha=0.2),3,100,54,46,46,1000,Bottom,Evaluative Voting,100.0,100.0,0.6666666666666636
Polya Urn (alpha=0.2),3,100,54,46,46,1000,Bottom,k-Median Rule,99.9,99.9,0.5426666666666676
Polya Urn (alpha=0.2),3,100,54,46,46,1000,Bottom,k-Median-Shapley,99.5,99.1,0.5450000000000009
Polya Urn (alpha=0.2),4,100,54,46,46,1000,Cutoff,Evaluative Voting,100.0,100.0,0.75
Polya Urn (alpha=0.2),4,100,54,46,46,1000,Cutoff,k-Median Rule,100.0,100.0,0.75
Polya Urn (alpha=0.2),4,100,54,46,46,1000,Cutoff,k-Median-Shapley,99.9,99.9,0.75025
Polya Urn (alpha=0.2),4,100,54,46,46,1000,Bottom,Evaluative Voting,100.0,100.0,0.75
Polya Urn (alpha=0.2),4,100,54,46,46,1000,Bottom,k-Median Rule,100.0,100.0,0.75
Polya Urn (alpha=0.2),4,100,54,46,46,1000,Bottom,k-Median-Shapley,99.9,99.9,0.75025
Polya Urn (alpha=0.2),2,100,53,47,47,1000,Cutoff,Evaluative Voting,100.0,100.0,0.5
Polya Urn (alpha=0.2),2,100,53,47,47,1000,Cutoff,k-Median Rule,100.0,100.0,0.358
Polya Urn (alpha=0.2),2,100,53,47,47,1000,Cutoff,k-Median-Shapley,99.7,99.4,0.3465
Polya Urn (alpha=0.2),2,100,53,47,47,1000,Bottom,Evaluative Voting,100.0,100.0,0.5
Polya Urn (alpha=0.2),2,100,53,47,47,1000,Bottom,k-Median Rule,100.0,99.9,0.3155
Polya Urn (alpha=0.2),2,100,53,47,47,1000,Bottom,k-Median-Shapley,99.4,97.89999999999999,0.3225
Polya Urn (alpha=0.2),3,100,53,47,47,1000,Cutoff,Evaluative Voting,100.0,100.0,0.6666666666666636
Polya Urn (alpha=0.2),3,100,53,47,47,1000,Cutoff,k-Median Rule,100.0,100.0,0.5740000000000017
Polya Urn (alpha=0.2),3,100,53,47,47,1000,Cutoff,k-Median-Shapley,99.8,99.7,0.5686666666666662
Polya Urn (alpha=0.2),3,100,53,47,47,1000,Bottom,Evaluative Voting,100.0,100.0,0.6666666666666636
Polya Urn (alpha=0.2),3,100,53,47,47,1000,Bottom,k-Median Rule,99.9,99.9,0.5443333333333344
Polya Urn (alpha=0.2),3,100,53,47,47,1000,Bottom,k-Median-Shapley,99.6,99.4,0.5373333333333344
Polya Urn (alpha=0.2),4,100,53,47,47,1000,Cutoff,Evaluative Voting,100.0,100.0,0.75
Polya Urn (alpha=0.2),4,100,53,47,47,1000,Cutoff,k-Median Rule,100.0,100.0,0.75
Polya Urn (alpha=0.2),4,100,53,47,47,1000,Cutoff,k-Median-Shapley,99.9,99.9,0.75025
Polya Urn (alpha=0.2),4,100,53,47,47,1000,Bottom,Evaluative Voting,100.0,100.0,0.75
Polya Urn (alpha=0.2),4,100,53,47,47,1000,Bottom,k-Median Rule,100.0,100.0,0.75
Polya Urn (alpha=0.2),4,100,53,47,47,1000,Bottom,k-Median-Shapley,99.9,99.9,0.75025
Polya Urn (alpha=0.2),2,100,52,48,48,1000,Cutoff,Evaluative Voting,100.0,100.0,0.5
Polya Urn (alpha=0.2),2,100,52,48,48,1000,Cutoff,k-Median Rule,100.0,100.0,0.3535
Polya Urn (alpha=0.2),2,100,52,48,48,1000,Cutoff,k-Median-Shapley,99.7,99.4,0.352
Polya Urn (alpha=0.2),2,100,52,48,48,1000,Bottom,Evaluative Voting,100.0,100.0,0.5
Polya Urn (alpha=0.2),2,100,52,48,48,1000,Bottom,k-Median Rule,100.0,99.9,0.3165
Polya Urn (alpha=0.2),2,100,52,48,48,1000,Bottom,k-Median-Shapley,99.5,98.5,0.323
Polya Urn (alpha=0.2),3,100,52,48,48,1000,Cutoff,Evaluative Voting,100.0,100.0,0.6666666666666636
Polya Urn (alpha=0.2),3,100,52,48,48,1000,Cutoff,k-Median Rule,100.0,100.0,0.573333333333335
Polya Urn (alpha=0.2),3,100,52,48,48,1000,Cutoff,k-Median-Shapley,99.9,99.9,0.561666666666667
Polya Urn (alpha=0.2),3,100,52,48,48,1000,Bottom,Evaluative Voting,100.0,100.0,0.6666666666666636
Polya Urn (alpha=0.2),3,100,52,48,48,1000,Bottom,k-Median Rule,99.9,99.9,0.5426666666666677
Polya Urn (alpha=0.2),3,100,52,48,48,1000,Bottom,k-Median-Shapley,99.7,99.6,0.5353333333333345
Polya Urn (alpha=0.2),4,100,52,48,48,1000,Cutoff,Evaluative Voting,100.0,100.0,0.75
Polya Urn (alpha=0.2),4,100,52,48,48,1000,Cutoff,k-Median Rule,100.0,100.0,0.75
Polya Urn (alpha=0.2),4,100,52,48,48,1000,Cutoff,k-Median-Shapley,99.9,99.9,0.75025
Polya Urn (alpha=0.2),4,100,52,48,48,1000,Bottom,Evaluative Voting,100.0,100.0,0.75
Polya Urn (alpha=0.2),4,100,52,48,48,1000,Bottom,k-Median Rule,100.0,100.0,0.75
Polya Urn (alpha=0.2),4,100,52,48,48,1000,Bottom,k-Median-Shapley,99.9,99.9,0.75025
Polya Urn (alpha=0.2),2,100,51,49,49,1000,Cutoff,Evaluative Voting,100.0,100.0,0.5
Polya Urn (alpha=0.2),2,100,51,49,49,1000,Cutoff,k-Median Rule,100.0,100.0,0.3565
Polya Urn (alpha=0.2),2,100,51,49,49,1000,Cutoff,k-Median-Shapley,99.9,99.7,0.344
Polya Urn (alpha=0.2),2,100,51,49,49,1000,Bottom,Evaluative Voting,100.0,100.0,0.5
Polya Urn (alpha=0.2),2,100,51,49,49,1000,Bottom,k-Median Rule,100.0,99.9,0.3135
Polya Urn (alpha=0.2),2,100,51,49,49,1000,Bottom,k-Median-Shapley,99.8,99.2,0.315
Polya Urn (alpha=0.2),3,100,51,49,49,1000,Cutoff,Evaluative Voting,100.0,100.0,0.6666666666666636
Polya Urn (alpha=0.2),3,100,51,49,49,1000,Cutoff,k-Median Rule,100.0,100.0,0.572333333333335
Polya Urn (alpha=0.2),3,100,51,49,49,1000,Cutoff,k-Median-Shapley,100.0,100.0,0.5600000000000004
Polya Urn (alpha=0.2),3,100,51,49,49,1000,Bottom,Evaluative Voting,100.0,100.0,0.6666666666666636
Polya Urn (alpha=0.2),3,100,51,49,49,1000,Bottom,k-Median Rule,100.0,100.0,0.5426666666666682
Polya Urn (alpha=0.2),3,100,51,49,49,1000,Bottom,k-Median-Shapley,99.9,99.8,0.5343333333333348
Polya Urn (alpha=0.2),4,100,51,49,49,1000,Cutoff,Evaluative Voting,100.0,100.0,0.75
Polya Urn (alpha=0.2),4,100,51,49,49,1000,Cutoff,k-Median Rule,100.0,100.0,0.75
Polya Urn (alpha=0.2),4,100,51,49,49,1000,Cutoff,k-Median-Shapley,99.9,99.9,0.75025
Polya Urn (alpha=0.2),4,100,51,49,49,1000,Bottom,Evaluative Voting,100.0,100.0,0.75
Polya Urn (alpha=0.2),4,100,51,49,49,1000,Bottom,k-Median Rule,100.0,100.0,0.75
Polya Urn (alpha=0.2),4,100,51,49,49,1000,Bottom,k-Median-Shapley,99.9,99.9,0.75025
Impartial Culture (IC),2,100,99,1,1,1000,Cutoff,Evaluative Voting,40.5,40.5,0.7975
Impartial Culture (IC),2,100,99,1,1,1000,Cutoff,k-Median Rule,22.400000000000002,22.400000000000002,0.8835
Impartial Culture (IC),2,100,99,1,1,1000,Cutoff,k-Median-Shapley,33.5,27.1,0.8315
Impartial Culture (IC),2,100,99,1,1,1000,Bottom,Evaluative Voting,0.4,0.4,0.998
Impartial Culture (IC),2,100,99,1,1,1000,Bottom,k-Median Rule,21.6,0.2,0.8875
Impartial Culture (IC),2,100,99,1,1,1000,Bottom,k-Median-Shapley,29.2,1.4000000000000001,0.853
Impartial Culture (IC),3,100,99,1,1,1000,Cutoff,Evaluative Voting,41.5,41.5,0.8616666666666626
Impartial Culture (IC),3,100,99,1,1,1000,Cutoff,k-Median Rule,22.2,22.2,0.9229999999999976
Impartial Culture (IC),3,100,99,1,1,1000,Cutoff,k-Median-Shapley,33.5,28.599999999999998,0.8859999999999957
Impartial Culture (IC),3,100,99,1,1,1000,Bottom,Evaluative Voting,5.0,5.0,0.9833333333333325
Impartial Culture (IC),3,100,99,1,1,1000,Bottom,k-Median Rule,21.9,1.7000000000000002,0.9246666666666642
Impartial Culture (IC),3,100,99,1,1,1000,Bottom,k-Median-Shapley,30.9,6.3,0.8949999999999961
Impartial Culture (IC),4,100,99,1,1,1000,Cutoff,Evaluative Voting,28.1,28.1,0.92975
Impartial Culture (IC),4,100,99,1,1,1000,Cutoff,k-Median Rule,11.5,11.5,0.97125
Impartial Culture (IC),4,100,99,1,1,1000,Cutoff,k-Median-Shapley,23.1,23.1,0.94225
Impartial Culture (IC),4,100,99,1,1,1000,Bottom,Evaluative Voting,28.1,28.1,0.92975
Impartial Culture (IC),4,100,99,1,1,1000,Bottom,k-Median Rule,11.5,11.5,0.97125
Impartial Culture (IC),4,100,99,1,1,1000,Bottom,k-Median-Shapley,23.1,23.1,0.94225
Impartial Culture (IC),2,100,98,2,2,1000,Cutoff,Evaluative Voting,66.0,66.0,0.67
Impartial Culture (IC),2,100,98,2,2,1000,Cutoff,k-Median Rule,29.099999999999998,29.099999999999998,0.849
Impartial Culture (IC),2,100,98,2,2,1000,Cutoff,k-Median-Shapley,39.4,34.4,0.7985
Impartial Culture (IC),2,100,98,2,2,1000,Bottom,Evaluative Voting,4.5,4.5,0.9775
Impartial Culture (IC),2,100,98,2,2,1000,Bottom,k-Median Rule,26.900000000000002,7.6,0.861
Impartial Culture (IC),2,100,98,2,2,1000,Bottom,k-Median-Shapley,31.900000000000002,4.8,0.8355
Impartial Culture (IC),3,100,98,2,2,1000,Cutoff,Evaluative Voting,66.9,66.9,0.7769999999999945
Impartial Culture (IC),3,100,98,2,2,1000,Cutoff,k-Median Rule,32.9,32.9,0.8873333333333299
Impartial Culture (IC),3,100,98,2,2,1000,Cutoff,k-Median-Shapley,39.900000000000006,36.199999999999996,0.8633333333333286
Impartial Culture (IC),3,100,98,2,2,1000,Bottom,Evaluative Voting,19.1,19.1,0.9363333333333308
Impartial Culture (IC),3,100,98,2,2,1000,Bottom,k-Median Rule,29.299999999999997,12.7,0.8993333333333299
Impartial Culture (IC),3,100,98,2,2,1000,Bottom,k-Median-Shapley,33.7,11.799999999999999,0.8829999999999961
Impartial Culture (IC),4,100,98,2,2,1000,Cutoff,Evaluative Voting,52.6,52.6,0.8685
Impartial Culture (IC),4,100,98,2,2,1000,Cutoff,k-Median Rule,22.2,22.2,0.9445
Impartial Culture (IC),4,100,98,2,2,1000,Cutoff,k-Median-Shapley,31.3,31.3,0.92175
Impartial Culture (IC),4,100,98,2,2,1000,Bottom,Evaluative Voting,52.6,52.6,0.8685
Impartial Culture (IC),4,100,98,2,2,1000,Bottom,k-Median Rule,22.2,22.2,0.9445
Impartial Culture (IC),4,100,98,2,2,1000,Bottom,k-Median-Shapley,31.3,31.3,0.92175
Impartial Culture (IC),2,100,97,3,3,1000,Cutoff,Evaluative Voting,83.8,83.8,0.581
Impartial Culture (IC),2,100,97,3,3,1000,Cutoff,k-Median Rule,46.5,46.5,0.7455
Impartial Culture (IC),2,100,97,3,3,1000,Cutoff,k-Median-Shapley,53.6,45.300000000000004,0.7195
Impartial Culture (IC),2,100,97,3,3,1000,Bottom,Evaluative Voting,14.2,14.2,0.929
Impartial Culture (IC),2,100,97,3,3,1000,Bottom,k-Median Rule,42.9,9.9,0.7645
Impartial Culture (IC),2,100,97,3,3,1000,Bottom,k-Median-Shapley,43.9,8.7,0.768
Impartial Culture (IC),3,100,97,3,3,1000,Cutoff,Evaluative Voting,85.0,85.0,0.7166666666666621
Impartial Culture (IC),3,100,97,3,3,1000,Cutoff,k-Median Rule,49.6,49.6,0.8236666666666622
Impartial Culture (IC),3,100,97,3,3,1000,Cutoff,k-Median-Shapley,57.8,50.7,0.8013333333333277
Impartial Culture (IC),3,100,97,3,3,1000,Bottom,Evaluative Voting,37.3,37.3,0.8756666666666629
Impartial Culture (IC),3,100,97,3,3,1000,Bottom,k-Median Rule,46.1,17.7,0.8339999999999952
Impartial Culture (IC),3,100,97,3,3,1000,Bottom,k-Median-Shapley,51.300000000000004,21.099999999999998,0.8199999999999951
Impartial Culture (IC),4,100,97,3,3,1000,Cutoff,Evaluative Voting,70.0,70.0,0.825
Impartial Culture (IC),4,100,97,3,3,1000,Cutoff,k-Median Rule,33.900000000000006,33.900000000000006,0.91525
Impartial Culture (IC),4,100,97,3,3,1000,Cutoff,k-Median-Shapley,44.4,44.4,0.889
Impartial Culture (IC),4,100,97,3,3,1000,Bottom,Evaluative Voting,70.0,70.0,0.825
Impartial Culture (IC),4,100,97,3,3,1000,Bottom,k-Median Rule,33.900000000000006,33.900000000000006,0.91525
Impartial Culture (IC),4,100,97,3,3,1000,Bottom,k-Median-Shapley,44.4,44.4,0.889
Impartial Culture (IC),2,100,96,4,4,1000,Cutoff,Evaluative Voting,92.5,92.5,0.5375
Impartial Culture (IC),2,100,96,4,4,1000,Cutoff,k-Median Rule,53.400000000000006,53.400000000000006,0.7075
Impartial Culture (IC),2,100,96,4,4,1000,Cutoff,k-Median-Shapley,59.199999999999996,51.7,0.688
Impartial Culture (IC),2,100,96,4,4,1000,Bottom,Evaluative Voting,27.200000000000003,27.200000000000003,0.864
Impartial Culture (IC),2,100,96,4,4,1000,Bottom,k-Median Rule,50.1,20.7,0.726
Impartial Culture (IC),2,100,96,4,4,1000,Bottom,k-Median-Shapley,47.3,12.5,0.7485
Impartial Culture (IC),3,100,96,4,4,1000,Cutoff,Evaluative Voting,93.60000000000001,93.60000000000001,0.6879999999999963
Impartial Culture (IC),3,100,96,4,4,1000,Cutoff,k-Median Rule,57.699999999999996,57.699999999999996,0.7993333333333281
Impartial Culture (IC),3,100,96,4,4,1000,Cutoff,k-Median-Shapley,64.4,58.5,0.7783333333333279
Impartial Culture (IC),3,100,96,4,4,1000,Bottom,Evaluative Voting,56.00000000000001,56.00000000000001,0.813333333333328
Impartial Culture (IC),3,100,96,4,4,1000,Bottom,k-Median Rule,53.1,28.9,0.8116666666666612
Impartial Culture (IC),3,100,96,4,4,1000,Bottom,k-Median-Shapley,54.800000000000004,27.200000000000003,0.8066666666666611
Impartial Culture (IC),4,100,96,4,4,1000,Cutoff,Evaluative Voting,81.10000000000001,81.10000000000001,0.79725
Impartial Culture (IC),4,100,96,4,4,1000,Cutoff,k-Median Rule,43.6,43.6,0.891
Impartial Culture (IC),4,100,96,4,4,1000,Cutoff,k-Median-Shapley,49.2,49.2,0.877
Impartial Culture (IC),4,100,96,4,4,1000,Bottom,Evaluative Voting,81.10000000000001,81.10000000000001,0.79725
Impartial Culture (IC),4,100,96,4,4,1000,Bottom,k-Median Rule,43.6,43.6,0.891
Impartial Culture (IC),4,100,96,4,4,1000,Bottom,k-Median-Shapley,49.2,49.2,0.877
Impartial Culture (IC),2,100,95,5,5,1000,Cutoff,Evaluative Voting,96.89999999999999,96.89999999999999,0.5155
Impartial Culture (IC),2,100,95,5,5,1000,Cutoff,k-Median Rule,66.4,66.4,0.626
Impartial Culture (IC),2,100,95,5,5,1000,Cutoff,k-Median-Shapley,66.9,58.8,0.6455
Impartial Culture (IC),2,100,95,5,5,1000,Bottom,Evaluative Voting,43.7,43.7,0.7815
Impartial Culture (IC),2,100,95,5,5,1000,Bottom,k-Median Rule,61.5,24.8,0.6505
Impartial Culture (IC),2,100,95,5,5,1000,Bottom,k-Median-Shapley,54.7,16.2,0.707
Impartial Culture (IC),3,100,95,5,5,1000,Cutoff,Evaluative Voting,96.89999999999999,96.89999999999999,0.6769999999999967
Impartial Culture (IC),3,100,95,5,5,1000,Cutoff,k-Median Rule,69.1,69.1,0.7509999999999961
Impartial Culture (IC),3,100,95,5,5,1000,Cutoff,k-Median-Shapley,72.1,64.3,0.7459999999999958
Impartial Culture (IC),3,100,95,5,5,1000,Bottom,Evaluative Voting,70.89999999999999,70.89999999999999,0.7636666666666613
Impartial Culture (IC),3,100,95,5,5,1000,Bottom,k-Median Rule,63.6,34.9,0.7643333333333292
Impartial Culture (IC),3,100,95,5,5,1000,Bottom,k-Median-Shapley,61.6,34.5,0.7749999999999956
Impartial Culture (IC),4,100,95,5,5,1000,Cutoff,Evaluative Voting,90.4,90.4,0.774
Impartial Culture (IC),4,100,95,5,5,1000,Cutoff,k-Median Rule,52.1,52.1,0.86975
Impartial Culture (IC),4,100,95,5,5,1000,Cutoff,k-Median-Shapley,56.2,56.2,0.8595
Impartial Culture (IC),4,100,95,5,5,1000,Bottom,Evaluative Voting,90.4,90.4,0.774
Impartial Culture (IC),4,100,95,5,5,1000,Bottom,k-Median Rule,52.1,52.1,0.86975
Impartial Culture (IC),4,100,95,5,5,1000,Bottom,k-Median-Shapley,56.2,56.2,0.8595
Impartial Culture (IC),2,100,94,6,6,1000,Cutoff,Evaluative Voting,98.9,98.9,0.5055
Impartial Culture (IC),2,100,94,6,6,1000,Cutoff,k-Median Rule,70.19999999999999,70.19999999999999,0.6155
Impartial Culture (IC),2,100,94,6,6,1000,Cutoff,k-Median-Shapley,71.0,63.7,0.6245
Impartial Culture (IC),2,100,94,6,6,1000,Bottom,Evaluative Voting,58.099999999999994,58.099999999999994,0.7095
Impartial Culture (IC),2,100,94,6,6,1000,Bottom,k-Median Rule,66.7,34.8,0.6275
Impartial Culture (IC),2,100,94,6,6,1000,Bottom,k-Median-Shapley,57.199999999999996,22.1,0.6955
Impartial Culture (IC),3,100,94,6,6,1000,Cutoff,Evaluative Voting,98.7,98.7,0.670999999999997
Impartial Culture (IC),3,100,94,6,6,1000,Cutoff,k-Median Rule,73.3,73.3,0.7399999999999963
Impartial Culture (IC),3,100,94,6,6,1000,Cutoff,k-Median-Shapley,75.9,69.39999999999999,0.73133333333333
Impartial Culture (IC),3,100,94,6,6,1000,Bottom,Evaluative Voting,83.5,83.5,0.7216666666666621
Impartial Culture (IC),3,100,94,6,6,1000,Bottom,k-Median Rule,68.30000000000001,44.1,0.7506666666666625
Impartial Culture (IC),3,100,94,6,6,1000,Bottom,k-Median-Shapley,62.8,40.2,0.7669999999999965
Impartial Culture (IC),4,100,94,6,6,1000,Cutoff,Evaluative Voting,95.0,95.0,0.7625
Impartial Culture (IC),4,100,94,6,6,1000,Cutoff,k-Median Rule,58.699999999999996,58.699999999999996,0.85325
Impartial Culture (IC),4,100,94,6,6,1000,Cutoff,k-Median-Shapley,61.5,61.5,0.84625
Impartial Culture (IC),4,100,94,6,6,1000,Bottom,Evaluative Voting,95.0,95.0,0.7625
Impartial Culture (IC),4,100,94,6,6,1000,Bottom,k-Median Rule,58.699999999999996,58.699999999999996,0.85325
Impartial Culture (IC),4,100,94,6,6,1000,Bottom,k-Median-Shapley,61.5,61.5,0.84625
Impartial Culture (IC),2,100,93,7,7,1000,Cutoff,Evaluative Voting,99.7,99.7,0.5015
Impartial Culture (IC),2,100,93,7,7,1000,Cutoff,k-Median Rule,79.10000000000001,79.10000000000001,0.545
Impartial Culture (IC),2,100,93,7,7,1000,Cutoff,k-Median-Shapley,76.5,69.6,0.59
Impartial Culture (IC),2,100,93,7,7,1000,Bottom,Evaluative Voting,72.3,72.3,0.6385
Impartial Culture (IC),2,100,93,7,7,1000,Bottom,k-Median Rule,73.0,40.300000000000004,0.5725
Impartial Culture (IC),2,100,93,7,7,1000,Bottom,k-Median-Shapley,61.0,26.400000000000002,0.668
Impartial Culture (IC),3,100,93,7,7,1000,Cutoff,Evaluative Voting,99.6,99.6,0.6679999999999969
Impartial Culture (IC),3,100,93,7,7,1000,Cutoff,k-Median Rule,79.7,79.7,0.7066666666666639
Impartial Culture (IC),3,100,93,7,7,1000,Cutoff,k-Median-Shapley,80.4,75.5,0.7089999999999972
Impartial Culture (IC),3,100,93,7,7,1000,Bottom,Evaluative Voting,91.3,91.3,0.6956666666666624
Impartial Culture (IC),3,100,93,7,7,1000,Bottom,k-Median Rule,75.2,50.4,0.7109999999999966
Impartial Culture (IC),3,100,93,7,7,1000,Bottom,k-Median-Shapley,69.89999999999999,46.5,0.7379999999999968
Impartial Culture (IC),4,100,93,7,7,1000,Cutoff,Evaluative Voting,96.8,96.8,0.758
Impartial Culture (IC),4,100,93,7,7,1000,Cutoff,k-Median Rule,65.5,65.5,0.83625
Impartial Culture (IC),4,100,93,7,7,1000,Cutoff,k-Median-Shapley,66.2,66.2,0.8345
Impartial Culture (IC),4,100,93,7,7,1000,Bottom,Evaluative Voting,96.8,96.8,0.758
Impartial Culture (IC),4,100,93,7,7,1000,Bottom,k-Median Rule,65.5,65.5,0.83625
Impartial Culture (IC),4,100,93,7,7,1000,Bottom,k-Median-Shapley,66.2,66.2,0.8345
Impartial Culture (IC),2,100,92,8,8,1000,Cutoff,Evaluative Voting,100.0,100.0,0.5
Impartial Culture (IC),2,100,92,8,8,1000,Cutoff,k-Median Rule,81.10000000000001,81.10000000000001,0.536
Impartial Culture (IC),2,100,92,8,8,1000,Cutoff,k-Median-Shapley,79.9,75.9,0.5675
Impartial Culture (IC),2,100,92,8,8,1000,Bottom,Evaluative Voting,83.7,83.7,0.5815
Impartial Culture (IC),2,100,92,8,8,1000,Bottom,k-Median Rule,77.3,49.4,0.5425
Impartial Culture (IC),2,100,92,8,8,1000,Bottom,k-Median-Shapley,64.60000000000001,32.0,0.6425
Impartial Culture (IC),3,100,92,8,8,1000,Cutoff,Evaluative Voting,99.9,99.9,0.6669999999999969
Impartial Culture (IC),3,100,92,8,8,1000,Cutoff,k-Median Rule,82.89999999999999,82.89999999999999,0.6963333333333307
Impartial Culture (IC),3,100,92,8,8,1000,Cutoff,k-Median-Shapley,84.6,80.0,0.6953333333333311
Impartial Culture (IC),3,100,92,8,8,1000,Bottom,Evaluative Voting,94.69999999999999,94.69999999999999,0.6843333333333292
Impartial Culture (IC),3,100,92,8,8,1000,Bottom,k-Median Rule,78.5,58.3,0.6963333333333303
Impartial Culture (IC),3,100,92,8,8,1000,Bottom,k-Median-Shapley,71.3,51.9,0.7306666666666637
Impartial Culture (IC),4,100,92,8,8,1000,Cutoff,Evaluative Voting,98.5,98.5,0.75375
Impartial Culture (IC),4,100,92,8,8,1000,Cutoff,k-Median Rule,71.2,71.2,0.822
Impartial Culture (IC),4,100,92,8,8,1000,Cutoff,k-Median-Shapley,70.7,70.7,0.82325
Impartial Culture (IC),4,100,92,8,8,1000,Bottom,Evaluative Voting,98.5,98.5,0.75375
Impartial Culture (IC),4,100,92,8,8,1000,Bottom,k-Median Rule,71.2,71.2,0.822
Impartial Culture (IC),4,100,92,8,8,1000,Bottom,k-Median-Shapley,70.7,70.7,0.82325
Impartial Culture (IC),2,100,91,9,9,1000,Cutoff,Evaluative Voting,100.0,100.0,0.5
Impartial Culture (IC),2,100,91,9,9,1000,Cutoff,k-Median Rule,87.7,87.7,0.491
Impartial Culture (IC),2,100,91,9,9,1000,Cutoff,k-Median-Shapley,84.3,80.4,0.5415
Impartial Culture (IC),2,100,91,9,9,1000,Bottom,Evaluative Voting,90.2,90.2,0.549
Impartial Culture (IC),2,100,91,9,9,1000,Bottom,k-Median Rule,80.80000000000001,53.400000000000006,0.516
Impartial Culture (IC),2,100,91,9,9,1000,Bottom,k-Median-Shapley,69.39999999999999,38.6,0.607
Impartial Culture (IC),3,100,91,9,9,1000,Cutoff,Evaluative Voting,100.0,100.0,0.6666666666666636
Impartial Culture (IC),3,100,91,9,9,1000,Cutoff,k-Median Rule,87.3,87.3,0.6729999999999979
Impartial Culture (IC),3,100,91,9,9,1000,Cutoff,k-Median-Shapley,86.6,83.2,0.6839999999999973
Impartial Culture (IC),3,100,91,9,9,1000,Bottom,Evaluative Voting,97.1,97.1,0.6763333333333299
Impartial Culture (IC),3,100,91,9,9,1000,Bottom,k-Median Rule,82.8,62.6,0.6736666666666651
Impartial Culture (IC),3,100,91,9,9,1000,Bottom,k-Median-Shapley,74.7,57.9,0.7063333333333306
Impartial Culture (IC),4,100,91,9,9,1000,Cutoff,Evaluative Voting,99.5,99.5,0.75125
Impartial Culture (IC),4,100,91,9,9,1000,Cutoff,k-Median Rule,76.6,76.6,0.8085
Impartial Culture (IC),4,100,91,9,9,1000,Cutoff,k-Median-Shapley,75.7,75.7,0.81075
Impartial Culture (IC),4,100,91,9,9,1000,Bottom,Evaluative Voting,99.5,99.5,0.75125
Impartial Culture (IC),4,100,91,9,9,1000,Bottom,k-Median Rule,76.6,76.6,0.8085
Impartial Culture (IC),4,100,91,9,9,1000,Bottom,k-Median-Shapley,75.7,75.7,0.81075
Impartial Culture (IC),2,100,90,10,10,1000,Cutoff,Evaluative Voting,100.0,100.0,0.5
Impartial Culture (IC),2,100,90,10,10,1000,Cutoff,k-Median Rule,89.4,89.4,0.4825
Impartial Culture (IC),2,100,90,10,10,1000,Cutoff,k-Median-Shapley,87.5,83.7,0.527
Impartial Culture (IC),2,100,90,10,10,1000,Bottom,Evaluative Voting,95.6,95.6,0.522
Impartial Culture (IC),2,100,90,10,10,1000,Bottom,k-Median Rule,84.5,62.2,0.488
Impartial Culture (IC),2,100,90,10,10,1000,Bottom,k-Median-Shapley,69.6,43.5,0.601
Impartial Culture (IC),3,100,90,10,10,1000,Cutoff,Evaluative Voting,100.0,100.0,0.6666666666666636
Impartial Culture (IC),3,100,90,10,10,1000,Cutoff,k-Median Rule,89.4,89.4,0.667666666666665
Impartial Culture (IC),3,100,90,10,10,1000,Cutoff,k-Median-Shapley,89.3,86.0,0.6753333333333313
Impartial Culture (IC),3,100,90,10,10,1000,Bottom,Evaluative Voting,98.8,98.8,0.6706666666666634
Impartial Culture (IC),3,100,90,10,10,1000,Bottom,k-Median Rule,86.3,69.3,0.6599999999999981
Impartial Culture (IC),3,100,90,10,10,1000,Bottom,k-Median-Shapley,78.0,62.6,0.6976666666666645
Impartial Culture (IC),4,100,90,10,10,1000,Cutoff,Evaluative Voting,100.0,100.0,0.75
Impartial Culture (IC),4,100,90,10,10,1000,Cutoff,k-Median Rule,81.10000000000001,81.10000000000001,0.79725
Impartial Culture (IC),4,100,90,10,10,1000,Cutoff,k-Median-Shapley,79.2,79.2,0.802
Impartial Culture (IC),4,100,90,10,10,1000,Bottom,Evaluative Voting,100.0,100.0,0.75
Impartial Culture (IC),4,100,90,10,10,1000,Bottom,k-Median Rule,81.10000000000001,81.10000000000001,0.79725
Impartial Culture (IC),4,100,90,10,10,1000,Bottom,k-Median-Shapley,79.2,79.2,0.802
Impartial Culture (IC),2,100,89,11,11,1000,Cutoff,Evaluative Voting,100.0,100.0,0.5
Impartial Culture (IC),2,100,89,11,11,1000,Cutoff,k-Median Rule,92.9,92.9,0.447
Impartial Culture (IC),2,100,89,11,11,1000,Cutoff,k-Median-Shapley,89.5,86.5,0.5125
Impartial Culture (IC),2,100,89,11,11,1000,Bottom,Evaluative Voting,97.8,97.8,0.511
Impartial Culture (IC),2,100,89,11,11,1000,Bottom,k-Median Rule,88.3,68.60000000000001,0.4445
Impartial Culture (IC),2,100,89,11,11,1000,Bottom,k-Median-Shapley,74.1,47.199999999999996,0.5785
Impartial Culture (IC),3,100,89,11,11,1000,Cutoff,Evaluative Voting,100.0,100.0,0.6666666666666636
Impartial Culture (IC),3,100,89,11,11,1000,Cutoff,k-Median Rule,91.60000000000001,91.60000000000001,0.6526666666666653
Impartial Culture (IC),3,100,89,11,11,1000,Cutoff,k-Median-Shapley,92.30000000000001,90.0,0.6709999999999976
Impartial Culture (IC),3,100,89,11,11,1000,Bottom,Evaluative Voting,99.6,99.6,0.6679999999999969
Impartial Culture (IC),3,100,89,11,11,1000,Bottom,k-Median Rule,89.9,74.9,0.6329999999999993
Impartial Culture (IC),3,100,89,11,11,1000,Bottom,k-Median-Shapley,82.5,67.9,0.6773333333333318
Impartial Culture (IC),4,100,89,11,11,1000,Cutoff,Evaluative Voting,100.0,100.0,0.75
Impartial Culture (IC),4,100,89,11,11,1000,Cutoff,k-Median Rule,85.1,85.1,0.78725
Impartial Culture (IC),4,100,89,11,11,1000,Cutoff,k-Median-Shapley,82.19999999999999,82.19999999999999,0.7945
Impartial Culture (IC),4,100,89,11,11,1000,Bottom,Evaluative Voting,100.0,100.0,0.75
Impartial Culture (IC),4,100,89,11,11,1000,Bottom,k-Median Rule,85.1,85.1,0.78725
Impartial Culture (IC),4,100,89,11,11,1000,Bottom,k-Median-Shapley,82.19999999999999,82.19999999999999,0.7945
Impartial Culture (IC),2,100,88,12,12,1000,Cutoff,Evaluative Voting,100.0,100.0,0.5
Impartial Culture (IC),2,100,88,12,12,1000,Cutoff,k-Median Rule,94.3,94.3,0.4455
Impartial Culture (IC),2,100,88,12,12,1000,Cutoff,k-Median-Shapley,90.3,88.6,0.506
Impartial Culture (IC),2,100,88,12,12,1000,Bottom,Evaluative Voting,98.9,98.9,0.5055
Impartial Culture (IC),2,100,88,12,12,1000,Bottom,k-Median Rule,90.2,75.1,0.4335
Impartial Culture (IC),2,100,88,12,12,1000,Bottom,k-Median-Shapley,75.8,53.900000000000006,0.5605
Impartial Culture (IC),3,100,88,12,12,1000,Cutoff,Evaluative Voting,100.0,100.0,0.6666666666666636
Impartial Culture (IC),3,100,88,12,12,1000,Cutoff,k-Median Rule,92.4,92.4,0.6543333333333321
Impartial Culture (IC),3,100,88,12,12,1000,Cutoff,k-Median-Shapley,94.19999999999999,93.0,0.6539999999999986
Impartial Culture (IC),3,100,88,12,12,1000,Bottom,Evaluative Voting,99.9,99.9,0.6669999999999969
Impartial Culture (IC),3,100,88,12,12,1000,Bottom,k-Median Rule,90.60000000000001,80.4,0.6303333333333325
Impartial Culture (IC),3,100,88,12,12,1000,Bottom,k-Median-Shapley,84.39999999999999,72.2,0.6689999999999977
Impartial Culture (IC),4,100,88,12,12,1000,Cutoff,Evaluative Voting,100.0,100.0,0.75
Impartial Culture (IC),4,100,88,12,12,1000,Cutoff,k-Median Rule,87.7,87.7,0.78075
Impartial Culture (IC),4,100,88,12,12,1000,Cutoff,k-Median-Shapley,85.8,85.8,0.7855
Impartial Culture (IC),4,100,88,12,12,1000,Bottom,Evaluative Voting,100.0,100.0,0.75
Impartial Culture (IC),4,100,88,12,12,1000,Bottom,k-Median Rule,87.7,87.7,0.78075
Impartial Culture (IC),4,100,88,12,12,1000,Bottom,k-Median-Shapley,85.8,85.8,0.7855
Impartial Culture (IC),2,100,87,13,13,1000,Cutoff,Evaluative Voting,100.0,100.0,0.5
Impartial Culture (IC),2,100,87,13,13,1000,Cutoff,k-Median Rule,96.5,96.5,0.4185
Impartial Culture (IC),2,100,87,13,13,1000,Cutoff,k-Median-Shapley,92.0,90.3,0.495
Impartial Culture (IC),2,100,87,13,13,1000,Bottom,Evaluative Voting,99.9,99.9,0.5005
Impartial Culture (IC),2,100,87,13,13,1000,Bottom,k-Median Rule,91.3,77.8,0.4135
Impartial Culture (IC),2,100,87,13,13,1000,Bottom,k-Median-Shapley,78.8,58.199999999999996,0.542
Impartial Culture (IC),3,100,87,13,13,1000,Cutoff,Evaluative Voting,100.0,100.0,0.6666666666666636
Impartial Culture (IC),3,100,87,13,13,1000,Cutoff,k-Median Rule,95.1,95.1,0.6363333333333329
Impartial Culture (IC),3,100,87,13,13,1000,Cutoff,k-Median-Shapley,94.19999999999999,93.4,0.6516666666666654
Impartial Culture (IC),3,100,87,13,13,1000,Bottom,Evaluative Voting,100.0,100.0,0.6666666666666636
Impartial Culture (IC),3,100,87,13,13,1000,Bottom,k-Median Rule,92.2,83.0,0.6106666666666668
Impartial Culture (IC),3,100,87,13,13,1000,Bottom,k-Median-Shapley,85.6,74.9,0.666333333333331
Impartial Culture (IC),4,100,87,13,13,1000,Cutoff,Evaluative Voting,100.0,100.0,0.75
Impartial Culture (IC),4,100,87,13,13,1000,Cutoff,k-Median Rule,90.3,90.3,0.77425
Impartial Culture (IC),4,100,87,13,13,1000,Cutoff,k-Median-Shapley,88.7,88.7,0.77825
Impartial Culture (IC),4,100,87,13,13,1000,Bottom,Evaluative Voting,100.0,100.0,0.75
Impartial Culture (IC),4,100,87,13,13,1000,Bottom,k-Median Rule,90.3,90.3,0.77425
Impartial Culture (IC),4,100,87,13,13,1000,Bottom,k-Median-Shapley,88.7,88.7,0.77825
Impartial Culture (IC),2,100,86,14,14,1000,Cutoff,Evaluative Voting,100.0,100.0,0.5
Impartial Culture (IC),2,100,86,14,14,1000,Cutoff,k-Median Rule,97.0,97.0,0.416
Impartial Culture (IC),2,100,86,14,14,1000,Cutoff,k-Median-Shapley,94.69999999999999,93.0,0.4785
Impartial Culture (IC),2,100,86,14,14,1000,Bottom,Evaluative Voting,100.0,100.0,0.5
Impartial Culture (IC),2,100,86,14,14,1000,Bottom,k-Median Rule,93.30000000000001,83.1,0.4105
Impartial Culture (IC),2,100,86,14,14,1000,Bottom,k-Median-Shapley,81.0,63.2,0.5265
Impartial Culture (IC),3,100,86,14,14,1000,Cutoff,Evaluative Voting,100.0,100.0,0.6666666666666636
Impartial Culture (IC),3,100,86,14,14,1000,Cutoff,k-Median Rule,95.6,95.6,0.6363333333333324
Impartial Culture (IC),3,100,86,14,14,1000,Cutoff,k-Median-Shapley,96.5,95.39999999999999,0.6443333333333322
Impartial Culture (IC),3,100,86,14,14,1000,Bottom,Evaluative Voting,100.0,100.0,0.6666666666666636
Impartial Culture (IC),3,100,86,14,14,1000,Bottom,k-Median Rule,94.0,87.4,0.6006666666666678
Impartial Culture (IC),3,100,86,14,14,1000,Bottom,k-Median-Shapley,89.0,79.80000000000001,0.6493333333333319
Impartial Culture (IC),4,100,86,14,14,1000,Cutoff,Evaluative Voting,100.0,100.0,0.75
Impartial Culture (IC),4,100,86,14,14,1000,Cutoff,k-Median Rule,93.10000000000001,93.10000000000001,0.76725
Impartial Culture (IC),4,100,86,14,14,1000,Cutoff,k-Median-Shapley,91.3,91.3,0.77175
Impartial Culture (IC),4,100,86,14,14,1000,Bottom,Evaluative Voting,100.0,100.0,0.75
Impartial Culture (IC),4,100,86,14,14,1000,Bottom,k-Median Rule,93.10000000000001,93.10000000000001,0.76725
Impartial Culture (IC),4,100,86,14,14,1000,Bottom,k-Median-Shapley,91.3,91.3,0.77175
Impartial Culture (IC),2,100,85,15,15,1000,Cutoff,Evaluative Voting,100.0,100.0,0.5
Impartial Culture (IC),2,100,85,15,15,1000,Cutoff,k-Median Rule,98.3,98.3,0.396
Impartial Culture (IC),2,100,85,15,15,1000,Cutoff,k-Median-Shapley,95.1,93.8,0.4815
Impartial Culture (IC),2,100,85,15,15,1000,Bottom,Evaluative Voting,100.0,100.0,0.5
Impartial Culture (IC),2,100,85,15,15,1000,Bottom,k-Median Rule,94.39999999999999,85.9,0.396
Impartial Culture (IC),2,100,85,15,15,1000,Bottom,k-Median-Shapley,83.5,66.9,0.5125
Impartial Culture (IC),3,100,85,15,15,1000,Cutoff,Evaluative Voting,100.0,100.0,0.6666666666666636
Impartial Culture (IC),3,100,85,15,15,1000,Cutoff,k-Median Rule,97.39999999999999,97.39999999999999,0.6233333333333329
Impartial Culture (IC),3,100,85,15,15,1000,Cutoff,k-Median-Shapley,98.0,97.0,0.6399999999999989
Impartial Culture (IC),3,100,85,15,15,1000,Bottom,Evaluative Voting,100.0,100.0,0.6666666666666636
Impartial Culture (IC),3,100,85,15,15,1000,Bottom,k-Median Rule,96.0,90.3,0.5873333333333339
Impartial Culture (IC),3,100,85,15,15,1000,Bottom,k-Median-Shapley,90.5,82.69999999999999,0.6389999999999988
Impartial Culture (IC),4,100,85,15,15,1000,Cutoff,Evaluative Voting,100.0,100.0,0.75
Impartial Culture (IC),4,100,85,15,15,1000,Cutoff,k-Median Rule,95.1,95.1,0.76225
Impartial Culture (IC),4,100,85,15,15,1000,Cutoff,k-Median-Shapley,92.9,92.9,0.76775
Impartial Culture (IC),4,100,85,15,15,1000,Bottom,Evaluative Voting,100.0,100.0,0.75
Impartial Culture (IC),4,100,85,15,15,1000,Bottom,k-Median Rule,95.1,95.1,0.76225
Impartial Culture (IC),4,100,85,15,15,1000,Bottom,k-Median-Shapley,92.9,92.9,0.76775
Impartial Culture (IC),2,100,84,16,16,1000,Cutoff,Evaluative Voting,100.0,100.0,0.5
Impartial Culture (IC),2,100,84,16,16,1000,Cutoff,k-Median Rule,98.3,98.3,0.4035
Impartial Culture (IC),2,100,84,16,16,1000,Cutoff,k-Median-Shapley,96.39999999999999,95.3,0.471
Impartial Culture (IC),2,100,84,16,16,1000,Bottom,Evaluative Voting,100.0,100.0,0.5
Impartial Culture (IC),2,100,84,16,16,1000,Bottom,k-Median Rule,96.5,90.2,0.3815
Impartial Culture (IC),2,100,84,16,16,1000,Bottom,k-Median-Shapley,85.8,71.7,0.492
Impartial Culture (IC),3,100,84,16,16,1000,Cutoff,Evaluative Voting,100.0,100.0,0.6666666666666636
Impartial Culture (IC),3,100,84,16,16,1000,Cutoff,k-Median Rule,98.2,98.2,0.6246666666666661
Impartial Culture (IC),3,100,84,16,16,1000,Cutoff,k-Median-Shapley,97.0,96.3,0.646333333333332
Impartial Culture (IC),3,100,84,16,16,1000,Bottom,Evaluative Voting,100.0,100.0,0.6666666666666636
Impartial Culture (IC),3,100,84,16,16,1000,Bottom,k-Median Rule,97.39999999999999,93.4,0.5860000000000012
Impartial Culture (IC),3,100,84,16,16,1000,Bottom,k-Median-Shapley,92.0,85.9,0.6286666666666664
Impartial Culture (IC),4,100,84,16,16,1000,Cutoff,Evaluative Voting,100.0,100.0,0.75
Impartial Culture (IC),4,100,84,16,16,1000,Cutoff,k-Median Rule,97.39999999999999,97.39999999999999,0.7565
Impartial Culture (IC),4,100,84,16,16,1000,Cutoff,k-Median-Shapley,95.19999999999999,95.19999999999999,0.762
Impartial Culture (IC),4,100,84,16,16,1000,Bottom,Evaluative Voting,100.0,100.0,0.75
Impartial Culture (IC),4,100,84,16,16,1000,Bottom,k-Median Rule,97.39999999999999,97.39999999999999,0.7565
Impartial Culture (IC),4,100,84,16,16,1000,Bottom,k-Median-Shapley,95.19999999999999,95.19999999999999,0.762
Impartial Culture (IC),2,100,83,17,17,1000,Cutoff,Evaluative Voting,100.0,100.0,0.5
Impartial Culture (IC),2,100,83,17,17,1000,Cutoff,k-Median Rule,99.3,99.3,0.394
Impartial Culture (IC),2,100,83,17,17,1000,Cutoff,k-Median-Shapley,97.2,96.6,0.472
Impartial Culture (IC),2,100,83,17,17,1000,Bottom,Evaluative Voting,100.0,100.0,0.5
Impartial Culture (IC),2,100,83,17,17,1000,Bottom,k-Median Rule,97.2,92.2,0.3835
Impartial Culture (IC),2,100,83,17,17,1000,Bottom,k-Median-Shapley,88.0,76.1,0.4735
Impartial Culture (IC),3,100,83,17,17,1000,Cutoff,Evaluative Voting,100.0,100.0,0.6666666666666636
Impartial Culture (IC),3,100,83,17,17,1000,Cutoff,k-Median Rule,98.8,98.8,0.6153333333333332
Impartial Culture (IC),3,100,83,17,17,1000,Cutoff,k-Median-Shapley,97.89999999999999,97.5,0.6453333333333321
Impartial Culture (IC),3,100,83,17,17,1000,Bottom,Evaluative Voting,100.0,100.0,0.6666666666666636
Impartial Culture (IC),3,100,83,17,17,1000,Bottom,k-Median Rule,98.3,95.1,0.577000000000001
Impartial Culture (IC),3,100,83,17,17,1000,Bottom,k-Median-Shapley,92.7,88.8,0.6283333333333325
Impartial Culture (IC),4,100,83,17,17,1000,Cutoff,Evaluative Voting,100.0,100.0,0.75
Impartial Culture (IC),4,100,83,17,17,1000,Cutoff,k-Median Rule,98.0,98.0,0.755
Impartial Culture (IC),4,100,83,17,17,1000,Cutoff,k-Median-Shapley,96.39999999999999,96.39999999999999,0.759
Impartial Culture (IC),4,100,83,17,17,1000,Bottom,Evaluative Voting,100.0,100.0,0.75
Impartial Culture (IC),4,100,83,17,17,1000,Bottom,k-Median Rule,98.0,98.0,0.755
Impartial Culture (IC),4,100,83,17,17,1000,Bottom,k-Median-Shapley,96.39999999999999,96.39999999999999,0.759
Impartial Culture (IC),2,100,82,18,18,1000,Cutoff,Evaluative Voting,100.0,100.0,0.5
Impartial Culture (IC),2,100,82,18,18,1000,Cutoff,k-Median Rule,99.2,99.2,0.404
Impartial Culture (IC),2,100,82,18,18,1000,Cutoff,k-Median-Shapley,98.5,98.3,0.459
Impartial Culture (IC),2,100,82,18,18,1000,Bottom,Evaluative Voting,100.0,100.0,0.5
Impartial Culture (IC),2,100,82,18,18,1000,Bottom,k-Median Rule,98.4,94.19999999999999,0.378
Impartial Culture (IC),2,100,82,18,18,1000,Bottom,k-Median-Shapley,88.8,77.4,0.4765
Impartial Culture (IC),3,100,82,18,18,1000,Cutoff,Evaluative Voting,100.0,100.0,0.6666666666666636
Impartial Culture (IC),3,100,82,18,18,1000,Cutoff,k-Median Rule,98.9,98.9,0.621333333333333
Impartial Culture (IC),3,100,82,18,18,1000,Cutoff,k-Median-Shapley,97.8,97.5,0.6466666666666654
Impartial Culture (IC),3,100,82,18,18,1000,Bottom,Evaluative Voting,100.0,100.0,0.6666666666666636
Impartial Culture (IC),3,100,82,18,18,1000,Bottom,k-Median Rule,99.0,96.7,0.5783333333333341
Impartial Culture (IC),3,100,82,18,18,1000,Bottom,k-Median-Shapley,94.1,90.0,0.6230000000000004
Impartial Culture (IC),4,100,82,18,18,1000,Cutoff,Evaluative Voting,100.0,100.0,0.75
Impartial Culture (IC),4,100,82,18,18,1000,Cutoff,k-Median Rule,99.1,99.1,0.75225
Impartial Culture (IC),4,100,82,18,18,1000,Cutoff,k-Median-Shapley,96.7,96.7,0.75825
Impartial Culture (IC),4,100,82,18,18,1000,Bottom,Evaluative Voting,100.0,100.0,0.75
Impartial Culture (IC),4,100,82,18,18,1000,Bottom,k-Median Rule,99.1,99.1,0.75225
Impartial Culture (IC),4,100,82,18,18,1000,Bottom,k-Median-Shapley,96.7,96.7,0.75825
Impartial Culture (IC),2,100,81,19,19,1000,Cutoff,Evaluative Voting,100.0,100.0,0.5
Impartial Culture (IC),2,100,81,19,19,1000,Cutoff,k-Median Rule,99.8,99.8,0.4015
Impartial Culture (IC),2,100,81,19,19,1000,Cutoff,k-Median-Shapley,98.2,98.0,0.4595
Impartial Culture (IC),2,100,81,19,19,1000,Bottom,Evaluative Voting,100.0,100.0,0.5
Impartial Culture (IC),2,100,81,19,19,1000,Bottom,k-Median Rule,98.2,95.5,0.3865
Impartial Culture (IC),2,100,81,19,19,1000,Bottom,k-Median-Shapley,90.7,81.8,0.461
Impartial Culture (IC),3,100,81,19,19,1000,Cutoff,Evaluative Voting,100.0,100.0,0.6666666666666636
Impartial Culture (IC),3,100,81,19,19,1000,Cutoff,k-Median Rule,99.4,99.4,0.615333333333333
Impartial Culture (IC),3,100,81,19,19,1000,Cutoff,k-Median-Shapley,98.5,98.4,0.6453333333333319
Impartial Culture (IC),3,100,81,19,19,1000,Bottom,Evaluative Voting,100.0,100.0,0.6666666666666636
Impartial Culture (IC),3,100,81,19,19,1000,Bottom,k-Median Rule,99.3,97.5,0.5796666666666677
Impartial Culture (IC),3,100,81,19,19,1000,Bottom,k-Median-Shapley,95.39999999999999,92.4,0.6213333333333332
Impartial Culture (IC),4,100,81,19,19,1000,Cutoff,Evaluative Voting,100.0,100.0,0.75
Impartial Culture (IC),4,100,81,19,19,1000,Cutoff,k-Median Rule,99.2,99.2,0.752
Impartial Culture (IC),4,100,81,19,19,1000,Cutoff,k-Median-Shapley,97.6,97.6,0.756
Impartial Culture (IC),4,100,81,19,19,1000,Bottom,Evaluative Voting,100.0,100.0,0.75
Impartial Culture (IC),4,100,81,19,19,1000,Bottom,k-Median Rule,99.2,99.2,0.752
Impartial Culture (IC),4,100,81,19,19,1000,Bottom,k-Median-Shapley,97.6,97.6,0.756
Impartial Culture (IC),2,100,80,20,20,1000,Cutoff,Evaluative Voting,100.0,100.0,0.5
Impartial Culture (IC),2,100,80,20,20,1000,Cutoff,k-Median Rule,99.7,99.7,0.41
Impartial Culture (IC),2,100,80,20,20,1000,Cutoff,k-Median-Shapley,98.7,98.5,0.4485
Impartial Culture (IC),2,100,80,20,20,1000,Bottom,Evaluative Voting,100.0,100.0,0.5
Impartial Culture (IC),2,100,80,20,20,1000,Bottom,k-Median Rule,99.3,97.1,0.3795
Impartial Culture (IC),2,100,80,20,20,1000,Bottom,k-Median-Shapley,92.4,85.0,0.4515
Impartial Culture (IC),3,100,80,20,20,1000,Cutoff,Evaluative Voting,100.0,100.0,0.6666666666666636
Impartial Culture (IC),3,100,80,20,20,1000,Cutoff,k-Median Rule,99.7,99.7,0.6183333333333333
Impartial Culture (IC),3,100,80,20,20,1000,Cutoff,k-Median-Shapley,98.9,98.8,0.6413333333333319
Impartial Culture (IC),3,100,80,20,20,1000,Bottom,Evaluative Voting,100.0,100.0,0.6666666666666636
Impartial Culture (IC),3,100,80,20,20,1000,Bottom,k-Median Rule,99.6,98.7,0.5776666666666677
Impartial Culture (IC),3,100,80,20,20,1000,Bottom,k-Median-Shapley,96.7,93.2,0.6156666666666665
Impartial Culture (IC),4,100,80,20,20,1000,Cutoff,Evaluative Voting,100.0,100.0,0.75
Impartial Culture (IC),4,100,80,20,20,1000,Cutoff,k-Median Rule,99.6,99.6,0.751
Impartial Culture (IC),4,100,80,20,20,1000,Cutoff,k-Median-Shapley,97.89999999999999,97.89999999999999,0.75525
Impartial Culture (IC),4,100,80,20,20,1000,Bottom,Evaluative Voting,100.0,100.0,0.75
Impartial Culture (IC),4,100,80,20,20,1000,Bottom,k-Median Rule,99.6,99.6,0.751
Impartial Culture (IC),4,100,80,20,20,1000,Bottom,k-Median-Shapley,97.89999999999999,97.89999999999999,0.75525
Impartial Culture (IC),2,100,79,21,21,1000,Cutoff,Evaluative Voting,100.0,100.0,0.5
Impartial Culture (IC),2,100,79,21,21,1000,Cutoff,k-Median Rule,100.0,100.0,0.4155
Impartial Culture (IC),2,100,79,21,21,1000,Cutoff,k-Median-Shapley,98.3,98.1,0.4555
Impartial Culture (IC),2,100,79,21,21,1000,Bottom,Evaluative Voting,100.0,100.0,0.5
Impartial Culture (IC),2,100,79,21,21,1000,Bottom,k-Median Rule,99.2,97.8,0.394
Impartial Culture (IC),2,100,79,21,21,1000,Bottom,k-Median-Shapley,94.39999999999999,87.8,0.4365
Impartial Culture (IC),3,100,79,21,21,1000,Cutoff,Evaluative Voting,100.0,100.0,0.6666666666666636
Impartial Culture (IC),3,100,79,21,21,1000,Cutoff,k-Median Rule,99.8,99.8,0.6160000000000002
Impartial Culture (IC),3,100,79,21,21,1000,Cutoff,k-Median-Shapley,98.8,98.6,0.6436666666666657
Impartial Culture (IC),3,100,79,21,21,1000,Bottom,Evaluative Voting,100.0,100.0,0.6666666666666636
Impartial Culture (IC),3,100,79,21,21,1000,Bottom,k-Median Rule,99.7,99.1,0.5816666666666673
Impartial Culture (IC),3,100,79,21,21,1000,Bottom,k-Median-Shapley,97.5,95.3,0.6126666666666672
Impartial Culture (IC),4,100,79,21,21,1000,Cutoff,Evaluative Voting,100.0,100.0,0.75
Impartial Culture (IC),4,100,79,21,21,1000,Cutoff,k-Median Rule,99.8,99.8,0.7505
Impartial Culture (IC),4,100,79,21,21,1000,Cutoff,k-Median-Shapley,98.7,98.7,0.75325
Impartial Culture (IC),4,100,79,21,21,1000,Bottom,Evaluative Voting,100.0,100.0,0.75
Impartial Culture (IC),4,100,79,21,21,1000,Bottom,k-Median Rule,99.8,99.8,0.7505
Impartial Culture (IC),4,100,79,21,21,1000,Bottom,k-Median-Shapley,98.7,98.7,0.75325
Impartial Culture (IC),2,100,78,22,22,1000,Cutoff,Evaluative Voting,100.0,100.0,0.5
Impartial Culture (IC),2,100,78,22,22,1000,Cutoff,k-Median Rule,99.9,99.9,0.415
Impartial Culture (IC),2,100,78,22,22,1000,Cutoff,k-Median-Shapley,98.6,98.5,0.462
Impartial Culture (IC),2,100,78,22,22,1000,Bottom,Evaluative Voting,100.0,100.0,0.5
Impartial Culture (IC),2,100,78,22,22,1000,Bottom,k-Median Rule,99.5,98.5,0.387
Impartial Culture (IC),2,100,78,22,22,1000,Bottom,k-Median-Shapley,94.89999999999999,88.9,0.439
Impartial Culture (IC),3,100,78,22,22,1000,Cutoff,Evaluative Voting,100.0,100.0,0.6666666666666636
Impartial Culture (IC),3,100,78,22,22,1000,Cutoff,k-Median Rule,99.9,99.9,0.6133333333333337
Impartial Culture (IC),3,100,78,22,22,1000,Cutoff,k-Median-Shapley,99.1,99.1,0.6383333333333324
Impartial Culture (IC),3,100,78,22,22,1000,Bottom,Evaluative Voting,100.0,100.0,0.6666666666666636
Impartial Culture (IC),3,100,78,22,22,1000,Bottom,k-Median Rule,99.8,99.5,0.5826666666666672
Impartial Culture (IC),3,100,78,22,22,1000,Bottom,k-Median-Shapley,98.0,95.8,0.6133333333333334
Impartial Culture (IC),4,100,78,22,22,1000,Cutoff,Evaluative Voting,100.0,100.0,0.75
Impartial Culture (IC),4,100,78,22,22,1000,Cutoff,k-Median Rule,99.9,99.9,0.75025
Impartial Culture (IC),4,100,78,22,22,1000,Cutoff,k-Median-Shapley,99.1,99.1,0.75225
Impartial Culture (IC),4,100,78,22,22,1000,Bottom,Evaluative Voting,100.0,100.0,0.75
Impartial Culture (IC),4,100,78,22,22,1000,Bottom,k-Median Rule,99.9,99.9,0.75025
Impartial Culture (IC),4,100,78,22,22,1000,Bottom,k-Median-Shapley,99.1,99.1,0.75225
Impartial Culture (IC),2,100,77,23,23,1000,Cutoff,Evaluative Voting,100.0,100.0,0.5
Impartial Culture (IC),2,100,77,23,23,1000,Cutoff,k-Median Rule,99.9,99.9,0.425
Impartial Culture (IC),2,100,77,23,23,1000,Cutoff,k-Median-Shapley,98.8,98.7,0.461
Impartial Culture (IC),2,100,77,23,23,1000,Bottom,Evaluative Voting,100.0,100.0,0.5
Impartial Culture (IC),2,100,77,23,23,1000,Bottom,k-Median Rule,99.4,99.0,0.4095
Impartial Culture (IC),2,100,77,23,23,1000,Bottom,k-Median-Shapley,95.19999999999999,90.9,0.4375
Impartial Culture (IC),3,100,77,23,23,1000,Cutoff,Evaluative Voting,100.0,100.0,0.6666666666666636
Impartial Culture (IC),3,100,77,23,23,1000,Cutoff,k-Median Rule,100.0,100.0,0.6183333333333332
Impartial Culture (IC),3,100,77,23,23,1000,Cutoff,k-Median-Shapley,99.1,99.1,0.6349999999999995
Impartial Culture (IC),3,100,77,23,23,1000,Bottom,Evaluative Voting,100.0,100.0,0.6666666666666636
Impartial Culture (IC),3,100,77,23,23,1000,Bottom,k-Median Rule,99.9,99.7,0.5920000000000007
Impartial Culture (IC),3,100,77,23,23,1000,Bottom,k-Median-Shapley,98.0,96.6,0.6093333333333332
Impartial Culture (IC),4,100,77,23,23,1000,Cutoff,Evaluative Voting,100.0,100.0,0.75
Impartial Culture (IC),4,100,77,23,23,1000,Cutoff,k-Median Rule,100.0,100.0,0.75
Impartial Culture (IC),4,100,77,23,23,1000,Cutoff,k-Median-Shapley,99.7,99.7,0.75075
Impartial Culture (IC),4,100,77,23,23,1000,Bottom,Evaluative Voting,100.0,100.0,0.75
Impartial Culture (IC),4,100,77,23,23,1000,Bottom,k-Median Rule,100.0,100.0,0.75
Impartial Culture (IC),4,100,77,23,23,1000,Bottom,k-Median-Shapley,99.7,99.7,0.75075
Impartial Culture (IC),2,100,76,24,24,1000,Cutoff,Evaluative Voting,100.0,100.0,0.5
Impartial Culture (IC),2,100,76,24,24,1000,Cutoff,k-Median Rule,100.0,100.0,0.422
Impartial Culture (IC),2,100,76,24,24,1000,Cutoff,k-Median-Shapley,99.3,99.3,0.4565
Impartial Culture (IC),2,100,76,24,24,1000,Bottom,Evaluative Voting,100.0,100.0,0.5
Impartial Culture (IC),2,100,76,24,24,1000,Bottom,k-Median Rule,99.8,99.4,0.4035
Impartial Culture (IC),2,100,76,24,24,1000,Bottom,k-Median-Shapley,96.2,92.9,0.434
Impartial Culture (IC),3,100,76,24,24,1000,Cutoff,Evaluative Voting,100.0,100.0,0.6666666666666636
Impartial Culture (IC),3,100,76,24,24,1000,Cutoff,k-Median Rule,100.0,100.0,0.6189999999999998
Impartial Culture (IC),3,100,76,24,24,1000,Cutoff,k-Median-Shapley,99.4,99.3,0.6313333333333332
Impartial Culture (IC),3,100,76,24,24,1000,Bottom,Evaluative Voting,100.0,100.0,0.6666666666666636
Impartial Culture (IC),3,100,76,24,24,1000,Bottom,k-Median Rule,100.0,100.0,0.5923333333333339
Impartial Culture (IC),3,100,76,24,24,1000,Bottom,k-Median-Shapley,98.8,98.1,0.6049999999999998
Impartial Culture (IC),4,100,76,24,24,1000,Cutoff,Evaluative Voting,100.0,100.0,0.75
Impartial Culture (IC),4,100,76,24,24,1000,Cutoff,k-Median Rule,100.0,100.0,0.75
Impartial Culture (IC),4,100,76,24,24,1000,Cutoff,k-Median-Shapley,99.8,99.8,0.7505
Impartial Culture (IC),4,100,76,24,24,1000,Bottom,Evaluative Voting,100.0,100.0,0.75
Impartial Culture (IC),4,100,76,24,24,1000,Bottom,k-Median Rule,100.0,100.0,0.75
Impartial Culture (IC),4,100,76,24,24,1000,Bottom,k-Median-Shapley,99.8,99.8,0.7505
Impartial Culture (IC),2,100,75,25,25,1000,Cutoff,Evaluative Voting,100.0,100.0,0.5
Impartial Culture (IC),2,100,75,25,25,1000,Cutoff,k-Median Rule,100.0,100.0,0.428
Impartial Culture (IC),2,100,75,25,25,1000,Cutoff,k-Median-Shapley,99.6,99.6,0.456
Impartial Culture (IC),2,100,75,25,25,1000,Bottom,Evaluative Voting,100.0,100.0,0.5
Impartial Culture (IC),2,100,75,25,25,1000,Bottom,k-Median Rule,99.9,99.9,0.411
Impartial Culture (IC),2,100,75,25,25,1000,Bottom,k-Median-Shapley,96.7,94.89999999999999,0.4205
Impartial Culture (IC),3,100,75,25,25,1000,Cutoff,Evaluative Voting,100.0,100.0,0.6666666666666636
Impartial Culture (IC),3,100,75,25,25,1000,Cutoff,k-Median Rule,100.0,100.0,0.6203333333333331
Impartial Culture (IC),3,100,75,25,25,1000,Cutoff,k-Median-Shapley,99.6,99.6,0.6356666666666657
Impartial Culture (IC),3,100,75,25,25,1000,Bottom,Evaluative Voting,100.0,100.0,0.6666666666666636
Impartial Culture (IC),3,100,75,25,25,1000,Bottom,k-Median Rule,100.0,100.0,0.5963333333333338
Impartial Culture (IC),3,100,75,25,25,1000,Bottom,k-Median-Shapley,99.3,98.5,0.604
Impartial Culture (IC),4,100,75,25,25,1000,Cutoff,Evaluative Voting,100.0,100.0,0.75
Impartial Culture (IC),4,100,75,25,25,1000,Cutoff,k-Median Rule,100.0,100.0,0.75
Impartial Culture (IC),4,100,75,25,25,1000,Cutoff,k-Median-Shapley,99.8,99.8,0.7505
Impartial Culture (IC),4,100,75,25,25,1000,Bottom,Evaluative Voting,100.0,100.0,0.75
Impartial Culture (IC),4,100,75,25,25,1000,Bottom,k-Median Rule,100.0,100.0,0.75
Impartial Culture (IC),4,100,75,25,25,1000,Bottom,k-Median-Shapley,99.8,99.8,0.7505
Impartial Culture (IC),2,100,74,26,26,1000,Cutoff,Evaluative Voting,100.0,100.0,0.5
Impartial Culture (IC),2,100,74,26,26,1000,Cutoff,k-Median Rule,100.0,100.0,0.421
Impartial Culture (IC),2,100,74,26,26,1000,Cutoff,k-Median-Shapley,99.8,99.8,0.451
Impartial Culture (IC),2,100,74,26,26,1000,Bottom,Evaluative Voting,100.0,100.0,0.5
Impartial Culture (IC),2,100,74,26,26,1000,Bottom,k-Median Rule,99.9,99.9,0.4025
Impartial Culture (IC),2,100,74,26,26,1000,Bottom,k-Median-Shapley,98.1,96.6,0.4105
Impartial Culture (IC),3,100,74,26,26,1000,Cutoff,Evaluative Voting,100.0,100.0,0.6666666666666636
Impartial Culture (IC),3,100,74,26,26,1000,Cutoff,k-Median Rule,100.0,100.0,0.6229999999999997
Impartial Culture (IC),3,100,74,26,26,1000,Cutoff,k-Median-Shapley,99.7,99.7,0.6316666666666659
Impartial Culture (IC),3,100,74,26,26,1000,Bottom,Evaluative Voting,100.0,100.0,0.6666666666666636
Impartial Culture (IC),3,100,74,26,26,1000,Bottom,k-Median Rule,100.0,100.0,0.5976666666666677
Impartial Culture (IC),3,100,74,26,26,1000,Bottom,k-Median-Shapley,99.8,99.6,0.5983333333333338
Impartial Culture (IC),4,100,74,26,26,1000,Cutoff,Evaluative Voting,100.0,100.0,0.75
Impartial Culture (IC),4,100,74,26,26,1000,Cutoff,k-Median Rule,100.0,100.0,0.75
Impartial Culture (IC),4,100,74,26,26,1000,Cutoff,k-Median-Shapley,99.8,99.8,0.7505
Impartial Culture (IC),4,100,74,26,26,1000,Bottom,Evaluative Voting,100.0,100.0,0.75
Impartial Culture (IC),4,100,74,26,26,1000,Bottom,k-Median Rule,100.0,100.0,0.75
Impartial Culture (IC),4,100,74,26,26,1000,Bottom,k-Median-Shapley,99.8,99.8,0.7505
Impartial Culture (IC),2,100,73,27,27,1000,Cutoff,Evaluative Voting,100.0,100.0,0.5
Impartial Culture (IC),2,100,73,27,27,1000,Cutoff,k-Median Rule,100.0,100.0,0.419
Impartial Culture (IC),2,100,73,27,27,1000,Cutoff,k-Median-Shapley,99.7,99.7,0.4575
Impartial Culture (IC),2,100,73,27,27,1000,Bottom,Evaluative Voting,100.0,100.0,0.5
Impartial Culture (IC),2,100,73,27,27,1000,Bottom,k-Median Rule,100.0,100.0,0.406
Impartial Culture (IC),2,100,73,27,27,1000,Bottom,k-Median-Shapley,98.4,97.6,0.4225
Impartial Culture (IC),3,100,73,27,27,1000,Cutoff,Evaluative Voting,100.0,100.0,0.6666666666666636
Impartial Culture (IC),3,100,73,27,27,1000,Cutoff,k-Median Rule,100.0,100.0,0.6203333333333335
Impartial Culture (IC),3,100,73,27,27,1000,Cutoff,k-Median-Shapley,99.7,99.7,0.6266666666666666
Impartial Culture (IC),3,100,73,27,27,1000,Bottom,Evaluative Voting,100.0,100.0,0.6666666666666636
Impartial Culture (IC),3,100,73,27,27,1000,Bottom,k-Median Rule,100.0,100.0,0.5980000000000009
Impartial Culture (IC),3,100,73,27,27,1000,Bottom,k-Median-Shapley,99.8,99.8,0.5966666666666675
Impartial Culture (IC),4,100,73,27,27,1000,Cutoff,Evaluative Voting,100.0,100.0,0.75
Impartial Culture (IC),4,100,73,27,27,1000,Cutoff,k-Median Rule,100.0,100.0,0.75
Impartial Culture (IC),4,100,73,27,27,1000,Cutoff,k-Median-Shapley,99.9,99.9,0.75025
Impartial Culture (IC),4,100,73,27,27,1000,Bottom,Evaluative Voting,100.0,100.0,0.75
Impartial Culture (IC),4,100,73,27,27,1000,Bottom,k-Median Rule,100.0,100.0,0.75
Impartial Culture (IC),4,100,73,27,27,1000,Bottom,k-Median-Shapley,99.9,99.9,0.75025
Impartial Culture (IC),2,100,72,28,28,1000,Cutoff,Evaluative Voting,100.0,100.0,0.5
Impartial Culture (IC),2,100,72,28,28,1000,Cutoff,k-Median Rule,100.0,100.0,0.4255
Impartial Culture (IC),2,100,72,28,28,1000,Cutoff,k-Median-Shapley,99.7,99.7,0.451
Impartial Culture (IC),2,100,72,28,28,1000,Bottom,Evaluative Voting,100.0,100.0,0.5
Impartial Culture (IC),2,100,72,28,28,1000,Bottom,k-Median Rule,100.0,100.0,0.4105
Impartial Culture (IC),2,100,72,28,28,1000,Bottom,k-Median-Shapley,99.3,98.2,0.409
Impartial Culture (IC),3,100,72,28,28,1000,Cutoff,Evaluative Voting,100.0,100.0,0.6666666666666636
Impartial Culture (IC),3,100,72,28,28,1000,Cutoff,k-Median Rule,100.0,100.0,0.6276666666666662
Impartial Culture (IC),3,100,72,28,28,1000,Cutoff,k-Median-Shapley,99.9,99.9,0.6263333333333331
Impartial Culture (IC),3,100,72,28,28,1000,Bottom,Evaluative Voting,100.0,100.0,0.6666666666666636
Impartial Culture (IC),3,100,72,28,28,1000,Bottom,k-Median Rule,100.0,100.0,0.6046666666666681
Impartial Culture (IC),3,100,72,28,28,1000,Bottom,k-Median-Shapley,99.9,99.9,0.5960000000000008
Impartial Culture (IC),4,100,72,28,28,1000,Cutoff,Evaluative Voting,100.0,100.0,0.75
Impartial Culture (IC),4,100,72,28,28,1000,Cutoff,k-Median Rule,100.0,100.0,0.75
Impartial Culture (IC),4,100,72,28,28,1000,Cutoff,k-Median-Shapley,100.0,100.0,0.75
Impartial Culture (IC),4,100,72,28,28,1000,Bottom,Evaluative Voting,100.0,100.0,0.75
Impartial Culture (IC),4,100,72,28,28,1000,Bottom,k-Median Rule,100.0,100.0,0.75
Impartial Culture (IC),4,100,72,28,28,1000,Bottom,k-Median-Shapley,100.0,100.0,0.75
Impartial Culture (IC),2,100,71,29,29,1000,Cutoff,Evaluative Voting,100.0,100.0,0.5
Impartial Culture (IC),2,100,71,29,29,1000,Cutoff,k-Median Rule,100.0,100.0,0.4165
Impartial Culture (IC),2,100,71,29,29,1000,Cutoff,k-Median-Shapley,99.8,99.8,0.449
Impartial Culture (IC),2,100,71,29,29,1000,Bottom,Evaluative Voting,100.0,100.0,0.5
Impartial Culture (IC),2,100,71,29,29,1000,Bottom,k-Median Rule,100.0,100.0,0.3915
Impartial Culture (IC),2,100,71,29,29,1000,Bottom,k-Median-Shapley,99.5,98.8,0.413
Impartial Culture (IC),3,100,71,29,29,1000,Cutoff,Evaluative Voting,100.0,100.0,0.6666666666666636
Impartial Culture (IC),3,100,71,29,29,1000,Cutoff,k-Median Rule,100.0,100.0,0.6249999999999993
Impartial Culture (IC),3,100,71,29,29,1000,Cutoff,k-Median-Shapley,99.9,99.9,0.6243333333333329
Impartial Culture (IC),3,100,71,29,29,1000,Bottom,Evaluative Voting,100.0,100.0,0.6666666666666636
Impartial Culture (IC),3,100,71,29,29,1000,Bottom,k-Median Rule,100.0,100.0,0.5870000000000016
Impartial Culture (IC),3,100,71,29,29,1000,Bottom,k-Median-Shapley,100.0,100.0,0.5933333333333346
Impartial Culture (IC),4,100,71,29,29,1000,Cutoff,Evaluative Voting,100.0,100.0,0.75
Impartial Culture (IC),4,100,71,29,29,1000,Cutoff,k-Median Rule,100.0,100.0,0.75
Impartial Culture (IC),4,100,71,29,29,1000,Cutoff,k-Median-Shapley,100.0,100.0,0.75
Impartial Culture (IC),4,100,71,29,29,1000,Bottom,Evaluative Voting,100.0,100.0,0.75
Impartial Culture (IC),4,100,71,29,29,1000,Bottom,k-Median Rule,100.0,100.0,0.75
Impartial Culture (IC),4,100,71,29,29,1000,Bottom,k-Median-Shapley,100.0,100.0,0.75
Impartial Culture (IC),2,100,70,30,30,1000,Cutoff,Evaluative Voting,100.0,100.0,0.5
Impartial Culture (IC),2,100,70,30,30,1000,Cutoff,k-Median Rule,100.0,100.0,0.422
Impartial Culture (IC),2,100,70,30,30,1000,Cutoff,k-Median-Shapley,99.9,99.9,0.4375
Impartial Culture (IC),2,100,70,30,30,1000,Bottom,Evaluative Voting,100.0,100.0,0.5
Impartial Culture (IC),2,100,70,30,30,1000,Bottom,k-Median Rule,100.0,100.0,0.3875
Impartial Culture (IC),2,100,70,30,30,1000,Bottom,k-Median-Shapley,99.7,99.5,0.401
Impartial Culture (IC),3,100,70,30,30,1000,Cutoff,Evaluative Voting,100.0,100.0,0.6666666666666636
Impartial Culture (IC),3,100,70,30,30,1000,Cutoff,k-Median Rule,100.0,100.0,0.625666666666666
Impartial Culture (IC),3,100,70,30,30,1000,Cutoff,k-Median-Shapley,99.9,99.9,0.6209999999999999
Impartial Culture (IC),3,100,70,30,30,1000,Bottom,Evaluative Voting,100.0,100.0,0.6666666666666636
Impartial Culture (IC),3,100,70,30,30,1000,Bottom,k-Median Rule,100.0,100.0,0.5910000000000013
Impartial Culture (IC),3,100,70,30,30,1000,Bottom,k-Median-Shapley,100.0,100.0,0.5840000000000013
Impartial Culture (IC),4,100,70,30,30,1000,Cutoff,Evaluative Voting,100.0,100.0,0.75
Impartial Culture (IC),4,100,70,30,30,1000,Cutoff,k-Median Rule,100.0,100.0,0.75
Impartial Culture (IC),4,100,70,30,30,1000,Cutoff,k-Median-Shapley,100.0,100.0,0.75
Impartial Culture (IC),4,100,70,30,30,1000,Bottom,Evaluative Voting,100.0,100.0,0.75
Impartial Culture (IC),4,100,70,30,30,1000,Bottom,k-Median Rule,100.0,100.0,0.75
Impartial Culture (IC),4,100,70,30,30,1000,Bottom,k-Median-Shapley,100.0,100.0,0.75
Impartial Culture (IC),2,100,69,31,31,1000,Cutoff,Evaluative Voting,100.0,100.0,0.5
Impartial Culture (IC),2,100,69,31,31,1000,Cutoff,k-Median Rule,100.0,100.0,0.406
Impartial Culture (IC),2,100,69,31,31,1000,Cutoff,k-Median-Shapley,99.9,99.9,0.435
Impartial Culture (IC),2,100,69,31,31,1000,Bottom,Evaluative Voting,100.0,100.0,0.5
Impartial Culture (IC),2,100,69,31,31,1000,Bottom,k-Median Rule,100.0,100.0,0.3695
Impartial Culture (IC),2,100,69,31,31,1000,Bottom,k-Median-Shapley,100.0,99.8,0.393
Impartial Culture (IC),3,100,69,31,31,1000,Cutoff,Evaluative Voting,100.0,100.0,0.6666666666666636
Impartial Culture (IC),3,100,69,31,31,1000,Cutoff,k-Median Rule,100.0,100.0,0.6196666666666658
Impartial Culture (IC),3,100,69,31,31,1000,Cutoff,k-Median-Shapley,100.0,100.0,0.6169999999999999
Impartial Culture (IC),3,100,69,31,31,1000,Bottom,Evaluative Voting,100.0,100.0,0.6666666666666636
Impartial Culture (IC),3,100,69,31,31,1000,Bottom,k-Median Rule,100.0,100.0,0.5763333333333349
Impartial Culture (IC),3,100,69,31,31,1000,Bottom,k-Median-Shapley,100.0,100.0,0.5893333333333342
Impartial Culture (IC),4,100,69,31,31,1000,Cutoff,Evaluative Voting,100.0,100.0,0.75
Impartial Culture (IC),4,100,69,31,31,1000,Cutoff,k-Median Rule,100.0,100.0,0.75
Impartial Culture (IC),4,100,69,31,31,1000,Cutoff,k-Median-Shapley,100.0,100.0,0.75
Impartial Culture (IC),4,100,69,31,31,1000,Bottom,Evaluative Voting,100.0,100.0,0.75
Impartial Culture (IC),4,100,69,31,31,1000,Bottom,k-Median Rule,100.0,100.0,0.75
Impartial Culture (IC),4,100,69,31,31,1000,Bottom,k-Median-Shapley,100.0,100.0,0.75
Impartial Culture (IC),2,100,68,32,32,1000,Cutoff,Evaluative Voting,100.0,100.0,0.5
Impartial Culture (IC),2,100,68,32,32,1000,Cutoff,k-Median Rule,100.0,100.0,0.406
Impartial Culture (IC),2,100,68,32,32,1000,Cutoff,k-Median-Shapley,100.0,100.0,0.427
Impartial Culture (IC),2,100,68,32,32,1000,Bottom,Evaluative Voting,100.0,100.0,0.5
Impartial Culture (IC),2,100,68,32,32,1000,Bottom,k-Median Rule,100.0,100.0,0.364
Impartial Culture (IC),2,100,68,32,32,1000,Bottom,k-Median-Shapley,99.9,99.8,0.396
Impartial Culture (IC),3,100,68,32,32,1000,Cutoff,Evaluative Voting,100.0,100.0,0.6666666666666636
Impartial Culture (IC),3,100,68,32,32,1000,Cutoff,k-Median Rule,100.0,100.0,0.6249999999999991
Impartial Culture (IC),3,100,68,32,32,1000,Cutoff,k-Median-Shapley,100.0,100.0,0.6166666666666669
Impartial Culture (IC),3,100,68,32,32,1000,Bottom,Evaluative Voting,100.0,100.0,0.6666666666666636
Impartial Culture (IC),3,100,68,32,32,1000,Bottom,k-Median Rule,100.0,100.0,0.5863333333333346
Impartial Culture (IC),3,100,68,32,32,1000,Bottom,k-Median-Shapley,100.0,100.0,0.582666666666668
Impartial Culture (IC),4,100,68,32,32,1000,Cutoff,Evaluative Voting,100.0,100.0,0.75
Impartial Culture (IC),4,100,68,32,32,1000,Cutoff,k-Median Rule,100.0,100.0,0.75
Impartial Culture (IC),4,100,68,32,32,1000,Cutoff,k-Median-Shapley,100.0,100.0,0.75
Impartial Culture (IC),4,100,68,32,32,1000,Bottom,Evaluative Voting,100.0,100.0,0.75
Impartial Culture (IC),4,100,68,32,32,1000,Bottom,k-Median Rule,100.0,100.0,0.75
Impartial Culture (IC),4,100,68,32,32,1000,Bottom,k-Median-Shapley,100.0,100.0,0.75
Impartial Culture (IC),2,100,67,33,33,1000,Cutoff,Evaluative Voting,100.0,100.0,0.5
Impartial Culture (IC),2,100,67,33,33,1000,Cutoff,k-Median Rule,100.0,100.0,0.3905
Impartial Culture (IC),2,100,67,33,33,1000,Cutoff,k-Median-Shapley,100.0,100.0,0.428
Impartial Culture (IC),2,100,67,33,33,1000,Bottom,Evaluative Voting,100.0,100.0,0.5
Impartial Culture (IC),2,100,67,33,33,1000,Bottom,k-Median Rule,100.0,100.0,0.3615
Impartial Culture (IC),2,100,67,33,33,1000,Bottom,k-Median-Shapley,100.0,100.0,0.382
Impartial Culture (IC),3,100,67,33,33,1000,Cutoff,Evaluative Voting,100.0,100.0,0.6666666666666636
Impartial Culture (IC),3,100,67,33,33,1000,Cutoff,k-Median Rule,100.0,100.0,0.6143333333333332
Impartial Culture (IC),3,100,67,33,33,1000,Cutoff,k-Median-Shapley,100.0,100.0,0.6150000000000001
Impartial Culture (IC),3,100,67,33,33,1000,Bottom,Evaluative Voting,100.0,100.0,0.6666666666666636
Impartial Culture (IC),3,100,67,33,33,1000,Bottom,k-Median Rule,100.0,100.0,0.5716666666666688
Impartial Culture (IC),3,100,67,33,33,1000,Bottom,k-Median-Shapley,100.0,100.0,0.580333333333334
Impartial Culture (IC),4,100,67,33,33,1000,Cutoff,Evaluative Voting,100.0,100.0,0.75
Impartial Culture (IC),4,100,67,33,33,1000,Cutoff,k-Median Rule,100.0,100.0,0.75
Impartial Culture (IC),4,100,67,33,33,1000,Cutoff,k-Median-Shapley,100.0,100.0,0.75
Impartial Culture (IC),4,100,67,33,33,1000,Bottom,Evaluative Voting,100.0,100.0,0.75
Impartial Culture (IC),4,100,67,33,33,1000,Bottom,k-Median Rule,100.0,100.0,0.75
Impartial Culture (IC),4,100,67,33,33,1000,Bottom,k-Median-Shapley,100.0,100.0,0.75
Impartial Culture (IC),2,100,66,34,34,1000,Cutoff,Evaluative Voting,100.0,100.0,0.5
Impartial Culture (IC),2,100,66,34,34,1000,Cutoff,k-Median Rule,100.0,100.0,0.398
Impartial Culture (IC),2,100,66,34,34,1000,Cutoff,k-Median-Shapley,100.0,100.0,0.4215
Impartial Culture (IC),2,100,66,34,34,1000,Bottom,Evaluative Voting,100.0,100.0,0.5
Impartial Culture (IC),2,100,66,34,34,1000,Bottom,k-Median Rule,100.0,100.0,0.3585
Impartial Culture (IC),2,100,66,34,34,1000,Bottom,k-Median-Shapley,100.0,100.0,0.3765
Impartial Culture (IC),3,100,66,34,34,1000,Cutoff,Evaluative Voting,100.0,100.0,0.6666666666666636
Impartial Culture (IC),3,100,66,34,34,1000,Cutoff,k-Median Rule,100.0,100.0,0.6156666666666668
Impartial Culture (IC),3,100,66,34,34,1000,Cutoff,k-Median-Shapley,100.0,100.0,0.6146666666666672
Impartial Culture (IC),3,100,66,34,34,1000,Bottom,Evaluative Voting,100.0,100.0,0.6666666666666636
Impartial Culture (IC),3,100,66,34,34,1000,Bottom,k-Median Rule,100.0,100.0,0.5713333333333354
Impartial Culture (IC),3,100,66,34,34,1000,Bottom,k-Median-Shapley,100.0,100.0,0.5780000000000012
Impartial Culture (IC),4,100,66,34,34,1000,Cutoff,Evaluative Voting,100.0,100.0,0.75
Impartial Culture (IC),4,100,66,34,34,1000,Cutoff,k-Median Rule,100.0,100.0,0.75
Impartial Culture (IC),4,100,66,34,34,1000,Cutoff,k-Median-Shapley,100.0,100.0,0.75
Impartial Culture (IC),4,100,66,34,34,1000,Bottom,Evaluative Voting,100.0,100.0,0.75
Impartial Culture (IC),4,100,66,34,34,1000,Bottom,k-Median Rule,100.0,100.0,0.75
Impartial Culture (IC),4,100,66,34,34,1000,Bottom,k-Median-Shapley,100.0,100.0,0.75
Impartial Culture (IC),2,100,65,35,35,1000,Cutoff,Evaluative Voting,100.0,100.0,0.5
Impartial Culture (IC),2,100,65,35,35,1000,Cutoff,k-Median Rule,100.0,100.0,0.386
Impartial Culture (IC),2,100,65,35,35,1000,Cutoff,k-Median-Shapley,100.0,100.0,0.421
Impartial Culture (IC),2,100,65,35,35,1000,Bottom,Evaluative Voting,100.0,100.0,0.5
Impartial Culture (IC),2,100,65,35,35,1000,Bottom,k-Median Rule,100.0,100.0,0.3575
Impartial Culture (IC),2,100,65,35,35,1000,Bottom,k-Median-Shapley,100.0,100.0,0.372
Impartial Culture (IC),3,100,65,35,35,1000,Cutoff,Evaluative Voting,100.0,100.0,0.6666666666666636
Impartial Culture (IC),3,100,65,35,35,1000,Cutoff,k-Median Rule,100.0,100.0,0.6050000000000008
Impartial Culture (IC),3,100,65,35,35,1000,Cutoff,k-Median-Shapley,100.0,100.0,0.6046666666666675
Impartial Culture (IC),3,100,65,35,35,1000,Bottom,Evaluative Voting,100.0,100.0,0.6666666666666636
Impartial Culture (IC),3,100,65,35,35,1000,Bottom,k-Median Rule,100.0,100.0,0.5630000000000012
Impartial Culture (IC),3,100,65,35,35,1000,Bottom,k-Median-Shapley,100.0,100.0,0.5840000000000004
Impartial Culture (IC),4,100,65,35,35,1000,Cutoff,Evaluative Voting,100.0,100.0,0.75
Impartial Culture (IC),4,100,65,35,35,1000,Cutoff,k-Median Rule,100.0,100.0,0.75
Impartial Culture (IC),4,100,65,35,35,1000,Cutoff,k-Median-Shapley,100.0,100.0,0.75
Impartial Culture (IC),4,100,65,35,35,1000,Bottom,Evaluative Voting,100.0,100.0,0.75
Impartial Culture (IC),4,100,65,35,35,1000,Bottom,k-Median Rule,100.0,100.0,0.75
Impartial Culture (IC),4,100,65,35,35,1000,Bottom,k-Median-Shapley,100.0,100.0,0.75
Impartial Culture (IC),2,100,64,36,36,1000,Cutoff,Evaluative Voting,100.0,100.0,0.5
Impartial Culture (IC),2,100,64,36,36,1000,Cutoff,k-Median Rule,100.0,100.0,0.3895
Impartial Culture (IC),2,100,64,36,36,1000,Cutoff,k-Median-Shapley,100.0,100.0,0.411
Impartial Culture (IC),2,100,64,36,36,1000,Bottom,Evaluative Voting,100.0,100.0,0.5
Impartial Culture (IC),2,100,64,36,36,1000,Bottom,k-Median Rule,100.0,100.0,0.3555
Impartial Culture (IC),2,100,64,36,36,1000,Bottom,k-Median-Shapley,100.0,100.0,0.3675
Impartial Culture (IC),3,100,64,36,36,1000,Cutoff,Evaluative Voting,100.0,100.0,0.6666666666666636
Impartial Culture (IC),3,100,64,36,36,1000,Cutoff,k-Median Rule,100.0,100.0,0.6060000000000004
Impartial Culture (IC),3,100,64,36,36,1000,Cutoff,k-Median-Shapley,100.0,100.0,0.605333333333334
Impartial Culture (IC),3,100,64,36,36,1000,Bottom,Evaluative Voting,100.0,100.0,0.6666666666666636
Impartial Culture (IC),3,100,64,36,36,1000,Bottom,k-Median Rule,100.0,100.0,0.5700000000000017
Impartial Culture (IC),3,100,64,36,36,1000,Bottom,k-Median-Shapley,100.0,100.0,0.5776666666666679
Impartial Culture (IC),4,100,64,36,36,1000,Cutoff,Evaluative Voting,100.0,100.0,0.75
Impartial Culture (IC),4,100,64,36,36,1000,Cutoff,k-Median Rule,100.0,100.0,0.75
Impartial Culture (IC),4,100,64,36,36,1000,Cutoff,k-Median-Shapley,100.0,100.0,0.75
Impartial Culture (IC),4,100,64,36,36,1000,Bottom,Evaluative Voting,100.0,100.0,0.75
Impartial Culture (IC),4,100,64,36,36,1000,Bottom,k-Median Rule,100.0,100.0,0.75
Impartial Culture (IC),4,100,64,36,36,1000,Bottom,k-Median-Shapley,100.0,100.0,0.75
Impartial Culture (IC),2,100,63,37,37,1000,Cutoff,Evaluative Voting,100.0,100.0,0.5
Impartial Culture (IC),2,100,63,37,37,1000,Cutoff,k-Median Rule,100.0,100.0,0.39
Impartial Culture (IC),2,100,63,37,37,1000,Cutoff,k-Median-Shapley,100.0,100.0,0.408
Impartial Culture (IC),2,100,63,37,37,1000,Bottom,Evaluative Voting,100.0,100.0,0.5
Impartial Culture (IC),2,100,63,37,37,1000,Bottom,k-Median Rule,100.0,100.0,0.359
Impartial Culture (IC),2,100,63,37,37,1000,Bottom,k-Median-Shapley,100.0,100.0,0.3635
Impartial Culture (IC),3,100,63,37,37,1000,Cutoff,Evaluative Voting,100.0,100.0,0.6666666666666636
Impartial Culture (IC),3,100,63,37,37,1000,Cutoff,k-Median Rule,100.0,100.0,0.5960000000000008
Impartial Culture (IC),3,100,63,37,37,1000,Cutoff,k-Median-Shapley,100.0,100.0,0.6013333333333342
Impartial Culture (IC),3,100,63,37,37,1000,Bottom,Evaluative Voting,100.0,100.0,0.6666666666666636
Impartial Culture (IC),3,100,63,37,37,1000,Bottom,k-Median Rule,100.0,100.0,0.5683333333333346
Impartial Culture (IC),3,100,63,37,37,1000,Bottom,k-Median-Shapley,100.0,100.0,0.5746666666666675
Impartial Culture (IC),4,100,63,37,37,1000,Cutoff,Evaluative Voting,100.0,100.0,0.75
Impartial Culture (IC),4,100,63,37,37,1000,Cutoff,k-Median Rule,100.0,100.0,0.75
Impartial Culture (IC),4,100,63,37,37,1000,Cutoff,k-Median-Shapley,100.0,100.0,0.75
Impartial Culture (IC),4,100,63,37,37,1000,Bottom,Evaluative Voting,100.0,100.0,0.75
Impartial Culture (IC),4,100,63,37,37,1000,Bottom,k-Median Rule,100.0,100.0,0.75
Impartial Culture (IC),4,100,63,37,37,1000,Bottom,k-Median-Shapley,100.0,100.0,0.75
Impartial Culture (IC),2,100,62,38,38,1000,Cutoff,Evaluative Voting,100.0,100.0,0.5
Impartial Culture (IC),2,100,62,38,38,1000,Cutoff,k-Median Rule,100.0,100.0,0.394
Impartial Culture (IC),2,100,62,38,38,1000,Cutoff,k-Median-Shapley,100.0,100.0,0.408
Impartial Culture (IC),2,100,62,38,38,1000,Bottom,Evaluative Voting,100.0,100.0,0.5
Impartial Culture (IC),2,100,62,38,38,1000,Bottom,k-Median Rule,100.0,100.0,0.351
Impartial Culture (IC),2,100,62,38,38,1000,Bottom,k-Median-Shapley,100.0,100.0,0.359
Impartial Culture (IC),3,100,62,38,38,1000,Cutoff,Evaluative Voting,100.0,100.0,0.6666666666666636
Impartial Culture (IC),3,100,62,38,38,1000,Cutoff,k-Median Rule,100.0,100.0,0.5940000000000011
Impartial Culture (IC),3,100,62,38,38,1000,Cutoff,k-Median-Shapley,100.0,100.0,0.5970000000000009
Impartial Culture (IC),3,100,62,38,38,1000,Bottom,Evaluative Voting,100.0,100.0,0.6666666666666636
Impartial Culture (IC),3,100,62,38,38,1000,Bottom,k-Median Rule,100.0,100.0,0.5750000000000012
Impartial Culture (IC),3,100,62,38,38,1000,Bottom,k-Median-Shapley,100.0,100.0,0.5786666666666679
Impartial Culture (IC),4,100,62,38,38,1000,Cutoff,Evaluative Voting,100.0,100.0,0.75
Impartial Culture (IC),4,100,62,38,38,1000,Cutoff,k-Median Rule,100.0,100.0,0.75
Impartial Culture (IC),4,100,62,38,38,1000,Cutoff,k-Median-Shapley,100.0,100.0,0.75
Impartial Culture (IC),4,100,62,38,38,1000,Bottom,Evaluative Voting,100.0,100.0,0.75
Impartial Culture (IC),4,100,62,38,38,1000,Bottom,k-Median Rule,100.0,100.0,0.75
Impartial Culture (IC),4,100,62,38,38,1000,Bottom,k-Median-Shapley,100.0,100.0,0.75
Impartial Culture (IC),2,100,61,39,39,1000,Cutoff,Evaluative Voting,100.0,100.0,0.5
Impartial Culture (IC),2,100,61,39,39,1000,Cutoff,k-Median Rule,100.0,100.0,0.3915
Impartial Culture (IC),2,100,61,39,39,1000,Cutoff,k-Median-Shapley,100.0,100.0,0.4015
Impartial Culture (IC),2,100,61,39,39,1000,Bottom,Evaluative Voting,100.0,100.0,0.5
Impartial Culture (IC),2,100,61,39,39,1000,Bottom,k-Median Rule,100.0,100.0,0.3635
Impartial Culture (IC),2,100,61,39,39,1000,Bottom,k-Median-Shapley,100.0,100.0,0.3565
Impartial Culture (IC),3,100,61,39,39,1000,Cutoff,Evaluative Voting,100.0,100.0,0.6666666666666636
Impartial Culture (IC),3,100,61,39,39,1000,Cutoff,k-Median Rule,100.0,100.0,0.5910000000000004
Impartial Culture (IC),3,100,61,39,39,1000,Cutoff,k-Median-Shapley,100.0,100.0,0.5990000000000005
Impartial Culture (IC),3,100,61,39,39,1000,Bottom,Evaluative Voting,100.0,100.0,0.6666666666666636
Impartial Culture (IC),3,100,61,39,39,1000,Bottom,k-Median Rule,100.0,100.0,0.5650000000000018
Impartial Culture (IC),3,100,61,39,39,1000,Bottom,k-Median-Shapley,100.0,100.0,0.5713333333333345
Impartial Culture (IC),4,100,61,39,39,1000,Cutoff,Evaluative Voting,100.0,100.0,0.75
Impartial Culture (IC),4,100,61,39,39,1000,Cutoff,k-Median Rule,100.0,100.0,0.75
Impartial Culture (IC),4,100,61,39,39,1000,Cutoff,k-Median-Shapley,100.0,100.0,0.75
Impartial Culture (IC),4,100,61,39,39,1000,Bottom,Evaluative Voting,100.0,100.0,0.75
Impartial Culture (IC),4,100,61,39,39,1000,Bottom,k-Median Rule,100.0,100.0,0.75
Impartial Culture (IC),4,100,61,39,39,1000,Bottom,k-Median-Shapley,100.0,100.0,0.75
Impartial Culture (IC),2,100,60,40,40,1000,Cutoff,Evaluative Voting,100.0,100.0,0.5
Impartial Culture (IC),2,100,60,40,40,1000,Cutoff,k-Median Rule,100.0,100.0,0.3805
Impartial Culture (IC),2,100,60,40,40,1000,Cutoff,k-Median-Shapley,100.0,100.0,0.3985
Impartial Culture (IC),2,100,60,40,40,1000,Bottom,Evaluative Voting,100.0,100.0,0.5
Impartial Culture (IC),2,100,60,40,40,1000,Bottom,k-Median Rule,100.0,100.0,0.3525
Impartial Culture (IC),2,100,60,40,40,1000,Bottom,k-Median-Shapley,100.0,100.0,0.35
Impartial Culture (IC),3,100,60,40,40,1000,Cutoff,Evaluative Voting,100.0,100.0,0.6666666666666636
Impartial Culture (IC),3,100,60,40,40,1000,Cutoff,k-Median Rule,100.0,100.0,0.5906666666666663
Impartial Culture (IC),3,100,60,40,40,1000,Cutoff,k-Median-Shapley,100.0,100.0,0.5953333333333345
Impartial Culture (IC),3,100,60,40,40,1000,Bottom,Evaluative Voting,100.0,100.0,0.6666666666666636
Impartial Culture (IC),3,100,60,40,40,1000,Bottom,k-Median Rule,100.0,100.0,0.5676666666666684
Impartial Culture (IC),3,100,60,40,40,1000,Bottom,k-Median-Shapley,100.0,100.0,0.5640000000000012
Impartial Culture (IC),4,100,60,40,40,1000,Cutoff,Evaluative Voting,100.0,100.0,0.75
Impartial Culture (IC),4,100,60,40,40,1000,Cutoff,k-Median Rule,100.0,100.0,0.75
Impartial Culture (IC),4,100,60,40,40,1000,Cutoff,k-Median-Shapley,100.0,100.0,0.75
Impartial Culture (IC),4,100,60,40,40,1000,Bottom,Evaluative Voting,100.0,100.0,0.75
Impartial Culture (IC),4,100,60,40,40,1000,Bottom,k-Median Rule,100.0,100.0,0.75
Impartial Culture (IC),4,100,60,40,40,1000,Bottom,k-Median-Shapley,100.0,100.0,0.75
Impartial Culture (IC),2,100,59,41,41,1000,Cutoff,Evaluative Voting,100.0,100.0,0.5
Impartial Culture (IC),2,100,59,41,41,1000,Cutoff,k-Median Rule,100.0,100.0,0.3735
Impartial Culture (IC),2,100,59,41,41,1000,Cutoff,k-Median-Shapley,100.0,100.0,0.395
Impartial Culture (IC),2,100,59,41,41,1000,Bottom,Evaluative Voting,100.0,100.0,0.5
Impartial Culture (IC),2,100,59,41,41,1000,Bottom,k-Median Rule,100.0,100.0,0.341
Impartial Culture (IC),2,100,59,41,41,1000,Bottom,k-Median-Shapley,100.0,100.0,0.351
Impartial Culture (IC),3,100,59,41,41,1000,Cutoff,Evaluative Voting,100.0,100.0,0.6666666666666636
Impartial Culture (IC),3,100,59,41,41,1000,Cutoff,k-Median Rule,100.0,100.0,0.6006666666666665
Impartial Culture (IC),3,100,59,41,41,1000,Cutoff,k-Median-Shapley,100.0,100.0,0.5816666666666676
Impartial Culture (IC),3,100,59,41,41,1000,Bottom,Evaluative Voting,100.0,100.0,0.6666666666666636
Impartial Culture (IC),3,100,59,41,41,1000,Bottom,k-Median Rule,100.0,100.0,0.5606666666666685
Impartial Culture (IC),3,100,59,41,41,1000,Bottom,k-Median-Shapley,100.0,100.0,0.5546666666666683
Impartial Culture (IC),4,100,59,41,41,1000,Cutoff,Evaluative Voting,100.0,100.0,0.75
Impartial Culture (IC),4,100,59,41,41,1000,Cutoff,k-Median Rule,100.0,100.0,0.75
Impartial Culture (IC),4,100,59,41,41,1000,Cutoff,k-Median-Shapley,100.0,100.0,0.75
Impartial Culture (IC),4,100,59,41,41,1000,Bottom,Evaluative Voting,100.0,100.0,0.75
Impartial Culture (IC),4,100,59,41,41,1000,Bottom,k-Median Rule,100.0,100.0,0.75
Impartial Culture (IC),4,100,59,41,41,1000,Bottom,k-Median-Shapley,100.0,100.0,0.75
Impartial Culture (IC),2,100,58,42,42,1000,Cutoff,Evaluative Voting,100.0,100.0,0.5
Impartial Culture (IC),2,100,58,42,42,1000,Cutoff,k-Median Rule,100.0,100.0,0.3835
Impartial Culture (IC),2,100,58,42,42,1000,Cutoff,k-Median-Shapley,100.0,100.0,0.385
Impartial Culture (IC),2,100,58,42,42,1000,Bottom,Evaluative Voting,100.0,100.0,0.5
Impartial Culture (IC),2,100,58,42,42,1000,Bottom,k-Median Rule,100.0,100.0,0.3505
Impartial Culture (IC),2,100,58,42,42,1000,Bottom,k-Median-Shapley,100.0,100.0,0.343
Impartial Culture (IC),3,100,58,42,42,1000,Cutoff,Evaluative Voting,100.0,100.0,0.6666666666666636
Impartial Culture (IC),3,100,58,42,42,1000,Cutoff,k-Median Rule,100.0,100.0,0.6033333333333332
Impartial Culture (IC),3,100,58,42,42,1000,Cutoff,k-Median-Shapley,100.0,100.0,0.5813333333333339
Impartial Culture (IC),3,100,58,42,42,1000,Bottom,Evaluative Voting,100.0,100.0,0.6666666666666636
Impartial Culture (IC),3,100,58,42,42,1000,Bottom,k-Median Rule,100.0,100.0,0.574333333333335
Impartial Culture (IC),3,100,58,42,42,1000,Bottom,k-Median-Shapley,100.0,100.0,0.5513333333333349
Impartial Culture (IC),4,100,58,42,42,1000,Cutoff,Evaluative Voting,100.0,100.0,0.75
Impartial Culture (IC),4,100,58,42,42,1000,Cutoff,k-Median Rule,100.0,100.0,0.75
Impartial Culture (IC),4,100,58,42,42,1000,Cutoff,k-Median-Shapley,100.0,100.0,0.75
Impartial Culture (IC),4,100,58,42,42,1000,Bottom,Evaluative Voting,100.0,100.0,0.75
Impartial Culture (IC),4,100,58,42,42,1000,Bottom,k-Median Rule,100.0,100.0,0.75
Impartial Culture (IC),4,100,58,42,42,1000,Bottom,k-Median-Shapley,100.0,100.0,0.75
Impartial Culture (IC),2,100,57,43,43,1000,Cutoff,Evaluative Voting,100.0,100.0,0.5
Impartial Culture (IC),2,100,57,43,43,1000,Cutoff,k-Median Rule,100.0,100.0,0.377
Impartial Culture (IC),2,100,57,43,43,1000,Cutoff,k-Median-Shapley,100.0,100.0,0.374
Impartial Culture (IC),2,100,57,43,43,1000,Bottom,Evaluative Voting,100.0,100.0,0.5
Impartial Culture (IC),2,100,57,43,43,1000,Bottom,k-Median Rule,100.0,100.0,0.3495
Impartial Culture (IC),2,100,57,43,43,1000,Bottom,k-Median-Shapley,100.0,100.0,0.3305
Impartial Culture (IC),3,100,57,43,43,1000,Cutoff,Evaluative Voting,100.0,100.0,0.6666666666666636
Impartial Culture (IC),3,100,57,43,43,1000,Cutoff,k-Median Rule,100.0,100.0,0.6023333333333332
Impartial Culture (IC),3,100,57,43,43,1000,Cutoff,k-Median-Shapley,100.0,100.0,0.5710000000000007
Impartial Culture (IC),3,100,57,43,43,1000,Bottom,Evaluative Voting,100.0,100.0,0.6666666666666636
Impartial Culture (IC),3,100,57,43,43,1000,Bottom,k-Median Rule,100.0,100.0,0.563000000000001
Impartial Culture (IC),3,100,57,43,43,1000,Bottom,k-Median-Shapley,100.0,100.0,0.554000000000002
Impartial Culture (IC),4,100,57,43,43,1000,Cutoff,Evaluative Voting,100.0,100.0,0.75
Impartial Culture (IC),4,100,57,43,43,1000,Cutoff,k-Median Rule,100.0,100.0,0.75
Impartial Culture (IC),4,100,57,43,43,1000,Cutoff,k-Median-Shapley,100.0,100.0,0.75
Impartial Culture (IC),4,100,57,43,43,1000,Bottom,Evaluative Voting,100.0,100.0,0.75
Impartial Culture (IC),4,100,57,43,43,1000,Bottom,k-Median Rule,100.0,100.0,0.75
Impartial Culture (IC),4,100,57,43,43,1000,Bottom,k-Median-Shapley,100.0,100.0,0.75
Impartial Culture (IC),2,100,56,44,44,1000,Cutoff,Evaluative Voting,100.0,100.0,0.5
Impartial Culture (IC),2,100,56,44,44,1000,Cutoff,k-Median Rule,100.0,100.0,0.384
Impartial Culture (IC),2,100,56,44,44,1000,Cutoff,k-Median-Shapley,100.0,100.0,0.3565
Impartial Culture (IC),2,100,56,44,44,1000,Bottom,Evaluative Voting,100.0,100.0,0.5
Impartial Culture (IC),2,100,56,44,44,1000,Bottom,k-Median Rule,100.0,100.0,0.3505
Impartial Culture (IC),2,100,56,44,44,1000,Bottom,k-Median-Shapley,100.0,100.0,0.324
Impartial Culture (IC),3,100,56,44,44,1000,Cutoff,Evaluative Voting,100.0,100.0,0.6666666666666636
Impartial Culture (IC),3,100,56,44,44,1000,Cutoff,k-Median Rule,100.0,100.0,0.6089999999999994
Impartial Culture (IC),3,100,56,44,44,1000,Cutoff,k-Median-Shapley,100.0,100.0,0.5616666666666674
Impartial Culture (IC),3,100,56,44,44,1000,Bottom,Evaluative Voting,100.0,100.0,0.6666666666666636
Impartial Culture (IC),3,100,56,44,44,1000,Bottom,k-Median Rule,100.0,100.0,0.572000000000002
Impartial Culture (IC),3,100,56,44,44,1000,Bottom,k-Median-Shapley,100.0,100.0,0.5490000000000012
Impartial Culture (IC),4,100,56,44,44,1000,Cutoff,Evaluative Voting,100.0,100.0,0.75
Impartial Culture (IC),4,100,56,44,44,1000,Cutoff,k-Median Rule,100.0,100.0,0.75
Impartial Culture (IC),4,100,56,44,44,1000,Cutoff,k-Median-Shapley,100.0,100.0,0.75
Impartial Culture (IC),4,100,56,44,44,1000,Bottom,Evaluative Voting,100.0,100.0,0.75
Impartial Culture (IC),4,100,56,44,44,1000,Bottom,k-Median Rule,100.0,100.0,0.75
Impartial Culture (IC),4,100,56,44,44,1000,Bottom,k-Median-Shapley,100.0,100.0,0.75
Impartial Culture (IC),2,100,55,45,45,1000,Cutoff,Evaluative Voting,100.0,100.0,0.5
Impartial Culture (IC),2,100,55,45,45,1000,Cutoff,k-Median Rule,100.0,100.0,0.3725
Impartial Culture (IC),2,100,55,45,45,1000,Cutoff,k-Median-Shapley,100.0,100.0,0.3385
Impartial Culture (IC),2,100,55,45,45,1000,Bottom,Evaluative Voting,100.0,100.0,0.5
Impartial Culture (IC),2,100,55,45,45,1000,Bottom,k-Median Rule,100.0,100.0,0.3395
Impartial Culture (IC),2,100,55,45,45,1000,Bottom,k-Median-Shapley,100.0,100.0,0.3035
Impartial Culture (IC),3,100,55,45,45,1000,Cutoff,Evaluative Voting,100.0,100.0,0.6666666666666636
Impartial Culture (IC),3,100,55,45,45,1000,Cutoff,k-Median Rule,100.0,100.0,0.6006666666666663
Impartial Culture (IC),3,100,55,45,45,1000,Cutoff,k-Median-Shapley,100.0,100.0,0.5570000000000007
Impartial Culture (IC),3,100,55,45,45,1000,Bottom,Evaluative Voting,100.0,100.0,0.6666666666666636
Impartial Culture (IC),3,100,55,45,45,1000,Bottom,k-Median Rule,100.0,100.0,0.564666666666669
Impartial Culture (IC),3,100,55,45,45,1000,Bottom,k-Median-Shapley,100.0,100.0,0.5376666666666678
Impartial Culture (IC),4,100,55,45,45,1000,Cutoff,Evaluative Voting,100.0,100.0,0.75
Impartial Culture (IC),4,100,55,45,45,1000,Cutoff,k-Median Rule,100.0,100.0,0.75
Impartial Culture (IC),4,100,55,45,45,1000,Cutoff,k-Median-Shapley,100.0,100.0,0.75
Impartial Culture (IC),4,100,55,45,45,1000,Bottom,Evaluative Voting,100.0,100.0,0.75
Impartial Culture (IC),4,100,55,45,45,1000,Bottom,k-Median Rule,100.0,100.0,0.75
Impartial Culture (IC),4,100,55,45,45,1000,Bottom,k-Median-Shapley,100.0,100.0,0.75
Impartial Culture (IC),2,100,54,46,46,1000,Cutoff,Evaluative Voting,100.0,100.0,0.5
Impartial Culture (IC),2,100,54,46,46,1000,Cutoff,k-Median Rule,100.0,100.0,0.3835
Impartial Culture (IC),2,100,54,46,46,1000,Cutoff,k-Median-Shapley,100.0,100.0,0.3365
Impartial Culture (IC),2,100,54,46,46,1000,Bottom,Evaluative Voting,100.0,100.0,0.5
Impartial Culture (IC),2,100,54,46,46,1000,Bottom,k-Median Rule,100.0,100.0,0.343
Impartial Culture (IC),2,100,54,46,46,1000,Bottom,k-Median-Shapley,100.0,100.0,0.311
Impartial Culture (IC),3,100,54,46,46,1000,Cutoff,Evaluative Voting,100.0,100.0,0.6666666666666636
Impartial Culture (IC),3,100,54,46,46,1000,Cutoff,k-Median Rule,100.0,100.0,0.611
Impartial Culture (IC),3,100,54,46,46,1000,Cutoff,k-Median-Shapley,100.0,100.0,0.5493333333333342
Impartial Culture (IC),3,100,54,46,46,1000,Bottom,Evaluative Voting,100.0,100.0,0.6666666666666636
Impartial Culture (IC),3,100,54,46,46,1000,Bottom,k-Median Rule,100.0,100.0,0.5706666666666682
Impartial Culture (IC),3,100,54,46,46,1000,Bottom,k-Median-Shapley,100.0,100.0,0.5380000000000014
Impartial Culture (IC),4,100,54,46,46,1000,Cutoff,Evaluative Voting,100.0,100.0,0.75
Impartial Culture (IC),4,100,54,46,46,1000,Cutoff,k-Median Rule,100.0,100.0,0.75
Impartial Culture (IC),4,100,54,46,46,1000,Cutoff,k-Median-Shapley,100.0,100.0,0.75
Impartial Culture (IC),4,100,54,46,46,1000,Bottom,Evaluative Voting,100.0,100.0,0.75
Impartial Culture (IC),4,100,54,46,46,1000,Bottom,k-Median Rule,100.0,100.0,0.75
Impartial Culture (IC),4,100,54,46,46,1000,Bottom,k-Median-Shapley,100.0,100.0,0.75
Impartial Culture (IC),2,100,53,47,47,1000,Cutoff,Evaluative Voting,100.0,100.0,0.5
Impartial Culture (IC),2,100,53,47,47,1000,Cutoff,k-Median Rule,100.0,100.0,0.3775
Impartial Culture (IC),2,100,53,47,47,1000,Cutoff,k-Median-Shapley,100.0,100.0,0.3265
Impartial Culture (IC),2,100,53,47,47,1000,Bottom,Evaluative Voting,100.0,100.0,0.5
Impartial Culture (IC),2,100,53,47,47,1000,Bottom,k-Median Rule,100.0,100.0,0.3465
Impartial Culture (IC),2,100,53,47,47,1000,Bottom,k-Median-Shapley,100.0,100.0,0.3115
Impartial Culture (IC),3,100,53,47,47,1000,Cutoff,Evaluative Voting,100.0,100.0,0.6666666666666636
Impartial Culture (IC),3,100,53,47,47,1000,Cutoff,k-Median Rule,100.0,100.0,0.6016666666666668
Impartial Culture (IC),3,100,53,47,47,1000,Cutoff,k-Median-Shapley,100.0,100.0,0.5493333333333346
Impartial Culture (IC),3,100,53,47,47,1000,Bottom,Evaluative Voting,100.0,100.0,0.6666666666666636
Impartial Culture (IC),3,100,53,47,47,1000,Bottom,k-Median Rule,100.0,100.0,0.5616666666666685
Impartial Culture (IC),3,100,53,47,47,1000,Bottom,k-Median-Shapley,100.0,100.0,0.5383333333333349
Impartial Culture (IC),4,100,53,47,47,1000,Cutoff,Evaluative Voting,100.0,100.0,0.75
Impartial Culture (IC),4,100,53,47,47,1000,Cutoff,k-Median Rule,100.0,100.0,0.75
Impartial Culture (IC),4,100,53,47,47,1000,Cutoff,k-Median-Shapley,100.0,100.0,0.75
Impartial Culture (IC),4,100,53,47,47,1000,Bottom,Evaluative Voting,100.0,100.0,0.75
Impartial Culture (IC),4,100,53,47,47,1000,Bottom,k-Median Rule,100.0,100.0,0.75
Impartial Culture (IC),4,100,53,47,47,1000,Bottom,k-Median-Shapley,100.0,100.0,0.75
Impartial Culture (IC),2,100,52,48,48,1000,Cutoff,Evaluative Voting,100.0,100.0,0.5
Impartial Culture (IC),2,100,52,48,48,1000,Cutoff,k-Median Rule,100.0,100.0,0.3795
Impartial Culture (IC),2,100,52,48,48,1000,Cutoff,k-Median-Shapley,100.0,100.0,0.3115
Impartial Culture (IC),2,100,52,48,48,1000,Bottom,Evaluative Voting,100.0,100.0,0.5
Impartial Culture (IC),2,100,52,48,48,1000,Bottom,k-Median Rule,100.0,100.0,0.3415
Impartial Culture (IC),2,100,52,48,48,1000,Bottom,k-Median-Shapley,100.0,100.0,0.294
Impartial Culture (IC),3,100,52,48,48,1000,Cutoff,Evaluative Voting,100.0,100.0,0.6666666666666636
Impartial Culture (IC),3,100,52,48,48,1000,Cutoff,k-Median Rule,100.0,100.0,0.6079999999999999
Impartial Culture (IC),3,100,52,48,48,1000,Cutoff,k-Median-Shapley,100.0,100.0,0.5340000000000018
Impartial Culture (IC),3,100,52,48,48,1000,Bottom,Evaluative Voting,100.0,100.0,0.6666666666666636
Impartial Culture (IC),3,100,52,48,48,1000,Bottom,k-Median Rule,100.0,100.0,0.5710000000000011
Impartial Culture (IC),3,100,52,48,48,1000,Bottom,k-Median-Shapley,100.0,100.0,0.5300000000000017
Impartial Culture (IC),4,100,52,48,48,1000,Cutoff,Evaluative Voting,100.0,100.0,0.75
Impartial Culture (IC),4,100,52,48,48,1000,Cutoff,k-Median Rule,100.0,100.0,0.75
Impartial Culture (IC),4,100,52,48,48,1000,Cutoff,k-Median-Shapley,100.0,100.0,0.75
Impartial Culture (IC),4,100,52,48,48,1000,Bottom,Evaluative Voting,100.0,100.0,0.75
Impartial Culture (IC),4,100,52,48,48,1000,Bottom,k-Median Rule,100.0,100.0,0.75
Impartial Culture (IC),4,100,52,48,48,1000,Bottom,k-Median-Shapley,100.0,100.0,0.75
Impartial Culture (IC),2,100,51,49,49,1000,Cutoff,Evaluative Voting,100.0,100.0,0.5
Impartial Culture (IC),2,100,51,49,49,1000,Cutoff,k-Median Rule,100.0,100.0,0.378
Impartial Culture (IC),2,100,51,49,49,1000,Cutoff,k-Median-Shapley,100.0,100.0,0.2875
Impartial Culture (IC),2,100,51,49,49,1000,Bottom,Evaluative Voting,100.0,100.0,0.5
Impartial Culture (IC),2,100,51,49,49,1000,Bottom,k-Median Rule,100.0,100.0,0.352
Impartial Culture (IC),2,100,51,49,49,1000,Bottom,k-Median-Shapley,100.0,100.0,0.273
Impartial Culture (IC),3,100,51,49,49,1000,Cutoff,Evaluative Voting,100.0,100.0,0.6666666666666636
Impartial Culture (IC),3,100,51,49,49,1000,Cutoff,k-Median Rule,100.0,100.0,0.6016666666666669
Impartial Culture (IC),3,100,51,49,49,1000,Cutoff,k-Median-Shapley,100.0,100.0,0.5253333333333339
Impartial Culture (IC),3,100,51,49,49,1000,Bottom,Evaluative Voting,100.0,100.0,0.6666666666666636
Impartial Culture (IC),3,100,51,49,49,1000,Bottom,k-Median Rule,100.0,100.0,0.5653333333333349
Impartial Culture (IC),3,100,51,49,49,1000,Bottom,k-Median-Shapley,100.0,100.0,0.5213333333333335
Impartial Culture (IC),4,100,51,49,49,1000,Cutoff,Evaluative Voting,100.0,100.0,0.75
Impartial Culture (IC),4,100,51,49,49,1000,Cutoff,k-Median Rule,100.0,100.0,0.75
Impartial Culture (IC),4,100,51,49,49,1000,Cutoff,k-Median-Shapley,100.0,100.0,0.75
Impartial Culture (IC),4,100,51,49,49,1000,Bottom,Evaluative Voting,100.0,100.0,0.75
Impartial Culture (IC),4,100,51,49,49,1000,Bottom,k-Median Rule,100.0,100.0,0.75
Impartial Culture (IC),4,100,51,49,49,1000,Bottom,k-Median-Shapley,100.0,100.0,0.75
