Culture,k,n_total,n_honest,n_manip,manip_pct,trials,Target,Rule,Change_Rate,Success_Rate,Avg_Overlap
Mallows (phi=0.7),2,100,99,1,1,1000,Cutoff,Evaluative Voting,5.5,5.5,0.9725
Mallows (phi=0.7),2,100,99,1,1,1000,Cutoff,k-Median Rule,0.8999999999999999,0.8999999999999999,0.9955
Mallows (phi=0.7),2,100,99,1,1,1000,Cutoff,k-Median-Shapley,2.3,2.3,0.9885
Mallows (phi=0.7),2,100,99,1,1,1000,Bottom,Evaluative Voting,0.0,0.0,1.0
Mallows (phi=0.7),2,100,99,1,1,1000,Bottom,k-Median Rule,0.8999999999999999,0.0,0.9955
Mallows (phi=0.7),2,100,99,1,1,1000,Bottom,k-Median-Shapley,2.1999999999999997,0.0,0.989
Mallows (phi=0.7),3,100,99,1,1,1000,Cutoff,Evaluative Voting,5.7,5.7,0.9809999999999993
Mallows (phi=0.7),3,100,99,1,1,1000,Cutoff,k-Median Rule,1.0,1.0,0.9966666666666665
Mallows (phi=0.7),3,100,99,1,1,1000,Cutoff,k-Median-Shapley,3.3000000000000003,3.3000000000000003,0.9889999999999995
Mallows (phi=0.7),3,100,99,1,1,1000,Bottom,Evaluative Voting,0.0,0.0,1.0
Mallows (phi=0.7),3,100,99,1,1,1000,Bottom,k-Median Rule,0.8999999999999999,0.0,0.9969999999999999
Mallows (phi=0.7),3,100,99,1,1,1000,Bottom,k-Median-Shapley,2.7,0.0,0.9909999999999997
Mallows (phi=0.7),4,100,99,1,1,1000,Cutoff,Evaluative Voting,4.6,4.6,0.9885
Mallows (phi=0.7),4,100,99,1,1,1000,Cutoff,k-Median Rule,1.0999999999999999,1.0999999999999999,0.99725
Mallows (phi=0.7),4,100,99,1,1,1000,Cutoff,k-Median-Shapley,3.0,3.0,0.9925
Mallows (phi=0.7),4,100,99,1,1,1000,Bottom,Evaluative Voting,0.0,0.0,1.0
Mallows (phi=0.7),4,100,99,1,1,1000,Bottom,k-Median Rule,0.8999999999999999,0.0,0.99775
Mallows (phi=0.7),4,100,99,1,1,1000,Bottom,k-Median-Shapley,2.6,0.0,0.9935
Mallows (phi=0.7),5,100,99,1,1,1000,Cutoff,Evaluative Voting,6.2,6.2,0.9875999999999988
Mallows (phi=0.7),5,100,99,1,1,1000,Cutoff,k-Median Rule,0.3,0.3,0.9994
Mallows (phi=0.7),5,100,99,1,1,1000,Cutoff,k-Median-Shapley,3.4000000000000004,3.4000000000000004,0.9931999999999994
Mallows (phi=0.7),5,100,99,1,1,1000,Bottom,Evaluative Voting,0.0,0.0,1.0
Mallows (phi=0.7),5,100,99,1,1,1000,Bottom,k-Median Rule,0.3,0.0,0.9994
Mallows (phi=0.7),5,100,99,1,1,1000,Bottom,k-Median-Shapley,2.6,0.0,0.9947999999999995
Mallows (phi=0.7),6,100,99,1,1,1000,Cutoff,Evaluative Voting,8.5,8.5,0.9858333333333348
Mallows (phi=0.7),6,100,99,1,1,1000,Cutoff,k-Median Rule,1.5,1.5,0.9975000000000003
Mallows (phi=0.7),6,100,99,1,1,1000,Cutoff,k-Median-Shapley,3.5999999999999996,3.5999999999999996,0.9940000000000007
Mallows (phi=0.7),6,100,99,1,1,1000,Bottom,Evaluative Voting,8.5,8.5,0.9858333333333348
Mallows (phi=0.7),6,100,99,1,1,1000,Bottom,k-Median Rule,1.5,1.5,0.9975000000000003
Mallows (phi=0.7),6,100,99,1,1,1000,Bottom,k-Median-Shapley,3.5999999999999996,3.5999999999999996,0.9940000000000007
Mallows (phi=0.7),2,100,98,2,2,1000,Cutoff,Evaluative Voting,11.0,11.0,0.945
Mallows (phi=0.7),2,100,98,2,2,1000,Cutoff,k-Median Rule,1.5,1.5,0.9925
Mallows (phi=0.7),2,100,98,2,2,1000,Cutoff,k-Median-Shapley,3.9,3.9,0.9805
Mallows (phi=0.7),2,100,98,2,2,1000,Bottom,Evaluative Voting,0.0,0.0,1.0
Mallows (phi=0.7),2,100,98,2,2,1000,Bottom,k-Median Rule,1.2,0.0,0.994
Mallows (phi=0.7),2,100,98,2,2,1000,Bottom,k-Median-Shapley,2.9000000000000004,0.0,0.9855
Mallows (phi=0.7),3,100,98,2,2,1000,Cutoff,Evaluative Voting,10.2,10.2,0.9659999999999986
Mallows (phi=0.7),3,100,98,2,2,1000,Cutoff,k-Median Rule,2.7,2.7,0.9909999999999993
Mallows (phi=0.7),3,100,98,2,2,1000,Cutoff,k-Median-Shapley,5.1,5.0,0.9829999999999995
Mallows (phi=0.7),3,100,98,2,2,1000,Bottom,Evaluative Voting,0.0,0.0,1.0
Mallows (phi=0.7),3,100,98,2,2,1000,Bottom,k-Median Rule,1.0999999999999999,0.0,0.9963333333333332
Mallows (phi=0.7),3,100,98,2,2,1000,Bottom,k-Median-Shapley,3.1,0.0,0.9896666666666664
Mallows (phi=0.7),4,100,98,2,2,1000,Cutoff,Evaluative Voting,9.6,9.6,0.976
Mallows (phi=0.7),4,100,98,2,2,1000,Cutoff,k-Median Rule,2.4,2.4,0.994
Mallows (phi=0.7),4,100,98,2,2,1000,Cutoff,k-Median-Shapley,4.8,4.8,0.988
Mallows (phi=0.7),4,100,98,2,2,1000,Bottom,Evaluative Voting,0.0,0.0,1.0
Mallows (phi=0.7),4,100,98,2,2,1000,Bottom,k-Median Rule,1.0,0.0,0.9975
Mallows (phi=0.7),4,100,98,2,2,1000,Bottom,k-Median-Shapley,2.6,0.0,0.9935
Mallows (phi=0.7),5,100,98,2,2,1000,Cutoff,Evaluative Voting,11.799999999999999,11.799999999999999,0.9763999999999976
Mallows (phi=0.7),5,100,98,2,2,1000,Cutoff,k-Median Rule,0.8,0.8,0.9983999999999998
Mallows (phi=0.7),5,100,98,2,2,1000,Cutoff,k-Median-Shapley,4.9,4.9,0.9901999999999994
Mallows (phi=0.7),5,100,98,2,2,1000,Bottom,Evaluative Voting,0.1,0.1,0.9997999999999999
Mallows (phi=0.7),5,100,98,2,2,1000,Bottom,k-Median Rule,0.5,0.1,0.999
Mallows (phi=0.7),5,100,98,2,2,1000,Bottom,k-Median-Shapley,2.5,0.0,0.9949999999999998
Mallows (phi=0.7),6,100,98,2,2,1000,Cutoff,Evaluative Voting,16.5,16.5,0.9725000000000025
Mallows (phi=0.7),6,100,98,2,2,1000,Cutoff,k-Median Rule,3.2,3.2,0.9946666666666671
Mallows (phi=0.7),6,100,98,2,2,1000,Cutoff,k-Median-Shapley,7.7,7.7,0.9871666666666679
Mallows (phi=0.7),6,100,98,2,2,1000,Bottom,Evaluative Voting,16.5,16.5,0.9725000000000025
Mallows (phi=0.7),6,100,98,2,2,1000,Bottom,k-Median Rule,3.2,3.2,0.9946666666666671
Mallows (phi=0.7),6,100,98,2,2,1000,Bottom,k-Median-Shapley,7.7,7.7,0.9871666666666679
Mallows (phi=0.7),2,100,97,3,3,1000,Cutoff,Evaluative Voting,16.8,16.8,0.916
Mallows (phi=0.7),2,100,97,3,3,1000,Cutoff,k-Median Rule,2.4,2.4,0.988
Mallows (phi=0.7),2,100,97,3,3,1000,Cutoff,k-Median-Shapley,4.8,4.7,0.976
Mallows (phi=0.7),2,100,97,3,3,1000,Bottom,Evaluative Voting,0.0,0.0,1.0
Mallows (phi=0.7),2,100,97,3,3,1000,Bottom,k-Median Rule,1.7000000000000002,0.0,0.9915
Mallows (phi=0.7),2,100,97,3,3,1000,Bottom,k-Median-Shapley,2.8000000000000003,0.0,0.986
Mallows (phi=0.7),3,100,97,3,3,1000,Cutoff,Evaluative Voting,17.1,17.1,0.9429999999999976
Mallows (phi=0.7),3,100,97,3,3,1000,Cutoff,k-Median Rule,3.9,3.9,0.9869999999999991
Mallows (phi=0.7),3,100,97,3,3,1000,Cutoff,k-Median-Shapley,6.3,6.2,0.9789999999999992
Mallows (phi=0.7),3,100,97,3,3,1000,Bottom,Evaluative Voting,0.0,0.0,1.0
Mallows (phi=0.7),3,100,97,3,3,1000,Bottom,k-Median Rule,1.7999999999999998,0.0,0.9939999999999996
Mallows (phi=0.7),3,100,97,3,3,1000,Bottom,k-Median-Shapley,3.5000000000000004,0.0,0.988333333333333
Mallows (phi=0.7),4,100,97,3,3,1000,Cutoff,Evaluative Voting,15.299999999999999,15.299999999999999,0.96175
Mallows (phi=0.7),4,100,97,3,3,1000,Cutoff,k-Median Rule,4.3,4.3,0.98925
Mallows (phi=0.7),4,100,97,3,3,1000,Cutoff,k-Median-Shapley,6.2,6.2,0.9845
Mallows (phi=0.7),4,100,97,3,3,1000,Bottom,Evaluative Voting,0.0,0.0,1.0
Mallows (phi=0.7),4,100,97,3,3,1000,Bottom,k-Median Rule,2.4,0.0,0.994
Mallows (phi=0.7),4,100,97,3,3,1000,Bottom,k-Median-Shapley,3.6999999999999997,0.0,0.99075
Mallows (phi=0.7),5,100,97,3,3,1000,Cutoff,Evaluative Voting,20.200000000000003,20.200000000000003,0.9595999999999965
Mallows (phi=0.7),5,100,97,3,3,1000,Cutoff,k-Median Rule,1.2,1.2,0.9975999999999999
Mallows (phi=0.7),5,100,97,3,3,1000,Cutoff,k-Median-Shapley,7.8,7.8,0.9843999999999986
Mallows (phi=0.7),5,100,97,3,3,1000,Bottom,Evaluative Voting,0.7000000000000001,0.7000000000000001,0.9985999999999999
Mallows (phi=0.7),5,100,97,3,3,1000,Bottom,k-Median Rule,0.8,0.0,0.9983999999999998
Mallows (phi=0.7),5,100,97,3,3,1000,Bottom,k-Median-Shapley,4.3,0.1,0.9913999999999994
Mallows (phi=0.7),6,100,97,3,3,1000,Cutoff,Evaluative Voting,25.4,25.4,0.9576666666666701
Mallows (phi=0.7),6,100,97,3,3,1000,Cutoff,k-Median Rule,5.2,5.2,0.9913333333333343
Mallows (phi=0.7),6,100,97,3,3,1000,Cutoff,k-Median-Shapley,11.0,11.0,0.9816666666666687
Mallows (phi=0.7),6,100,97,3,3,1000,Bottom,Evaluative Voting,25.4,25.4,0.9576666666666701
Mallows (phi=0.7),6,100,97,3,3,1000,Bottom,k-Median Rule,5.2,5.2,0.9913333333333343
Mallows (phi=0.7),6,100,97,3,3,1000,Bottom,k-Median-Shapley,11.0,11.0,0.9816666666666687
Mallows (phi=0.7),2,100,96,4,4,1000,Cutoff,Evaluative Voting,24.4,24.4,0.878
Mallows (phi=0.7),2,100,96,4,4,1000,Cutoff,k-Median Rule,2.8000000000000003,2.8000000000000003,0.986
Mallows (phi=0.7),2,100,96,4,4,1000,Cutoff,k-Median-Shapley,6.7,6.7,0.9665
Mallows (phi=0.7),2,100,96,4,4,1000,Bottom,Evaluative Voting,0.0,0.0,1.0
Mallows (phi=0.7),2,100,96,4,4,1000,Bottom,k-Median Rule,1.5,0.0,0.9925
Mallows (phi=0.7),2,100,96,4,4,1000,Bottom,k-Median-Shapley,4.2,0.0,0.979
Mallows (phi=0.7),3,100,96,4,4,1000,Cutoff,Evaluative Voting,23.799999999999997,23.799999999999997,0.9206666666666633
Mallows (phi=0.7),3,100,96,4,4,1000,Cutoff,k-Median Rule,6.0,6.0,0.9799999999999986
Mallows (phi=0.7),3,100,96,4,4,1000,Cutoff,k-Median-Shapley,7.6,7.6,0.9746666666666655
Mallows (phi=0.7),3,100,96,4,4,1000,Bottom,Evaluative Voting,0.0,0.0,1.0
Mallows (phi=0.7),3,100,96,4,4,1000,Bottom,k-Median Rule,1.9,0.0,0.9936666666666663
Mallows (phi=0.7),3,100,96,4,4,1000,Bottom,k-Median-Shapley,4.1000000000000005,0.0,0.9863333333333328
Mallows (phi=0.7),4,100,96,4,4,1000,Cutoff,Evaluative Voting,21.9,21.9,0.94525
Mallows (phi=0.7),4,100,96,4,4,1000,Cutoff,k-Median Rule,5.800000000000001,5.800000000000001,0.9855
Mallows (phi=0.7),4,100,96,4,4,1000,Cutoff,k-Median-Shapley,6.800000000000001,6.800000000000001,0.983
Mallows (phi=0.7),4,100,96,4,4,1000,Bottom,Evaluative Voting,0.0,0.0,1.0
Mallows (phi=0.7),4,100,96,4,4,1000,Bottom,k-Median Rule,2.7,0.0,0.99325
Mallows (phi=0.7),4,100,96,4,4,1000,Bottom,k-Median-Shapley,2.7,0.0,0.99325
Mallows (phi=0.7),5,100,96,4,4,1000,Cutoff,Evaluative Voting,28.1,28.1,0.9437999999999955
Mallows (phi=0.7),5,100,96,4,4,1000,Cutoff,k-Median Rule,1.7000000000000002,1.7000000000000002,0.9965999999999997
Mallows (phi=0.7),5,100,96,4,4,1000,Cutoff,k-Median-Shapley,9.2,9.2,0.9815999999999986
Mallows (phi=0.7),5,100,96,4,4,1000,Bottom,Evaluative Voting,1.7999999999999998,1.7999999999999998,0.9963999999999996
Mallows (phi=0.7),5,100,96,4,4,1000,Bottom,k-Median Rule,0.6,0.1,0.9987999999999999
Mallows (phi=0.7),5,100,96,4,4,1000,Bottom,k-Median-Shapley,4.6,0.2,0.9907999999999995
Mallows (phi=0.7),6,100,96,4,4,1000,Cutoff,Evaluative Voting,34.4,34.4,0.9426666666666709
Mallows (phi=0.7),6,100,96,4,4,1000,Cutoff,k-Median Rule,6.800000000000001,6.800000000000001,0.9886666666666678
Mallows (phi=0.7),6,100,96,4,4,1000,Cutoff,k-Median-Shapley,14.6,14.6,0.9756666666666692
Mallows (phi=0.7),6,100,96,4,4,1000,Bottom,Evaluative Voting,34.4,34.4,0.9426666666666709
Mallows (phi=0.7),6,100,96,4,4,1000,Bottom,k-Median Rule,6.800000000000001,6.800000000000001,0.9886666666666678
Mallows (phi=0.7),6,100,96,4,4,1000,Bottom,k-Median-Shapley,14.6,14.6,0.9756666666666692
Mallows (phi=0.7),2,100,95,5,5,1000,Cutoff,Evaluative Voting,33.300000000000004,33.300000000000004,0.8335
Mallows (phi=0.7),2,100,95,5,5,1000,Cutoff,k-Median Rule,4.3,4.3,0.9785
Mallows (phi=0.7),2,100,95,5,5,1000,Cutoff,k-Median-Shapley,8.6,8.6,0.957
Mallows (phi=0.7),2,100,95,5,5,1000,Bottom,Evaluative Voting,0.0,0.0,1.0
Mallows (phi=0.7),2,100,95,5,5,1000,Bottom,k-Median Rule,2.6,0.0,0.987
Mallows (phi=0.7),2,100,95,5,5,1000,Bottom,k-Median-Shapley,3.8,0.0,0.981
Mallows (phi=0.7),3,100,95,5,5,1000,Cutoff,Evaluative Voting,32.2,32.2,0.8926666666666623
Mallows (phi=0.7),3,100,95,5,5,1000,Cutoff,k-Median Rule,7.5,7.5,0.9749999999999985
Mallows (phi=0.7),3,100,95,5,5,1000,Cutoff,k-Median-Shapley,9.3,9.1,0.9689999999999985
Mallows (phi=0.7),3,100,95,5,5,1000,Bottom,Evaluative Voting,0.0,0.0,1.0
Mallows (phi=0.7),3,100,95,5,5,1000,Bottom,k-Median Rule,2.7,0.0,0.9909999999999994
Mallows (phi=0.7),3,100,95,5,5,1000,Bottom,k-Median-Shapley,5.4,0.0,0.9819999999999992
Mallows (phi=0.7),4,100,95,5,5,1000,Cutoff,Evaluative Voting,28.9,28.9,0.92775
Mallows (phi=0.7),4,100,95,5,5,1000,Cutoff,k-Median Rule,8.1,8.1,0.97975
Mallows (phi=0.7),4,100,95,5,5,1000,Cutoff,k-Median-Shapley,9.5,9.5,0.97625
Mallows (phi=0.7),4,100,95,5,5,1000,Bottom,Evaluative Voting,0.0,0.0,1.0
Mallows (phi=0.7),4,100,95,5,5,1000,Bottom,k-Median Rule,3.0,0.0,0.9925
Mallows (phi=0.7),4,100,95,5,5,1000,Bottom,k-Median-Shapley,4.2,0.0,0.9895
Mallows (phi=0.7),5,100,95,5,5,1000,Cutoff,Evaluative Voting,37.8,37.8,0.9243999999999942
Mallows (phi=0.7),5,100,95,5,5,1000,Cutoff,k-Median Rule,2.1999999999999997,2.1999999999999997,0.9955999999999997
Mallows (phi=0.7),5,100,95,5,5,1000,Cutoff,k-Median-Shapley,11.3,11.3,0.9773999999999983
Mallows (phi=0.7),5,100,95,5,5,1000,Bottom,Evaluative Voting,2.7,2.7,0.9945999999999997
Mallows (phi=0.7),5,100,95,5,5,1000,Bottom,k-Median Rule,0.6,0.1,0.9987999999999999
Mallows (phi=0.7),5,100,95,5,5,1000,Bottom,k-Median-Shapley,5.7,0.3,0.988599999999999
Mallows (phi=0.7),6,100,95,5,5,1000,Cutoff,Evaluative Voting,43.0,43.0,0.928333333333338
Mallows (phi=0.7),6,100,95,5,5,1000,Cutoff,k-Median Rule,10.4,10.4,0.9826666666666684
Mallows (phi=0.7),6,100,95,5,5,1000,Cutoff,k-Median-Shapley,18.2,18.2,0.9696666666666695
Mallows (phi=0.7),6,100,95,5,5,1000,Bottom,Evaluative Voting,43.0,43.0,0.928333333333338
Mallows (phi=0.7),6,100,95,5,5,1000,Bottom,k-Median Rule,10.4,10.4,0.9826666666666684
Mallows (phi=0.7),6,100,95,5,5,1000,Bottom,k-Median-Shapley,18.2,18.2,0.9696666666666695
Mallows (phi=0.7),2,100,94,6,6,1000,Cutoff,Evaluative Voting,40.300000000000004,40.300000000000004,0.7985
Mallows (phi=0.7),2,100,94,6,6,1000,Cutoff,k-Median Rule,6.0,6.0,0.97
Mallows (phi=0.7),2,100,94,6,6,1000,Cutoff,k-Median-Shapley,10.6,10.6,0.947
Mallows (phi=0.7),2,100,94,6,6,1000,Bottom,Evaluative Voting,0.0,0.0,1.0
Mallows (phi=0.7),2,100,94,6,6,1000,Bottom,k-Median Rule,2.9000000000000004,0.0,0.9855
Mallows (phi=0.7),2,100,94,6,6,1000,Bottom,k-Median-Shapley,4.6,0.0,0.977
Mallows (phi=0.7),3,100,94,6,6,1000,Cutoff,Evaluative Voting,40.8,40.8,0.8639999999999947
Mallows (phi=0.7),3,100,94,6,6,1000,Cutoff,k-Median Rule,9.8,9.8,0.9673333333333315
Mallows (phi=0.7),3,100,94,6,6,1000,Cutoff,k-Median-Shapley,10.8,10.7,0.9639999999999985
Mallows (phi=0.7),3,100,94,6,6,1000,Bottom,Evaluative Voting,0.0,0.0,1.0
Mallows (phi=0.7),3,100,94,6,6,1000,Bottom,k-Median Rule,2.1,0.0,0.9929999999999995
Mallows (phi=0.7),3,100,94,6,6,1000,Bottom,k-Median-Shapley,4.2,0.0,0.9859999999999993
Mallows (phi=0.7),4,100,94,6,6,1000,Cutoff,Evaluative Voting,36.199999999999996,36.199999999999996,0.9095
Mallows (phi=0.7),4,100,94,6,6,1000,Cutoff,k-Median Rule,10.8,10.8,0.973
Mallows (phi=0.7),4,100,94,6,6,1000,Cutoff,k-Median-Shapley,10.9,10.9,0.97275
Mallows (phi=0.7),4,100,94,6,6,1000,Bottom,Evaluative Voting,0.0,0.0,1.0
Mallows (phi=0.7),4,100,94,6,6,1000,Bottom,k-Median Rule,2.8000000000000003,0.0,0.993
Mallows (phi=0.7),4,100,94,6,6,1000,Bottom,k-Median-Shapley,3.5999999999999996,0.0,0.991
Mallows (phi=0.7),5,100,94,6,6,1000,Cutoff,Evaluative Voting,47.5,47.5,0.9049999999999929
Mallows (phi=0.7),5,100,94,6,6,1000,Cutoff,k-Median Rule,3.1,3.1,0.9937999999999997
Mallows (phi=0.7),5,100,94,6,6,1000,Cutoff,k-Median-Shapley,12.6,12.6,0.9747999999999981
Mallows (phi=0.7),5,100,94,6,6,1000,Bottom,Evaluative Voting,4.5,4.5,0.9909999999999992
Mallows (phi=0.7),5,100,94,6,6,1000,Bottom,k-Median Rule,0.8,0.1,0.9983999999999998
Mallows (phi=0.7),5,100,94,6,6,1000,Bottom,k-Median-Shapley,5.6000000000000005,0.3,0.9887999999999992
Mallows (phi=0.7),6,100,94,6,6,1000,Cutoff,Evaluative Voting,52.5,52.5,0.9125000000000058
Mallows (phi=0.7),6,100,94,6,6,1000,Cutoff,k-Median Rule,12.6,12.6,0.979000000000002
Mallows (phi=0.7),6,100,94,6,6,1000,Cutoff,k-Median-Shapley,21.3,21.3,0.964500000000003
Mallows (phi=0.7),6,100,94,6,6,1000,Bottom,Evaluative Voting,52.5,52.5,0.9125000000000058
Mallows (phi=0.7),6,100,94,6,6,1000,Bottom,k-Median Rule,12.6,12.6,0.979000000000002
Mallows (phi=0.7),6,100,94,6,6,1000,Bottom,k-Median-Shapley,21.3,21.3,0.964500000000003
Mallows (phi=0.7),2,100,93,7,7,1000,Cutoff,Evaluative Voting,49.1,49.1,0.7545
Mallows (phi=0.7),2,100,93,7,7,1000,Cutoff,k-Median Rule,7.1,7.1,0.9645
Mallows (phi=0.7),2,100,93,7,7,1000,Cutoff,k-Median-Shapley,12.7,12.6,0.9365
Mallows (phi=0.7),2,100,93,7,7,1000,Bottom,Evaluative Voting,0.0,0.0,1.0
Mallows (phi=0.7),2,100,93,7,7,1000,Bottom,k-Median Rule,3.3000000000000003,0.0,0.9835
Mallows (phi=0.7),2,100,93,7,7,1000,Bottom,k-Median-Shapley,5.2,0.0,0.974
Mallows (phi=0.7),3,100,93,7,7,1000,Cutoff,Evaluative Voting,50.5,50.5,0.8316666666666614
Mallows (phi=0.7),3,100,93,7,7,1000,Cutoff,k-Median Rule,12.8,12.8,0.9573333333333308
Mallows (phi=0.7),3,100,93,7,7,1000,Cutoff,k-Median-Shapley,13.0,13.0,0.9566666666666646
Mallows (phi=0.7),3,100,93,7,7,1000,Bottom,Evaluative Voting,0.0,0.0,1.0
Mallows (phi=0.7),3,100,93,7,7,1000,Bottom,k-Median Rule,3.1,0.0,0.989666666666666
Mallows (phi=0.7),3,100,93,7,7,1000,Bottom,k-Median-Shapley,5.4,0.0,0.9819999999999991
Mallows (phi=0.7),4,100,93,7,7,1000,Cutoff,Evaluative Voting,47.9,47.9,0.88025
Mallows (phi=0.7),4,100,93,7,7,1000,Cutoff,k-Median Rule,13.600000000000001,13.600000000000001,0.966
Mallows (phi=0.7),4,100,93,7,7,1000,Cutoff,k-Median-Shapley,13.900000000000002,13.900000000000002,0.96525
Mallows (phi=0.7),4,100,93,7,7,1000,Bottom,Evaluative Voting,0.0,0.0,1.0
Mallows (phi=0.7),4,100,93,7,7,1000,Bottom,k-Median Rule,3.2,0.0,0.992
Mallows (phi=0.7),4,100,93,7,7,1000,Bottom,k-Median-Shapley,4.6,0.0,0.9885
Mallows (phi=0.7),5,100,93,7,7,1000,Cutoff,Evaluative Voting,57.4,57.4,0.8851999999999923
Mallows (phi=0.7),5,100,93,7,7,1000,Cutoff,k-Median Rule,3.8,3.8,0.9923999999999995
Mallows (phi=0.7),5,100,93,7,7,1000,Cutoff,k-Median-Shapley,13.4,13.4,0.9731999999999977
Mallows (phi=0.7),5,100,93,7,7,1000,Bottom,Evaluative Voting,8.9,8.9,0.9821999999999985
Mallows (phi=0.7),5,100,93,7,7,1000,Bottom,k-Median Rule,1.0999999999999999,0.1,0.9977999999999998
Mallows (phi=0.7),5,100,93,7,7,1000,Bottom,k-Median-Shapley,6.2,0.4,0.9875999999999993
Mallows (phi=0.7),6,100,93,7,7,1000,Cutoff,Evaluative Voting,62.4,62.4,0.8960000000000071
Mallows (phi=0.7),6,100,93,7,7,1000,Cutoff,k-Median Rule,16.900000000000002,16.900000000000002,0.971833333333336
Mallows (phi=0.7),6,100,93,7,7,1000,Cutoff,k-Median-Shapley,24.8,24.8,0.9586666666666706
Mallows (phi=0.7),6,100,93,7,7,1000,Bottom,Evaluative Voting,62.4,62.4,0.8960000000000071
Mallows (phi=0.7),6,100,93,7,7,1000,Bottom,k-Median Rule,16.900000000000002,16.900000000000002,0.971833333333336
Mallows (phi=0.7),6,100,93,7,7,1000,Bottom,k-Median-Shapley,24.8,24.8,0.9586666666666706
Mallows (phi=0.7),2,100,92,8,8,1000,Cutoff,Evaluative Voting,57.8,57.8,0.711
Mallows (phi=0.7),2,100,92,8,8,1000,Cutoff,k-Median Rule,8.7,8.7,0.9565
Mallows (phi=0.7),2,100,92,8,8,1000,Cutoff,k-Median-Shapley,14.899999999999999,14.899999999999999,0.9255
Mallows (phi=0.7),2,100,92,8,8,1000,Bottom,Evaluative Voting,0.0,0.0,1.0
Mallows (phi=0.7),2,100,92,8,8,1000,Bottom,k-Median Rule,2.9000000000000004,0.0,0.9855
Mallows (phi=0.7),2,100,92,8,8,1000,Bottom,k-Median-Shapley,5.800000000000001,0.0,0.971
Mallows (phi=0.7),3,100,92,8,8,1000,Cutoff,Evaluative Voting,58.599999999999994,58.599999999999994,0.8046666666666611
Mallows (phi=0.7),3,100,92,8,8,1000,Cutoff,k-Median Rule,15.1,15.1,0.9496666666666638
Mallows (phi=0.7),3,100,92,8,8,1000,Cutoff,k-Median-Shapley,15.0,14.899999999999999,0.9499999999999976
Mallows (phi=0.7),3,100,92,8,8,1000,Bottom,Evaluative Voting,0.0,0.0,1.0
Mallows (phi=0.7),3,100,92,8,8,1000,Bottom,k-Median Rule,2.5,0.0,0.9916666666666663
Mallows (phi=0.7),3,100,92,8,8,1000,Bottom,k-Median-Shapley,5.6000000000000005,0.0,0.9813333333333325
Mallows (phi=0.7),4,100,92,8,8,1000,Cutoff,Evaluative Voting,56.599999999999994,56.599999999999994,0.8585
Mallows (phi=0.7),4,100,92,8,8,1000,Cutoff,k-Median Rule,18.2,18.2,0.9545
Mallows (phi=0.7),4,100,92,8,8,1000,Cutoff,k-Median-Shapley,18.4,18.3,0.954
Mallows (phi=0.7),4,100,92,8,8,1000,Bottom,Evaluative Voting,0.1,0.1,0.99975
Mallows (phi=0.7),4,100,92,8,8,1000,Bottom,k-Median Rule,3.8,0.0,0.9905
Mallows (phi=0.7),4,100,92,8,8,1000,Bottom,k-Median-Shapley,4.5,0.0,0.98875
Mallows (phi=0.7),5,100,92,8,8,1000,Cutoff,Evaluative Voting,65.7,65.7,0.868599999999991
Mallows (phi=0.7),5,100,92,8,8,1000,Cutoff,k-Median Rule,5.2,5.2,0.9895999999999993
Mallows (phi=0.7),5,100,92,8,8,1000,Cutoff,k-Median-Shapley,14.799999999999999,14.799999999999999,0.9703999999999976
Mallows (phi=0.7),5,100,92,8,8,1000,Bottom,Evaluative Voting,15.4,15.4,0.9691999999999976
Mallows (phi=0.7),5,100,92,8,8,1000,Bottom,k-Median Rule,1.2,0.1,0.9975999999999999
Mallows (phi=0.7),5,100,92,8,8,1000,Bottom,k-Median-Shapley,6.3,0.5,0.9873999999999991
Mallows (phi=0.7),6,100,92,8,8,1000,Cutoff,Evaluative Voting,71.0,71.0,0.8816666666666744
Mallows (phi=0.7),6,100,92,8,8,1000,Cutoff,k-Median Rule,19.7,19.7,0.96716666666667
Mallows (phi=0.7),6,100,92,8,8,1000,Cutoff,k-Median-Shapley,28.000000000000004,28.000000000000004,0.9533333333333376
Mallows (phi=0.7),6,100,92,8,8,1000,Bottom,Evaluative Voting,71.0,71.0,0.8816666666666744
Mallows (phi=0.7),6,100,92,8,8,1000,Bottom,k-Median Rule,19.7,19.7,0.96716666666667
Mallows (phi=0.7),6,100,92,8,8,1000,Bottom,k-Median-Shapley,28.000000000000004,28.000000000000004,0.9533333333333376
Mallows (phi=0.7),2,100,91,9,9,1000,Cutoff,Evaluative Voting,65.5,65.5,0.6725
Mallows (phi=0.7),2,100,91,9,9,1000,Cutoff,k-Median Rule,10.9,10.9,0.9455
Mallows (phi=0.7),2,100,91,9,9,1000,Cutoff,k-Median-Shapley,15.8,15.7,0.921
Mallows (phi=0.7),2,100,91,9,9,1000,Bottom,Evaluative Voting,0.0,0.0,1.0
Mallows (phi=0.7),2,100,91,9,9,1000,Bottom,k-Median Rule,3.6999999999999997,0.0,0.9815
Mallows (phi=0.7),2,100,91,9,9,1000,Bottom,k-Median-Shapley,4.8,0.0,0.976
Mallows (phi=0.7),3,100,91,9,9,1000,Cutoff,Evaluative Voting,67.0,67.0,0.7766666666666612
Mallows (phi=0.7),3,100,91,9,9,1000,Cutoff,k-Median Rule,18.4,18.4,0.9386666666666632
Mallows (phi=0.7),3,100,91,9,9,1000,Cutoff,k-Median-Shapley,16.5,16.5,0.9449999999999971
Mallows (phi=0.7),3,100,91,9,9,1000,Bottom,Evaluative Voting,0.0,0.0,1.0
Mallows (phi=0.7),3,100,91,9,9,1000,Bottom,k-Median Rule,3.1,0.0,0.989666666666666
Mallows (phi=0.7),3,100,91,9,9,1000,Bottom,k-Median-Shapley,4.7,0.0,0.9843333333333327
Mallows (phi=0.7),4,100,91,9,9,1000,Cutoff,Evaluative Voting,66.2,66.2,0.8345
Mallows (phi=0.7),4,100,91,9,9,1000,Cutoff,k-Median Rule,21.3,21.3,0.94675
Mallows (phi=0.7),4,100,91,9,9,1000,Cutoff,k-Median-Shapley,20.4,20.4,0.949
Mallows (phi=0.7),4,100,91,9,9,1000,Bottom,Evaluative Voting,0.5,0.5,0.99875
Mallows (phi=0.7),4,100,91,9,9,1000,Bottom,k-Median Rule,3.6999999999999997,0.0,0.99075
Mallows (phi=0.7),4,100,91,9,9,1000,Bottom,k-Median-Shapley,4.9,0.0,0.98775
Mallows (phi=0.7),5,100,91,9,9,1000,Cutoff,Evaluative Voting,74.2,74.2,0.8515999999999903
Mallows (phi=0.7),5,100,91,9,9,1000,Cutoff,k-Median Rule,6.9,6.9,0.9861999999999989
Mallows (phi=0.7),5,100,91,9,9,1000,Cutoff,k-Median-Shapley,17.8,17.7,0.9643999999999971
Mallows (phi=0.7),5,100,91,9,9,1000,Bottom,Evaluative Voting,23.599999999999998,23.599999999999998,0.9527999999999965
Mallows (phi=0.7),5,100,91,9,9,1000,Bottom,k-Median Rule,1.5,0.1,0.9969999999999998
Mallows (phi=0.7),5,100,91,9,9,1000,Bottom,k-Median-Shapley,7.1,0.8,0.985799999999999
Mallows (phi=0.7),6,100,91,9,9,1000,Cutoff,Evaluative Voting,79.4,79.4,0.8676666666666751
Mallows (phi=0.7),6,100,91,9,9,1000,Cutoff,k-Median Rule,24.2,24.2,0.9596666666666703
Mallows (phi=0.7),6,100,91,9,9,1000,Cutoff,k-Median-Shapley,31.5,31.5,0.9475000000000046
Mallows (phi=0.7),6,100,91,9,9,1000,Bottom,Evaluative Voting,79.4,79.4,0.8676666666666751
Mallows (phi=0.7),6,100,91,9,9,1000,Bottom,k-Median Rule,24.2,24.2,0.9596666666666703
Mallows (phi=0.7),6,100,91,9,9,1000,Bottom,k-Median-Shapley,31.5,31.5,0.9475000000000046
Mallows (phi=0.7),2,100,90,10,10,1000,Cutoff,Evaluative Voting,75.2,75.2,0.624
Mallows (phi=0.7),2,100,90,10,10,1000,Cutoff,k-Median Rule,13.700000000000001,13.700000000000001,0.9315
Mallows (phi=0.7),2,100,90,10,10,1000,Cutoff,k-Median-Shapley,18.0,18.0,0.91
Mallows (phi=0.7),2,100,90,10,10,1000,Bottom,Evaluative Voting,0.0,0.0,1.0
Mallows (phi=0.7),2,100,90,10,10,1000,Bottom,k-Median Rule,3.9,0.0,0.9805
Mallows (phi=0.7),2,100,90,10,10,1000,Bottom,k-Median-Shapley,5.7,0.0,0.9715
Mallows (phi=0.7),3,100,90,10,10,1000,Cutoff,Evaluative Voting,75.2,75.2,0.7493333333333282
Mallows (phi=0.7),3,100,90,10,10,1000,Cutoff,k-Median Rule,23.1,23.1,0.9229999999999962
Mallows (phi=0.7),3,100,90,10,10,1000,Cutoff,k-Median-Shapley,19.900000000000002,19.7,0.9336666666666634
Mallows (phi=0.7),3,100,90,10,10,1000,Bottom,Evaluative Voting,0.0,0.0,1.0
Mallows (phi=0.7),3,100,90,10,10,1000,Bottom,k-Median Rule,3.0,0.0,0.9899999999999994
Mallows (phi=0.7),3,100,90,10,10,1000,Bottom,k-Median-Shapley,6.1,0.0,0.9796666666666658
Mallows (phi=0.7),4,100,90,10,10,1000,Cutoff,Evaluative Voting,73.7,73.7,0.81575
Mallows (phi=0.7),4,100,90,10,10,1000,Cutoff,k-Median Rule,27.1,27.1,0.93225
Mallows (phi=0.7),4,100,90,10,10,1000,Cutoff,k-Median-Shapley,24.2,24.099999999999998,0.9395
Mallows (phi=0.7),4,100,90,10,10,1000,Bottom,Evaluative Voting,0.8999999999999999,0.8999999999999999,0.99775
Mallows (phi=0.7),4,100,90,10,10,1000,Bottom,k-Median Rule,4.0,0.0,0.99
Mallows (phi=0.7),4,100,90,10,10,1000,Bottom,k-Median-Shapley,4.5,0.0,0.98875
Mallows (phi=0.7),5,100,90,10,10,1000,Cutoff,Evaluative Voting,82.5,82.5,0.8349999999999896
Mallows (phi=0.7),5,100,90,10,10,1000,Cutoff,k-Median Rule,8.7,8.7,0.9825999999999987
Mallows (phi=0.7),5,100,90,10,10,1000,Cutoff,k-Median-Shapley,20.5,20.5,0.9589999999999967
Mallows (phi=0.7),5,100,90,10,10,1000,Bottom,Evaluative Voting,31.900000000000002,31.900000000000002,0.9361999999999954
Mallows (phi=0.7),5,100,90,10,10,1000,Bottom,k-Median Rule,1.4000000000000001,0.2,0.9971999999999999
Mallows (phi=0.7),5,100,90,10,10,1000,Bottom,k-Median-Shapley,8.4,1.2,0.9831999999999985
Mallows (phi=0.7),6,100,90,10,10,1000,Cutoff,Evaluative Voting,86.7,86.7,0.8555000000000091
Mallows (phi=0.7),6,100,90,10,10,1000,Cutoff,k-Median Rule,28.599999999999998,28.599999999999998,0.9523333333333373
Mallows (phi=0.7),6,100,90,10,10,1000,Cutoff,k-Median-Shapley,37.2,37.2,0.9380000000000048
Mallows (phi=0.7),6,100,90,10,10,1000,Bottom,Evaluative Voting,86.7,86.7,0.8555000000000091
Mallows (phi=0.7),6,100,90,10,10,1000,Bottom,k-Median Rule,28.599999999999998,28.599999999999998,0.9523333333333373
Mallows (phi=0.7),6,100,90,10,10,1000,Bottom,k-Median-Shapley,37.2,37.2,0.9380000000000048
Mallows (phi=0.7),2,100,89,11,11,1000,Cutoff,Evaluative Voting,80.30000000000001,80.30000000000001,0.5985
Mallows (phi=0.7),2,100,89,11,11,1000,Cutoff,k-Median Rule,16.3,16.3,0.9185
Mallows (phi=0.7),2,100,89,11,11,1000,Cutoff,k-Median-Shapley,20.200000000000003,20.1,0.899
Mallows (phi=0.7),2,100,89,11,11,1000,Bottom,Evaluative Voting,0.0,0.0,1.0
Mallows (phi=0.7),2,100,89,11,11,1000,Bottom,k-Median Rule,3.8,0.0,0.981
Mallows (phi=0.7),2,100,89,11,11,1000,Bottom,k-Median-Shapley,4.9,0.0,0.9755
Mallows (phi=0.7),3,100,89,11,11,1000,Cutoff,Evaluative Voting,82.39999999999999,82.39999999999999,0.7253333333333287
Mallows (phi=0.7),3,100,89,11,11,1000,Cutoff,k-Median Rule,27.500000000000004,27.500000000000004,0.9083333333333287
Mallows (phi=0.7),3,100,89,11,11,1000,Cutoff,k-Median-Shapley,22.0,21.8,0.926666666666663
Mallows (phi=0.7),3,100,89,11,11,1000,Bottom,Evaluative Voting,0.0,0.0,1.0
Mallows (phi=0.7),3,100,89,11,11,1000,Bottom,k-Median Rule,3.8,0.0,0.9873333333333326
Mallows (phi=0.7),3,100,89,11,11,1000,Bottom,k-Median-Shapley,5.3,0.0,0.9823333333333326
Mallows (phi=0.7),4,100,89,11,11,1000,Cutoff,Evaluative Voting,81.0,81.0,0.7975
Mallows (phi=0.7),4,100,89,11,11,1000,Cutoff,k-Median Rule,30.8,30.8,0.923
Mallows (phi=0.7),4,100,89,11,11,1000,Cutoff,k-Median-Shapley,27.6,27.6,0.931
Mallows (phi=0.7),4,100,89,11,11,1000,Bottom,Evaluative Voting,2.5,2.5,0.99375
Mallows (phi=0.7),4,100,89,11,11,1000,Bottom,k-Median Rule,3.3000000000000003,0.0,0.99175
Mallows (phi=0.7),4,100,89,11,11,1000,Bottom,k-Median-Shapley,5.1,0.0,0.98725
Mallows (phi=0.7),5,100,89,11,11,1000,Cutoff,Evaluative Voting,89.4,89.4,0.8211999999999893
Mallows (phi=0.7),5,100,89,11,11,1000,Cutoff,k-Median Rule,12.1,12.1,0.9757999999999982
Mallows (phi=0.7),5,100,89,11,11,1000,Cutoff,k-Median-Shapley,23.9,23.799999999999997,0.9521999999999964
Mallows (phi=0.7),5,100,89,11,11,1000,Bottom,Evaluative Voting,42.6,42.6,0.9147999999999943
Mallows (phi=0.7),5,100,89,11,11,1000,Bottom,k-Median Rule,2.1999999999999997,0.4,0.9955999999999999
Mallows (phi=0.7),5,100,89,11,11,1000,Bottom,k-Median-Shapley,9.1,1.7000000000000002,0.9817999999999985
Mallows (phi=0.7),6,100,89,11,11,1000,Cutoff,Evaluative Voting,91.10000000000001,91.10000000000001,0.848166666666676
Mallows (phi=0.7),6,100,89,11,11,1000,Cutoff,k-Median Rule,33.7,33.7,0.9438333333333377
Mallows (phi=0.7),6,100,89,11,11,1000,Cutoff,k-Median-Shapley,40.5,40.5,0.9325000000000052
Mallows (phi=0.7),6,100,89,11,11,1000,Bottom,Evaluative Voting,91.10000000000001,91.10000000000001,0.848166666666676
Mallows (phi=0.7),6,100,89,11,11,1000,Bottom,k-Median Rule,33.7,33.7,0.9438333333333377
Mallows (phi=0.7),6,100,89,11,11,1000,Bottom,k-Median-Shapley,40.5,40.5,0.9325000000000052
Mallows (phi=0.7),2,100,88,12,12,1000,Cutoff,Evaluative Voting,85.39999999999999,85.39999999999999,0.573
Mallows (phi=0.7),2,100,88,12,12,1000,Cutoff,k-Median Rule,20.9,20.9,0.8955
Mallows (phi=0.7),2,100,88,12,12,1000,Cutoff,k-Median-Shapley,23.5,23.5,0.8825
Mallows (phi=0.7),2,100,88,12,12,1000,Bottom,Evaluative Voting,0.0,0.0,1.0
Mallows (phi=0.7),2,100,88,12,12,1000,Bottom,k-Median Rule,4.3,0.0,0.9785
Mallows (phi=0.7),2,100,88,12,12,1000,Bottom,k-Median-Shapley,6.3,0.0,0.9685
Mallows (phi=0.7),3,100,88,12,12,1000,Cutoff,Evaluative Voting,87.2,87.2,0.7093333333333287
Mallows (phi=0.7),3,100,88,12,12,1000,Cutoff,k-Median Rule,33.4,33.4,0.8886666666666619
Mallows (phi=0.7),3,100,88,12,12,1000,Cutoff,k-Median-Shapley,25.8,25.6,0.9139999999999958
Mallows (phi=0.7),3,100,88,12,12,1000,Bottom,Evaluative Voting,0.0,0.0,1.0
Mallows (phi=0.7),3,100,88,12,12,1000,Bottom,k-Median Rule,3.9,0.0,0.9869999999999992
Mallows (phi=0.7),3,100,88,12,12,1000,Bottom,k-Median-Shapley,6.2,0.0,0.9793333333333324
Mallows (phi=0.7),4,100,88,12,12,1000,Cutoff,Evaluative Voting,86.5,86.5,0.78375
Mallows (phi=0.7),4,100,88,12,12,1000,Cutoff,k-Median Rule,35.8,35.8,0.9105
Mallows (phi=0.7),4,100,88,12,12,1000,Cutoff,k-Median-Shapley,29.599999999999998,29.599999999999998,0.926
Mallows (phi=0.7),4,100,88,12,12,1000,Bottom,Evaluative Voting,5.4,5.4,0.9865
Mallows (phi=0.7),4,100,88,12,12,1000,Bottom,k-Median Rule,3.5999999999999996,0.2,0.991
Mallows (phi=0.7),4,100,88,12,12,1000,Bottom,k-Median-Shapley,5.0,0.0,0.9875
Mallows (phi=0.7),5,100,88,12,12,1000,Cutoff,Evaluative Voting,93.8,93.8,0.8123999999999889
Mallows (phi=0.7),5,100,88,12,12,1000,Cutoff,k-Median Rule,15.299999999999999,15.299999999999999,0.9693999999999983
Mallows (phi=0.7),5,100,88,12,12,1000,Cutoff,k-Median-Shapley,24.7,24.7,0.9505999999999966
Mallows (phi=0.7),5,100,88,12,12,1000,Bottom,Evaluative Voting,53.0,53.0,0.8939999999999929
Mallows (phi=0.7),5,100,88,12,12,1000,Bottom,k-Median Rule,3.3000000000000003,0.7000000000000001,0.9933999999999998
Mallows (phi=0.7),5,100,88,12,12,1000,Bottom,k-Median-Shapley,8.3,1.4000000000000001,0.9833999999999985
Mallows (phi=0.7),6,100,88,12,12,1000,Cutoff,Evaluative Voting,95.0,95.0,0.8416666666666763
Mallows (phi=0.7),6,100,88,12,12,1000,Cutoff,k-Median Rule,39.5,39.5,0.9341666666666716
Mallows (phi=0.7),6,100,88,12,12,1000,Cutoff,k-Median-Shapley,42.699999999999996,42.699999999999996,0.9288333333333386
Mallows (phi=0.7),6,100,88,12,12,1000,Bottom,Evaluative Voting,95.0,95.0,0.8416666666666763
Mallows (phi=0.7),6,100,88,12,12,1000,Bottom,k-Median Rule,39.5,39.5,0.9341666666666716
Mallows (phi=0.7),6,100,88,12,12,1000,Bottom,k-Median-Shapley,42.699999999999996,42.699999999999996,0.9288333333333386
Mallows (phi=0.7),2,100,87,13,13,1000,Cutoff,Evaluative Voting,90.2,90.2,0.549
Mallows (phi=0.7),2,100,87,13,13,1000,Cutoff,k-Median Rule,26.5,26.5,0.8675
Mallows (phi=0.7),2,100,87,13,13,1000,Cutoff,k-Median-Shapley,25.3,25.3,0.8735
Mallows (phi=0.7),2,100,87,13,13,1000,Bottom,Evaluative Voting,0.0,0.0,1.0
Mallows (phi=0.7),2,100,87,13,13,1000,Bottom,k-Median Rule,4.5,0.0,0.9775
Mallows (phi=0.7),2,100,87,13,13,1000,Bottom,k-Median-Shapley,5.4,0.0,0.973
Mallows (phi=0.7),3,100,87,13,13,1000,Cutoff,Evaluative Voting,91.7,91.7,0.6943333333333293
Mallows (phi=0.7),3,100,87,13,13,1000,Cutoff,k-Median Rule,39.2,39.2,0.8693333333333286
Mallows (phi=0.7),3,100,87,13,13,1000,Cutoff,k-Median-Shapley,30.4,30.3,0.8986666666666624
Mallows (phi=0.7),3,100,87,13,13,1000,Bottom,Evaluative Voting,0.0,0.0,1.0
Mallows (phi=0.7),3,100,87,13,13,1000,Bottom,k-Median Rule,4.3999999999999995,0.0,0.9853333333333326
Mallows (phi=0.7),3,100,87,13,13,1000,Bottom,k-Median-Shapley,5.7,0.0,0.980999999999999
Mallows (phi=0.7),4,100,87,13,13,1000,Cutoff,Evaluative Voting,91.5,91.5,0.77125
Mallows (phi=0.7),4,100,87,13,13,1000,Cutoff,k-Median Rule,40.8,40.8,0.898
Mallows (phi=0.7),4,100,87,13,13,1000,Cutoff,k-Median-Shapley,32.7,32.7,0.91825
Mallows (phi=0.7),4,100,87,13,13,1000,Bottom,Evaluative Voting,8.7,8.7,0.97825
Mallows (phi=0.7),4,100,87,13,13,1000,Bottom,k-Median Rule,3.1,0.2,0.99225
Mallows (phi=0.7),4,100,87,13,13,1000,Bottom,k-Median-Shapley,6.1,0.0,0.98475
Mallows (phi=0.7),5,100,87,13,13,1000,Cutoff,Evaluative Voting,96.6,96.6,0.8067999999999887
Mallows (phi=0.7),5,100,87,13,13,1000,Cutoff,k-Median Rule,18.5,18.5,0.9629999999999977
Mallows (phi=0.7),5,100,87,13,13,1000,Cutoff,k-Median-Shapley,27.900000000000002,27.900000000000002,0.9441999999999957
Mallows (phi=0.7),5,100,87,13,13,1000,Bottom,Evaluative Voting,63.7,63.7,0.872599999999992
Mallows (phi=0.7),5,100,87,13,13,1000,Bottom,k-Median Rule,4.1000000000000005,1.2,0.9917999999999997
Mallows (phi=0.7),5,100,87,13,13,1000,Bottom,k-Median-Shapley,8.0,1.7000000000000002,0.9839999999999987
Mallows (phi=0.7),6,100,87,13,13,1000,Cutoff,Evaluative Voting,98.0,98.0,0.8366666666666764
Mallows (phi=0.7),6,100,87,13,13,1000,Cutoff,k-Median Rule,44.6,44.6,0.925666666666672
Mallows (phi=0.7),6,100,87,13,13,1000,Cutoff,k-Median-Shapley,45.2,45.2,0.9246666666666724
Mallows (phi=0.7),6,100,87,13,13,1000,Bottom,Evaluative Voting,98.0,98.0,0.8366666666666764
Mallows (phi=0.7),6,100,87,13,13,1000,Bottom,k-Median Rule,44.6,44.6,0.925666666666672
Mallows (phi=0.7),6,100,87,13,13,1000,Bottom,k-Median-Shapley,45.2,45.2,0.9246666666666724
Mallows (phi=0.7),2,100,86,14,14,1000,Cutoff,Evaluative Voting,94.19999999999999,94.19999999999999,0.529
Mallows (phi=0.7),2,100,86,14,14,1000,Cutoff,k-Median Rule,32.300000000000004,32.300000000000004,0.8385
Mallows (phi=0.7),2,100,86,14,14,1000,Cutoff,k-Median-Shapley,27.6,27.6,0.862
Mallows (phi=0.7),2,100,86,14,14,1000,Bottom,Evaluative Voting,0.0,0.0,1.0
Mallows (phi=0.7),2,100,86,14,14,1000,Bottom,k-Median Rule,4.2,0.0,0.979
Mallows (phi=0.7),2,100,86,14,14,1000,Bottom,k-Median-Shapley,6.4,0.0,0.968
Mallows (phi=0.7),3,100,86,14,14,1000,Cutoff,Evaluative Voting,95.3,95.3,0.6823333333333297
Mallows (phi=0.7),3,100,86,14,14,1000,Cutoff,k-Median Rule,45.7,45.7,0.8476666666666619
Mallows (phi=0.7),3,100,86,14,14,1000,Cutoff,k-Median-Shapley,35.8,35.8,0.8806666666666618
Mallows (phi=0.7),3,100,86,14,14,1000,Bottom,Evaluative Voting,0.0,0.0,1.0
Mallows (phi=0.7),3,100,86,14,14,1000,Bottom,k-Median Rule,5.0,0.0,0.9833333333333325
Mallows (phi=0.7),3,100,86,14,14,1000,Bottom,k-Median-Shapley,6.4,0.0,0.9786666666666656
Mallows (phi=0.7),4,100,86,14,14,1000,Cutoff,Evaluative Voting,94.89999999999999,94.89999999999999,0.76275
Mallows (phi=0.7),4,100,86,14,14,1000,Cutoff,k-Median Rule,47.199999999999996,47.199999999999996,0.882
Mallows (phi=0.7),4,100,86,14,14,1000,Cutoff,k-Median-Shapley,34.5,34.5,0.91375
Mallows (phi=0.7),4,100,86,14,14,1000,Bottom,Evaluative Voting,13.200000000000001,13.200000000000001,0.967
Mallows (phi=0.7),4,100,86,14,14,1000,Bottom,k-Median Rule,3.5999999999999996,0.3,0.991
Mallows (phi=0.7),4,100,86,14,14,1000,Bottom,k-Median-Shapley,5.8999999999999995,0.0,0.98525
Mallows (phi=0.7),5,100,86,14,14,1000,Cutoff,Evaluative Voting,98.0,98.0,0.8039999999999887
Mallows (phi=0.7),5,100,86,14,14,1000,Cutoff,k-Median Rule,22.1,22.1,0.9557999999999972
Mallows (phi=0.7),5,100,86,14,14,1000,Cutoff,k-Median-Shapley,32.7,32.7,0.9345999999999954
Mallows (phi=0.7),5,100,86,14,14,1000,Bottom,Evaluative Voting,73.7,73.7,0.8525999999999909
Mallows (phi=0.7),5,100,86,14,14,1000,Bottom,k-Median Rule,5.7,1.7000000000000002,0.9885999999999997
Mallows (phi=0.7),5,100,86,14,14,1000,Bottom,k-Median-Shapley,9.9,2.6,0.9801999999999985
Mallows (phi=0.7),6,100,86,14,14,1000,Cutoff,Evaluative Voting,99.1,99.1,0.8348333333333433
Mallows (phi=0.7),6,100,86,14,14,1000,Cutoff,k-Median Rule,50.5,50.5,0.9158333333333389
Mallows (phi=0.7),6,100,86,14,14,1000,Cutoff,k-Median-Shapley,48.8,48.8,0.9186666666666724
Mallows (phi=0.7),6,100,86,14,14,1000,Bottom,Evaluative Voting,99.1,99.1,0.8348333333333433
Mallows (phi=0.7),6,100,86,14,14,1000,Bottom,k-Median Rule,50.5,50.5,0.9158333333333389
Mallows (phi=0.7),6,100,86,14,14,1000,Bottom,k-Median-Shapley,48.8,48.8,0.9186666666666724
Mallows (phi=0.7),2,100,85,15,15,1000,Cutoff,Evaluative Voting,96.3,96.3,0.5185
Mallows (phi=0.7),2,100,85,15,15,1000,Cutoff,k-Median Rule,36.8,36.8,0.816
Mallows (phi=0.7),2,100,85,15,15,1000,Cutoff,k-Median-Shapley,29.9,29.9,0.8505
Mallows (phi=0.7),2,100,85,15,15,1000,Bottom,Evaluative Voting,0.0,0.0,1.0
Mallows (phi=0.7),2,100,85,15,15,1000,Bottom,k-Median Rule,4.3999999999999995,0.0,0.978
Mallows (phi=0.7),2,100,85,15,15,1000,Bottom,k-Median-Shapley,7.1,0.0,0.9645
Mallows (phi=0.7),3,100,85,15,15,1000,Cutoff,Evaluative Voting,97.5,97.5,0.6749999999999967
Mallows (phi=0.7),3,100,85,15,15,1000,Cutoff,k-Median Rule,51.0,51.0,0.8299999999999951
Mallows (phi=0.7),3,100,85,15,15,1000,Cutoff,k-Median-Shapley,38.7,38.7,0.8709999999999953
Mallows (phi=0.7),3,100,85,15,15,1000,Bottom,Evaluative Voting,0.4,0.4,0.9986666666666665
Mallows (phi=0.7),3,100,85,15,15,1000,Bottom,k-Median Rule,4.7,0.1,0.9843333333333325
Mallows (phi=0.7),3,100,85,15,15,1000,Bottom,k-Median-Shapley,7.199999999999999,0.0,0.9759999999999991
Mallows (phi=0.7),4,100,85,15,15,1000,Cutoff,Evaluative Voting,97.1,97.1,0.75725
Mallows (phi=0.7),4,100,85,15,15,1000,Cutoff,k-Median Rule,52.400000000000006,52.400000000000006,0.869
Mallows (phi=0.7),4,100,85,15,15,1000,Cutoff,k-Median-Shapley,36.199999999999996,36.199999999999996,0.9095
Mallows (phi=0.7),4,100,85,15,15,1000,Bottom,Evaluative Voting,21.099999999999998,21.099999999999998,0.94725
Mallows (phi=0.7),4,100,85,15,15,1000,Bottom,k-Median Rule,3.6999999999999997,0.5,0.99075
Mallows (phi=0.7),4,100,85,15,15,1000,Bottom,k-Median-Shapley,5.4,0.0,0.9865
Mallows (phi=0.7),5,100,85,15,15,1000,Cutoff,Evaluative Voting,98.9,98.9,0.8021999999999886
Mallows (phi=0.7),5,100,85,15,15,1000,Cutoff,k-Median Rule,26.5,26.5,0.9469999999999964
Mallows (phi=0.7),5,100,85,15,15,1000,Cutoff,k-Median-Shapley,35.9,35.9,0.928199999999995
Mallows (phi=0.7),5,100,85,15,15,1000,Bottom,Evaluative Voting,81.39999999999999,81.39999999999999,0.8371999999999898
Mallows (phi=0.7),5,100,85,15,15,1000,Bottom,k-Median Rule,7.1,2.4,0.9857999999999996
Mallows (phi=0.7),5,100,85,15,15,1000,Bottom,k-Median-Shapley,9.5,3.6999999999999997,0.9809999999999985
Mallows (phi=0.7),6,100,85,15,15,1000,Cutoff,Evaluative Voting,99.5,99.5,0.8341666666666766
Mallows (phi=0.7),6,100,85,15,15,1000,Cutoff,k-Median Rule,57.8,57.8,0.9036666666666728
Mallows (phi=0.7),6,100,85,15,15,1000,Cutoff,k-Median-Shapley,52.900000000000006,52.900000000000006,0.9118333333333395
Mallows (phi=0.7),6,100,85,15,15,1000,Bottom,Evaluative Voting,99.5,99.5,0.8341666666666766
Mallows (phi=0.7),6,100,85,15,15,1000,Bottom,k-Median Rule,57.8,57.8,0.9036666666666728
Mallows (phi=0.7),6,100,85,15,15,1000,Bottom,k-Median-Shapley,52.900000000000006,52.900000000000006,0.9118333333333395
Mallows (phi=0.7),2,100,84,16,16,1000,Cutoff,Evaluative Voting,97.8,97.8,0.511
Mallows (phi=0.7),2,100,84,16,16,1000,Cutoff,k-Median Rule,42.699999999999996,42.699999999999996,0.7865
Mallows (phi=0.7),2,100,84,16,16,1000,Cutoff,k-Median-Shapley,33.2,33.2,0.834
Mallows (phi=0.7),2,100,84,16,16,1000,Bottom,Evaluative Voting,0.0,0.0,1.0
Mallows (phi=0.7),2,100,84,16,16,1000,Bottom,k-Median Rule,4.3999999999999995,0.0,0.978
Mallows (phi=0.7),2,100,84,16,16,1000,Bottom,k-Median-Shapley,5.6000000000000005,0.0,0.972
Mallows (phi=0.7),3,100,84,16,16,1000,Cutoff,Evaluative Voting,98.7,98.7,0.6709999999999969
Mallows (phi=0.7),3,100,84,16,16,1000,Cutoff,k-Median Rule,55.900000000000006,55.900000000000006,0.8136666666666615
Mallows (phi=0.7),3,100,84,16,16,1000,Cutoff,k-Median-Shapley,42.6,42.6,0.857999999999995
Mallows (phi=0.7),3,100,84,16,16,1000,Bottom,Evaluative Voting,1.6,1.6,0.9946666666666665
Mallows (phi=0.7),3,100,84,16,16,1000,Bottom,k-Median Rule,5.2,0.1,0.9826666666666658
Mallows (phi=0.7),3,100,84,16,16,1000,Bottom,k-Median-Shapley,6.9,0.0,0.9769999999999991
Mallows (phi=0.7),4,100,84,16,16,1000,Cutoff,Evaluative Voting,98.9,98.9,0.75275
Mallows (phi=0.7),4,100,84,16,16,1000,Cutoff,k-Median Rule,57.8,57.8,0.8555
Mallows (phi=0.7),4,100,84,16,16,1000,Cutoff,k-Median-Shapley,38.5,38.5,0.90375
Mallows (phi=0.7),4,100,84,16,16,1000,Bottom,Evaluative Voting,29.599999999999998,29.599999999999998,0.926
Mallows (phi=0.7),4,100,84,16,16,1000,Bottom,k-Median Rule,4.3999999999999995,0.8,0.989
Mallows (phi=0.7),4,100,84,16,16,1000,Bottom,k-Median-Shapley,5.1,0.0,0.98725
Mallows (phi=0.7),5,100,84,16,16,1000,Cutoff,Evaluative Voting,99.8,99.8,0.8003999999999887
Mallows (phi=0.7),5,100,84,16,16,1000,Cutoff,k-Median Rule,32.5,32.5,0.9349999999999957
Mallows (phi=0.7),5,100,84,16,16,1000,Cutoff,k-Median-Shapley,40.2,40.2,0.9195999999999942
Mallows (phi=0.7),5,100,84,16,16,1000,Bottom,Evaluative Voting,88.6,88.6,0.8227999999999892
Mallows (phi=0.7),5,100,84,16,16,1000,Bottom,k-Median Rule,9.1,4.7,0.9817999999999992
Mallows (phi=0.7),5,100,84,16,16,1000,Bottom,k-Median-Shapley,10.0,4.2,0.9799999999999988
Mallows (phi=0.7),6,100,84,16,16,1000,Cutoff,Evaluative Voting,99.6,99.6,0.83400000000001
Mallows (phi=0.7),6,100,84,16,16,1000,Cutoff,k-Median Rule,64.0,64.0,0.8933333333333401
Mallows (phi=0.7),6,100,84,16,16,1000,Cutoff,k-Median-Shapley,54.900000000000006,54.900000000000006,0.9085000000000062
Mallows (phi=0.7),6,100,84,16,16,1000,Bottom,Evaluative Voting,99.6,99.6,0.83400000000001
Mallows (phi=0.7),6,100,84,16,16,1000,Bottom,k-Median Rule,64.0,64.0,0.8933333333333401
Mallows (phi=0.7),6,100,84,16,16,1000,Bottom,k-Median-Shapley,54.900000000000006,54.900000000000006,0.9085000000000062
Mallows (phi=0.7),2,100,83,17,17,1000,Cutoff,Evaluative Voting,99.2,99.2,0.504
Mallows (phi=0.7),2,100,83,17,17,1000,Cutoff,k-Median Rule,48.1,48.1,0.7595
Mallows (phi=0.7),2,100,83,17,17,1000,Cutoff,k-Median-Shapley,35.699999999999996,35.699999999999996,0.8215
Mallows (phi=0.7),2,100,83,17,17,1000,Bottom,Evaluative Voting,0.0,0.0,1.0
Mallows (phi=0.7),2,100,83,17,17,1000,Bottom,k-Median Rule,3.2,0.0,0.984
Mallows (phi=0.7),2,100,83,17,17,1000,Bottom,k-Median-Shapley,6.4,0.0,0.968
Mallows (phi=0.7),3,100,83,17,17,1000,Cutoff,Evaluative Voting,99.7,99.7,0.6676666666666636
Mallows (phi=0.7),3,100,83,17,17,1000,Cutoff,k-Median Rule,60.4,60.4,0.7986666666666619
Mallows (phi=0.7),3,100,83,17,17,1000,Cutoff,k-Median-Shapley,47.9,47.9,0.8403333333333282
Mallows (phi=0.7),3,100,83,17,17,1000,Bottom,Evaluative Voting,3.4000000000000004,3.4000000000000004,0.9886666666666662
Mallows (phi=0.7),3,100,83,17,17,1000,Bottom,k-Median Rule,5.3,0.1,0.9823333333333326
Mallows (phi=0.7),3,100,83,17,17,1000,Bottom,k-Median-Shapley,7.199999999999999,0.0,0.9759999999999991
Mallows (phi=0.7),4,100,83,17,17,1000,Cutoff,Evaluative Voting,99.5,99.5,0.75125
Mallows (phi=0.7),4,100,83,17,17,1000,Cutoff,k-Median Rule,63.1,63.1,0.84225
Mallows (phi=0.7),4,100,83,17,17,1000,Cutoff,k-Median-Shapley,39.1,39.1,0.90225
Mallows (phi=0.7),4,100,83,17,17,1000,Bottom,Evaluative Voting,43.3,43.3,0.89175
Mallows (phi=0.7),4,100,83,17,17,1000,Bottom,k-Median Rule,4.7,0.8999999999999999,0.98825
Mallows (phi=0.7),4,100,83,17,17,1000,Bottom,k-Median-Shapley,5.0,0.0,0.9875
Mallows (phi=0.7),5,100,83,17,17,1000,Cutoff,Evaluative Voting,99.9,99.9,0.8001999999999887
Mallows (phi=0.7),5,100,83,17,17,1000,Cutoff,k-Median Rule,38.0,38.0,0.9239999999999949
Mallows (phi=0.7),5,100,83,17,17,1000,Cutoff,k-Median-Shapley,44.3,44.3,0.9113999999999932
Mallows (phi=0.7),5,100,83,17,17,1000,Bottom,Evaluative Voting,94.69999999999999,94.69999999999999,0.8105999999999889
Mallows (phi=0.7),5,100,83,17,17,1000,Bottom,k-Median Rule,11.600000000000001,6.5,0.9767999999999987
Mallows (phi=0.7),5,100,83,17,17,1000,Bottom,k-Median-Shapley,11.3,5.2,0.9773999999999983
Mallows (phi=0.7),6,100,83,17,17,1000,Cutoff,Evaluative Voting,100.0,100.0,0.8333333333333433
Mallows (phi=0.7),6,100,83,17,17,1000,Cutoff,k-Median Rule,69.6,69.6,0.8840000000000073
Mallows (phi=0.7),6,100,83,17,17,1000,Cutoff,k-Median-Shapley,57.699999999999996,57.699999999999996,0.9038333333333399
Mallows (phi=0.7),6,100,83,17,17,1000,Bottom,Evaluative Voting,100.0,100.0,0.8333333333333433
Mallows (phi=0.7),6,100,83,17,17,1000,Bottom,k-Median Rule,69.6,69.6,0.8840000000000073
Mallows (phi=0.7),6,100,83,17,17,1000,Bottom,k-Median-Shapley,57.699999999999996,57.699999999999996,0.9038333333333399
Mallows (phi=0.7),2,100,82,18,18,1000,Cutoff,Evaluative Voting,99.6,99.6,0.502
Mallows (phi=0.7),2,100,82,18,18,1000,Cutoff,k-Median Rule,54.300000000000004,54.300000000000004,0.7285
Mallows (phi=0.7),2,100,82,18,18,1000,Cutoff,k-Median-Shapley,37.3,37.3,0.8135
Mallows (phi=0.7),2,100,82,18,18,1000,Bottom,Evaluative Voting,0.0,0.0,1.0
Mallows (phi=0.7),2,100,82,18,18,1000,Bottom,k-Median Rule,3.4000000000000004,0.0,0.983
Mallows (phi=0.7),2,100,82,18,18,1000,Bottom,k-Median-Shapley,6.800000000000001,0.0,0.966
Mallows (phi=0.7),3,100,82,18,18,1000,Cutoff,Evaluative Voting,99.8,99.8,0.6673333333333303
Mallows (phi=0.7),3,100,82,18,18,1000,Cutoff,k-Median Rule,67.10000000000001,67.10000000000001,0.7763333333333282
Mallows (phi=0.7),3,100,82,18,18,1000,Cutoff,k-Median-Shapley,52.7,52.7,0.8243333333333283
Mallows (phi=0.7),3,100,82,18,18,1000,Bottom,Evaluative Voting,6.800000000000001,6.800000000000001,0.9773333333333325
Mallows (phi=0.7),3,100,82,18,18,1000,Bottom,k-Median Rule,6.800000000000001,0.1,0.9773333333333325
Mallows (phi=0.7),3,100,82,18,18,1000,Bottom,k-Median-Shapley,7.199999999999999,0.0,0.975999999999999
Mallows (phi=0.7),4,100,82,18,18,1000,Cutoff,Evaluative Voting,99.8,99.8,0.7505
Mallows (phi=0.7),4,100,82,18,18,1000,Cutoff,k-Median Rule,69.19999999999999,69.19999999999999,0.827
Mallows (phi=0.7),4,100,82,18,18,1000,Cutoff,k-Median-Shapley,41.9,41.9,0.89525
Mallows (phi=0.7),4,100,82,18,18,1000,Bottom,Evaluative Voting,54.300000000000004,54.300000000000004,0.86425
Mallows (phi=0.7),4,100,82,18,18,1000,Bottom,k-Median Rule,4.2,0.8999999999999999,0.9895
Mallows (phi=0.7),4,100,82,18,18,1000,Bottom,k-Median-Shapley,5.0,0.0,0.9875
Mallows (phi=0.7),5,100,82,18,18,1000,Cutoff,Evaluative Voting,100.0,100.0,0.7999999999999887
Mallows (phi=0.7),5,100,82,18,18,1000,Cutoff,k-Median Rule,42.8,42.8,0.914399999999994
Mallows (phi=0.7),5,100,82,18,18,1000,Cutoff,k-Median-Shapley,48.1,48.1,0.9037999999999929
Mallows (phi=0.7),5,100,82,18,18,1000,Bottom,Evaluative Voting,97.6,97.6,0.8047999999999887
Mallows (phi=0.7),5,100,82,18,18,1000,Bottom,k-Median Rule,14.000000000000002,9.0,0.9719999999999983
Mallows (phi=0.7),5,100,82,18,18,1000,Bottom,k-Median-Shapley,11.600000000000001,6.1,0.9767999999999982
Mallows (phi=0.7),6,100,82,18,18,1000,Cutoff,Evaluative Voting,100.0,100.0,0.8333333333333433
Mallows (phi=0.7),6,100,82,18,18,1000,Cutoff,k-Median Rule,74.9,74.9,0.8751666666666743
Mallows (phi=0.7),6,100,82,18,18,1000,Cutoff,k-Median-Shapley,58.9,58.9,0.9018333333333401
Mallows (phi=0.7),6,100,82,18,18,1000,Bottom,Evaluative Voting,100.0,100.0,0.8333333333333433
Mallows (phi=0.7),6,100,82,18,18,1000,Bottom,k-Median Rule,74.9,74.9,0.8751666666666743
Mallows (phi=0.7),6,100,82,18,18,1000,Bottom,k-Median-Shapley,58.9,58.9,0.9018333333333401
Mallows (phi=0.7),2,100,81,19,19,1000,Cutoff,Evaluative Voting,99.8,99.8,0.501
Mallows (phi=0.7),2,100,81,19,19,1000,Cutoff,k-Median Rule,60.8,60.8,0.696
Mallows (phi=0.7),2,100,81,19,19,1000,Cutoff,k-Median-Shapley,40.9,40.9,0.7955
Mallows (phi=0.7),2,100,81,19,19,1000,Bottom,Evaluative Voting,0.2,0.2,0.999
Mallows (phi=0.7),2,100,81,19,19,1000,Bottom,k-Median Rule,3.3000000000000003,0.0,0.9835
Mallows (phi=0.7),2,100,81,19,19,1000,Bottom,k-Median-Shapley,6.0,0.0,0.97
Mallows (phi=0.7),3,100,81,19,19,1000,Cutoff,Evaluative Voting,99.8,99.8,0.6673333333333303
Mallows (phi=0.7),3,100,81,19,19,1000,Cutoff,k-Median Rule,72.0,72.0,0.759999999999995
Mallows (phi=0.7),3,100,81,19,19,1000,Cutoff,k-Median-Shapley,55.800000000000004,55.800000000000004,0.813999999999995
Mallows (phi=0.7),3,100,81,19,19,1000,Bottom,Evaluative Voting,11.3,11.3,0.9623333333333323
Mallows (phi=0.7),3,100,81,19,19,1000,Bottom,k-Median Rule,8.0,0.5,0.973333333333332
Mallows (phi=0.7),3,100,81,19,19,1000,Bottom,k-Median-Shapley,7.3,0.0,0.9756666666666657
Mallows (phi=0.7),4,100,81,19,19,1000,Cutoff,Evaluative Voting,100.0,100.0,0.75
Mallows (phi=0.7),4,100,81,19,19,1000,Cutoff,k-Median Rule,75.8,75.8,0.8105
Mallows (phi=0.7),4,100,81,19,19,1000,Cutoff,k-Median-Shapley,44.0,44.0,0.89
Mallows (phi=0.7),4,100,81,19,19,1000,Bottom,Evaluative Voting,66.3,66.3,0.83425
Mallows (phi=0.7),4,100,81,19,19,1000,Bottom,k-Median Rule,4.1000000000000005,1.6,0.98975
Mallows (phi=0.7),4,100,81,19,19,1000,Bottom,k-Median-Shapley,4.7,0.1,0.98825
Mallows (phi=0.7),5,100,81,19,19,1000,Cutoff,Evaluative Voting,100.0,100.0,0.7999999999999887
Mallows (phi=0.7),5,100,81,19,19,1000,Cutoff,k-Median Rule,49.8,49.8,0.9003999999999934
Mallows (phi=0.7),5,100,81,19,19,1000,Cutoff,k-Median-Shapley,53.800000000000004,53.800000000000004,0.8923999999999925
Mallows (phi=0.7),5,100,81,19,19,1000,Bottom,Evaluative Voting,99.3,99.3,0.8013999999999887
Mallows (phi=0.7),5,100,81,19,19,1000,Bottom,k-Median Rule,18.6,12.9,0.9627999999999977
Mallows (phi=0.7),5,100,81,19,19,1000,Bottom,k-Median-Shapley,14.000000000000002,8.1,0.9719999999999982
Mallows (phi=0.7),6,100,81,19,19,1000,Cutoff,Evaluative Voting,100.0,100.0,0.8333333333333433
Mallows (phi=0.7),6,100,81,19,19,1000,Cutoff,k-Median Rule,81.10000000000001,81.10000000000001,0.8648333333333418
Mallows (phi=0.7),6,100,81,19,19,1000,Cutoff,k-Median-Shapley,61.6,61.6,0.8973333333333402
Mallows (phi=0.7),6,100,81,19,19,1000,Bottom,Evaluative Voting,100.0,100.0,0.8333333333333433
Mallows (phi=0.7),6,100,81,19,19,1000,Bottom,k-Median Rule,81.10000000000001,81.10000000000001,0.8648333333333418
Mallows (phi=0.7),6,100,81,19,19,1000,Bottom,k-Median-Shapley,61.6,61.6,0.8973333333333402
Mallows (phi=0.7),2,100,80,20,20,1000,Cutoff,Evaluative Voting,99.9,99.9,0.5005
Mallows (phi=0.7),2,100,80,20,20,1000,Cutoff,k-Median Rule,67.5,67.5,0.6625
Mallows (phi=0.7),2,100,80,20,20,1000,Cutoff,k-Median-Shapley,45.2,45.2,0.774
Mallows (phi=0.7),2,100,80,20,20,1000,Bottom,Evaluative Voting,0.6,0.6,0.997
Mallows (phi=0.7),2,100,80,20,20,1000,Bottom,k-Median Rule,3.5999999999999996,0.0,0.982
Mallows (phi=0.7),2,100,80,20,20,1000,Bottom,k-Median-Shapley,6.4,0.0,0.968
Mallows (phi=0.7),3,100,80,20,20,1000,Cutoff,Evaluative Voting,99.8,99.8,0.6673333333333303
Mallows (phi=0.7),3,100,80,20,20,1000,Cutoff,k-Median Rule,76.9,76.9,0.7436666666666617
Mallows (phi=0.7),3,100,80,20,20,1000,Cutoff,k-Median-Shapley,59.0,59.0,0.8033333333333278
Mallows (phi=0.7),3,100,80,20,20,1000,Bottom,Evaluative Voting,18.099999999999998,18.099999999999998,0.9396666666666644
Mallows (phi=0.7),3,100,80,20,20,1000,Bottom,k-Median Rule,7.7,0.7000000000000001,0.9743333333333322
Mallows (phi=0.7),3,100,80,20,20,1000,Bottom,k-Median-Shapley,6.7,0.0,0.9776666666666657
Mallows (phi=0.7),4,100,80,20,20,1000,Cutoff,Evaluative Voting,100.0,100.0,0.75
Mallows (phi=0.7),4,100,80,20,20,1000,Cutoff,k-Median Rule,80.10000000000001,80.10000000000001,0.79975
Mallows (phi=0.7),4,100,80,20,20,1000,Cutoff,k-Median-Shapley,46.6,46.6,0.8835
Mallows (phi=0.7),4,100,80,20,20,1000,Bottom,Evaluative Voting,75.4,75.4,0.8115
Mallows (phi=0.7),4,100,80,20,20,1000,Bottom,k-Median Rule,5.4,2.5,0.9865
Mallows (phi=0.7),4,100,80,20,20,1000,Bottom,k-Median-Shapley,4.6,0.1,0.9885
Mallows (phi=0.7),5,100,80,20,20,1000,Cutoff,Evaluative Voting,100.0,100.0,0.7999999999999887
Mallows (phi=0.7),5,100,80,20,20,1000,Cutoff,k-Median Rule,56.00000000000001,56.00000000000001,0.8879999999999925
Mallows (phi=0.7),5,100,80,20,20,1000,Cutoff,k-Median-Shapley,58.099999999999994,58.099999999999994,0.8837999999999921
Mallows (phi=0.7),5,100,80,20,20,1000,Bottom,Evaluative Voting,99.7,99.7,0.8005999999999888
Mallows (phi=0.7),5,100,80,20,20,1000,Bottom,k-Median Rule,23.400000000000002,17.0,0.953199999999997
Mallows (phi=0.7),5,100,80,20,20,1000,Bottom,k-Median-Shapley,17.2,10.8,0.9655999999999979
Mallows (phi=0.7),6,100,80,20,20,1000,Cutoff,Evaluative Voting,100.0,100.0,0.8333333333333433
Mallows (phi=0.7),6,100,80,20,20,1000,Cutoff,k-Median Rule,84.7,84.7,0.858833333333342
Mallows (phi=0.7),6,100,80,20,20,1000,Cutoff,k-Median-Shapley,63.9,63.9,0.8935000000000071
Mallows (phi=0.7),6,100,80,20,20,1000,Bottom,Evaluative Voting,100.0,100.0,0.8333333333333433
Mallows (phi=0.7),6,100,80,20,20,1000,Bottom,k-Median Rule,84.7,84.7,0.858833333333342
Mallows (phi=0.7),6,100,80,20,20,1000,Bottom,k-Median-Shapley,63.9,63.9,0.8935000000000071
Mallows (phi=0.7),2,100,79,21,21,1000,Cutoff,Evaluative Voting,100.0,100.0,0.5
Mallows (phi=0.7),2,100,79,21,21,1000,Cutoff,k-Median Rule,72.8,72.8,0.636
Mallows (phi=0.7),2,100,79,21,21,1000,Cutoff,k-Median-Shapley,48.0,48.0,0.76
Mallows (phi=0.7),2,100,79,21,21,1000,Bottom,Evaluative Voting,1.3,1.3,0.9935
Mallows (phi=0.7),2,100,79,21,21,1000,Bottom,k-Median Rule,3.3000000000000003,0.0,0.9835
Mallows (phi=0.7),2,100,79,21,21,1000,Bottom,k-Median-Shapley,6.2,0.0,0.969
Mallows (phi=0.7),3,100,79,21,21,1000,Cutoff,Evaluative Voting,100.0,100.0,0.6666666666666636
Mallows (phi=0.7),3,100,79,21,21,1000,Cutoff,k-Median Rule,82.3,82.3,0.7256666666666619
Mallows (phi=0.7),3,100,79,21,21,1000,Cutoff,k-Median-Shapley,62.0,62.0,0.7933333333333277
Mallows (phi=0.7),3,100,79,21,21,1000,Bottom,Evaluative Voting,28.000000000000004,28.000000000000004,0.9066666666666636
Mallows (phi=0.7),3,100,79,21,21,1000,Bottom,k-Median Rule,7.8,1.0,0.9739999999999986
Mallows (phi=0.7),3,100,79,21,21,1000,Bottom,k-Median-Shapley,7.000000000000001,0.0,0.9766666666666657
Mallows (phi=0.7),4,100,79,21,21,1000,Cutoff,Evaluative Voting,100.0,100.0,0.75
Mallows (phi=0.7),4,100,79,21,21,1000,Cutoff,k-Median Rule,84.6,84.6,0.7885
Mallows (phi=0.7),4,100,79,21,21,1000,Cutoff,k-Median-Shapley,50.4,50.4,0.874
Mallows (phi=0.7),4,100,79,21,21,1000,Bottom,Evaluative Voting,84.39999999999999,84.39999999999999,0.789
Mallows (phi=0.7),4,100,79,21,21,1000,Bottom,k-Median Rule,6.3,3.5000000000000004,0.98425
Mallows (phi=0.7),4,100,79,21,21,1000,Bottom,k-Median-Shapley,6.0,0.2,0.985
Mallows (phi=0.7),5,100,79,21,21,1000,Cutoff,Evaluative Voting,100.0,100.0,0.7999999999999887
Mallows (phi=0.7),5,100,79,21,21,1000,Cutoff,k-Median Rule,63.5,63.5,0.8729999999999916
Mallows (phi=0.7),5,100,79,21,21,1000,Cutoff,k-Median-Shapley,63.0,63.0,0.8739999999999911
Mallows (phi=0.7),5,100,79,21,21,1000,Bottom,Evaluative Voting,100.0,100.0,0.7999999999999887
Mallows (phi=0.7),5,100,79,21,21,1000,Bottom,k-Median Rule,29.299999999999997,22.1,0.9413999999999962
Mallows (phi=0.7),5,100,79,21,21,1000,Bottom,k-Median-Shapley,19.6,13.4,0.9607999999999971
Mallows (phi=0.7),6,100,79,21,21,1000,Cutoff,Evaluative Voting,100.0,100.0,0.8333333333333433
Mallows (phi=0.7),6,100,79,21,21,1000,Cutoff,k-Median Rule,89.2,89.2,0.8513333333333425
Mallows (phi=0.7),6,100,79,21,21,1000,Cutoff,k-Median-Shapley,68.0,68.0,0.886666666666674
Mallows (phi=0.7),6,100,79,21,21,1000,Bottom,Evaluative Voting,100.0,100.0,0.8333333333333433
Mallows (phi=0.7),6,100,79,21,21,1000,Bottom,k-Median Rule,89.2,89.2,0.8513333333333425
Mallows (phi=0.7),6,100,79,21,21,1000,Bottom,k-Median-Shapley,68.0,68.0,0.886666666666674
Mallows (phi=0.7),2,100,78,22,22,1000,Cutoff,Evaluative Voting,100.0,100.0,0.5
Mallows (phi=0.7),2,100,78,22,22,1000,Cutoff,k-Median Rule,78.60000000000001,78.60000000000001,0.607
Mallows (phi=0.7),2,100,78,22,22,1000,Cutoff,k-Median-Shapley,53.900000000000006,53.900000000000006,0.7305
Mallows (phi=0.7),2,100,78,22,22,1000,Bottom,Evaluative Voting,2.6,2.6,0.987
Mallows (phi=0.7),2,100,78,22,22,1000,Bottom,k-Median Rule,3.9,0.1,0.9805
Mallows (phi=0.7),2,100,78,22,22,1000,Bottom,k-Median-Shapley,7.7,0.0,0.9615
Mallows (phi=0.7),3,100,78,22,22,1000,Cutoff,Evaluative Voting,100.0,100.0,0.6666666666666636
Mallows (phi=0.7),3,100,78,22,22,1000,Cutoff,k-Median Rule,86.8,86.8,0.7106666666666622
Mallows (phi=0.7),3,100,78,22,22,1000,Cutoff,k-Median-Shapley,63.9,63.9,0.7869999999999944
Mallows (phi=0.7),3,100,78,22,22,1000,Bottom,Evaluative Voting,41.3,41.3,0.8623333333333296
Mallows (phi=0.7),3,100,78,22,22,1000,Bottom,k-Median Rule,7.9,1.6,0.9736666666666652
Mallows (phi=0.7),3,100,78,22,22,1000,Bottom,k-Median-Shapley,8.4,0.0,0.9719999999999989
Mallows (phi=0.7),4,100,78,22,22,1000,Cutoff,Evaluative Voting,100.0,100.0,0.75
Mallows (phi=0.7),4,100,78,22,22,1000,Cutoff,k-Median Rule,88.5,88.5,0.77875
Mallows (phi=0.7),4,100,78,22,22,1000,Cutoff,k-Median-Shapley,54.1,54.1,0.86475
Mallows (phi=0.7),4,100,78,22,22,1000,Bottom,Evaluative Voting,91.5,91.5,0.77125
Mallows (phi=0.7),4,100,78,22,22,1000,Bottom,k-Median Rule,8.5,5.4,0.97875
Mallows (phi=0.7),4,100,78,22,22,1000,Bottom,k-Median-Shapley,6.3,0.4,0.98425
Mallows (phi=0.7),5,100,78,22,22,1000,Cutoff,Evaluative Voting,100.0,100.0,0.7999999999999887
Mallows (phi=0.7),5,100,78,22,22,1000,Cutoff,k-Median Rule,69.3,69.3,0.8613999999999908
Mallows (phi=0.7),5,100,78,22,22,1000,Cutoff,k-Median-Shapley,67.4,67.4,0.8651999999999908
Mallows (phi=0.7),5,100,78,22,22,1000,Bottom,Evaluative Voting,100.0,100.0,0.7999999999999887
Mallows (phi=0.7),5,100,78,22,22,1000,Bottom,k-Median Rule,35.0,27.900000000000002,0.9299999999999955
Mallows (phi=0.7),5,100,78,22,22,1000,Bottom,k-Median-Shapley,22.900000000000002,16.900000000000002,0.9541999999999967
Mallows (phi=0.7),6,100,78,22,22,1000,Cutoff,Evaluative Voting,100.0,100.0,0.8333333333333433
Mallows (phi=0.7),6,100,78,22,22,1000,Cutoff,k-Median Rule,92.2,92.2,0.8463333333333428
Mallows (phi=0.7),6,100,78,22,22,1000,Cutoff,k-Median-Shapley,70.1,70.1,0.8831666666666738
Mallows (phi=0.7),6,100,78,22,22,1000,Bottom,Evaluative Voting,100.0,100.0,0.8333333333333433
Mallows (phi=0.7),6,100,78,22,22,1000,Bottom,k-Median Rule,92.2,92.2,0.8463333333333428
Mallows (phi=0.7),6,100,78,22,22,1000,Bottom,k-Median-Shapley,70.1,70.1,0.8831666666666738
Mallows (phi=0.7),2,100,77,23,23,1000,Cutoff,Evaluative Voting,100.0,100.0,0.5
Mallows (phi=0.7),2,100,77,23,23,1000,Cutoff,k-Median Rule,83.6,83.6,0.582
Mallows (phi=0.7),2,100,77,23,23,1000,Cutoff,k-Median-Shapley,57.9,57.9,0.7105
Mallows (phi=0.7),2,100,77,23,23,1000,Bottom,Evaluative Voting,5.8999999999999995,5.8999999999999995,0.9705
Mallows (phi=0.7),2,100,77,23,23,1000,Bottom,k-Median Rule,4.0,0.3,0.98
Mallows (phi=0.7),2,100,77,23,23,1000,Bottom,k-Median-Shapley,7.6,0.0,0.962
Mallows (phi=0.7),3,100,77,23,23,1000,Cutoff,Evaluative Voting,100.0,100.0,0.6666666666666636
Mallows (phi=0.7),3,100,77,23,23,1000,Cutoff,k-Median Rule,89.7,89.7,0.7009999999999958
Mallows (phi=0.7),3,100,77,23,23,1000,Cutoff,k-Median-Shapley,66.60000000000001,66.60000000000001,0.7779999999999944
Mallows (phi=0.7),3,100,77,23,23,1000,Bottom,Evaluative Voting,56.00000000000001,56.00000000000001,0.8133333333333289
Mallows (phi=0.7),3,100,77,23,23,1000,Bottom,k-Median Rule,9.4,2.9000000000000004,0.9686666666666649
Mallows (phi=0.7),3,100,77,23,23,1000,Bottom,k-Median-Shapley,6.9,0.0,0.9769999999999991
Mallows (phi=0.7),4,100,77,23,23,1000,Cutoff,Evaluative Voting,100.0,100.0,0.75
Mallows (phi=0.7),4,100,77,23,23,1000,Cutoff,k-Median Rule,91.4,91.4,0.7715
Mallows (phi=0.7),4,100,77,23,23,1000,Cutoff,k-Median-Shapley,57.8,57.8,0.8555
Mallows (phi=0.7),4,100,77,23,23,1000,Bottom,Evaluative Voting,95.0,95.0,0.7625
Mallows (phi=0.7),4,100,77,23,23,1000,Bottom,k-Median Rule,11.200000000000001,8.1,0.972
Mallows (phi=0.7),4,100,77,23,23,1000,Bottom,k-Median-Shapley,6.2,0.8999999999999999,0.9845
Mallows (phi=0.7),5,100,77,23,23,1000,Cutoff,Evaluative Voting,100.0,100.0,0.7999999999999887
Mallows (phi=0.7),5,100,77,23,23,1000,Cutoff,k-Median Rule,74.7,74.7,0.8505999999999905
Mallows (phi=0.7),5,100,77,23,23,1000,Cutoff,k-Median-Shapley,71.3,71.3,0.8573999999999907
Mallows (phi=0.7),5,100,77,23,23,1000,Bottom,Evaluative Voting,100.0,100.0,0.7999999999999887
Mallows (phi=0.7),5,100,77,23,23,1000,Bottom,k-Median Rule,42.699999999999996,37.3,0.9145999999999942
Mallows (phi=0.7),5,100,77,23,23,1000,Bottom,k-Median-Shapley,25.8,20.8,0.9483999999999961
Mallows (phi=0.7),6,100,77,23,23,1000,Cutoff,Evaluative Voting,100.0,100.0,0.8333333333333433
Mallows (phi=0.7),6,100,77,23,23,1000,Cutoff,k-Median Rule,93.8,93.8,0.8436666666666763
Mallows (phi=0.7),6,100,77,23,23,1000,Cutoff,k-Median-Shapley,73.5,73.5,0.8775000000000076
Mallows (phi=0.7),6,100,77,23,23,1000,Bottom,Evaluative Voting,100.0,100.0,0.8333333333333433
Mallows (phi=0.7),6,100,77,23,23,1000,Bottom,k-Median Rule,93.8,93.8,0.8436666666666763
Mallows (phi=0.7),6,100,77,23,23,1000,Bottom,k-Median-Shapley,73.5,73.5,0.8775000000000076
Mallows (phi=0.7),2,100,76,24,24,1000,Cutoff,Evaluative Voting,100.0,100.0,0.5
Mallows (phi=0.7),2,100,76,24,24,1000,Cutoff,k-Median Rule,88.1,88.1,0.5595
Mallows (phi=0.7),2,100,76,24,24,1000,Cutoff,k-Median-Shapley,64.7,64.7,0.6765
Mallows (phi=0.7),2,100,76,24,24,1000,Bottom,Evaluative Voting,12.1,12.1,0.9395
Mallows (phi=0.7),2,100,76,24,24,1000,Bottom,k-Median Rule,4.3,0.4,0.9785
Mallows (phi=0.7),2,100,76,24,24,1000,Bottom,k-Median-Shapley,6.800000000000001,0.0,0.966
Mallows (phi=0.7),3,100,76,24,24,1000,Cutoff,Evaluative Voting,100.0,100.0,0.6666666666666636
Mallows (phi=0.7),3,100,76,24,24,1000,Cutoff,k-Median Rule,93.10000000000001,93.10000000000001,0.689666666666663
Mallows (phi=0.7),3,100,76,24,24,1000,Cutoff,k-Median-Shapley,69.5,69.5,0.768333333333328
Mallows (phi=0.7),3,100,76,24,24,1000,Bottom,Evaluative Voting,67.4,67.4,0.775333333333329
Mallows (phi=0.7),3,100,76,24,24,1000,Bottom,k-Median Rule,10.9,4.7,0.9636666666666649
Mallows (phi=0.7),3,100,76,24,24,1000,Bottom,k-Median-Shapley,6.1,0.0,0.9796666666666657
Mallows (phi=0.7),4,100,76,24,24,1000,Cutoff,Evaluative Voting,100.0,100.0,0.75
Mallows (phi=0.7),4,100,76,24,24,1000,Cutoff,k-Median Rule,93.7,93.7,0.76575
Mallows (phi=0.7),4,100,76,24,24,1000,Cutoff,k-Median-Shapley,62.2,62.2,0.8445
Mallows (phi=0.7),4,100,76,24,24,1000,Bottom,Evaluative Voting,97.5,97.5,0.75625
Mallows (phi=0.7),4,100,76,24,24,1000,Bottom,k-Median Rule,14.899999999999999,11.700000000000001,0.96275
Mallows (phi=0.7),4,100,76,24,24,1000,Bottom,k-Median-Shapley,6.7,1.2,0.98325
Mallows (phi=0.7),5,100,76,24,24,1000,Cutoff,Evaluative Voting,100.0,100.0,0.7999999999999887
Mallows (phi=0.7),5,100,76,24,24,1000,Cutoff,k-Median Rule,80.2,80.2,0.8395999999999899
Mallows (phi=0.7),5,100,76,24,24,1000,Cutoff,k-Median-Shapley,74.4,74.4,0.8511999999999904
Mallows (phi=0.7),5,100,76,24,24,1000,Bottom,Evaluative Voting,100.0,100.0,0.7999999999999887
Mallows (phi=0.7),5,100,76,24,24,1000,Bottom,k-Median Rule,50.3,45.4,0.8991999999999931
Mallows (phi=0.7),5,100,76,24,24,1000,Bottom,k-Median-Shapley,29.099999999999998,24.099999999999998,0.9417999999999955
Mallows (phi=0.7),6,100,76,24,24,1000,Cutoff,Evaluative Voting,100.0,100.0,0.8333333333333433
Mallows (phi=0.7),6,100,76,24,24,1000,Cutoff,k-Median Rule,96.1,96.1,0.8398333333333433
Mallows (phi=0.7),6,100,76,24,24,1000,Cutoff,k-Median-Shapley,77.2,77.2,0.8713333333333417
Mallows (phi=0.7),6,100,76,24,24,1000,Bottom,Evaluative Voting,100.0,100.0,0.8333333333333433
Mallows (phi=0.7),6,100,76,24,24,1000,Bottom,k-Median Rule,96.1,96.1,0.8398333333333433
Mallows (phi=0.7),6,100,76,24,24,1000,Bottom,k-Median-Shapley,77.2,77.2,0.8713333333333417
Mallows (phi=0.7),2,100,75,25,25,1000,Cutoff,Evaluative Voting,100.0,100.0,0.5
Mallows (phi=0.7),2,100,75,25,25,1000,Cutoff,k-Median Rule,91.10000000000001,91.10000000000001,0.5445
Mallows (phi=0.7),2,100,75,25,25,1000,Cutoff,k-Median-Shapley,69.8,69.8,0.651
Mallows (phi=0.7),2,100,75,25,25,1000,Bottom,Evaluative Voting,21.9,21.9,0.8905
Mallows (phi=0.7),2,100,75,25,25,1000,Bottom,k-Median Rule,4.3,0.6,0.9785
Mallows (phi=0.7),2,100,75,25,25,1000,Bottom,k-Median-Shapley,6.9,0.0,0.9655
Mallows (phi=0.7),3,100,75,25,25,1000,Cutoff,Evaluative Voting,100.0,100.0,0.6666666666666636
Mallows (phi=0.7),3,100,75,25,25,1000,Cutoff,k-Median Rule,95.39999999999999,95.39999999999999,0.6816666666666633
Mallows (phi=0.7),3,100,75,25,25,1000,Cutoff,k-Median-Shapley,72.1,72.1,0.7596666666666613
Mallows (phi=0.7),3,100,75,25,25,1000,Bottom,Evaluative Voting,78.2,78.2,0.739333333333329
Mallows (phi=0.7),3,100,75,25,25,1000,Bottom,k-Median Rule,13.900000000000002,7.6,0.9536666666666646
Mallows (phi=0.7),3,100,75,25,25,1000,Bottom,k-Median-Shapley,7.000000000000001,0.0,0.9766666666666656
Mallows (phi=0.7),4,100,75,25,25,1000,Cutoff,Evaluative Voting,100.0,100.0,0.75
Mallows (phi=0.7),4,100,75,25,25,1000,Cutoff,k-Median Rule,96.0,96.0,0.76
Mallows (phi=0.7),4,100,75,25,25,1000,Cutoff,k-Median-Shapley,65.60000000000001,65.60000000000001,0.836
Mallows (phi=0.7),4,100,75,25,25,1000,Bottom,Evaluative Voting,99.0,99.0,0.7525
Mallows (phi=0.7),4,100,75,25,25,1000,Bottom,k-Median Rule,17.7,15.2,0.95575
Mallows (phi=0.7),4,100,75,25,25,1000,Bottom,k-Median-Shapley,6.9,1.7999999999999998,0.98275
Mallows (phi=0.7),5,100,75,25,25,1000,Cutoff,Evaluative Voting,100.0,100.0,0.7999999999999887
Mallows (phi=0.7),5,100,75,25,25,1000,Cutoff,k-Median Rule,85.9,85.9,0.8281999999999893
Mallows (phi=0.7),5,100,75,25,25,1000,Cutoff,k-Median-Shapley,77.2,77.2,0.8455999999999897
Mallows (phi=0.7),5,100,75,25,25,1000,Bottom,Evaluative Voting,100.0,100.0,0.7999999999999887
Mallows (phi=0.7),5,100,75,25,25,1000,Bottom,k-Median Rule,58.3,54.900000000000006,0.8831999999999917
Mallows (phi=0.7),5,100,75,25,25,1000,Bottom,k-Median-Shapley,32.9,28.199999999999996,0.9341999999999951
Mallows (phi=0.7),6,100,75,25,25,1000,Cutoff,Evaluative Voting,100.0,100.0,0.8333333333333433
Mallows (phi=0.7),6,100,75,25,25,1000,Cutoff,k-Median Rule,97.8,97.8,0.8370000000000098
Mallows (phi=0.7),6,100,75,25,25,1000,Cutoff,k-Median-Shapley,80.7,80.7,0.8655000000000086
Mallows (phi=0.7),6,100,75,25,25,1000,Bottom,Evaluative Voting,100.0,100.0,0.8333333333333433
Mallows (phi=0.7),6,100,75,25,25,1000,Bottom,k-Median Rule,97.8,97.8,0.8370000000000098
Mallows (phi=0.7),6,100,75,25,25,1000,Bottom,k-Median-Shapley,80.7,80.7,0.8655000000000086
Mallows (phi=0.7),2,100,74,26,26,1000,Cutoff,Evaluative Voting,100.0,100.0,0.5
Mallows (phi=0.7),2,100,74,26,26,1000,Cutoff,k-Median Rule,94.1,94.1,0.5295
Mallows (phi=0.7),2,100,74,26,26,1000,Cutoff,k-Median-Shapley,74.1,74.1,0.6295
Mallows (phi=0.7),2,100,74,26,26,1000,Bottom,Evaluative Voting,35.199999999999996,35.199999999999996,0.824
Mallows (phi=0.7),2,100,74,26,26,1000,Bottom,k-Median Rule,5.0,0.8999999999999999,0.975
Mallows (phi=0.7),2,100,74,26,26,1000,Bottom,k-Median-Shapley,7.1,0.0,0.9645
Mallows (phi=0.7),3,100,74,26,26,1000,Cutoff,Evaluative Voting,100.0,100.0,0.6666666666666636
Mallows (phi=0.7),3,100,74,26,26,1000,Cutoff,k-Median Rule,97.1,97.1,0.6763333333333302
Mallows (phi=0.7),3,100,74,26,26,1000,Cutoff,k-Median-Shapley,74.1,74.1,0.7529999999999947
Mallows (phi=0.7),3,100,74,26,26,1000,Bottom,Evaluative Voting,88.9,88.9,0.7036666666666628
Mallows (phi=0.7),3,100,74,26,26,1000,Bottom,k-Median Rule,15.299999999999999,10.7,0.9489999999999975
Mallows (phi=0.7),3,100,74,26,26,1000,Bottom,k-Median-Shapley,7.7,0.1,0.9743333333333325
Mallows (phi=0.7),4,100,74,26,26,1000,Cutoff,Evaluative Voting,100.0,100.0,0.75
Mallows (phi=0.7),4,100,74,26,26,1000,Cutoff,k-Median Rule,98.1,98.1,0.75475
Mallows (phi=0.7),4,100,74,26,26,1000,Cutoff,k-Median-Shapley,69.0,69.0,0.8275
Mallows (phi=0.7),4,100,74,26,26,1000,Bottom,Evaluative Voting,99.5,99.5,0.75125
Mallows (phi=0.7),4,100,74,26,26,1000,Bottom,k-Median Rule,22.5,19.8,0.94375
Mallows (phi=0.7),4,100,74,26,26,1000,Bottom,k-Median-Shapley,9.4,2.1999999999999997,0.9765
Mallows (phi=0.7),5,100,74,26,26,1000,Cutoff,Evaluative Voting,100.0,100.0,0.7999999999999887
Mallows (phi=0.7),5,100,74,26,26,1000,Cutoff,k-Median Rule,88.8,88.8,0.8223999999999895
Mallows (phi=0.7),5,100,74,26,26,1000,Cutoff,k-Median-Shapley,81.39999999999999,81.39999999999999,0.8371999999999896
Mallows (phi=0.7),5,100,74,26,26,1000,Bottom,Evaluative Voting,100.0,100.0,0.7999999999999887
Mallows (phi=0.7),5,100,74,26,26,1000,Bottom,k-Median Rule,65.10000000000001,61.9,0.8697999999999914
Mallows (phi=0.7),5,100,74,26,26,1000,Bottom,k-Median-Shapley,36.199999999999996,32.4,0.9275999999999944
Mallows (phi=0.7),6,100,74,26,26,1000,Cutoff,Evaluative Voting,100.0,100.0,0.8333333333333433
Mallows (phi=0.7),6,100,74,26,26,1000,Cutoff,k-Median Rule,98.9,98.9,0.8351666666666765
Mallows (phi=0.7),6,100,74,26,26,1000,Cutoff,k-Median-Shapley,83.7,83.7,0.8605000000000086
Mallows (phi=0.7),6,100,74,26,26,1000,Bottom,Evaluative Voting,100.0,100.0,0.8333333333333433
Mallows (phi=0.7),6,100,74,26,26,1000,Bottom,k-Median Rule,98.9,98.9,0.8351666666666765
Mallows (phi=0.7),6,100,74,26,26,1000,Bottom,k-Median-Shapley,83.7,83.7,0.8605000000000086
Mallows (phi=0.7),2,100,73,27,27,1000,Cutoff,Evaluative Voting,100.0,100.0,0.5
Mallows (phi=0.7),2,100,73,27,27,1000,Cutoff,k-Median Rule,95.6,95.6,0.522
Mallows (phi=0.7),2,100,73,27,27,1000,Cutoff,k-Median-Shapley,79.4,79.4,0.603
Mallows (phi=0.7),2,100,73,27,27,1000,Bottom,Evaluative Voting,49.2,49.2,0.754
Mallows (phi=0.7),2,100,73,27,27,1000,Bottom,k-Median Rule,7.5,1.9,0.9625
Mallows (phi=0.7),2,100,73,27,27,1000,Bottom,k-Median-Shapley,6.0,0.0,0.97
Mallows (phi=0.7),3,100,73,27,27,1000,Cutoff,Evaluative Voting,100.0,100.0,0.6666666666666636
Mallows (phi=0.7),3,100,73,27,27,1000,Cutoff,k-Median Rule,98.2,98.2,0.6726666666666635
Mallows (phi=0.7),3,100,73,27,27,1000,Cutoff,k-Median-Shapley,78.5,78.5,0.7383333333333283
Mallows (phi=0.7),3,100,73,27,27,1000,Bottom,Evaluative Voting,94.39999999999999,94.39999999999999,0.6853333333333299
Mallows (phi=0.7),3,100,73,27,27,1000,Bottom,k-Median Rule,21.4,16.5,0.9286666666666639
Mallows (phi=0.7),3,100,73,27,27,1000,Bottom,k-Median-Shapley,7.5,0.2,0.9749999999999991
Mallows (phi=0.7),4,100,73,27,27,1000,Cutoff,Evaluative Voting,100.0,100.0,0.75
Mallows (phi=0.7),4,100,73,27,27,1000,Cutoff,k-Median Rule,98.7,98.7,0.75325
Mallows (phi=0.7),4,100,73,27,27,1000,Cutoff,k-Median-Shapley,74.2,74.2,0.8145
Mallows (phi=0.7),4,100,73,27,27,1000,Bottom,Evaluative Voting,99.9,99.9,0.75025
Mallows (phi=0.7),4,100,73,27,27,1000,Bottom,k-Median Rule,30.3,27.400000000000002,0.92425
Mallows (phi=0.7),4,100,73,27,27,1000,Bottom,k-Median-Shapley,10.299999999999999,3.5000000000000004,0.97425
Mallows (phi=0.7),5,100,73,27,27,1000,Cutoff,Evaluative Voting,100.0,100.0,0.7999999999999887
Mallows (phi=0.7),5,100,73,27,27,1000,Cutoff,k-Median Rule,93.2,93.2,0.8135999999999893
Mallows (phi=0.7),5,100,73,27,27,1000,Cutoff,k-Median-Shapley,84.3,84.3,0.8313999999999895
Mallows (phi=0.7),5,100,73,27,27,1000,Bottom,Evaluative Voting,100.0,100.0,0.7999999999999887
Mallows (phi=0.7),5,100,73,27,27,1000,Bottom,k-Median Rule,72.5,70.8,0.8543999999999908
Mallows (phi=0.7),5,100,73,27,27,1000,Bottom,k-Median-Shapley,41.099999999999994,37.6,0.9173999999999942
Mallows (phi=0.7),6,100,73,27,27,1000,Cutoff,Evaluative Voting,100.0,100.0,0.8333333333333433
Mallows (phi=0.7),6,100,73,27,27,1000,Cutoff,k-Median Rule,99.2,99.2,0.8346666666666765
Mallows (phi=0.7),6,100,73,27,27,1000,Cutoff,k-Median-Shapley,87.5,87.5,0.8541666666666757
Mallows (phi=0.7),6,100,73,27,27,1000,Bottom,Evaluative Voting,100.0,100.0,0.8333333333333433
Mallows (phi=0.7),6,100,73,27,27,1000,Bottom,k-Median Rule,99.2,99.2,0.8346666666666765
Mallows (phi=0.7),6,100,73,27,27,1000,Bottom,k-Median-Shapley,87.5,87.5,0.8541666666666757
Mallows (phi=0.7),2,100,72,28,28,1000,Cutoff,Evaluative Voting,100.0,100.0,0.5
Mallows (phi=0.7),2,100,72,28,28,1000,Cutoff,k-Median Rule,97.2,97.2,0.514
Mallows (phi=0.7),2,100,72,28,28,1000,Cutoff,k-Median-Shapley,82.8,82.8,0.586
Mallows (phi=0.7),2,100,72,28,28,1000,Bottom,Evaluative Voting,62.9,62.9,0.6855
Mallows (phi=0.7),2,100,72,28,28,1000,Bottom,k-Median Rule,9.8,3.6999999999999997,0.951
Mallows (phi=0.7),2,100,72,28,28,1000,Bottom,k-Median-Shapley,6.5,0.0,0.9675
Mallows (phi=0.7),3,100,72,28,28,1000,Cutoff,Evaluative Voting,100.0,100.0,0.6666666666666636
Mallows (phi=0.7),3,100,72,28,28,1000,Cutoff,k-Median Rule,99.4,99.4,0.6686666666666635
Mallows (phi=0.7),3,100,72,28,28,1000,Cutoff,k-Median-Shapley,81.8,81.8,0.7273333333333285
Mallows (phi=0.7),3,100,72,28,28,1000,Bottom,Evaluative Voting,97.7,97.7,0.6743333333333303
Mallows (phi=0.7),3,100,72,28,28,1000,Bottom,k-Median Rule,27.500000000000004,23.5,0.9079999999999967
Mallows (phi=0.7),3,100,72,28,28,1000,Bottom,k-Median-Shapley,8.5,0.1,0.9716666666666656
Mallows (phi=0.7),4,100,72,28,28,1000,Cutoff,Evaluative Voting,100.0,100.0,0.75
Mallows (phi=0.7),4,100,72,28,28,1000,Cutoff,k-Median Rule,99.1,99.1,0.75225
Mallows (phi=0.7),4,100,72,28,28,1000,Cutoff,k-Median-Shapley,78.60000000000001,78.60000000000001,0.8035
Mallows (phi=0.7),4,100,72,28,28,1000,Bottom,Evaluative Voting,99.9,99.9,0.75025
Mallows (phi=0.7),4,100,72,28,28,1000,Bottom,k-Median Rule,37.4,34.599999999999994,0.9065
Mallows (phi=0.7),4,100,72,28,28,1000,Bottom,k-Median-Shapley,12.5,5.5,0.96875
Mallows (phi=0.7),5,100,72,28,28,1000,Cutoff,Evaluative Voting,100.0,100.0,0.7999999999999887
Mallows (phi=0.7),5,100,72,28,28,1000,Cutoff,k-Median Rule,96.0,96.0,0.807999999999989
Mallows (phi=0.7),5,100,72,28,28,1000,Cutoff,k-Median-Shapley,87.7,87.7,0.824599999999989
Mallows (phi=0.7),5,100,72,28,28,1000,Bottom,Evaluative Voting,100.0,100.0,0.7999999999999887
Mallows (phi=0.7),5,100,72,28,28,1000,Bottom,k-Median Rule,79.9,78.7,0.8395999999999905
Mallows (phi=0.7),5,100,72,28,28,1000,Bottom,k-Median-Shapley,46.5,43.6,0.9069999999999934
Mallows (phi=0.7),6,100,72,28,28,1000,Cutoff,Evaluative Voting,100.0,100.0,0.8333333333333433
Mallows (phi=0.7),6,100,72,28,28,1000,Cutoff,k-Median Rule,99.4,99.4,0.8343333333333433
Mallows (phi=0.7),6,100,72,28,28,1000,Cutoff,k-Median-Shapley,90.7,90.7,0.8488333333333428
Mallows (phi=0.7),6,100,72,28,28,1000,Bottom,Evaluative Voting,100.0,100.0,0.8333333333333433
Mallows (phi=0.7),6,100,72,28,28,1000,Bottom,k-Median Rule,99.4,99.4,0.8343333333333433
Mallows (phi=0.7),6,100,72,28,28,1000,Bottom,k-Median-Shapley,90.7,90.7,0.8488333333333428
Mallows (phi=0.7),2,100,71,29,29,1000,Cutoff,Evaluative Voting,100.0,100.0,0.5
Mallows (phi=0.7),2,100,71,29,29,1000,Cutoff,k-Median Rule,98.5,98.5,0.5075
Mallows (phi=0.7),2,100,71,29,29,1000,Cutoff,k-Median-Shapley,86.4,86.4,0.568
Mallows (phi=0.7),2,100,71,29,29,1000,Bottom,Evaluative Voting,75.1,75.1,0.6245
Mallows (phi=0.7),2,100,71,29,29,1000,Bottom,k-Median Rule,12.1,6.4,0.9395
Mallows (phi=0.7),2,100,71,29,29,1000,Bottom,k-Median-Shapley,7.199999999999999,0.0,0.964
Mallows (phi=0.7),3,100,71,29,29,1000,Cutoff,Evaluative Voting,100.0,100.0,0.6666666666666636
Mallows (phi=0.7),3,100,71,29,29,1000,Cutoff,k-Median Rule,99.7,99.7,0.6676666666666636
Mallows (phi=0.7),3,100,71,29,29,1000,Cutoff,k-Median-Shapley,84.39999999999999,84.39999999999999,0.718666666666662
Mallows (phi=0.7),3,100,71,29,29,1000,Bottom,Evaluative Voting,98.7,98.7,0.6709999999999969
Mallows (phi=0.7),3,100,71,29,29,1000,Bottom,k-Median Rule,33.7,29.599999999999998,0.8873333333333298
Mallows (phi=0.7),3,100,71,29,29,1000,Bottom,k-Median-Shapley,8.4,0.1,0.9719999999999989
Mallows (phi=0.7),4,100,71,29,29,1000,Cutoff,Evaluative Voting,100.0,100.0,0.75
Mallows (phi=0.7),4,100,71,29,29,1000,Cutoff,k-Median Rule,99.9,99.9,0.75025
Mallows (phi=0.7),4,100,71,29,29,1000,Cutoff,k-Median-Shapley,83.1,83.1,0.79225
Mallows (phi=0.7),4,100,71,29,29,1000,Bottom,Evaluative Voting,100.0,100.0,0.75
Mallows (phi=0.7),4,100,71,29,29,1000,Bottom,k-Median Rule,45.4,42.5,0.8865
Mallows (phi=0.7),4,100,71,29,29,1000,Bottom,k-Median-Shapley,14.299999999999999,8.0,0.96425
Mallows (phi=0.7),5,100,71,29,29,1000,Cutoff,Evaluative Voting,100.0,100.0,0.7999999999999887
Mallows (phi=0.7),5,100,71,29,29,1000,Cutoff,k-Median Rule,97.89999999999999,97.89999999999999,0.8041999999999888
Mallows (phi=0.7),5,100,71,29,29,1000,Cutoff,k-Median-Shapley,90.5,90.5,0.8189999999999888
Mallows (phi=0.7),5,100,71,29,29,1000,Bottom,Evaluative Voting,100.0,100.0,0.7999999999999887
Mallows (phi=0.7),5,100,71,29,29,1000,Bottom,k-Median Rule,86.6,85.5,0.8267999999999898
Mallows (phi=0.7),5,100,71,29,29,1000,Bottom,k-Median-Shapley,51.1,48.5,0.897799999999993
Mallows (phi=0.7),6,100,71,29,29,1000,Cutoff,Evaluative Voting,100.0,100.0,0.8333333333333433
Mallows (phi=0.7),6,100,71,29,29,1000,Cutoff,k-Median Rule,99.8,99.8,0.8336666666666765
Mallows (phi=0.7),6,100,71,29,29,1000,Cutoff,k-Median-Shapley,91.3,91.3,0.8478333333333429
Mallows (phi=0.7),6,100,71,29,29,1000,Bottom,Evaluative Voting,100.0,100.0,0.8333333333333433
Mallows (phi=0.7),6,100,71,29,29,1000,Bottom,k-Median Rule,99.8,99.8,0.8336666666666765
Mallows (phi=0.7),6,100,71,29,29,1000,Bottom,k-Median-Shapley,91.3,91.3,0.8478333333333429
Mallows (phi=0.7),2,100,70,30,30,1000,Cutoff,Evaluative Voting,100.0,100.0,0.5
Mallows (phi=0.7),2,100,70,30,30,1000,Cutoff,k-Median Rule,98.9,98.9,0.505
Mallows (phi=0.7),2,100,70,30,30,1000,Cutoff,k-Median-Shapley,89.5,89.5,0.5525
Mallows (phi=0.7),2,100,70,30,30,1000,Bottom,Evaluative Voting,86.4,86.4,0.568
Mallows (phi=0.7),2,100,70,30,30,1000,Bottom,k-Median Rule,17.8,10.9,0.9105
Mallows (phi=0.7),2,100,70,30,30,1000,Bottom,k-Median-Shapley,8.5,0.0,0.9575
Mallows (phi=0.7),3,100,70,30,30,1000,Cutoff,Evaluative Voting,100.0,100.0,0.6666666666666636
Mallows (phi=0.7),3,100,70,30,30,1000,Cutoff,k-Median Rule,99.8,99.8,0.6673333333333303
Mallows (phi=0.7),3,100,70,30,30,1000,Cutoff,k-Median-Shapley,89.1,89.1,0.7029999999999956
Mallows (phi=0.7),3,100,70,30,30,1000,Bottom,Evaluative Voting,99.9,99.9,0.666999999999997
Mallows (phi=0.7),3,100,70,30,30,1000,Bottom,k-Median Rule,44.800000000000004,40.6,0.8496666666666626
Mallows (phi=0.7),3,100,70,30,30,1000,Bottom,k-Median-Shapley,9.8,0.3,0.9673333333333322
Mallows (phi=0.7),4,100,70,30,30,1000,Cutoff,Evaluative Voting,100.0,100.0,0.75
Mallows (phi=0.7),4,100,70,30,30,1000,Cutoff,k-Median Rule,100.0,100.0,0.75
Mallows (phi=0.7),4,100,70,30,30,1000,Cutoff,k-Median-Shapley,85.7,85.7,0.78575
Mallows (phi=0.7),4,100,70,30,30,1000,Bottom,Evaluative Voting,100.0,100.0,0.75
Mallows (phi=0.7),4,100,70,30,30,1000,Bottom,k-Median Rule,55.300000000000004,52.7,0.86175
Mallows (phi=0.7),4,100,70,30,30,1000,Bottom,k-Median-Shapley,17.4,12.4,0.9565
Mallows (phi=0.7),5,100,70,30,30,1000,Cutoff,Evaluative Voting,100.0,100.0,0.7999999999999887
Mallows (phi=0.7),5,100,70,30,30,1000,Cutoff,k-Median Rule,99.2,99.2,0.8015999999999888
Mallows (phi=0.7),5,100,70,30,30,1000,Cutoff,k-Median-Shapley,93.5,93.5,0.8129999999999888
Mallows (phi=0.7),5,100,70,30,30,1000,Bottom,Evaluative Voting,100.0,100.0,0.7999999999999887
Mallows (phi=0.7),5,100,70,30,30,1000,Bottom,k-Median Rule,90.7,90.2,0.8185999999999893
Mallows (phi=0.7),5,100,70,30,30,1000,Bottom,k-Median-Shapley,58.599999999999994,55.800000000000004,0.8827999999999921
Mallows (phi=0.7),6,100,70,30,30,1000,Cutoff,Evaluative Voting,100.0,100.0,0.8333333333333433
Mallows (phi=0.7),6,100,70,30,30,1000,Cutoff,k-Median Rule,99.9,99.9,0.8335000000000099
Mallows (phi=0.7),6,100,70,30,30,1000,Cutoff,k-Median-Shapley,92.9,92.9,0.8451666666666761
Mallows (phi=0.7),6,100,70,30,30,1000,Bottom,Evaluative Voting,100.0,100.0,0.8333333333333433
Mallows (phi=0.7),6,100,70,30,30,1000,Bottom,k-Median Rule,99.9,99.9,0.8335000000000099
Mallows (phi=0.7),6,100,70,30,30,1000,Bottom,k-Median-Shapley,92.9,92.9,0.8451666666666761
Mallows (phi=0.7),2,100,69,31,31,1000,Cutoff,Evaluative Voting,100.0,100.0,0.5
Mallows (phi=0.7),2,100,69,31,31,1000,Cutoff,k-Median Rule,99.2,99.2,0.503
Mallows (phi=0.7),2,100,69,31,31,1000,Cutoff,k-Median-Shapley,92.0,92.0,0.54
Mallows (phi=0.7),2,100,69,31,31,1000,Bottom,Evaluative Voting,93.5,93.5,0.5325
Mallows (phi=0.7),2,100,69,31,31,1000,Bottom,k-Median Rule,24.0,16.8,0.879
Mallows (phi=0.7),2,100,69,31,31,1000,Bottom,k-Median-Shapley,7.9,0.0,0.9605
Mallows (phi=0.7),3,100,69,31,31,1000,Cutoff,Evaluative Voting,100.0,100.0,0.6666666666666636
Mallows (phi=0.7),3,100,69,31,31,1000,Cutoff,k-Median Rule,99.8,99.8,0.6673333333333303
Mallows (phi=0.7),3,100,69,31,31,1000,Cutoff,k-Median-Shapley,92.10000000000001,92.10000000000001,0.6929999999999961
Mallows (phi=0.7),3,100,69,31,31,1000,Bottom,Evaluative Voting,100.0,100.0,0.6666666666666636
Mallows (phi=0.7),3,100,69,31,31,1000,Bottom,k-Median Rule,52.0,48.8,0.8253333333333293
Mallows (phi=0.7),3,100,69,31,31,1000,Bottom,k-Median-Shapley,9.700000000000001,0.2,0.9676666666666655
Mallows (phi=0.7),4,100,69,31,31,1000,Cutoff,Evaluative Voting,100.0,100.0,0.75
Mallows (phi=0.7),4,100,69,31,31,1000,Cutoff,k-Median Rule,100.0,100.0,0.75
Mallows (phi=0.7),4,100,69,31,31,1000,Cutoff,k-Median-Shapley,88.7,88.7,0.77825
Mallows (phi=0.7),4,100,69,31,31,1000,Bottom,Evaluative Voting,100.0,100.0,0.75
Mallows (phi=0.7),4,100,69,31,31,1000,Bottom,k-Median Rule,63.6,61.3,0.8405
Mallows (phi=0.7),4,100,69,31,31,1000,Bottom,k-Median-Shapley,21.9,16.0,0.94525
Mallows (phi=0.7),5,100,69,31,31,1000,Cutoff,Evaluative Voting,100.0,100.0,0.7999999999999887
Mallows (phi=0.7),5,100,69,31,31,1000,Cutoff,k-Median Rule,99.4,99.4,0.8011999999999887
Mallows (phi=0.7),5,100,69,31,31,1000,Cutoff,k-Median-Shapley,95.3,95.3,0.8093999999999889
Mallows (phi=0.7),5,100,69,31,31,1000,Bottom,Evaluative Voting,100.0,100.0,0.7999999999999887
Mallows (phi=0.7),5,100,69,31,31,1000,Bottom,k-Median Rule,94.19999999999999,94.0,0.8113999999999889
Mallows (phi=0.7),5,100,69,31,31,1000,Bottom,k-Median-Shapley,65.60000000000001,63.0,0.8685999999999917
Mallows (phi=0.7),6,100,69,31,31,1000,Cutoff,Evaluative Voting,100.0,100.0,0.8333333333333433
Mallows (phi=0.7),6,100,69,31,31,1000,Cutoff,k-Median Rule,100.0,100.0,0.8333333333333433
Mallows (phi=0.7),6,100,69,31,31,1000,Cutoff,k-Median-Shapley,93.4,93.4,0.8443333333333427
Mallows (phi=0.7),6,100,69,31,31,1000,Bottom,Evaluative Voting,100.0,100.0,0.8333333333333433
Mallows (phi=0.7),6,100,69,31,31,1000,Bottom,k-Median Rule,100.0,100.0,0.8333333333333433
Mallows (phi=0.7),6,100,69,31,31,1000,Bottom,k-Median-Shapley,93.4,93.4,0.8443333333333427
Mallows (phi=0.7),2,100,68,32,32,1000,Cutoff,Evaluative Voting,100.0,100.0,0.5
Mallows (phi=0.7),2,100,68,32,32,1000,Cutoff,k-Median Rule,99.8,99.8,0.5
Mallows (phi=0.7),2,100,68,32,32,1000,Cutoff,k-Median-Shapley,94.1,94.1,0.529
Mallows (phi=0.7),2,100,68,32,32,1000,Bottom,Evaluative Voting,97.39999999999999,97.39999999999999,0.513
Mallows (phi=0.7),2,100,68,32,32,1000,Bottom,k-Median Rule,30.5,24.099999999999998,0.8465
Mallows (phi=0.7),2,100,68,32,32,1000,Bottom,k-Median-Shapley,7.7,0.0,0.9615
Mallows (phi=0.7),3,100,68,32,32,1000,Cutoff,Evaluative Voting,100.0,100.0,0.6666666666666636
Mallows (phi=0.7),3,100,68,32,32,1000,Cutoff,k-Median Rule,99.8,99.8,0.6673333333333303
Mallows (phi=0.7),3,100,68,32,32,1000,Cutoff,k-Median-Shapley,94.39999999999999,94.39999999999999,0.6853333333333298
Mallows (phi=0.7),3,100,68,32,32,1000,Bottom,Evaluative Voting,100.0,100.0,0.6666666666666636
Mallows (phi=0.7),3,100,68,32,32,1000,Bottom,k-Median Rule,60.8,57.3,0.7963333333333285
Mallows (phi=0.7),3,100,68,32,32,1000,Bottom,k-Median-Shapley,9.5,0.6,0.9683333333333322
Mallows (phi=0.7),4,100,68,32,32,1000,Cutoff,Evaluative Voting,100.0,100.0,0.75
Mallows (phi=0.7),4,100,68,32,32,1000,Cutoff,k-Median Rule,100.0,100.0,0.75
Mallows (phi=0.7),4,100,68,32,32,1000,Cutoff,k-Median-Shapley,91.4,91.4,0.7715
Mallows (phi=0.7),4,100,68,32,32,1000,Bottom,Evaluative Voting,100.0,100.0,0.75
Mallows (phi=0.7),4,100,68,32,32,1000,Bottom,k-Median Rule,72.6,70.6,0.81775
Mallows (phi=0.7),4,100,68,32,32,1000,Bottom,k-Median-Shapley,25.900000000000002,20.200000000000003,0.935
Mallows (phi=0.7),5,100,68,32,32,1000,Cutoff,Evaluative Voting,100.0,100.0,0.7999999999999887
Mallows (phi=0.7),5,100,68,32,32,1000,Cutoff,k-Median Rule,99.6,99.6,0.8007999999999887
Mallows (phi=0.7),5,100,68,32,32,1000,Cutoff,k-Median-Shapley,96.7,96.7,0.8065999999999889
Mallows (phi=0.7),5,100,68,32,32,1000,Bottom,Evaluative Voting,100.0,100.0,0.7999999999999887
Mallows (phi=0.7),5,100,68,32,32,1000,Bottom,k-Median Rule,97.3,97.3,0.804999999999989
Mallows (phi=0.7),5,100,68,32,32,1000,Bottom,k-Median-Shapley,71.8,70.0,0.8563999999999912
Mallows (phi=0.7),6,100,68,32,32,1000,Cutoff,Evaluative Voting,100.0,100.0,0.8333333333333433
Mallows (phi=0.7),6,100,68,32,32,1000,Cutoff,k-Median Rule,100.0,100.0,0.8333333333333433
Mallows (phi=0.7),6,100,68,32,32,1000,Cutoff,k-Median-Shapley,95.8,95.8,0.8403333333333428
Mallows (phi=0.7),6,100,68,32,32,1000,Bottom,Evaluative Voting,100.0,100.0,0.8333333333333433
Mallows (phi=0.7),6,100,68,32,32,1000,Bottom,k-Median Rule,100.0,100.0,0.8333333333333433
Mallows (phi=0.7),6,100,68,32,32,1000,Bottom,k-Median-Shapley,95.8,95.8,0.8403333333333428
Mallows (phi=0.7),2,100,67,33,33,1000,Cutoff,Evaluative Voting,100.0,100.0,0.5
Mallows (phi=0.7),2,100,67,33,33,1000,Cutoff,k-Median Rule,99.9,99.9,0.4995
Mallows (phi=0.7),2,100,67,33,33,1000,Cutoff,k-Median-Shapley,95.7,95.7,0.5215
Mallows (phi=0.7),2,100,67,33,33,1000,Bottom,Evaluative Voting,99.1,99.1,0.5045
Mallows (phi=0.7),2,100,67,33,33,1000,Bottom,k-Median Rule,37.7,32.300000000000004,0.81
Mallows (phi=0.7),2,100,67,33,33,1000,Bottom,k-Median-Shapley,7.7,0.0,0.9615
Mallows (phi=0.7),3,100,67,33,33,1000,Cutoff,Evaluative Voting,100.0,100.0,0.6666666666666636
Mallows (phi=0.7),3,100,67,33,33,1000,Cutoff,k-Median Rule,99.9,99.9,0.666999999999997
Mallows (phi=0.7),3,100,67,33,33,1000,Cutoff,k-Median-Shapley,96.7,96.7,0.6776666666666633
Mallows (phi=0.7),3,100,67,33,33,1000,Bottom,Evaluative Voting,100.0,100.0,0.6666666666666636
Mallows (phi=0.7),3,100,67,33,33,1000,Bottom,k-Median Rule,69.89999999999999,66.0,0.7656666666666615
Mallows (phi=0.7),3,100,67,33,33,1000,Bottom,k-Median-Shapley,11.5,1.7000000000000002,0.9616666666666647
Mallows (phi=0.7),4,100,67,33,33,1000,Cutoff,Evaluative Voting,100.0,100.0,0.75
Mallows (phi=0.7),4,100,67,33,33,1000,Cutoff,k-Median Rule,100.0,100.0,0.75
Mallows (phi=0.7),4,100,67,33,33,1000,Cutoff,k-Median-Shapley,93.89999999999999,93.89999999999999,0.76525
Mallows (phi=0.7),4,100,67,33,33,1000,Bottom,Evaluative Voting,100.0,100.0,0.75
Mallows (phi=0.7),4,100,67,33,33,1000,Bottom,k-Median Rule,81.2,79.9,0.79575
Mallows (phi=0.7),4,100,67,33,33,1000,Bottom,k-Median-Shapley,29.099999999999998,25.0,0.92725
Mallows (phi=0.7),5,100,67,33,33,1000,Cutoff,Evaluative Voting,100.0,100.0,0.7999999999999887
Mallows (phi=0.7),5,100,67,33,33,1000,Cutoff,k-Median Rule,99.7,99.7,0.8005999999999887
Mallows (phi=0.7),5,100,67,33,33,1000,Cutoff,k-Median-Shapley,97.39999999999999,97.39999999999999,0.8051999999999888
Mallows (phi=0.7),5,100,67,33,33,1000,Bottom,Evaluative Voting,100.0,100.0,0.7999999999999887
Mallows (phi=0.7),5,100,67,33,33,1000,Bottom,k-Median Rule,98.6,98.6,0.8027999999999889
Mallows (phi=0.7),5,100,67,33,33,1000,Bottom,k-Median-Shapley,77.0,75.3,0.8459999999999905
Mallows (phi=0.7),6,100,67,33,33,1000,Cutoff,Evaluative Voting,100.0,100.0,0.8333333333333433
Mallows (phi=0.7),6,100,67,33,33,1000,Cutoff,k-Median Rule,100.0,100.0,0.8333333333333433
Mallows (phi=0.7),6,100,67,33,33,1000,Cutoff,k-Median-Shapley,97.0,97.0,0.838333333333343
Mallows (phi=0.7),6,100,67,33,33,1000,Bottom,Evaluative Voting,100.0,100.0,0.8333333333333433
Mallows (phi=0.7),6,100,67,33,33,1000,Bottom,k-Median Rule,100.0,100.0,0.8333333333333433
Mallows (phi=0.7),6,100,67,33,33,1000,Bottom,k-Median-Shapley,97.0,97.0,0.838333333333343
Mallows (phi=0.7),2,100,66,34,34,1000,Cutoff,Evaluative Voting,100.0,100.0,0.5
Mallows (phi=0.7),2,100,66,34,34,1000,Cutoff,k-Median Rule,99.9,99.9,0.5
Mallows (phi=0.7),2,100,66,34,34,1000,Cutoff,k-Median-Shapley,97.1,97.1,0.5145
Mallows (phi=0.7),2,100,66,34,34,1000,Bottom,Evaluative Voting,99.5,99.5,0.5025
Mallows (phi=0.7),2,100,66,34,34,1000,Bottom,k-Median Rule,48.5,44.5,0.7555
Mallows (phi=0.7),2,100,66,34,34,1000,Bottom,k-Median-Shapley,9.3,0.3,0.9535
Mallows (phi=0.7),3,100,66,34,34,1000,Cutoff,Evaluative Voting,100.0,100.0,0.6666666666666636
Mallows (phi=0.7),3,100,66,34,34,1000,Cutoff,k-Median Rule,99.9,99.9,0.666999999999997
Mallows (phi=0.7),3,100,66,34,34,1000,Cutoff,k-Median-Shapley,98.0,98.0,0.6733333333333301
Mallows (phi=0.7),3,100,66,34,34,1000,Bottom,Evaluative Voting,100.0,100.0,0.6666666666666636
Mallows (phi=0.7),3,100,66,34,34,1000,Bottom,k-Median Rule,77.60000000000001,74.8,0.7403333333333286
Mallows (phi=0.7),3,100,66,34,34,1000,Bottom,k-Median-Shapley,11.5,3.1,0.9616666666666648
Mallows (phi=0.7),4,100,66,34,34,1000,Cutoff,Evaluative Voting,100.0,100.0,0.75
Mallows (phi=0.7),4,100,66,34,34,1000,Cutoff,k-Median Rule,100.0,100.0,0.75
Mallows (phi=0.7),4,100,66,34,34,1000,Cutoff,k-Median-Shapley,96.3,96.3,0.75925
Mallows (phi=0.7),4,100,66,34,34,1000,Bottom,Evaluative Voting,100.0,100.0,0.75
Mallows (phi=0.7),4,100,66,34,34,1000,Bottom,k-Median Rule,88.2,87.1,0.77775
Mallows (phi=0.7),4,100,66,34,34,1000,Bottom,k-Median-Shapley,34.699999999999996,29.599999999999998,0.91325
Mallows (phi=0.7),5,100,66,34,34,1000,Cutoff,Evaluative Voting,100.0,100.0,0.7999999999999887
Mallows (phi=0.7),5,100,66,34,34,1000,Cutoff,k-Median Rule,99.9,99.9,0.8001999999999887
Mallows (phi=0.7),5,100,66,34,34,1000,Cutoff,k-Median-Shapley,98.8,98.8,0.8023999999999887
Mallows (phi=0.7),5,100,66,34,34,1000,Bottom,Evaluative Voting,100.0,100.0,0.7999999999999887
Mallows (phi=0.7),5,100,66,34,34,1000,Bottom,k-Median Rule,99.5,99.5,0.8009999999999887
Mallows (phi=0.7),5,100,66,34,34,1000,Bottom,k-Median-Shapley,83.2,82.0,0.8333999999999898
Mallows (phi=0.7),6,100,66,34,34,1000,Cutoff,Evaluative Voting,100.0,100.0,0.8333333333333433
Mallows (phi=0.7),6,100,66,34,34,1000,Cutoff,k-Median Rule,100.0,100.0,0.8333333333333433
Mallows (phi=0.7),6,100,66,34,34,1000,Cutoff,k-Median-Shapley,97.8,97.8,0.8370000000000096
Mallows (phi=0.7),6,100,66,34,34,1000,Bottom,Evaluative Voting,100.0,100.0,0.8333333333333433
Mallows (phi=0.7),6,100,66,34,34,1000,Bottom,k-Median Rule,100.0,100.0,0.8333333333333433
Mallows (phi=0.7),6,100,66,34,34,1000,Bottom,k-Median-Shapley,97.8,97.8,0.8370000000000096
Mallows (phi=0.7),2,100,65,35,35,1000,Cutoff,Evaluative Voting,100.0,100.0,0.5
Mallows (phi=0.7),2,100,65,35,35,1000,Cutoff,k-Median Rule,100.0,100.0,0.5
Mallows (phi=0.7),2,100,65,35,35,1000,Cutoff,k-Median-Shapley,98.0,98.0,0.51
Mallows (phi=0.7),2,100,65,35,35,1000,Bottom,Evaluative Voting,99.9,99.9,0.5005
Mallows (phi=0.7),2,100,65,35,35,1000,Bottom,k-Median Rule,59.699999999999996,56.599999999999994,0.699
Mallows (phi=0.7),2,100,65,35,35,1000,Bottom,k-Median-Shapley,9.4,0.5,0.953
Mallows (phi=0.7),3,100,65,35,35,1000,Cutoff,Evaluative Voting,100.0,100.0,0.6666666666666636
Mallows (phi=0.7),3,100,65,35,35,1000,Cutoff,k-Median Rule,99.9,99.9,0.666999999999997
Mallows (phi=0.7),3,100,65,35,35,1000,Cutoff,k-Median-Shapley,98.8,98.8,0.6706666666666634
Mallows (phi=0.7),3,100,65,35,35,1000,Bottom,Evaluative Voting,100.0,100.0,0.6666666666666636
Mallows (phi=0.7),3,100,65,35,35,1000,Bottom,k-Median Rule,84.7,81.8,0.7173333333333292
Mallows (phi=0.7),3,100,65,35,35,1000,Bottom,k-Median-Shapley,15.7,6.6000000000000005,0.9476666666666645
Mallows (phi=0.7),4,100,65,35,35,1000,Cutoff,Evaluative Voting,100.0,100.0,0.75
Mallows (phi=0.7),4,100,65,35,35,1000,Cutoff,k-Median Rule,100.0,100.0,0.75
Mallows (phi=0.7),4,100,65,35,35,1000,Cutoff,k-Median-Shapley,98.2,98.2,0.7545
Mallows (phi=0.7),4,100,65,35,35,1000,Bottom,Evaluative Voting,100.0,100.0,0.75
Mallows (phi=0.7),4,100,65,35,35,1000,Bottom,k-Median Rule,93.4,92.9,0.76425
Mallows (phi=0.7),4,100,65,35,35,1000,Bottom,k-Median-Shapley,41.4,37.2,0.896
Mallows (phi=0.7),5,100,65,35,35,1000,Cutoff,Evaluative Voting,100.0,100.0,0.7999999999999887
Mallows (phi=0.7),5,100,65,35,35,1000,Cutoff,k-Median Rule,100.0,100.0,0.7999999999999887
Mallows (phi=0.7),5,100,65,35,35,1000,Cutoff,k-Median-Shapley,99.1,99.1,0.8017999999999887
Mallows (phi=0.7),5,100,65,35,35,1000,Bottom,Evaluative Voting,100.0,100.0,0.7999999999999887
Mallows (phi=0.7),5,100,65,35,35,1000,Bottom,k-Median Rule,99.8,99.8,0.8003999999999887
Mallows (phi=0.7),5,100,65,35,35,1000,Bottom,k-Median-Shapley,86.9,86.1,0.8255999999999896
Mallows (phi=0.7),6,100,65,35,35,1000,Cutoff,Evaluative Voting,100.0,100.0,0.8333333333333433
Mallows (phi=0.7),6,100,65,35,35,1000,Cutoff,k-Median Rule,100.0,100.0,0.8333333333333433
Mallows (phi=0.7),6,100,65,35,35,1000,Cutoff,k-Median-Shapley,98.5,98.5,0.8358333333333431
Mallows (phi=0.7),6,100,65,35,35,1000,Bottom,Evaluative Voting,100.0,100.0,0.8333333333333433
Mallows (phi=0.7),6,100,65,35,35,1000,Bottom,k-Median Rule,100.0,100.0,0.8333333333333433
Mallows (phi=0.7),6,100,65,35,35,1000,Bottom,k-Median-Shapley,98.5,98.5,0.8358333333333431
Mallows (phi=0.7),2,100,64,36,36,1000,Cutoff,Evaluative Voting,100.0,100.0,0.5
Mallows (phi=0.7),2,100,64,36,36,1000,Cutoff,k-Median Rule,100.0,100.0,0.5
Mallows (phi=0.7),2,100,64,36,36,1000,Cutoff,k-Median-Shapley,98.7,98.7,0.5065
Mallows (phi=0.7),2,100,64,36,36,1000,Bottom,Evaluative Voting,100.0,100.0,0.5
Mallows (phi=0.7),2,100,64,36,36,1000,Bottom,k-Median Rule,70.89999999999999,69.1,0.642
Mallows (phi=0.7),2,100,64,36,36,1000,Bottom,k-Median-Shapley,10.5,0.7000000000000001,0.9475
Mallows (phi=0.7),3,100,64,36,36,1000,Cutoff,Evaluative Voting,100.0,100.0,0.6666666666666636
Mallows (phi=0.7),3,100,64,36,36,1000,Cutoff,k-Median Rule,100.0,100.0,0.6663333333333304
Mallows (phi=0.7),3,100,64,36,36,1000,Cutoff,k-Median-Shapley,99.0,99.0,0.6699999999999969
Mallows (phi=0.7),3,100,64,36,36,1000,Bottom,Evaluative Voting,100.0,100.0,0.6666666666666636
Mallows (phi=0.7),3,100,64,36,36,1000,Bottom,k-Median Rule,90.5,88.3,0.6973333333333294
Mallows (phi=0.7),3,100,64,36,36,1000,Bottom,k-Median-Shapley,18.8,10.4,0.9373333333333309
Mallows (phi=0.7),4,100,64,36,36,1000,Cutoff,Evaluative Voting,100.0,100.0,0.75
Mallows (phi=0.7),4,100,64,36,36,1000,Cutoff,k-Median Rule,100.0,100.0,0.75
Mallows (phi=0.7),4,100,64,36,36,1000,Cutoff,k-Median-Shapley,99.0,99.0,0.7525
Mallows (phi=0.7),4,100,64,36,36,1000,Bottom,Evaluative Voting,100.0,100.0,0.75
Mallows (phi=0.7),4,100,64,36,36,1000,Bottom,k-Median Rule,97.0,96.5,0.75625
Mallows (phi=0.7),4,100,64,36,36,1000,Bottom,k-Median-Shapley,49.2,46.1,0.87575
Mallows (phi=0.7),5,100,64,36,36,1000,Cutoff,Evaluative Voting,100.0,100.0,0.7999999999999887
Mallows (phi=0.7),5,100,64,36,36,1000,Cutoff,k-Median Rule,100.0,100.0,0.7999999999999887
Mallows (phi=0.7),5,100,64,36,36,1000,Cutoff,k-Median-Shapley,99.1,99.1,0.8017999999999887
Mallows (phi=0.7),5,100,64,36,36,1000,Bottom,Evaluative Voting,100.0,100.0,0.7999999999999887
Mallows (phi=0.7),5,100,64,36,36,1000,Bottom,k-Median Rule,100.0,100.0,0.7999999999999887
Mallows (phi=0.7),5,100,64,36,36,1000,Bottom,k-Median-Shapley,90.9,90.10000000000001,0.8171999999999896
Mallows (phi=0.7),6,100,64,36,36,1000,Cutoff,Evaluative Voting,100.0,100.0,0.8333333333333433
Mallows (phi=0.7),6,100,64,36,36,1000,Cutoff,k-Median Rule,100.0,100.0,0.8333333333333433
Mallows (phi=0.7),6,100,64,36,36,1000,Cutoff,k-Median-Shapley,98.9,98.9,0.8351666666666765
Mallows (phi=0.7),6,100,64,36,36,1000,Bottom,Evaluative Voting,100.0,100.0,0.8333333333333433
Mallows (phi=0.7),6,100,64,36,36,1000,Bottom,k-Median Rule,100.0,100.0,0.8333333333333433
Mallows (phi=0.7),6,100,64,36,36,1000,Bottom,k-Median-Shapley,98.9,98.9,0.8351666666666765
Mallows (phi=0.7),2,100,63,37,37,1000,Cutoff,Evaluative Voting,100.0,100.0,0.5
Mallows (phi=0.7),2,100,63,37,37,1000,Cutoff,k-Median Rule,100.0,100.0,0.5
Mallows (phi=0.7),2,100,63,37,37,1000,Cutoff,k-Median-Shapley,99.1,99.1,0.5045
Mallows (phi=0.7),2,100,63,37,37,1000,Bottom,Evaluative Voting,100.0,100.0,0.5
Mallows (phi=0.7),2,100,63,37,37,1000,Bottom,k-Median Rule,79.80000000000001,78.7,0.5995
Mallows (phi=0.7),2,100,63,37,37,1000,Bottom,k-Median-Shapley,12.0,1.6,0.94
Mallows (phi=0.7),3,100,63,37,37,1000,Cutoff,Evaluative Voting,100.0,100.0,0.6666666666666636
Mallows (phi=0.7),3,100,63,37,37,1000,Cutoff,k-Median Rule,100.0,100.0,0.665999999999997
Mallows (phi=0.7),3,100,63,37,37,1000,Cutoff,k-Median-Shapley,99.5,99.5,0.6683333333333302
Mallows (phi=0.7),3,100,63,37,37,1000,Bottom,Evaluative Voting,100.0,100.0,0.6666666666666636
Mallows (phi=0.7),3,100,63,37,37,1000,Bottom,k-Median Rule,93.4,92.10000000000001,0.6859999999999966
Mallows (phi=0.7),3,100,63,37,37,1000,Bottom,k-Median-Shapley,24.4,17.0,0.9186666666666636
Mallows (phi=0.7),4,100,63,37,37,1000,Cutoff,Evaluative Voting,100.0,100.0,0.75
Mallows (phi=0.7),4,100,63,37,37,1000,Cutoff,k-Median Rule,100.0,100.0,0.75
Mallows (phi=0.7),4,100,63,37,37,1000,Cutoff,k-Median-Shapley,99.3,99.3,0.75175
Mallows (phi=0.7),4,100,63,37,37,1000,Bottom,Evaluative Voting,100.0,100.0,0.75
Mallows (phi=0.7),4,100,63,37,37,1000,Bottom,k-Median Rule,98.5,98.3,0.75175
Mallows (phi=0.7),4,100,63,37,37,1000,Bottom,k-Median-Shapley,56.39999999999999,53.7,0.85825
Mallows (phi=0.7),5,100,63,37,37,1000,Cutoff,Evaluative Voting,100.0,100.0,0.7999999999999887
Mallows (phi=0.7),5,100,63,37,37,1000,Cutoff,k-Median Rule,100.0,100.0,0.7999999999999887
Mallows (phi=0.7),5,100,63,37,37,1000,Cutoff,k-Median-Shapley,99.0,99.0,0.8019999999999887
Mallows (phi=0.7),5,100,63,37,37,1000,Bottom,Evaluative Voting,100.0,100.0,0.7999999999999887
Mallows (phi=0.7),5,100,63,37,37,1000,Bottom,k-Median Rule,100.0,100.0,0.7999999999999887
Mallows (phi=0.7),5,100,63,37,37,1000,Bottom,k-Median-Shapley,93.2,92.4,0.8117999999999898
Mallows (phi=0.7),6,100,63,37,37,1000,Cutoff,Evaluative Voting,100.0,100.0,0.8333333333333433
Mallows (phi=0.7),6,100,63,37,37,1000,Cutoff,k-Median Rule,100.0,100.0,0.8333333333333433
Mallows (phi=0.7),6,100,63,37,37,1000,Cutoff,k-Median-Shapley,99.3,99.3,0.83450000000001
Mallows (phi=0.7),6,100,63,37,37,1000,Bottom,Evaluative Voting,100.0,100.0,0.8333333333333433
Mallows (phi=0.7),6,100,63,37,37,1000,Bottom,k-Median Rule,100.0,100.0,0.8333333333333433
Mallows (phi=0.7),6,100,63,37,37,1000,Bottom,k-Median-Shapley,99.3,99.3,0.83450000000001
Mallows (phi=0.7),2,100,62,38,38,1000,Cutoff,Evaluative Voting,100.0,100.0,0.5
Mallows (phi=0.7),2,100,62,38,38,1000,Cutoff,k-Median Rule,100.0,100.0,0.5
Mallows (phi=0.7),2,100,62,38,38,1000,Cutoff,k-Median-Shapley,99.5,99.5,0.5025
Mallows (phi=0.7),2,100,62,38,38,1000,Bottom,Evaluative Voting,100.0,100.0,0.5
Mallows (phi=0.7),2,100,62,38,38,1000,Bottom,k-Median Rule,88.0,87.2,0.558
Mallows (phi=0.7),2,100,62,38,38,1000,Bottom,k-Median-Shapley,14.7,3.6999999999999997,0.9265
Mallows (phi=0.7),3,100,62,38,38,1000,Cutoff,Evaluative Voting,100.0,100.0,0.6666666666666636
Mallows (phi=0.7),3,100,62,38,38,1000,Cutoff,k-Median Rule,100.0,100.0,0.6653333333333303
Mallows (phi=0.7),3,100,62,38,38,1000,Cutoff,k-Median-Shapley,99.5,99.5,0.6683333333333302
Mallows (phi=0.7),3,100,62,38,38,1000,Bottom,Evaluative Voting,100.0,100.0,0.6666666666666636
Mallows (phi=0.7),3,100,62,38,38,1000,Bottom,k-Median Rule,96.39999999999999,95.39999999999999,0.6746666666666635
Mallows (phi=0.7),3,100,62,38,38,1000,Bottom,k-Median-Shapley,32.7,25.900000000000002,0.8906666666666627
Mallows (phi=0.7),4,100,62,38,38,1000,Cutoff,Evaluative Voting,100.0,100.0,0.75
Mallows (phi=0.7),4,100,62,38,38,1000,Cutoff,k-Median Rule,100.0,100.0,0.75
Mallows (phi=0.7),4,100,62,38,38,1000,Cutoff,k-Median-Shapley,99.7,99.7,0.7505
Mallows (phi=0.7),4,100,62,38,38,1000,Bottom,Evaluative Voting,100.0,100.0,0.75
Mallows (phi=0.7),4,100,62,38,38,1000,Bottom,k-Median Rule,99.5,99.3,0.7495
Mallows (phi=0.7),4,100,62,38,38,1000,Bottom,k-Median-Shapley,64.8,62.9,0.837
Mallows (phi=0.7),5,100,62,38,38,1000,Cutoff,Evaluative Voting,100.0,100.0,0.7999999999999887
Mallows (phi=0.7),5,100,62,38,38,1000,Cutoff,k-Median Rule,100.0,100.0,0.7999999999999887
Mallows (phi=0.7),5,100,62,38,38,1000,Cutoff,k-Median-Shapley,99.5,99.5,0.8009999999999887
Mallows (phi=0.7),5,100,62,38,38,1000,Bottom,Evaluative Voting,100.0,100.0,0.7999999999999887
Mallows (phi=0.7),5,100,62,38,38,1000,Bottom,k-Median Rule,100.0,100.0,0.7997999999999889
Mallows (phi=0.7),5,100,62,38,38,1000,Bottom,k-Median-Shapley,94.89999999999999,94.6,0.8075999999999897
Mallows (phi=0.7),6,100,62,38,38,1000,Cutoff,Evaluative Voting,100.0,100.0,0.8333333333333433
Mallows (phi=0.7),6,100,62,38,38,1000,Cutoff,k-Median Rule,100.0,100.0,0.8333333333333433
Mallows (phi=0.7),6,100,62,38,38,1000,Cutoff,k-Median-Shapley,99.4,99.4,0.8343333333333433
Mallows (phi=0.7),6,100,62,38,38,1000,Bottom,Evaluative Voting,100.0,100.0,0.8333333333333433
Mallows (phi=0.7),6,100,62,38,38,1000,Bottom,k-Median Rule,100.0,100.0,0.8333333333333433
Mallows (phi=0.7),6,100,62,38,38,1000,Bottom,k-Median-Shapley,99.4,99.4,0.8343333333333433
Mallows (phi=0.7),2,100,61,39,39,1000,Cutoff,Evaluative Voting,100.0,100.0,0.5
Mallows (phi=0.7),2,100,61,39,39,1000,Cutoff,k-Median Rule,100.0,100.0,0.5
Mallows (phi=0.7),2,100,61,39,39,1000,Cutoff,k-Median-Shapley,99.9,99.9,0.5005
Mallows (phi=0.7),2,100,61,39,39,1000,Bottom,Evaluative Voting,100.0,100.0,0.5
Mallows (phi=0.7),2,100,61,39,39,1000,Bottom,k-Median Rule,93.10000000000001,92.4,0.531
Mallows (phi=0.7),2,100,61,39,39,1000,Bottom,k-Median-Shapley,18.4,8.200000000000001,0.908
Mallows (phi=0.7),3,100,61,39,39,1000,Cutoff,Evaluative Voting,100.0,100.0,0.6666666666666636
Mallows (phi=0.7),3,100,61,39,39,1000,Cutoff,k-Median Rule,100.0,100.0,0.665999999999997
Mallows (phi=0.7),3,100,61,39,39,1000,Cutoff,k-Median-Shapley,100.0,100.0,0.6666666666666636
Mallows (phi=0.7),3,100,61,39,39,1000,Bottom,Evaluative Voting,100.0,100.0,0.6666666666666636
Mallows (phi=0.7),3,100,61,39,39,1000,Bottom,k-Median Rule,98.6,97.89999999999999,0.6663333333333303
Mallows (phi=0.7),3,100,61,39,39,1000,Bottom,k-Median-Shapley,43.1,36.5,0.8563333333333288
Mallows (phi=0.7),4,100,61,39,39,1000,Cutoff,Evaluative Voting,100.0,100.0,0.75
Mallows (phi=0.7),4,100,61,39,39,1000,Cutoff,k-Median Rule,100.0,100.0,0.75
Mallows (phi=0.7),4,100,61,39,39,1000,Cutoff,k-Median-Shapley,99.8,99.8,0.7505
Mallows (phi=0.7),4,100,61,39,39,1000,Bottom,Evaluative Voting,100.0,100.0,0.75
Mallows (phi=0.7),4,100,61,39,39,1000,Bottom,k-Median Rule,99.8,99.7,0.749
Mallows (phi=0.7),4,100,61,39,39,1000,Bottom,k-Median-Shapley,73.6,72.6,0.815
Mallows (phi=0.7),5,100,61,39,39,1000,Cutoff,Evaluative Voting,100.0,100.0,0.7999999999999887
Mallows (phi=0.7),5,100,61,39,39,1000,Cutoff,k-Median Rule,100.0,100.0,0.7999999999999887
Mallows (phi=0.7),5,100,61,39,39,1000,Cutoff,k-Median-Shapley,99.8,99.8,0.8003999999999887
Mallows (phi=0.7),5,100,61,39,39,1000,Bottom,Evaluative Voting,100.0,100.0,0.7999999999999887
Mallows (phi=0.7),5,100,61,39,39,1000,Bottom,k-Median Rule,100.0,100.0,0.7993999999999889
Mallows (phi=0.7),5,100,61,39,39,1000,Bottom,k-Median-Shapley,96.5,96.3,0.8045999999999898
Mallows (phi=0.7),6,100,61,39,39,1000,Cutoff,Evaluative Voting,100.0,100.0,0.8333333333333433
Mallows (phi=0.7),6,100,61,39,39,1000,Cutoff,k-Median Rule,100.0,100.0,0.8333333333333433
Mallows (phi=0.7),6,100,61,39,39,1000,Cutoff,k-Median-Shapley,100.0,100.0,0.8333333333333433
Mallows (phi=0.7),6,100,61,39,39,1000,Bottom,Evaluative Voting,100.0,100.0,0.8333333333333433
Mallows (phi=0.7),6,100,61,39,39,1000,Bottom,k-Median Rule,100.0,100.0,0.8333333333333433
Mallows (phi=0.7),6,100,61,39,39,1000,Bottom,k-Median-Shapley,100.0,100.0,0.8333333333333433
Mallows (phi=0.7),2,100,60,40,40,1000,Cutoff,Evaluative Voting,100.0,100.0,0.5
Mallows (phi=0.7),2,100,60,40,40,1000,Cutoff,k-Median Rule,100.0,100.0,0.499
Mallows (phi=0.7),2,100,60,40,40,1000,Cutoff,k-Median-Shapley,99.9,99.9,0.5005
Mallows (phi=0.7),2,100,60,40,40,1000,Bottom,Evaluative Voting,100.0,100.0,0.5
Mallows (phi=0.7),2,100,60,40,40,1000,Bottom,k-Median Rule,97.3,96.89999999999999,0.5095
Mallows (phi=0.7),2,100,60,40,40,1000,Bottom,k-Median-Shapley,23.0,13.700000000000001,0.885
Mallows (phi=0.7),3,100,60,40,40,1000,Cutoff,Evaluative Voting,100.0,100.0,0.6666666666666636
Mallows (phi=0.7),3,100,60,40,40,1000,Cutoff,k-Median Rule,100.0,100.0,0.665999999999997
Mallows (phi=0.7),3,100,60,40,40,1000,Cutoff,k-Median-Shapley,100.0,100.0,0.6666666666666636
Mallows (phi=0.7),3,100,60,40,40,1000,Bottom,Evaluative Voting,100.0,100.0,0.6666666666666636
Mallows (phi=0.7),3,100,60,40,40,1000,Bottom,k-Median Rule,99.4,99.2,0.6629999999999971
Mallows (phi=0.7),3,100,60,40,40,1000,Bottom,k-Median-Shapley,53.900000000000006,48.6,0.8193333333333283
Mallows (phi=0.7),4,100,60,40,40,1000,Cutoff,Evaluative Voting,100.0,100.0,0.75
Mallows (phi=0.7),4,100,60,40,40,1000,Cutoff,k-Median Rule,100.0,100.0,0.75
Mallows (phi=0.7),4,100,60,40,40,1000,Cutoff,k-Median-Shapley,99.9,99.9,0.75025
Mallows (phi=0.7),4,100,60,40,40,1000,Bottom,Evaluative Voting,100.0,100.0,0.75
Mallows (phi=0.7),4,100,60,40,40,1000,Bottom,k-Median Rule,100.0,100.0,0.74875
Mallows (phi=0.7),4,100,60,40,40,1000,Bottom,k-Median-Shapley,82.1,81.2,0.79275
Mallows (phi=0.7),5,100,60,40,40,1000,Cutoff,Evaluative Voting,100.0,100.0,0.7999999999999887
Mallows (phi=0.7),5,100,60,40,40,1000,Cutoff,k-Median Rule,100.0,100.0,0.7999999999999887
Mallows (phi=0.7),5,100,60,40,40,1000,Cutoff,k-Median-Shapley,99.9,99.9,0.8001999999999887
Mallows (phi=0.7),5,100,60,40,40,1000,Bottom,Evaluative Voting,100.0,100.0,0.7999999999999887
Mallows (phi=0.7),5,100,60,40,40,1000,Bottom,k-Median Rule,100.0,100.0,0.7993999999999888
Mallows (phi=0.7),5,100,60,40,40,1000,Bottom,k-Median-Shapley,98.5,98.5,0.8007999999999895
Mallows (phi=0.7),6,100,60,40,40,1000,Cutoff,Evaluative Voting,100.0,100.0,0.8333333333333433
Mallows (phi=0.7),6,100,60,40,40,1000,Cutoff,k-Median Rule,100.0,100.0,0.8333333333333433
Mallows (phi=0.7),6,100,60,40,40,1000,Cutoff,k-Median-Shapley,100.0,100.0,0.8333333333333433
Mallows (phi=0.7),6,100,60,40,40,1000,Bottom,Evaluative Voting,100.0,100.0,0.8333333333333433
Mallows (phi=0.7),6,100,60,40,40,1000,Bottom,k-Median Rule,100.0,100.0,0.8333333333333433
Mallows (phi=0.7),6,100,60,40,40,1000,Bottom,k-Median-Shapley,100.0,100.0,0.8333333333333433
Mallows (phi=0.7),2,100,59,41,41,1000,Cutoff,Evaluative Voting,100.0,100.0,0.5
Mallows (phi=0.7),2,100,59,41,41,1000,Cutoff,k-Median Rule,100.0,100.0,0.499
Mallows (phi=0.7),2,100,59,41,41,1000,Cutoff,k-Median-Shapley,100.0,100.0,0.5
Mallows (phi=0.7),2,100,59,41,41,1000,Bottom,Evaluative Voting,100.0,100.0,0.5
Mallows (phi=0.7),2,100,59,41,41,1000,Bottom,k-Median Rule,98.6,98.6,0.4995
Mallows (phi=0.7),2,100,59,41,41,1000,Bottom,k-Median-Shapley,32.800000000000004,24.0,0.835
Mallows (phi=0.7),3,100,59,41,41,1000,Cutoff,Evaluative Voting,100.0,100.0,0.6666666666666636
Mallows (phi=0.7),3,100,59,41,41,1000,Cutoff,k-Median Rule,100.0,100.0,0.6663333333333303
Mallows (phi=0.7),3,100,59,41,41,1000,Cutoff,k-Median-Shapley,100.0,100.0,0.6666666666666636
Mallows (phi=0.7),3,100,59,41,41,1000,Bottom,Evaluative Voting,100.0,100.0,0.6666666666666636
Mallows (phi=0.7),3,100,59,41,41,1000,Bottom,k-Median Rule,99.9,99.9,0.6623333333333308
Mallows (phi=0.7),3,100,59,41,41,1000,Bottom,k-Median-Shapley,64.1,59.5,0.7859999999999949
Mallows (phi=0.7),4,100,59,41,41,1000,Cutoff,Evaluative Voting,100.0,100.0,0.75
Mallows (phi=0.7),4,100,59,41,41,1000,Cutoff,k-Median Rule,100.0,100.0,0.75
Mallows (phi=0.7),4,100,59,41,41,1000,Cutoff,k-Median-Shapley,100.0,100.0,0.75
Mallows (phi=0.7),4,100,59,41,41,1000,Bottom,Evaluative Voting,100.0,100.0,0.75
Mallows (phi=0.7),4,100,59,41,41,1000,Bottom,k-Median Rule,100.0,100.0,0.7495
Mallows (phi=0.7),4,100,59,41,41,1000,Bottom,k-Median-Shapley,88.3,88.1,0.777
Mallows (phi=0.7),5,100,59,41,41,1000,Cutoff,Evaluative Voting,100.0,100.0,0.7999999999999887
Mallows (phi=0.7),5,100,59,41,41,1000,Cutoff,k-Median Rule,100.0,100.0,0.7999999999999887
Mallows (phi=0.7),5,100,59,41,41,1000,Cutoff,k-Median-Shapley,100.0,100.0,0.7999999999999887
Mallows (phi=0.7),5,100,59,41,41,1000,Bottom,Evaluative Voting,100.0,100.0,0.7999999999999887
Mallows (phi=0.7),5,100,59,41,41,1000,Bottom,k-Median Rule,100.0,100.0,0.7993999999999888
Mallows (phi=0.7),5,100,59,41,41,1000,Bottom,k-Median-Shapley,99.1,99.1,0.7997999999999893
Mallows (phi=0.7),6,100,59,41,41,1000,Cutoff,Evaluative Voting,100.0,100.0,0.8333333333333433
Mallows (phi=0.7),6,100,59,41,41,1000,Cutoff,k-Median Rule,100.0,100.0,0.8333333333333433
Mallows (phi=0.7),6,100,59,41,41,1000,Cutoff,k-Median-Shapley,100.0,100.0,0.8333333333333433
Mallows (phi=0.7),6,100,59,41,41,1000,Bottom,Evaluative Voting,100.0,100.0,0.8333333333333433
Mallows (phi=0.7),6,100,59,41,41,1000,Bottom,k-Median Rule,100.0,100.0,0.8333333333333433
Mallows (phi=0.7),6,100,59,41,41,1000,Bottom,k-Median-Shapley,100.0,100.0,0.8333333333333433
Mallows (phi=0.7),2,100,58,42,42,1000,Cutoff,Evaluative Voting,100.0,100.0,0.5
Mallows (phi=0.7),2,100,58,42,42,1000,Cutoff,k-Median Rule,100.0,100.0,0.4985
Mallows (phi=0.7),2,100,58,42,42,1000,Cutoff,k-Median-Shapley,100.0,100.0,0.5
Mallows (phi=0.7),2,100,58,42,42,1000,Bottom,Evaluative Voting,100.0,100.0,0.5
Mallows (phi=0.7),2,100,58,42,42,1000,Bottom,k-Median Rule,99.4,99.4,0.492
Mallows (phi=0.7),2,100,58,42,42,1000,Bottom,k-Median-Shapley,46.400000000000006,39.1,0.7665
Mallows (phi=0.7),3,100,58,42,42,1000,Cutoff,Evaluative Voting,100.0,100.0,0.6666666666666636
Mallows (phi=0.7),3,100,58,42,42,1000,Cutoff,k-Median Rule,100.0,100.0,0.6666666666666636
Mallows (phi=0.7),3,100,58,42,42,1000,Cutoff,k-Median-Shapley,99.9,99.9,0.6666666666666636
Mallows (phi=0.7),3,100,58,42,42,1000,Bottom,Evaluative Voting,100.0,100.0,0.6666666666666636
Mallows (phi=0.7),3,100,58,42,42,1000,Bottom,k-Median Rule,99.9,99.9,0.6629999999999975
Mallows (phi=0.7),3,100,58,42,42,1000,Bottom,k-Median-Shapley,76.2,73.7,0.742666666666662
Mallows (phi=0.7),4,100,58,42,42,1000,Cutoff,Evaluative Voting,100.0,100.0,0.75
Mallows (phi=0.7),4,100,58,42,42,1000,Cutoff,k-Median Rule,100.0,100.0,0.75
Mallows (phi=0.7),4,100,58,42,42,1000,Cutoff,k-Median-Shapley,100.0,100.0,0.75
Mallows (phi=0.7),4,100,58,42,42,1000,Bottom,Evaluative Voting,100.0,100.0,0.75
Mallows (phi=0.7),4,100,58,42,42,1000,Bottom,k-Median Rule,100.0,100.0,0.7495
Mallows (phi=0.7),4,100,58,42,42,1000,Bottom,k-Median-Shapley,94.39999999999999,94.0,0.76075
Mallows (phi=0.7),5,100,58,42,42,1000,Cutoff,Evaluative Voting,100.0,100.0,0.7999999999999887
Mallows (phi=0.7),5,100,58,42,42,1000,Cutoff,k-Median Rule,100.0,100.0,0.7999999999999887
Mallows (phi=0.7),5,100,58,42,42,1000,Cutoff,k-Median-Shapley,100.0,100.0,0.7999999999999887
Mallows (phi=0.7),5,100,58,42,42,1000,Bottom,Evaluative Voting,100.0,100.0,0.7999999999999887
Mallows (phi=0.7),5,100,58,42,42,1000,Bottom,k-Median Rule,100.0,100.0,0.7997999999999889
Mallows (phi=0.7),5,100,58,42,42,1000,Bottom,k-Median-Shapley,99.3,99.3,0.7999999999999892
Mallows (phi=0.7),6,100,58,42,42,1000,Cutoff,Evaluative Voting,100.0,100.0,0.8333333333333433
Mallows (phi=0.7),6,100,58,42,42,1000,Cutoff,k-Median Rule,100.0,100.0,0.8333333333333433
Mallows (phi=0.7),6,100,58,42,42,1000,Cutoff,k-Median-Shapley,100.0,100.0,0.8333333333333433
Mallows (phi=0.7),6,100,58,42,42,1000,Bottom,Evaluative Voting,100.0,100.0,0.8333333333333433
Mallows (phi=0.7),6,100,58,42,42,1000,Bottom,k-Median Rule,100.0,100.0,0.8333333333333433
Mallows (phi=0.7),6,100,58,42,42,1000,Bottom,k-Median-Shapley,100.0,100.0,0.8333333333333433
Mallows (phi=0.7),2,100,57,43,43,1000,Cutoff,Evaluative Voting,100.0,100.0,0.5
Mallows (phi=0.7),2,100,57,43,43,1000,Cutoff,k-Median Rule,100.0,100.0,0.4995
Mallows (phi=0.7),2,100,57,43,43,1000,Cutoff,k-Median-Shapley,100.0,100.0,0.4995
Mallows (phi=0.7),2,100,57,43,43,1000,Bottom,Evaluative Voting,100.0,100.0,0.5
Mallows (phi=0.7),2,100,57,43,43,1000,Bottom,k-Median Rule,99.9,99.9,0.49
Mallows (phi=0.7),2,100,57,43,43,1000,Bottom,k-Median-Shapley,62.8,58.4,0.684
Mallows (phi=0.7),3,100,57,43,43,1000,Cutoff,Evaluative Voting,100.0,100.0,0.6666666666666636
Mallows (phi=0.7),3,100,57,43,43,1000,Cutoff,k-Median Rule,100.0,100.0,0.6666666666666636
Mallows (phi=0.7),3,100,57,43,43,1000,Cutoff,k-Median-Shapley,100.0,100.0,0.6663333333333304
Mallows (phi=0.7),3,100,57,43,43,1000,Bottom,Evaluative Voting,100.0,100.0,0.6666666666666636
Mallows (phi=0.7),3,100,57,43,43,1000,Bottom,k-Median Rule,100.0,100.0,0.6639999999999973
Mallows (phi=0.7),3,100,57,43,43,1000,Bottom,k-Median-Shapley,87.1,85.39999999999999,0.7059999999999956
Mallows (phi=0.7),4,100,57,43,43,1000,Cutoff,Evaluative Voting,100.0,100.0,0.75
Mallows (phi=0.7),4,100,57,43,43,1000,Cutoff,k-Median Rule,100.0,100.0,0.75
Mallows (phi=0.7),4,100,57,43,43,1000,Cutoff,k-Median-Shapley,100.0,100.0,0.75
Mallows (phi=0.7),4,100,57,43,43,1000,Bottom,Evaluative Voting,100.0,100.0,0.75
Mallows (phi=0.7),4,100,57,43,43,1000,Bottom,k-Median Rule,100.0,100.0,0.7495
Mallows (phi=0.7),4,100,57,43,43,1000,Bottom,k-Median-Shapley,96.7,96.5,0.75325
Mallows (phi=0.7),5,100,57,43,43,1000,Cutoff,Evaluative Voting,100.0,100.0,0.7999999999999887
Mallows (phi=0.7),5,100,57,43,43,1000,Cutoff,k-Median Rule,100.0,100.0,0.7999999999999887
Mallows (phi=0.7),5,100,57,43,43,1000,Cutoff,k-Median-Shapley,100.0,100.0,0.7999999999999887
Mallows (phi=0.7),5,100,57,43,43,1000,Bottom,Evaluative Voting,100.0,100.0,0.7999999999999887
Mallows (phi=0.7),5,100,57,43,43,1000,Bottom,k-Median Rule,100.0,100.0,0.7995999999999888
Mallows (phi=0.7),5,100,57,43,43,1000,Bottom,k-Median-Shapley,99.7,99.7,0.7975999999999894
Mallows (phi=0.7),6,100,57,43,43,1000,Cutoff,Evaluative Voting,100.0,100.0,0.8333333333333433
Mallows (phi=0.7),6,100,57,43,43,1000,Cutoff,k-Median Rule,100.0,100.0,0.8333333333333433
Mallows (phi=0.7),6,100,57,43,43,1000,Cutoff,k-Median-Shapley,100.0,100.0,0.8333333333333433
Mallows (phi=0.7),6,100,57,43,43,1000,Bottom,Evaluative Voting,100.0,100.0,0.8333333333333433
Mallows (phi=0.7),6,100,57,43,43,1000,Bottom,k-Median Rule,100.0,100.0,0.8333333333333433
Mallows (phi=0.7),6,100,57,43,43,1000,Bottom,k-Median-Shapley,100.0,100.0,0.8333333333333433
Mallows (phi=0.7),2,100,56,44,44,1000,Cutoff,Evaluative Voting,100.0,100.0,0.5
Mallows (phi=0.7),2,100,56,44,44,1000,Cutoff,k-Median Rule,100.0,100.0,0.5
Mallows (phi=0.7),2,100,56,44,44,1000,Cutoff,k-Median-Shapley,100.0,100.0,0.4995
Mallows (phi=0.7),2,100,56,44,44,1000,Bottom,Evaluative Voting,100.0,100.0,0.5
Mallows (phi=0.7),2,100,56,44,44,1000,Bottom,k-Median Rule,100.0,100.0,0.489
Mallows (phi=0.7),2,100,56,44,44,1000,Bottom,k-Median-Shapley,79.0,76.5,0.599
Mallows (phi=0.7),3,100,56,44,44,1000,Cutoff,Evaluative Voting,100.0,100.0,0.6666666666666636
Mallows (phi=0.7),3,100,56,44,44,1000,Cutoff,k-Median Rule,100.0,100.0,0.6666666666666636
Mallows (phi=0.7),3,100,56,44,44,1000,Cutoff,k-Median-Shapley,100.0,100.0,0.665999999999997
Mallows (phi=0.7),3,100,56,44,44,1000,Bottom,Evaluative Voting,100.0,100.0,0.6666666666666636
Mallows (phi=0.7),3,100,56,44,44,1000,Bottom,k-Median Rule,100.0,100.0,0.6663333333333304
Mallows (phi=0.7),3,100,56,44,44,1000,Bottom,k-Median-Shapley,93.60000000000001,93.2,0.6833333333333295
Mallows (phi=0.7),4,100,56,44,44,1000,Cutoff,Evaluative Voting,100.0,100.0,0.75
Mallows (phi=0.7),4,100,56,44,44,1000,Cutoff,k-Median Rule,100.0,100.0,0.75
Mallows (phi=0.7),4,100,56,44,44,1000,Cutoff,k-Median-Shapley,100.0,100.0,0.7495
Mallows (phi=0.7),4,100,56,44,44,1000,Bottom,Evaluative Voting,100.0,100.0,0.75
Mallows (phi=0.7),4,100,56,44,44,1000,Bottom,k-Median Rule,100.0,100.0,0.74925
Mallows (phi=0.7),4,100,56,44,44,1000,Bottom,k-Median-Shapley,98.6,98.5,0.749
Mallows (phi=0.7),5,100,56,44,44,1000,Cutoff,Evaluative Voting,100.0,100.0,0.7999999999999887
Mallows (phi=0.7),5,100,56,44,44,1000,Cutoff,k-Median Rule,100.0,100.0,0.7999999999999887
Mallows (phi=0.7),5,100,56,44,44,1000,Cutoff,k-Median-Shapley,100.0,100.0,0.7999999999999887
Mallows (phi=0.7),5,100,56,44,44,1000,Bottom,Evaluative Voting,100.0,100.0,0.7999999999999887
Mallows (phi=0.7),5,100,56,44,44,1000,Bottom,k-Median Rule,100.0,100.0,0.7997999999999887
Mallows (phi=0.7),5,100,56,44,44,1000,Bottom,k-Median-Shapley,99.8,99.8,0.7961999999999895
Mallows (phi=0.7),6,100,56,44,44,1000,Cutoff,Evaluative Voting,100.0,100.0,0.8333333333333433
Mallows (phi=0.7),6,100,56,44,44,1000,Cutoff,k-Median Rule,100.0,100.0,0.8333333333333433
Mallows (phi=0.7),6,100,56,44,44,1000,Cutoff,k-Median-Shapley,100.0,100.0,0.8333333333333433
Mallows (phi=0.7),6,100,56,44,44,1000,Bottom,Evaluative Voting,100.0,100.0,0.8333333333333433
Mallows (phi=0.7),6,100,56,44,44,1000,Bottom,k-Median Rule,100.0,100.0,0.8333333333333433
Mallows (phi=0.7),6,100,56,44,44,1000,Bottom,k-Median-Shapley,100.0,100.0,0.8333333333333433
Mallows (phi=0.7),2,100,55,45,45,1000,Cutoff,Evaluative Voting,100.0,100.0,0.5
Mallows (phi=0.7),2,100,55,45,45,1000,Cutoff,k-Median Rule,100.0,100.0,0.5
Mallows (phi=0.7),2,100,55,45,45,1000,Cutoff,k-Median-Shapley,100.0,100.0,0.499
Mallows (phi=0.7),2,100,55,45,45,1000,Bottom,Evaluative Voting,100.0,100.0,0.5
Mallows (phi=0.7),2,100,55,45,45,1000,Bottom,k-Median Rule,100.0,100.0,0.4955
Mallows (phi=0.7),2,100,55,45,45,1000,Bottom,k-Median-Shapley,90.9,89.7,0.5365
Mallows (phi=0.7),3,100,55,45,45,1000,Cutoff,Evaluative Voting,100.0,100.0,0.6666666666666636
Mallows (phi=0.7),3,100,55,45,45,1000,Cutoff,k-Median Rule,100.0,100.0,0.6666666666666636
Mallows (phi=0.7),3,100,55,45,45,1000,Cutoff,k-Median-Shapley,100.0,100.0,0.6663333333333304
Mallows (phi=0.7),3,100,55,45,45,1000,Bottom,Evaluative Voting,100.0,100.0,0.6666666666666636
Mallows (phi=0.7),3,100,55,45,45,1000,Bottom,k-Median Rule,100.0,100.0,0.6646666666666637
Mallows (phi=0.7),3,100,55,45,45,1000,Bottom,k-Median-Shapley,98.1,97.6,0.6643333333333311
Mallows (phi=0.7),4,100,55,45,45,1000,Cutoff,Evaluative Voting,100.0,100.0,0.75
Mallows (phi=0.7),4,100,55,45,45,1000,Cutoff,k-Median Rule,100.0,100.0,0.75
Mallows (phi=0.7),4,100,55,45,45,1000,Cutoff,k-Median-Shapley,100.0,100.0,0.7495
Mallows (phi=0.7),4,100,55,45,45,1000,Bottom,Evaluative Voting,100.0,100.0,0.75
Mallows (phi=0.7),4,100,55,45,45,1000,Bottom,k-Median Rule,100.0,100.0,0.74925
Mallows (phi=0.7),4,100,55,45,45,1000,Bottom,k-Median-Shapley,99.4,99.4,0.7455
Mallows (phi=0.7),5,100,55,45,45,1000,Cutoff,Evaluative Voting,100.0,100.0,0.7999999999999887
Mallows (phi=0.7),5,100,55,45,45,1000,Cutoff,k-Median Rule,100.0,100.0,0.7999999999999887
Mallows (phi=0.7),5,100,55,45,45,1000,Cutoff,k-Median-Shapley,100.0,100.0,0.7997999999999889
Mallows (phi=0.7),5,100,55,45,45,1000,Bottom,Evaluative Voting,100.0,100.0,0.7999999999999887
Mallows (phi=0.7),5,100,55,45,45,1000,Bottom,k-Median Rule,100.0,100.0,0.7995999999999888
Mallows (phi=0.7),5,100,55,45,45,1000,Bottom,k-Median-Shapley,99.9,99.9,0.7955999999999896
Mallows (phi=0.7),6,100,55,45,45,1000,Cutoff,Evaluative Voting,100.0,100.0,0.8333333333333433
Mallows (phi=0.7),6,100,55,45,45,1000,Cutoff,k-Median Rule,100.0,100.0,0.8333333333333433
Mallows (phi=0.7),6,100,55,45,45,1000,Cutoff,k-Median-Shapley,100.0,100.0,0.8333333333333433
Mallows (phi=0.7),6,100,55,45,45,1000,Bottom,Evaluative Voting,100.0,100.0,0.8333333333333433
Mallows (phi=0.7),6,100,55,45,45,1000,Bottom,k-Median Rule,100.0,100.0,0.8333333333333433
Mallows (phi=0.7),6,100,55,45,45,1000,Bottom,k-Median-Shapley,100.0,100.0,0.8333333333333433
Mallows (phi=0.7),2,100,54,46,46,1000,Cutoff,Evaluative Voting,100.0,100.0,0.5
Mallows (phi=0.7),2,100,54,46,46,1000,Cutoff,k-Median Rule,100.0,100.0,0.5
Mallows (phi=0.7),2,100,54,46,46,1000,Cutoff,k-Median-Shapley,100.0,100.0,0.4985
Mallows (phi=0.7),2,100,54,46,46,1000,Bottom,Evaluative Voting,100.0,100.0,0.5
Mallows (phi=0.7),2,100,54,46,46,1000,Bottom,k-Median Rule,100.0,100.0,0.499
Mallows (phi=0.7),2,100,54,46,46,1000,Bottom,k-Median-Shapley,97.1,96.89999999999999,0.5005
Mallows (phi=0.7),3,100,54,46,46,1000,Cutoff,Evaluative Voting,100.0,100.0,0.6666666666666636
Mallows (phi=0.7),3,100,54,46,46,1000,Cutoff,k-Median Rule,100.0,100.0,0.6666666666666636
Mallows (phi=0.7),3,100,54,46,46,1000,Cutoff,k-Median-Shapley,100.0,100.0,0.6653333333333307
Mallows (phi=0.7),3,100,54,46,46,1000,Bottom,Evaluative Voting,100.0,100.0,0.6666666666666636
Mallows (phi=0.7),3,100,54,46,46,1000,Bottom,k-Median Rule,100.0,100.0,0.6653333333333306
Mallows (phi=0.7),3,100,54,46,46,1000,Bottom,k-Median-Shapley,99.6,99.5,0.6566666666666647
Mallows (phi=0.7),4,100,54,46,46,1000,Cutoff,Evaluative Voting,100.0,100.0,0.75
Mallows (phi=0.7),4,100,54,46,46,1000,Cutoff,k-Median Rule,100.0,100.0,0.75
Mallows (phi=0.7),4,100,54,46,46,1000,Cutoff,k-Median-Shapley,100.0,100.0,0.74925
Mallows (phi=0.7),4,100,54,46,46,1000,Bottom,Evaluative Voting,100.0,100.0,0.75
Mallows (phi=0.7),4,100,54,46,46,1000,Bottom,k-Median Rule,100.0,100.0,0.7495
Mallows (phi=0.7),4,100,54,46,46,1000,Bottom,k-Median-Shapley,99.8,99.8,0.743
Mallows (phi=0.7),5,100,54,46,46,1000,Cutoff,Evaluative Voting,100.0,100.0,0.7999999999999887
Mallows (phi=0.7),5,100,54,46,46,1000,Cutoff,k-Median Rule,100.0,100.0,0.7999999999999887
Mallows (phi=0.7),5,100,54,46,46,1000,Cutoff,k-Median-Shapley,100.0,100.0,0.7989999999999889
Mallows (phi=0.7),5,100,54,46,46,1000,Bottom,Evaluative Voting,100.0,100.0,0.7999999999999887
Mallows (phi=0.7),5,100,54,46,46,1000,Bottom,k-Median Rule,100.0,100.0,0.7993999999999888
Mallows (phi=0.7),5,100,54,46,46,1000,Bottom,k-Median-Shapley,100.0,100.0,0.7927999999999901
Mallows (phi=0.7),6,100,54,46,46,1000,Cutoff,Evaluative Voting,100.0,100.0,0.8333333333333433
Mallows (phi=0.7),6,100,54,46,46,1000,Cutoff,k-Median Rule,100.0,100.0,0.8333333333333433
Mallows (phi=0.7),6,100,54,46,46,1000,Cutoff,k-Median-Shapley,100.0,100.0,0.8333333333333433
Mallows (phi=0.7),6,100,54,46,46,1000,Bottom,Evaluative Voting,100.0,100.0,0.8333333333333433
Mallows (phi=0.7),6,100,54,46,46,1000,Bottom,k-Median Rule,100.0,100.0,0.8333333333333433
Mallows (phi=0.7),6,100,54,46,46,1000,Bottom,k-Median-Shapley,100.0,100.0,0.8333333333333433
Mallows (phi=0.7),2,100,53,47,47,1000,Cutoff,Evaluative Voting,100.0,100.0,0.5
Mallows (phi=0.7),2,100,53,47,47,1000,Cutoff,k-Median Rule,100.0,100.0,0.5
Mallows (phi=0.7),2,100,53,47,47,1000,Cutoff,k-Median-Shapley,100.0,100.0,0.499
Mallows (phi=0.7),2,100,53,47,47,1000,Bottom,Evaluative Voting,100.0,100.0,0.5
Mallows (phi=0.7),2,100,53,47,47,1000,Bottom,k-Median Rule,100.0,100.0,0.4995
Mallows (phi=0.7),2,100,53,47,47,1000,Bottom,k-Median-Shapley,99.4,99.1,0.4865
Mallows (phi=0.7),3,100,53,47,47,1000,Cutoff,Evaluative Voting,100.0,100.0,0.6666666666666636
Mallows (phi=0.7),3,100,53,47,47,1000,Cutoff,k-Median Rule,100.0,100.0,0.6666666666666636
Mallows (phi=0.7),3,100,53,47,47,1000,Cutoff,k-Median-Shapley,100.0,100.0,0.6639999999999973
Mallows (phi=0.7),3,100,53,47,47,1000,Bottom,Evaluative Voting,100.0,100.0,0.6666666666666636
Mallows (phi=0.7),3,100,53,47,47,1000,Bottom,k-Median Rule,100.0,100.0,0.6649999999999971
Mallows (phi=0.7),3,100,53,47,47,1000,Bottom,k-Median-Shapley,99.8,99.6,0.6496666666666654
Mallows (phi=0.7),4,100,53,47,47,1000,Cutoff,Evaluative Voting,100.0,100.0,0.75
Mallows (phi=0.7),4,100,53,47,47,1000,Cutoff,k-Median Rule,100.0,100.0,0.75
Mallows (phi=0.7),4,100,53,47,47,1000,Cutoff,k-Median-Shapley,100.0,100.0,0.748
Mallows (phi=0.7),4,100,53,47,47,1000,Bottom,Evaluative Voting,100.0,100.0,0.75
Mallows (phi=0.7),4,100,53,47,47,1000,Bottom,k-Median Rule,100.0,100.0,0.74975
Mallows (phi=0.7),4,100,53,47,47,1000,Bottom,k-Median-Shapley,100.0,100.0,0.7355
Mallows (phi=0.7),5,100,53,47,47,1000,Cutoff,Evaluative Voting,100.0,100.0,0.7999999999999887
Mallows (phi=0.7),5,100,53,47,47,1000,Cutoff,k-Median Rule,100.0,100.0,0.7999999999999887
Mallows (phi=0.7),5,100,53,47,47,1000,Cutoff,k-Median-Shapley,100.0,100.0,0.7979999999999892
Mallows (phi=0.7),5,100,53,47,47,1000,Bottom,Evaluative Voting,100.0,100.0,0.7999999999999887
Mallows (phi=0.7),5,100,53,47,47,1000,Bottom,k-Median Rule,100.0,100.0,0.7993999999999888
Mallows (phi=0.7),5,100,53,47,47,1000,Bottom,k-Median-Shapley,100.0,100.0,0.7915999999999903
Mallows (phi=0.7),6,100,53,47,47,1000,Cutoff,Evaluative Voting,100.0,100.0,0.8333333333333433
Mallows (phi=0.7),6,100,53,47,47,1000,Cutoff,k-Median Rule,100.0,100.0,0.8333333333333433
Mallows (phi=0.7),6,100,53,47,47,1000,Cutoff,k-Median-Shapley,100.0,100.0,0.8333333333333433
Mallows (phi=0.7),6,100,53,47,47,1000,Bottom,Evaluative Voting,100.0,100.0,0.8333333333333433
Mallows (phi=0.7),6,100,53,47,47,1000,Bottom,k-Median Rule,100.0,100.0,0.8333333333333433
Mallows (phi=0.7),6,100,53,47,47,1000,Bottom,k-Median-Shapley,100.0,100.0,0.8333333333333433
Mallows (phi=0.7),2,100,52,48,48,1000,Cutoff,Evaluative Voting,100.0,100.0,0.5
Mallows (phi=0.7),2,100,52,48,48,1000,Cutoff,k-Median Rule,100.0,100.0,0.5
Mallows (phi=0.7),2,100,52,48,48,1000,Cutoff,k-Median-Shapley,100.0,100.0,0.4935
Mallows (phi=0.7),2,100,52,48,48,1000,Bottom,Evaluative Voting,100.0,100.0,0.5
Mallows (phi=0.7),2,100,52,48,48,1000,Bottom,k-Median Rule,100.0,100.0,0.4995
Mallows (phi=0.7),2,100,52,48,48,1000,Bottom,k-Median-Shapley,100.0,100.0,0.4645
Mallows (phi=0.7),3,100,52,48,48,1000,Cutoff,Evaluative Voting,100.0,100.0,0.6666666666666636
Mallows (phi=0.7),3,100,52,48,48,1000,Cutoff,k-Median Rule,100.0,100.0,0.6666666666666636
Mallows (phi=0.7),3,100,52,48,48,1000,Cutoff,k-Median-Shapley,100.0,100.0,0.6586666666666645
Mallows (phi=0.7),3,100,52,48,48,1000,Bottom,Evaluative Voting,100.0,100.0,0.6666666666666636
Mallows (phi=0.7),3,100,52,48,48,1000,Bottom,k-Median Rule,100.0,100.0,0.6649999999999973
Mallows (phi=0.7),3,100,52,48,48,1000,Bottom,k-Median-Shapley,100.0,100.0,0.6359999999999991
Mallows (phi=0.7),4,100,52,48,48,1000,Cutoff,Evaluative Voting,100.0,100.0,0.75
Mallows (phi=0.7),4,100,52,48,48,1000,Cutoff,k-Median Rule,100.0,100.0,0.75
Mallows (phi=0.7),4,100,52,48,48,1000,Cutoff,k-Median-Shapley,100.0,100.0,0.74275
Mallows (phi=0.7),4,100,52,48,48,1000,Bottom,Evaluative Voting,100.0,100.0,0.75
Mallows (phi=0.7),4,100,52,48,48,1000,Bottom,k-Median Rule,100.0,100.0,0.74975
Mallows (phi=0.7),4,100,52,48,48,1000,Bottom,k-Median-Shapley,100.0,100.0,0.72525
Mallows (phi=0.7),5,100,52,48,48,1000,Cutoff,Evaluative Voting,100.0,100.0,0.7999999999999887
Mallows (phi=0.7),5,100,52,48,48,1000,Cutoff,k-Median Rule,100.0,100.0,0.7999999999999887
Mallows (phi=0.7),5,100,52,48,48,1000,Cutoff,k-Median-Shapley,100.0,100.0,0.7969999999999892
Mallows (phi=0.7),5,100,52,48,48,1000,Bottom,Evaluative Voting,100.0,100.0,0.7999999999999887
Mallows (phi=0.7),5,100,52,48,48,1000,Bottom,k-Median Rule,100.0,100.0,0.7993999999999888
Mallows (phi=0.7),5,100,52,48,48,1000,Bottom,k-Median-Shapley,100.0,100.0,0.7833999999999917
Mallows (phi=0.7),6,100,52,48,48,1000,Cutoff,Evaluative Voting,100.0,100.0,0.8333333333333433
Mallows (phi=0.7),6,100,52,48,48,1000,Cutoff,k-Median Rule,100.0,100.0,0.8333333333333433
Mallows (phi=0.7),6,100,52,48,48,1000,Cutoff,k-Median-Shapley,100.0,100.0,0.8333333333333433
Mallows (phi=0.7),6,100,52,48,48,1000,Bottom,Evaluative Voting,100.0,100.0,0.8333333333333433
Mallows (phi=0.7),6,100,52,48,48,1000,Bottom,k-Median Rule,100.0,100.0,0.8333333333333433
Mallows (phi=0.7),6,100,52,48,48,1000,Bottom,k-Median-Shapley,100.0,100.0,0.8333333333333433
Mallows (phi=0.7),2,100,51,49,49,1000,Cutoff,Evaluative Voting,100.0,100.0,0.5
Mallows (phi=0.7),2,100,51,49,49,1000,Cutoff,k-Median Rule,100.0,100.0,0.5
Mallows (phi=0.7),2,100,51,49,49,1000,Cutoff,k-Median-Shapley,100.0,100.0,0.465
Mallows (phi=0.7),2,100,51,49,49,1000,Bottom,Evaluative Voting,100.0,100.0,0.5
Mallows (phi=0.7),2,100,51,49,49,1000,Bottom,k-Median Rule,100.0,100.0,0.499
Mallows (phi=0.7),2,100,51,49,49,1000,Bottom,k-Median-Shapley,100.0,100.0,0.42
Mallows (phi=0.7),3,100,51,49,49,1000,Cutoff,Evaluative Voting,100.0,100.0,0.6666666666666636
Mallows (phi=0.7),3,100,51,49,49,1000,Cutoff,k-Median Rule,100.0,100.0,0.6666666666666636
Mallows (phi=0.7),3,100,51,49,49,1000,Cutoff,k-Median-Shapley,100.0,100.0,0.6389999999999992
Mallows (phi=0.7),3,100,51,49,49,1000,Bottom,Evaluative Voting,100.0,100.0,0.6666666666666636
Mallows (phi=0.7),3,100,51,49,49,1000,Bottom,k-Median Rule,100.0,100.0,0.6653333333333306
Mallows (phi=0.7),3,100,51,49,49,1000,Bottom,k-Median-Shapley,100.0,100.0,0.6026666666666673
Mallows (phi=0.7),4,100,51,49,49,1000,Cutoff,Evaluative Voting,100.0,100.0,0.75
Mallows (phi=0.7),4,100,51,49,49,1000,Cutoff,k-Median Rule,100.0,100.0,0.75
Mallows (phi=0.7),4,100,51,49,49,1000,Cutoff,k-Median-Shapley,100.0,100.0,0.72925
Mallows (phi=0.7),4,100,51,49,49,1000,Bottom,Evaluative Voting,100.0,100.0,0.75
Mallows (phi=0.7),4,100,51,49,49,1000,Bottom,k-Median Rule,100.0,100.0,0.75
Mallows (phi=0.7),4,100,51,49,49,1000,Bottom,k-Median-Shapley,100.0,100.0,0.702
Mallows (phi=0.7),5,100,51,49,49,1000,Cutoff,Evaluative Voting,100.0,100.0,0.7999999999999887
Mallows (phi=0.7),5,100,51,49,49,1000,Cutoff,k-Median Rule,100.0,100.0,0.7999999999999887
Mallows (phi=0.7),5,100,51,49,49,1000,Cutoff,k-Median-Shapley,100.0,100.0,0.7889999999999906
Mallows (phi=0.7),5,100,51,49,49,1000,Bottom,Evaluative Voting,100.0,100.0,0.7999999999999887
Mallows (phi=0.7),5,100,51,49,49,1000,Bottom,k-Median Rule,100.0,100.0,0.7993999999999888
Mallows (phi=0.7),5,100,51,49,49,1000,Bottom,k-Median-Shapley,100.0,100.0,0.7685999999999933
Mallows (phi=0.7),6,100,51,49,49,1000,Cutoff,Evaluative Voting,100.0,100.0,0.8333333333333433
Mallows (phi=0.7),6,100,51,49,49,1000,Cutoff,k-Median Rule,100.0,100.0,0.8333333333333433
Mallows (phi=0.7),6,100,51,49,49,1000,Cutoff,k-Median-Shapley,100.0,100.0,0.8333333333333433
Mallows (phi=0.7),6,100,51,49,49,1000,Bottom,Evaluative Voting,100.0,100.0,0.8333333333333433
Mallows (phi=0.7),6,100,51,49,49,1000,Bottom,k-Median Rule,100.0,100.0,0.8333333333333433
Mallows (phi=0.7),6,100,51,49,49,1000,Bottom,k-Median-Shapley,100.0,100.0,0.8333333333333433
Plackett-Luce,2,100,99,1,1,1000,Cutoff,Evaluative Voting,11.200000000000001,11.200000000000001,0.944
Plackett-Luce,2,100,99,1,1,1000,Cutoff,k-Median Rule,8.7,8.7,0.9565
Plackett-Luce,2,100,99,1,1,1000,Cutoff,k-Median-Shapley,6.5,6.1,0.9675
Plackett-Luce,2,100,99,1,1,1000,Bottom,Evaluative Voting,0.0,0.0,1.0
Plackett-Luce,2,100,99,1,1,1000,Bottom,k-Median Rule,8.5,0.0,0.9575
Plackett-Luce,2,100,99,1,1,1000,Bottom,k-Median-Shapley,5.1,0.0,0.9745
Plackett-Luce,3,100,99,1,1,1000,Cutoff,Evaluative Voting,14.099999999999998,14.099999999999998,0.9529999999999981
Plackett-Luce,3,100,99,1,1,1000,Cutoff,k-Median Rule,9.9,9.9,0.9669999999999982
Plackett-Luce,3,100,99,1,1,1000,Cutoff,k-Median-Shapley,7.9,7.3999999999999995,0.9733333333333325
Plackett-Luce,3,100,99,1,1,1000,Bottom,Evaluative Voting,0.0,0.0,1.0
Plackett-Luce,3,100,99,1,1,1000,Bottom,k-Median Rule,9.8,0.0,0.9673333333333316
Plackett-Luce,3,100,99,1,1,1000,Bottom,k-Median-Shapley,6.7,0.0,0.9773333333333325
Plackett-Luce,4,100,99,1,1,1000,Cutoff,Evaluative Voting,12.5,12.5,0.96875
Plackett-Luce,4,100,99,1,1,1000,Cutoff,k-Median Rule,7.000000000000001,7.000000000000001,0.982
Plackett-Luce,4,100,99,1,1,1000,Cutoff,k-Median-Shapley,7.9,7.5,0.98025
Plackett-Luce,4,100,99,1,1,1000,Bottom,Evaluative Voting,0.0,0.0,1.0
Plackett-Luce,4,100,99,1,1,1000,Bottom,k-Median Rule,6.800000000000001,0.0,0.9825
Plackett-Luce,4,100,99,1,1,1000,Bottom,k-Median-Shapley,6.9,0.1,0.98275
Plackett-Luce,5,100,99,1,1,1000,Cutoff,Evaluative Voting,9.2,9.2,0.9815999999999988
Plackett-Luce,5,100,99,1,1,1000,Cutoff,k-Median Rule,5.8999999999999995,5.8999999999999995,0.9881999999999989
Plackett-Luce,5,100,99,1,1,1000,Cutoff,k-Median-Shapley,7.3999999999999995,7.3,0.9851999999999989
Plackett-Luce,5,100,99,1,1,1000,Bottom,Evaluative Voting,0.3,0.3,0.9993999999999998
Plackett-Luce,5,100,99,1,1,1000,Bottom,k-Median Rule,5.8999999999999995,0.0,0.9881999999999989
Plackett-Luce,5,100,99,1,1,1000,Bottom,k-Median-Shapley,5.8999999999999995,0.1,0.988199999999999
Plackett-Luce,6,100,99,1,1,1000,Cutoff,Evaluative Voting,7.7,7.7,0.9871666666666679
Plackett-Luce,6,100,99,1,1,1000,Cutoff,k-Median Rule,4.6,4.6,0.9923333333333343
Plackett-Luce,6,100,99,1,1,1000,Cutoff,k-Median-Shapley,4.8,4.8,0.9920000000000008
Plackett-Luce,6,100,99,1,1,1000,Bottom,Evaluative Voting,7.7,7.7,0.9871666666666679
Plackett-Luce,6,100,99,1,1,1000,Bottom,k-Median Rule,4.6,4.6,0.9923333333333343
Plackett-Luce,6,100,99,1,1,1000,Bottom,k-Median-Shapley,4.8,4.8,0.9920000000000008
Plackett-Luce,2,100,98,2,2,1000,Cutoff,Evaluative Voting,24.2,24.2,0.879
Plackett-Luce,2,100,98,2,2,1000,Cutoff,k-Median Rule,12.5,12.5,0.937
Plackett-Luce,2,100,98,2,2,1000,Cutoff,k-Median-Shapley,9.1,8.7,0.9545
Plackett-Luce,2,100,98,2,2,1000,Bottom,Evaluative Voting,0.0,0.0,1.0
Plackett-Luce,2,100,98,2,2,1000,Bottom,k-Median Rule,8.6,0.1,0.9565
Plackett-Luce,2,100,98,2,2,1000,Bottom,k-Median-Shapley,6.3,0.0,0.9685
Plackett-Luce,3,100,98,2,2,1000,Cutoff,Evaluative Voting,26.200000000000003,26.200000000000003,0.9126666666666635
Plackett-Luce,3,100,98,2,2,1000,Cutoff,k-Median Rule,15.6,15.6,0.9473333333333311
Plackett-Luce,3,100,98,2,2,1000,Cutoff,k-Median-Shapley,10.100000000000001,10.0,0.9659999999999985
Plackett-Luce,3,100,98,2,2,1000,Bottom,Evaluative Voting,0.0,0.0,1.0
Plackett-Luce,3,100,98,2,2,1000,Bottom,k-Median Rule,10.299999999999999,0.3,0.9649999999999987
Plackett-Luce,3,100,98,2,2,1000,Bottom,k-Median-Shapley,6.6000000000000005,0.0,0.9779999999999991
Plackett-Luce,4,100,98,2,2,1000,Cutoff,Evaluative Voting,23.599999999999998,23.599999999999998,0.941
Plackett-Luce,4,100,98,2,2,1000,Cutoff,k-Median Rule,12.8,12.8,0.96775
Plackett-Luce,4,100,98,2,2,1000,Cutoff,k-Median-Shapley,9.4,9.3,0.9765
Plackett-Luce,4,100,98,2,2,1000,Bottom,Evaluative Voting,0.0,0.0,1.0
Plackett-Luce,4,100,98,2,2,1000,Bottom,k-Median Rule,8.9,0.8,0.9775
Plackett-Luce,4,100,98,2,2,1000,Bottom,k-Median-Shapley,6.1,0.0,0.98475
Plackett-Luce,5,100,98,2,2,1000,Cutoff,Evaluative Voting,20.0,20.0,0.9599999999999972
Plackett-Luce,5,100,98,2,2,1000,Cutoff,k-Median Rule,12.5,12.5,0.9749999999999978
Plackett-Luce,5,100,98,2,2,1000,Cutoff,k-Median-Shapley,9.700000000000001,9.700000000000001,0.9805999999999986
Plackett-Luce,5,100,98,2,2,1000,Bottom,Evaluative Voting,0.7000000000000001,0.7000000000000001,0.9985999999999998
Plackett-Luce,5,100,98,2,2,1000,Bottom,k-Median Rule,9.4,2.1999999999999997,0.9811999999999981
Plackett-Luce,5,100,98,2,2,1000,Bottom,k-Median-Shapley,5.8999999999999995,0.3,0.9881999999999992
Plackett-Luce,6,100,98,2,2,1000,Cutoff,Evaluative Voting,14.799999999999999,14.799999999999999,0.9753333333333355
Plackett-Luce,6,100,98,2,2,1000,Cutoff,k-Median Rule,9.5,9.5,0.9841666666666682
Plackett-Luce,6,100,98,2,2,1000,Cutoff,k-Median-Shapley,5.8999999999999995,5.8999999999999995,0.9901666666666675
Plackett-Luce,6,100,98,2,2,1000,Bottom,Evaluative Voting,14.799999999999999,14.799999999999999,0.9753333333333355
Plackett-Luce,6,100,98,2,2,1000,Bottom,k-Median Rule,9.5,9.5,0.9841666666666682
Plackett-Luce,6,100,98,2,2,1000,Bottom,k-Median-Shapley,5.8999999999999995,5.8999999999999995,0.9901666666666675
Plackett-Luce,2,100,97,3,3,1000,Cutoff,Evaluative Voting,32.9,32.9,0.8355
Plackett-Luce,2,100,97,3,3,1000,Cutoff,k-Median Rule,20.1,20.1,0.897
Plackett-Luce,2,100,97,3,3,1000,Cutoff,k-Median-Shapley,13.700000000000001,13.3,0.9315
Plackett-Luce,2,100,97,3,3,1000,Bottom,Evaluative Voting,0.0,0.0,1.0
Plackett-Luce,2,100,97,3,3,1000,Bottom,k-Median Rule,15.9,0.2,0.918
Plackett-Luce,2,100,97,3,3,1000,Bottom,k-Median-Shapley,8.7,0.0,0.9565
Plackett-Luce,3,100,97,3,3,1000,Cutoff,Evaluative Voting,37.7,37.7,0.8743333333333287
Plackett-Luce,3,100,97,3,3,1000,Cutoff,k-Median Rule,22.900000000000002,22.900000000000002,0.9219999999999969
Plackett-Luce,3,100,97,3,3,1000,Cutoff,k-Median-Shapley,14.099999999999998,13.900000000000002,0.9529999999999984
Plackett-Luce,3,100,97,3,3,1000,Bottom,Evaluative Voting,0.0,0.0,1.0
Plackett-Luce,3,100,97,3,3,1000,Bottom,k-Median Rule,18.099999999999998,0.5,0.9379999999999975
Plackett-Luce,3,100,97,3,3,1000,Bottom,k-Median-Shapley,8.200000000000001,0.0,0.9726666666666658
Plackett-Luce,4,100,97,3,3,1000,Cutoff,Evaluative Voting,33.800000000000004,33.800000000000004,0.9155
Plackett-Luce,4,100,97,3,3,1000,Cutoff,k-Median Rule,22.2,22.2,0.9435
Plackett-Luce,4,100,97,3,3,1000,Cutoff,k-Median-Shapley,14.099999999999998,14.000000000000002,0.96475
Plackett-Luce,4,100,97,3,3,1000,Bottom,Evaluative Voting,0.4,0.4,0.999
Plackett-Luce,4,100,97,3,3,1000,Bottom,k-Median Rule,17.0,1.6,0.95675
Plackett-Luce,4,100,97,3,3,1000,Bottom,k-Median-Shapley,8.200000000000001,0.0,0.9795
Plackett-Luce,5,100,97,3,3,1000,Cutoff,Evaluative Voting,28.7,28.7,0.942599999999996
Plackett-Luce,5,100,97,3,3,1000,Cutoff,k-Median Rule,19.2,19.2,0.9613999999999968
Plackett-Luce,5,100,97,3,3,1000,Cutoff,k-Median-Shapley,12.3,12.2,0.9753999999999978
Plackett-Luce,5,100,97,3,3,1000,Bottom,Evaluative Voting,2.1,2.1,0.9957999999999996
Plackett-Luce,5,100,97,3,3,1000,Bottom,k-Median Rule,15.9,3.5000000000000004,0.9679999999999974
Plackett-Luce,5,100,97,3,3,1000,Bottom,k-Median-Shapley,7.6,0.5,0.9847999999999986
Plackett-Luce,6,100,97,3,3,1000,Cutoff,Evaluative Voting,21.6,21.6,0.9640000000000026
Plackett-Luce,6,100,97,3,3,1000,Cutoff,k-Median Rule,14.299999999999999,14.299999999999999,0.9761666666666687
Plackett-Luce,6,100,97,3,3,1000,Cutoff,k-Median-Shapley,9.5,9.5,0.9841666666666681
Plackett-Luce,6,100,97,3,3,1000,Bottom,Evaluative Voting,21.6,21.6,0.9640000000000026
Plackett-Luce,6,100,97,3,3,1000,Bottom,k-Median Rule,14.299999999999999,14.299999999999999,0.9761666666666687
Plackett-Luce,6,100,97,3,3,1000,Bottom,k-Median-Shapley,9.5,9.5,0.9841666666666681
Plackett-Luce,2,100,96,4,4,1000,Cutoff,Evaluative Voting,41.5,41.5,0.7925
Plackett-Luce,2,100,96,4,4,1000,Cutoff,k-Median Rule,24.099999999999998,24.099999999999998,0.8765
Plackett-Luce,2,100,96,4,4,1000,Cutoff,k-Median-Shapley,17.0,16.7,0.915
Plackett-Luce,2,100,96,4,4,1000,Bottom,Evaluative Voting,0.0,0.0,1.0
Plackett-Luce,2,100,96,4,4,1000,Bottom,k-Median Rule,15.8,0.2,0.918
Plackett-Luce,2,100,96,4,4,1000,Bottom,k-Median-Shapley,9.1,0.0,0.9545
Plackett-Luce,3,100,96,4,4,1000,Cutoff,Evaluative Voting,46.1,46.1,0.8463333333333282
Plackett-Luce,3,100,96,4,4,1000,Cutoff,k-Median Rule,28.000000000000004,28.000000000000004,0.9049999999999965
Plackett-Luce,3,100,96,4,4,1000,Cutoff,k-Median-Shapley,16.400000000000002,15.9,0.945333333333331
Plackett-Luce,3,100,96,4,4,1000,Bottom,Evaluative Voting,0.0,0.0,1.0
Plackett-Luce,3,100,96,4,4,1000,Bottom,k-Median Rule,18.3,1.0,0.9376666666666646
Plackett-Luce,3,100,96,4,4,1000,Bottom,k-Median-Shapley,9.2,0.0,0.9693333333333318
Plackett-Luce,4,100,96,4,4,1000,Cutoff,Evaluative Voting,42.3,42.3,0.89425
Plackett-Luce,4,100,96,4,4,1000,Cutoff,k-Median Rule,27.200000000000003,27.200000000000003,0.9315
Plackett-Luce,4,100,96,4,4,1000,Cutoff,k-Median-Shapley,16.7,16.5,0.95825
Plackett-Luce,4,100,96,4,4,1000,Bottom,Evaluative Voting,0.8999999999999999,0.8999999999999999,0.99775
Plackett-Luce,4,100,96,4,4,1000,Bottom,k-Median Rule,18.6,3.2,0.95275
Plackett-Luce,4,100,96,4,4,1000,Bottom,k-Median-Shapley,8.5,0.0,0.97875
Plackett-Luce,5,100,96,4,4,1000,Cutoff,Evaluative Voting,37.1,37.1,0.9257999999999945
Plackett-Luce,5,100,96,4,4,1000,Cutoff,k-Median Rule,24.7,24.7,0.9497999999999961
Plackett-Luce,5,100,96,4,4,1000,Cutoff,k-Median-Shapley,15.299999999999999,15.299999999999999,0.9693999999999972
Plackett-Luce,5,100,96,4,4,1000,Bottom,Evaluative Voting,4.9,4.9,0.9901999999999994
Plackett-Luce,5,100,96,4,4,1000,Bottom,k-Median Rule,18.2,6.2,0.9627999999999968
Plackett-Luce,5,100,96,4,4,1000,Bottom,k-Median-Shapley,8.3,0.7000000000000001,0.9833999999999984
Plackett-Luce,6,100,96,4,4,1000,Cutoff,Evaluative Voting,29.2,29.2,0.9513333333333369
Plackett-Luce,6,100,96,4,4,1000,Cutoff,k-Median Rule,18.7,18.7,0.9688333333333363
Plackett-Luce,6,100,96,4,4,1000,Cutoff,k-Median-Shapley,9.9,9.9,0.9835000000000015
Plackett-Luce,6,100,96,4,4,1000,Bottom,Evaluative Voting,29.2,29.2,0.9513333333333369
Plackett-Luce,6,100,96,4,4,1000,Bottom,k-Median Rule,18.7,18.7,0.9688333333333363
Plackett-Luce,6,100,96,4,4,1000,Bottom,k-Median-Shapley,9.9,9.9,0.9835000000000015
Plackett-Luce,2,100,95,5,5,1000,Cutoff,Evaluative Voting,49.8,49.8,0.751
Plackett-Luce,2,100,95,5,5,1000,Cutoff,k-Median Rule,32.4,32.4,0.8335
Plackett-Luce,2,100,95,5,5,1000,Cutoff,k-Median-Shapley,20.1,19.8,0.8995
Plackett-Luce,2,100,95,5,5,1000,Bottom,Evaluative Voting,0.0,0.0,1.0
Plackett-Luce,2,100,95,5,5,1000,Bottom,k-Median Rule,23.1,0.3,0.88
Plackett-Luce,2,100,95,5,5,1000,Bottom,k-Median-Shapley,9.8,0.0,0.951
Plackett-Luce,3,100,95,5,5,1000,Cutoff,Evaluative Voting,52.6,52.6,0.8246666666666612
Plackett-Luce,3,100,95,5,5,1000,Cutoff,k-Median Rule,34.8,34.8,0.8809999999999959
Plackett-Luce,3,100,95,5,5,1000,Cutoff,k-Median-Shapley,20.5,20.0,0.9316666666666641
Plackett-Luce,3,100,95,5,5,1000,Bottom,Evaluative Voting,0.4,0.4,0.9986666666666666
Plackett-Luce,3,100,95,5,5,1000,Bottom,k-Median Rule,25.1,1.4000000000000001,0.9136666666666639
Plackett-Luce,3,100,95,5,5,1000,Bottom,k-Median-Shapley,11.4,0.0,0.9619999999999984
Plackett-Luce,4,100,95,5,5,1000,Cutoff,Evaluative Voting,50.4,50.4,0.874
Plackett-Luce,4,100,95,5,5,1000,Cutoff,k-Median Rule,34.4,34.4,0.91275
Plackett-Luce,4,100,95,5,5,1000,Cutoff,k-Median-Shapley,20.9,20.8,0.94775
Plackett-Luce,4,100,95,5,5,1000,Bottom,Evaluative Voting,1.3,1.3,0.99675
Plackett-Luce,4,100,95,5,5,1000,Bottom,k-Median Rule,24.3,3.9,0.93775
Plackett-Luce,4,100,95,5,5,1000,Bottom,k-Median-Shapley,9.2,0.3,0.977
Plackett-Luce,5,100,95,5,5,1000,Cutoff,Evaluative Voting,45.7,45.7,0.9085999999999929
Plackett-Luce,5,100,95,5,5,1000,Cutoff,k-Median Rule,30.0,30.0,0.9391999999999949
Plackett-Luce,5,100,95,5,5,1000,Cutoff,k-Median-Shapley,17.4,17.1,0.9651999999999968
Plackett-Luce,5,100,95,5,5,1000,Bottom,Evaluative Voting,7.8,7.8,0.9843999999999989
Plackett-Luce,5,100,95,5,5,1000,Bottom,k-Median Rule,23.599999999999998,7.7,0.9519999999999955
Plackett-Luce,5,100,95,5,5,1000,Bottom,k-Median-Shapley,8.1,1.4000000000000001,0.9837999999999983
Plackett-Luce,6,100,95,5,5,1000,Cutoff,Evaluative Voting,37.0,37.0,0.9383333333333377
Plackett-Luce,6,100,95,5,5,1000,Cutoff,k-Median Rule,22.1,22.1,0.9631666666666701
Plackett-Luce,6,100,95,5,5,1000,Cutoff,k-Median-Shapley,13.4,13.4,0.9776666666666686
Plackett-Luce,6,100,95,5,5,1000,Bottom,Evaluative Voting,37.0,37.0,0.9383333333333377
Plackett-Luce,6,100,95,5,5,1000,Bottom,k-Median Rule,22.1,22.1,0.9631666666666701
Plackett-Luce,6,100,95,5,5,1000,Bottom,k-Median-Shapley,13.4,13.4,0.9776666666666686
Plackett-Luce,2,100,94,6,6,1000,Cutoff,Evaluative Voting,57.3,57.3,0.7135
Plackett-Luce,2,100,94,6,6,1000,Cutoff,k-Median Rule,36.6,36.6,0.813
Plackett-Luce,2,100,94,6,6,1000,Cutoff,k-Median-Shapley,22.900000000000002,22.7,0.885
Plackett-Luce,2,100,94,6,6,1000,Bottom,Evaluative Voting,0.0,0.0,1.0
Plackett-Luce,2,100,94,6,6,1000,Bottom,k-Median Rule,24.0,0.4,0.876
Plackett-Luce,2,100,94,6,6,1000,Bottom,k-Median-Shapley,10.5,0.0,0.947
Plackett-Luce,3,100,94,6,6,1000,Cutoff,Evaluative Voting,59.4,59.4,0.8019999999999946
Plackett-Luce,3,100,94,6,6,1000,Cutoff,k-Median Rule,39.800000000000004,39.800000000000004,0.8646666666666621
Plackett-Luce,3,100,94,6,6,1000,Cutoff,k-Median-Shapley,23.400000000000002,23.0,0.9219999999999974
Plackett-Luce,3,100,94,6,6,1000,Bottom,Evaluative Voting,0.5,0.5,0.9983333333333333
Plackett-Luce,3,100,94,6,6,1000,Bottom,k-Median Rule,25.5,1.6,0.9129999999999971
Plackett-Luce,3,100,94,6,6,1000,Bottom,k-Median-Shapley,12.0,0.0,0.9599999999999984
Plackett-Luce,4,100,94,6,6,1000,Cutoff,Evaluative Voting,56.89999999999999,56.89999999999999,0.85775
Plackett-Luce,4,100,94,6,6,1000,Cutoff,k-Median Rule,39.4,39.4,0.8995
Plackett-Luce,4,100,94,6,6,1000,Cutoff,k-Median-Shapley,24.2,24.099999999999998,0.9395
Plackett-Luce,4,100,94,6,6,1000,Bottom,Evaluative Voting,1.7999999999999998,1.7999999999999998,0.9955
Plackett-Luce,4,100,94,6,6,1000,Bottom,k-Median Rule,25.900000000000002,5.3,0.933
Plackett-Luce,4,100,94,6,6,1000,Bottom,k-Median-Shapley,10.299999999999999,0.2,0.97425
Plackett-Luce,5,100,94,6,6,1000,Cutoff,Evaluative Voting,52.300000000000004,52.300000000000004,0.8953999999999916
Plackett-Luce,5,100,94,6,6,1000,Cutoff,k-Median Rule,34.599999999999994,34.599999999999994,0.9301999999999941
Plackett-Luce,5,100,94,6,6,1000,Cutoff,k-Median-Shapley,19.6,19.5,0.9607999999999965
Plackett-Luce,5,100,94,6,6,1000,Bottom,Evaluative Voting,11.3,11.3,0.9773999999999983
Plackett-Luce,5,100,94,6,6,1000,Bottom,k-Median Rule,25.4,10.100000000000001,0.9483999999999952
Plackett-Luce,5,100,94,6,6,1000,Bottom,k-Median-Shapley,10.4,1.7000000000000002,0.979199999999998
Plackett-Luce,6,100,94,6,6,1000,Cutoff,Evaluative Voting,43.5,43.5,0.9275000000000054
Plackett-Luce,6,100,94,6,6,1000,Cutoff,k-Median Rule,27.1,27.1,0.9548333333333373
Plackett-Luce,6,100,94,6,6,1000,Cutoff,k-Median-Shapley,17.1,17.1,0.9715000000000025
Plackett-Luce,6,100,94,6,6,1000,Bottom,Evaluative Voting,43.5,43.5,0.9275000000000054
Plackett-Luce,6,100,94,6,6,1000,Bottom,k-Median Rule,27.1,27.1,0.9548333333333373
Plackett-Luce,6,100,94,6,6,1000,Bottom,k-Median-Shapley,17.1,17.1,0.9715000000000025
Plackett-Luce,2,100,93,7,7,1000,Cutoff,Evaluative Voting,63.9,63.9,0.6805
Plackett-Luce,2,100,93,7,7,1000,Cutoff,k-Median Rule,43.3,43.3,0.7775
Plackett-Luce,2,100,93,7,7,1000,Cutoff,k-Median-Shapley,26.200000000000003,26.1,0.868
Plackett-Luce,2,100,93,7,7,1000,Bottom,Evaluative Voting,0.0,0.0,1.0
Plackett-Luce,2,100,93,7,7,1000,Bottom,k-Median Rule,28.299999999999997,0.6,0.853
Plackett-Luce,2,100,93,7,7,1000,Bottom,k-Median-Shapley,11.1,0.0,0.9435
Plackett-Luce,3,100,93,7,7,1000,Cutoff,Evaluative Voting,64.3,64.3,0.7856666666666613
Plackett-Luce,3,100,93,7,7,1000,Cutoff,k-Median Rule,46.800000000000004,46.800000000000004,0.8393333333333282
Plackett-Luce,3,100,93,7,7,1000,Cutoff,k-Median-Shapley,26.200000000000003,25.7,0.9126666666666634
Plackett-Luce,3,100,93,7,7,1000,Bottom,Evaluative Voting,0.8999999999999999,0.8999999999999999,0.9969999999999998
Plackett-Luce,3,100,93,7,7,1000,Bottom,k-Median Rule,31.4,2.0,0.8913333333333296
Plackett-Luce,3,100,93,7,7,1000,Bottom,k-Median-Shapley,11.700000000000001,0.1,0.9609999999999985
Plackett-Luce,4,100,93,7,7,1000,Cutoff,Evaluative Voting,63.800000000000004,63.800000000000004,0.8405
Plackett-Luce,4,100,93,7,7,1000,Cutoff,k-Median Rule,45.300000000000004,45.300000000000004,0.884
Plackett-Luce,4,100,93,7,7,1000,Cutoff,k-Median-Shapley,26.400000000000002,26.400000000000002,0.934
Plackett-Luce,4,100,93,7,7,1000,Bottom,Evaluative Voting,2.9000000000000004,2.9000000000000004,0.99275
Plackett-Luce,4,100,93,7,7,1000,Bottom,k-Median Rule,31.4,5.6000000000000005,0.9185
Plackett-Luce,4,100,93,7,7,1000,Bottom,k-Median-Shapley,10.2,0.4,0.97425
Plackett-Luce,5,100,93,7,7,1000,Cutoff,Evaluative Voting,58.099999999999994,58.099999999999994,0.883799999999991
Plackett-Luce,5,100,93,7,7,1000,Cutoff,k-Median Rule,40.0,40.0,0.9195999999999933
Plackett-Luce,5,100,93,7,7,1000,Cutoff,k-Median-Shapley,24.0,23.799999999999997,0.9519999999999962
Plackett-Luce,5,100,93,7,7,1000,Bottom,Evaluative Voting,14.6,14.6,0.9707999999999979
Plackett-Luce,5,100,93,7,7,1000,Bottom,k-Median Rule,31.4,11.700000000000001,0.9357999999999945
Plackett-Luce,5,100,93,7,7,1000,Bottom,k-Median-Shapley,9.8,2.3,0.9803999999999983
Plackett-Luce,6,100,93,7,7,1000,Cutoff,Evaluative Voting,48.6,48.6,0.9190000000000061
Plackett-Luce,6,100,93,7,7,1000,Cutoff,k-Median Rule,32.300000000000004,32.300000000000004,0.946166666666671
Plackett-Luce,6,100,93,7,7,1000,Cutoff,k-Median-Shapley,18.5,18.5,0.9691666666666693
Plackett-Luce,6,100,93,7,7,1000,Bottom,Evaluative Voting,48.6,48.6,0.9190000000000061
Plackett-Luce,6,100,93,7,7,1000,Bottom,k-Median Rule,32.300000000000004,32.300000000000004,0.946166666666671
Plackett-Luce,6,100,93,7,7,1000,Bottom,k-Median-Shapley,18.5,18.5,0.9691666666666693
Plackett-Luce,2,100,92,8,8,1000,Cutoff,Evaluative Voting,70.39999999999999,70.39999999999999,0.648
Plackett-Luce,2,100,92,8,8,1000,Cutoff,k-Median Rule,47.4,47.4,0.758
Plackett-Luce,2,100,92,8,8,1000,Cutoff,k-Median-Shapley,28.7,28.599999999999998,0.8565
Plackett-Luce,2,100,92,8,8,1000,Bottom,Evaluative Voting,0.2,0.2,0.999
Plackett-Luce,2,100,92,8,8,1000,Bottom,k-Median Rule,29.2,0.8,0.8495
Plackett-Luce,2,100,92,8,8,1000,Bottom,k-Median-Shapley,11.4,0.0,0.943
Plackett-Luce,3,100,92,8,8,1000,Cutoff,Evaluative Voting,71.0,71.0,0.7633333333333282
Plackett-Luce,3,100,92,8,8,1000,Cutoff,k-Median Rule,50.2,50.2,0.8259999999999952
Plackett-Luce,3,100,92,8,8,1000,Cutoff,k-Median-Shapley,28.4,27.900000000000002,0.9053333333333302
Plackett-Luce,3,100,92,8,8,1000,Bottom,Evaluative Voting,1.3,1.3,0.9956666666666664
Plackett-Luce,3,100,92,8,8,1000,Bottom,k-Median Rule,31.5,2.1999999999999997,0.8896666666666634
Plackett-Luce,3,100,92,8,8,1000,Bottom,k-Median-Shapley,11.700000000000001,0.0,0.9609999999999986
Plackett-Luce,4,100,92,8,8,1000,Cutoff,Evaluative Voting,69.8,69.8,0.8255
Plackett-Luce,4,100,92,8,8,1000,Cutoff,k-Median Rule,49.0,49.0,0.87325
Plackett-Luce,4,100,92,8,8,1000,Cutoff,k-Median-Shapley,29.799999999999997,29.599999999999998,0.9255
Plackett-Luce,4,100,92,8,8,1000,Bottom,Evaluative Voting,5.1,5.1,0.98725
Plackett-Luce,4,100,92,8,8,1000,Bottom,k-Median Rule,31.0,6.7,0.917
Plackett-Luce,4,100,92,8,8,1000,Bottom,k-Median-Shapley,10.9,0.5,0.97275
Plackett-Luce,5,100,92,8,8,1000,Cutoff,Evaluative Voting,64.9,64.9,0.8701999999999903
Plackett-Luce,5,100,92,8,8,1000,Cutoff,k-Median Rule,43.4,43.4,0.9127999999999931
Plackett-Luce,5,100,92,8,8,1000,Cutoff,k-Median-Shapley,28.799999999999997,28.7,0.9421999999999953
Plackett-Luce,5,100,92,8,8,1000,Bottom,Evaluative Voting,19.900000000000002,19.900000000000002,0.9601999999999975
Plackett-Luce,5,100,92,8,8,1000,Bottom,k-Median Rule,32.300000000000004,14.299999999999999,0.9333999999999945
Plackett-Luce,5,100,92,8,8,1000,Bottom,k-Median-Shapley,11.1,2.8000000000000003,0.977799999999998
Plackett-Luce,6,100,92,8,8,1000,Cutoff,Evaluative Voting,55.300000000000004,55.300000000000004,0.9078333333333403
Plackett-Luce,6,100,92,8,8,1000,Cutoff,k-Median Rule,36.0,36.0,0.9400000000000049
Plackett-Luce,6,100,92,8,8,1000,Cutoff,k-Median-Shapley,21.6,21.6,0.9640000000000025
Plackett-Luce,6,100,92,8,8,1000,Bottom,Evaluative Voting,55.300000000000004,55.300000000000004,0.9078333333333403
Plackett-Luce,6,100,92,8,8,1000,Bottom,k-Median Rule,36.0,36.0,0.9400000000000049
Plackett-Luce,6,100,92,8,8,1000,Bottom,k-Median-Shapley,21.6,21.6,0.9640000000000025
Plackett-Luce,2,100,91,9,9,1000,Cutoff,Evaluative Voting,75.4,75.4,0.623
Plackett-Luce,2,100,91,9,9,1000,Cutoff,k-Median Rule,53.5,53.5,0.723
Plackett-Luce,2,100,91,9,9,1000,Cutoff,k-Median-Shapley,32.2,32.0,0.839
Plackett-Luce,2,100,91,9,9,1000,Bottom,Evaluative Voting,0.4,0.4,0.998
Plackett-Luce,2,100,91,9,9,1000,Bottom,k-Median Rule,32.2,1.0,0.8315
Plackett-Luce,2,100,91,9,9,1000,Bottom,k-Median-Shapley,11.899999999999999,0.0,0.9405
Plackett-Luce,3,100,91,9,9,1000,Cutoff,Evaluative Voting,75.3,75.3,0.748999999999995
Plackett-Luce,3,100,91,9,9,1000,Cutoff,k-Median Rule,55.400000000000006,55.400000000000006,0.8053333333333287
Plackett-Luce,3,100,91,9,9,1000,Cutoff,k-Median-Shapley,32.0,31.7,0.8929999999999964
Plackett-Luce,3,100,91,9,9,1000,Bottom,Evaluative Voting,1.7000000000000002,1.7000000000000002,0.9943333333333331
Plackett-Luce,3,100,91,9,9,1000,Bottom,k-Median Rule,36.3,2.8000000000000003,0.8709999999999963
Plackett-Luce,3,100,91,9,9,1000,Bottom,k-Median-Shapley,12.4,0.0,0.9586666666666653
Plackett-Luce,4,100,91,9,9,1000,Cutoff,Evaluative Voting,74.6,74.6,0.8135
Plackett-Luce,4,100,91,9,9,1000,Cutoff,k-Median Rule,54.1,54.1,0.8595
Plackett-Luce,4,100,91,9,9,1000,Cutoff,k-Median-Shapley,33.2,33.0,0.917
Plackett-Luce,4,100,91,9,9,1000,Bottom,Evaluative Voting,6.7,6.7,0.98325
Plackett-Luce,4,100,91,9,9,1000,Bottom,k-Median Rule,36.4,7.9,0.90325
Plackett-Luce,4,100,91,9,9,1000,Bottom,k-Median-Shapley,10.7,0.8,0.97325
Plackett-Luce,5,100,91,9,9,1000,Cutoff,Evaluative Voting,70.5,70.5,0.8589999999999901
Plackett-Luce,5,100,91,9,9,1000,Cutoff,k-Median Rule,48.4,48.4,0.9021999999999926
Plackett-Luce,5,100,91,9,9,1000,Cutoff,k-Median-Shapley,31.4,31.1,0.9369999999999948
Plackett-Luce,5,100,91,9,9,1000,Bottom,Evaluative Voting,25.3,25.3,0.9493999999999964
Plackett-Luce,5,100,91,9,9,1000,Bottom,k-Median Rule,36.7,17.0,0.9235999999999941
Plackett-Luce,5,100,91,9,9,1000,Bottom,k-Median-Shapley,11.600000000000001,4.1000000000000005,0.9765999999999982
Plackett-Luce,6,100,91,9,9,1000,Cutoff,Evaluative Voting,60.9,60.9,0.8985000000000073
Plackett-Luce,6,100,91,9,9,1000,Cutoff,k-Median Rule,40.9,40.9,0.9318333333333391
Plackett-Luce,6,100,91,9,9,1000,Cutoff,k-Median-Shapley,23.5,23.5,0.9608333333333362
Plackett-Luce,6,100,91,9,9,1000,Bottom,Evaluative Voting,60.9,60.9,0.8985000000000073
Plackett-Luce,6,100,91,9,9,1000,Bottom,k-Median Rule,40.9,40.9,0.9318333333333391
Plackett-Luce,6,100,91,9,9,1000,Bottom,k-Median-Shapley,23.5,23.5,0.9608333333333362
Plackett-Luce,2,100,90,10,10,1000,Cutoff,Evaluative Voting,79.5,79.5,0.6025
Plackett-Luce,2,100,90,10,10,1000,Cutoff,k-Median Rule,58.099999999999994,58.099999999999994,0.7015
Plackett-Luce,2,100,90,10,10,1000,Cutoff,k-Median-Shapley,35.099999999999994,35.0,0.824
Plackett-Luce,2,100,90,10,10,1000,Bottom,Evaluative Voting,0.4,0.4,0.998
Plackett-Luce,2,100,90,10,10,1000,Bottom,k-Median Rule,32.4,1.3,0.833
Plackett-Luce,2,100,90,10,10,1000,Bottom,k-Median-Shapley,12.8,0.0,0.936
Plackett-Luce,3,100,90,10,10,1000,Cutoff,Evaluative Voting,79.4,79.4,0.7353333333333288
Plackett-Luce,3,100,90,10,10,1000,Cutoff,k-Median Rule,60.699999999999996,60.699999999999996,0.7883333333333289
Plackett-Luce,3,100,90,10,10,1000,Cutoff,k-Median-Shapley,34.599999999999994,34.5,0.8843333333333296
Plackett-Luce,3,100,90,10,10,1000,Bottom,Evaluative Voting,2.1999999999999997,2.1999999999999997,0.9926666666666664
Plackett-Luce,3,100,90,10,10,1000,Bottom,k-Median Rule,35.6,3.5000000000000004,0.8733333333333296
Plackett-Luce,3,100,90,10,10,1000,Bottom,k-Median-Shapley,13.100000000000001,0.4,0.9563333333333318
Plackett-Luce,4,100,90,10,10,1000,Cutoff,Evaluative Voting,78.8,78.8,0.803
Plackett-Luce,4,100,90,10,10,1000,Cutoff,k-Median Rule,59.199999999999996,59.199999999999996,0.84725
Plackett-Luce,4,100,90,10,10,1000,Cutoff,k-Median-Shapley,34.599999999999994,34.599999999999994,0.9135
Plackett-Luce,4,100,90,10,10,1000,Bottom,Evaluative Voting,9.5,9.5,0.97625
Plackett-Luce,4,100,90,10,10,1000,Bottom,k-Median Rule,37.3,9.5,0.9015
Plackett-Luce,4,100,90,10,10,1000,Bottom,k-Median-Shapley,11.899999999999999,1.0,0.97
Plackett-Luce,5,100,90,10,10,1000,Cutoff,Evaluative Voting,75.9,75.9,0.8481999999999895
Plackett-Luce,5,100,90,10,10,1000,Cutoff,k-Median Rule,51.4,51.4,0.8951999999999924
Plackett-Luce,5,100,90,10,10,1000,Cutoff,k-Median-Shapley,34.8,34.4,0.9303999999999945
Plackett-Luce,5,100,90,10,10,1000,Bottom,Evaluative Voting,29.599999999999998,29.599999999999998,0.9407999999999955
Plackett-Luce,5,100,90,10,10,1000,Bottom,k-Median Rule,38.2,20.1,0.9197999999999942
Plackett-Luce,5,100,90,10,10,1000,Bottom,k-Median-Shapley,13.5,5.0,0.9727999999999976
Plackett-Luce,6,100,90,10,10,1000,Cutoff,Evaluative Voting,66.2,66.2,0.8896666666666742
Plackett-Luce,6,100,90,10,10,1000,Cutoff,k-Median Rule,44.1,44.1,0.9265000000000058
Plackett-Luce,6,100,90,10,10,1000,Cutoff,k-Median-Shapley,26.8,26.8,0.9553333333333367
Plackett-Luce,6,100,90,10,10,1000,Bottom,Evaluative Voting,66.2,66.2,0.8896666666666742
Plackett-Luce,6,100,90,10,10,1000,Bottom,k-Median Rule,44.1,44.1,0.9265000000000058
Plackett-Luce,6,100,90,10,10,1000,Bottom,k-Median-Shapley,26.8,26.8,0.9553333333333367
Plackett-Luce,2,100,89,11,11,1000,Cutoff,Evaluative Voting,83.89999999999999,83.89999999999999,0.5805
Plackett-Luce,2,100,89,11,11,1000,Cutoff,k-Median Rule,63.0,63.0,0.674
Plackett-Luce,2,100,89,11,11,1000,Cutoff,k-Median-Shapley,38.800000000000004,38.5,0.806
Plackett-Luce,2,100,89,11,11,1000,Bottom,Evaluative Voting,0.6,0.6,0.997
Plackett-Luce,2,100,89,11,11,1000,Bottom,k-Median Rule,35.8,1.4000000000000001,0.813
Plackett-Luce,2,100,89,11,11,1000,Bottom,k-Median-Shapley,13.3,0.0,0.9335
Plackett-Luce,3,100,89,11,11,1000,Cutoff,Evaluative Voting,83.8,83.8,0.7206666666666627
Plackett-Luce,3,100,89,11,11,1000,Cutoff,k-Median Rule,64.60000000000001,64.60000000000001,0.7726666666666623
Plackett-Luce,3,100,89,11,11,1000,Cutoff,k-Median-Shapley,38.0,37.5,0.8726666666666627
Plackett-Luce,3,100,89,11,11,1000,Bottom,Evaluative Voting,3.4000000000000004,3.4000000000000004,0.9886666666666661
Plackett-Luce,3,100,89,11,11,1000,Bottom,k-Median Rule,38.800000000000004,4.3,0.8603333333333294
Plackett-Luce,3,100,89,11,11,1000,Bottom,k-Median-Shapley,13.8,0.4,0.9536666666666652
Plackett-Luce,4,100,89,11,11,1000,Cutoff,Evaluative Voting,82.3,82.3,0.79425
Plackett-Luce,4,100,89,11,11,1000,Cutoff,k-Median Rule,63.800000000000004,63.800000000000004,0.83475
Plackett-Luce,4,100,89,11,11,1000,Cutoff,k-Median-Shapley,38.1,38.1,0.90475
Plackett-Luce,4,100,89,11,11,1000,Bottom,Evaluative Voting,12.7,12.7,0.96825
Plackett-Luce,4,100,89,11,11,1000,Bottom,k-Median Rule,40.6,10.299999999999999,0.89175
Plackett-Luce,4,100,89,11,11,1000,Bottom,k-Median-Shapley,12.0,1.6,0.96975
Plackett-Luce,5,100,89,11,11,1000,Cutoff,Evaluative Voting,80.2,80.2,0.8395999999999895
Plackett-Luce,5,100,89,11,11,1000,Cutoff,k-Median Rule,55.300000000000004,55.300000000000004,0.8867999999999919
Plackett-Luce,5,100,89,11,11,1000,Cutoff,k-Median-Shapley,36.5,36.3,0.9269999999999943
Plackett-Luce,5,100,89,11,11,1000,Bottom,Evaluative Voting,34.1,34.1,0.9317999999999947
Plackett-Luce,5,100,89,11,11,1000,Bottom,k-Median Rule,42.0,22.400000000000002,0.9095999999999939
Plackett-Luce,5,100,89,11,11,1000,Bottom,k-Median-Shapley,14.6,6.0,0.9707999999999979
Plackett-Luce,6,100,89,11,11,1000,Cutoff,Evaluative Voting,71.0,71.0,0.8816666666666747
Plackett-Luce,6,100,89,11,11,1000,Cutoff,k-Median Rule,48.1,48.1,0.9198333333333394
Plackett-Luce,6,100,89,11,11,1000,Cutoff,k-Median-Shapley,30.4,30.4,0.9493333333333368
Plackett-Luce,6,100,89,11,11,1000,Bottom,Evaluative Voting,71.0,71.0,0.8816666666666747
Plackett-Luce,6,100,89,11,11,1000,Bottom,k-Median Rule,48.1,48.1,0.9198333333333394
Plackett-Luce,6,100,89,11,11,1000,Bottom,k-Median-Shapley,30.4,30.4,0.9493333333333368
Plackett-Luce,2,100,88,12,12,1000,Cutoff,Evaluative Voting,87.6,87.6,0.562
Plackett-Luce,2,100,88,12,12,1000,Cutoff,k-Median Rule,66.3,66.3,0.658
Plackett-Luce,2,100,88,12,12,1000,Cutoff,k-Median-Shapley,42.5,42.4,0.7865
Plackett-Luce,2,100,88,12,12,1000,Bottom,Evaluative Voting,0.8999999999999999,0.8999999999999999,0.9955
Plackett-Luce,2,100,88,12,12,1000,Bottom,k-Median Rule,36.7,1.6,0.81
Plackett-Luce,2,100,88,12,12,1000,Bottom,k-Median-Shapley,12.6,0.0,0.937
Plackett-Luce,3,100,88,12,12,1000,Cutoff,Evaluative Voting,88.0,88.0,0.706666666666663
Plackett-Luce,3,100,88,12,12,1000,Cutoff,k-Median Rule,68.2,68.2,0.7603333333333294
Plackett-Luce,3,100,88,12,12,1000,Cutoff,k-Median-Shapley,42.5,42.199999999999996,0.8579999999999955
Plackett-Luce,3,100,88,12,12,1000,Bottom,Evaluative Voting,5.4,5.4,0.9819999999999992
Plackett-Luce,3,100,88,12,12,1000,Bottom,k-Median Rule,40.0,4.7,0.8563333333333291
Plackett-Luce,3,100,88,12,12,1000,Bottom,k-Median-Shapley,14.299999999999999,0.2,0.9523333333333316
Plackett-Luce,4,100,88,12,12,1000,Cutoff,Evaluative Voting,86.3,86.3,0.78425
Plackett-Luce,4,100,88,12,12,1000,Cutoff,k-Median Rule,67.2,67.2,0.82525
Plackett-Luce,4,100,88,12,12,1000,Cutoff,k-Median-Shapley,40.400000000000006,40.400000000000006,0.89875
Plackett-Luce,4,100,88,12,12,1000,Bottom,Evaluative Voting,15.9,15.9,0.96025
Plackett-Luce,4,100,88,12,12,1000,Bottom,k-Median Rule,41.4,11.799999999999999,0.8905
Plackett-Luce,4,100,88,12,12,1000,Bottom,k-Median-Shapley,12.0,1.6,0.97
Plackett-Luce,5,100,88,12,12,1000,Cutoff,Evaluative Voting,83.7,83.7,0.8325999999999891
Plackett-Luce,5,100,88,12,12,1000,Cutoff,k-Median Rule,59.099999999999994,59.099999999999994,0.8789999999999917
Plackett-Luce,5,100,88,12,12,1000,Cutoff,k-Median-Shapley,38.9,38.800000000000004,0.9219999999999936
Plackett-Luce,5,100,88,12,12,1000,Bottom,Evaluative Voting,39.1,39.1,0.9217999999999938
Plackett-Luce,5,100,88,12,12,1000,Bottom,k-Median Rule,44.4,25.8,0.9035999999999939
Plackett-Luce,5,100,88,12,12,1000,Bottom,k-Median-Shapley,14.000000000000002,5.6000000000000005,0.9717999999999978
Plackett-Luce,6,100,88,12,12,1000,Cutoff,Evaluative Voting,74.5,74.5,0.8758333333333416
Plackett-Luce,6,100,88,12,12,1000,Cutoff,k-Median Rule,51.2,51.2,0.914666666666673
Plackett-Luce,6,100,88,12,12,1000,Cutoff,k-Median-Shapley,32.1,32.1,0.9465000000000038
Plackett-Luce,6,100,88,12,12,1000,Bottom,Evaluative Voting,74.5,74.5,0.8758333333333416
Plackett-Luce,6,100,88,12,12,1000,Bottom,k-Median Rule,51.2,51.2,0.914666666666673
Plackett-Luce,6,100,88,12,12,1000,Bottom,k-Median-Shapley,32.1,32.1,0.9465000000000038
Plackett-Luce,2,100,87,13,13,1000,Cutoff,Evaluative Voting,90.60000000000001,90.60000000000001,0.547
Plackett-Luce,2,100,87,13,13,1000,Cutoff,k-Median Rule,71.39999999999999,71.39999999999999,0.6295
Plackett-Luce,2,100,87,13,13,1000,Cutoff,k-Median-Shapley,46.0,46.0,0.7695
Plackett-Luce,2,100,87,13,13,1000,Bottom,Evaluative Voting,1.4000000000000001,1.4000000000000001,0.993
Plackett-Luce,2,100,87,13,13,1000,Bottom,k-Median Rule,38.1,1.7999999999999998,0.8
Plackett-Luce,2,100,87,13,13,1000,Bottom,k-Median-Shapley,11.1,0.0,0.9445
Plackett-Luce,3,100,87,13,13,1000,Cutoff,Evaluative Voting,90.60000000000001,90.60000000000001,0.6979999999999967
Plackett-Luce,3,100,87,13,13,1000,Cutoff,k-Median Rule,72.6,72.6,0.7423333333333296
Plackett-Luce,3,100,87,13,13,1000,Cutoff,k-Median-Shapley,45.9,45.7,0.8466666666666619
Plackett-Luce,3,100,87,13,13,1000,Bottom,Evaluative Voting,7.1,7.1,0.9763333333333323
Plackett-Luce,3,100,87,13,13,1000,Bottom,k-Median Rule,41.199999999999996,5.6000000000000005,0.8513333333333292
Plackett-Luce,3,100,87,13,13,1000,Bottom,k-Median-Shapley,13.4,0.6,0.9553333333333317
Plackett-Luce,4,100,87,13,13,1000,Cutoff,Evaluative Voting,90.0,90.0,0.775
Plackett-Luce,4,100,87,13,13,1000,Cutoff,k-Median Rule,71.0,71.0,0.81425
Plackett-Luce,4,100,87,13,13,1000,Cutoff,k-Median-Shapley,43.1,43.1,0.892
Plackett-Luce,4,100,87,13,13,1000,Bottom,Evaluative Voting,19.2,19.2,0.952
Plackett-Luce,4,100,87,13,13,1000,Bottom,k-Median Rule,43.8,13.600000000000001,0.88275
Plackett-Luce,4,100,87,13,13,1000,Bottom,k-Median-Shapley,13.3,2.0,0.9665
Plackett-Luce,5,100,87,13,13,1000,Cutoff,Evaluative Voting,86.6,86.6,0.826799999999989
Plackett-Luce,5,100,87,13,13,1000,Cutoff,k-Median Rule,62.8,62.8,0.8713999999999915
Plackett-Luce,5,100,87,13,13,1000,Cutoff,k-Median-Shapley,41.099999999999994,41.099999999999994,0.9177999999999934
Plackett-Luce,5,100,87,13,13,1000,Bottom,Evaluative Voting,44.4,44.4,0.9111999999999932
Plackett-Luce,5,100,87,13,13,1000,Bottom,k-Median Rule,48.0,28.9,0.8959999999999935
Plackett-Luce,5,100,87,13,13,1000,Bottom,k-Median-Shapley,14.399999999999999,6.9,0.9711999999999975
Plackett-Luce,6,100,87,13,13,1000,Cutoff,Evaluative Voting,78.9,78.9,0.8685000000000086
Plackett-Luce,6,100,87,13,13,1000,Cutoff,k-Median Rule,54.900000000000006,54.900000000000006,0.9085000000000066
Plackett-Luce,6,100,87,13,13,1000,Cutoff,k-Median-Shapley,35.4,35.4,0.9410000000000044
Plackett-Luce,6,100,87,13,13,1000,Bottom,Evaluative Voting,78.9,78.9,0.8685000000000086
Plackett-Luce,6,100,87,13,13,1000,Bottom,k-Median Rule,54.900000000000006,54.900000000000006,0.9085000000000066
Plackett-Luce,6,100,87,13,13,1000,Bottom,k-Median-Shapley,35.4,35.4,0.9410000000000044
Plackett-Luce,2,100,86,14,14,1000,Cutoff,Evaluative Voting,92.5,92.5,0.5375
Plackett-Luce,2,100,86,14,14,1000,Cutoff,k-Median Rule,75.1,75.1,0.613
Plackett-Luce,2,100,86,14,14,1000,Cutoff,k-Median-Shapley,48.4,48.4,0.7565
Plackett-Luce,2,100,86,14,14,1000,Bottom,Evaluative Voting,1.9,1.9,0.9905
Plackett-Luce,2,100,86,14,14,1000,Bottom,k-Median Rule,38.6,1.9,0.799
Plackett-Luce,2,100,86,14,14,1000,Bottom,k-Median-Shapley,12.3,0.0,0.9385
Plackett-Luce,3,100,86,14,14,1000,Cutoff,Evaluative Voting,93.0,93.0,0.6899999999999966
Plackett-Luce,3,100,86,14,14,1000,Cutoff,k-Median Rule,75.6,75.6,0.7346666666666631
Plackett-Luce,3,100,86,14,14,1000,Cutoff,k-Median-Shapley,49.2,49.0,0.8356666666666615
Plackett-Luce,3,100,86,14,14,1000,Bottom,Evaluative Voting,8.9,8.9,0.970333333333332
Plackett-Luce,3,100,86,14,14,1000,Bottom,k-Median Rule,41.099999999999994,6.4,0.8543333333333291
Plackett-Luce,3,100,86,14,14,1000,Bottom,k-Median-Shapley,13.200000000000001,0.7000000000000001,0.9556666666666647
Plackett-Luce,4,100,86,14,14,1000,Cutoff,Evaluative Voting,92.0,92.0,0.77
Plackett-Luce,4,100,86,14,14,1000,Cutoff,k-Median Rule,75.0,75.0,0.8045
Plackett-Luce,4,100,86,14,14,1000,Cutoff,k-Median-Shapley,46.400000000000006,46.400000000000006,0.884
Plackett-Luce,4,100,86,14,14,1000,Bottom,Evaluative Voting,23.1,23.1,0.94225
Plackett-Luce,4,100,86,14,14,1000,Bottom,k-Median Rule,46.400000000000006,16.400000000000002,0.876
Plackett-Luce,4,100,86,14,14,1000,Bottom,k-Median-Shapley,13.5,1.9,0.966
Plackett-Luce,5,100,86,14,14,1000,Cutoff,Evaluative Voting,89.4,89.4,0.8211999999999887
Plackett-Luce,5,100,86,14,14,1000,Cutoff,k-Median Rule,65.7,65.7,0.866399999999991
Plackett-Luce,5,100,86,14,14,1000,Cutoff,k-Median-Shapley,44.4,44.4,0.911199999999993
Plackett-Luce,5,100,86,14,14,1000,Bottom,Evaluative Voting,51.1,51.1,0.8977999999999926
Plackett-Luce,5,100,86,14,14,1000,Bottom,k-Median Rule,51.0,33.2,0.890199999999993
Plackett-Luce,5,100,86,14,14,1000,Bottom,k-Median-Shapley,15.299999999999999,8.0,0.9691999999999978
Plackett-Luce,6,100,86,14,14,1000,Cutoff,Evaluative Voting,83.3,83.3,0.8611666666666754
Plackett-Luce,6,100,86,14,14,1000,Cutoff,k-Median Rule,58.099999999999994,58.099999999999994,0.9031666666666734
Plackett-Luce,6,100,86,14,14,1000,Cutoff,k-Median-Shapley,36.7,36.7,0.9388333333333377
Plackett-Luce,6,100,86,14,14,1000,Bottom,Evaluative Voting,83.3,83.3,0.8611666666666754
Plackett-Luce,6,100,86,14,14,1000,Bottom,k-Median Rule,58.099999999999994,58.099999999999994,0.9031666666666734
Plackett-Luce,6,100,86,14,14,1000,Bottom,k-Median-Shapley,36.7,36.7,0.9388333333333377
Plackett-Luce,2,100,85,15,15,1000,Cutoff,Evaluative Voting,94.5,94.5,0.5275
Plackett-Luce,2,100,85,15,15,1000,Cutoff,k-Median Rule,78.0,78.0,0.5945
Plackett-Luce,2,100,85,15,15,1000,Cutoff,k-Median-Shapley,50.1,50.0,0.7485
Plackett-Luce,2,100,85,15,15,1000,Bottom,Evaluative Voting,3.0,3.0,0.985
Plackett-Luce,2,100,85,15,15,1000,Bottom,k-Median Rule,39.7,2.0,0.793
Plackett-Luce,2,100,85,15,15,1000,Bottom,k-Median-Shapley,11.799999999999999,0.0,0.9405
Plackett-Luce,3,100,85,15,15,1000,Cutoff,Evaluative Voting,94.6,94.6,0.6846666666666633
Plackett-Luce,3,100,85,15,15,1000,Cutoff,k-Median Rule,78.7,78.7,0.7233333333333299
Plackett-Luce,3,100,85,15,15,1000,Cutoff,k-Median-Shapley,52.2,52.1,0.8256666666666613
Plackett-Luce,3,100,85,15,15,1000,Bottom,Evaluative Voting,11.0,11.0,0.9633333333333319
Plackett-Luce,3,100,85,15,15,1000,Bottom,k-Median Rule,42.3,7.5,0.8499999999999954
Plackett-Luce,3,100,85,15,15,1000,Bottom,k-Median-Shapley,15.0,1.0999999999999999,0.9496666666666645
Plackett-Luce,4,100,85,15,15,1000,Cutoff,Evaluative Voting,94.39999999999999,94.39999999999999,0.764
Plackett-Luce,4,100,85,15,15,1000,Cutoff,k-Median Rule,78.7,78.7,0.7945
Plackett-Luce,4,100,85,15,15,1000,Cutoff,k-Median-Shapley,49.2,49.2,0.87675
Plackett-Luce,4,100,85,15,15,1000,Bottom,Evaluative Voting,28.4,28.4,0.929
Plackett-Luce,4,100,85,15,15,1000,Bottom,k-Median Rule,47.3,17.8,0.8725
Plackett-Luce,4,100,85,15,15,1000,Bottom,k-Median-Shapley,13.600000000000001,2.8000000000000003,0.96525
Plackett-Luce,5,100,85,15,15,1000,Cutoff,Evaluative Voting,92.10000000000001,92.10000000000001,0.8157999999999886
Plackett-Luce,5,100,85,15,15,1000,Cutoff,k-Median Rule,70.0,70.0,0.856999999999991
Plackett-Luce,5,100,85,15,15,1000,Cutoff,k-Median-Shapley,46.7,46.7,0.9063999999999927
Plackett-Luce,5,100,85,15,15,1000,Bottom,Evaluative Voting,56.3,56.3,0.8873999999999918
Plackett-Luce,5,100,85,15,15,1000,Bottom,k-Median Rule,51.7,35.4,0.8875999999999933
Plackett-Luce,5,100,85,15,15,1000,Bottom,k-Median-Shapley,17.2,10.299999999999999,0.9651999999999968
Plackett-Luce,6,100,85,15,15,1000,Cutoff,Evaluative Voting,86.2,86.2,0.8563333333333422
Plackett-Luce,6,100,85,15,15,1000,Cutoff,k-Median Rule,60.9,60.9,0.8985000000000068
Plackett-Luce,6,100,85,15,15,1000,Cutoff,k-Median-Shapley,39.2,39.2,0.9346666666666714
Plackett-Luce,6,100,85,15,15,1000,Bottom,Evaluative Voting,86.2,86.2,0.8563333333333422
Plackett-Luce,6,100,85,15,15,1000,Bottom,k-Median Rule,60.9,60.9,0.8985000000000068
Plackett-Luce,6,100,85,15,15,1000,Bottom,k-Median-Shapley,39.2,39.2,0.9346666666666714
Plackett-Luce,2,100,84,16,16,1000,Cutoff,Evaluative Voting,96.0,96.0,0.52
Plackett-Luce,2,100,84,16,16,1000,Cutoff,k-Median Rule,80.30000000000001,80.30000000000001,0.584
Plackett-Luce,2,100,84,16,16,1000,Cutoff,k-Median-Shapley,53.5,53.5,0.731
Plackett-Luce,2,100,84,16,16,1000,Bottom,Evaluative Voting,3.9,3.9,0.9805
Plackett-Luce,2,100,84,16,16,1000,Bottom,k-Median Rule,39.2,2.7,0.796
Plackett-Luce,2,100,84,16,16,1000,Bottom,k-Median-Shapley,11.600000000000001,0.0,0.9415
Plackett-Luce,3,100,84,16,16,1000,Cutoff,Evaluative Voting,95.6,95.6,0.6813333333333298
Plackett-Luce,3,100,84,16,16,1000,Cutoff,k-Median Rule,81.2,81.2,0.7159999999999971
Plackett-Luce,3,100,84,16,16,1000,Cutoff,k-Median-Shapley,55.7,55.60000000000001,0.8133333333333279
Plackett-Luce,3,100,84,16,16,1000,Bottom,Evaluative Voting,13.900000000000002,13.900000000000002,0.9536666666666649
Plackett-Luce,3,100,84,16,16,1000,Bottom,k-Median Rule,42.9,8.5,0.8486666666666627
Plackett-Luce,3,100,84,16,16,1000,Bottom,k-Median-Shapley,14.399999999999999,1.0999999999999999,0.9513333333333316
Plackett-Luce,4,100,84,16,16,1000,Cutoff,Evaluative Voting,95.6,95.6,0.761
Plackett-Luce,4,100,84,16,16,1000,Cutoff,k-Median Rule,80.9,80.9,0.789
Plackett-Luce,4,100,84,16,16,1000,Cutoff,k-Median-Shapley,52.2,52.2,0.86925
Plackett-Luce,4,100,84,16,16,1000,Bottom,Evaluative Voting,32.5,32.5,0.91875
Plackett-Luce,4,100,84,16,16,1000,Bottom,k-Median Rule,48.8,20.0,0.86725
Plackett-Luce,4,100,84,16,16,1000,Bottom,k-Median-Shapley,14.299999999999999,3.1,0.964
Plackett-Luce,5,100,84,16,16,1000,Cutoff,Evaluative Voting,93.7,93.7,0.8125999999999888
Plackett-Luce,5,100,84,16,16,1000,Cutoff,k-Median Rule,72.6,72.6,0.8519999999999908
Plackett-Luce,5,100,84,16,16,1000,Cutoff,k-Median-Shapley,50.9,50.9,0.8979999999999919
Plackett-Luce,5,100,84,16,16,1000,Bottom,Evaluative Voting,61.5,61.5,0.8769999999999913
Plackett-Luce,5,100,84,16,16,1000,Bottom,k-Median Rule,55.400000000000006,39.300000000000004,0.8785999999999932
Plackett-Luce,5,100,84,16,16,1000,Bottom,k-Median-Shapley,18.6,11.799999999999999,0.9623999999999971
Plackett-Luce,6,100,84,16,16,1000,Cutoff,Evaluative Voting,89.2,89.2,0.8513333333333423
Plackett-Luce,6,100,84,16,16,1000,Cutoff,k-Median Rule,64.9,64.9,0.8918333333333404
Plackett-Luce,6,100,84,16,16,1000,Cutoff,k-Median-Shapley,41.4,41.4,0.9310000000000049
Plackett-Luce,6,100,84,16,16,1000,Bottom,Evaluative Voting,89.2,89.2,0.8513333333333423
Plackett-Luce,6,100,84,16,16,1000,Bottom,k-Median Rule,64.9,64.9,0.8918333333333404
Plackett-Luce,6,100,84,16,16,1000,Bottom,k-Median-Shapley,41.4,41.4,0.9310000000000049
Plackett-Luce,2,100,83,17,17,1000,Cutoff,Evaluative Voting,97.0,97.0,0.515
Plackett-Luce,2,100,83,17,17,1000,Cutoff,k-Median Rule,83.1,83.1,0.5695
Plackett-Luce,2,100,83,17,17,1000,Cutoff,k-Median-Shapley,56.699999999999996,56.699999999999996,0.7155
Plackett-Luce,2,100,83,17,17,1000,Bottom,Evaluative Voting,5.7,5.7,0.9715
Plackett-Luce,2,100,83,17,17,1000,Bottom,k-Median Rule,39.4,2.9000000000000004,0.7965
Plackett-Luce,2,100,83,17,17,1000,Bottom,k-Median-Shapley,12.9,0.2,0.935
Plackett-Luce,3,100,83,17,17,1000,Cutoff,Evaluative Voting,96.5,96.5,0.6783333333333299
Plackett-Luce,3,100,83,17,17,1000,Cutoff,k-Median Rule,84.1,84.1,0.7056666666666637
Plackett-Luce,3,100,83,17,17,1000,Cutoff,k-Median-Shapley,59.5,59.4,0.8013333333333285
Plackett-Luce,3,100,83,17,17,1000,Bottom,Evaluative Voting,17.599999999999998,17.599999999999998,0.9413333333333311
Plackett-Luce,3,100,83,17,17,1000,Bottom,k-Median Rule,43.8,10.0,0.8439999999999954
Plackett-Luce,3,100,83,17,17,1000,Bottom,k-Median-Shapley,16.1,1.5,0.946333333333331
Plackett-Luce,4,100,83,17,17,1000,Cutoff,Evaluative Voting,96.8,96.8,0.758
Plackett-Luce,4,100,83,17,17,1000,Cutoff,k-Median Rule,83.0,83.0,0.782
Plackett-Luce,4,100,83,17,17,1000,Cutoff,k-Median-Shapley,53.7,53.7,0.86575
Plackett-Luce,4,100,83,17,17,1000,Bottom,Evaluative Voting,38.4,38.4,0.904
Plackett-Luce,4,100,83,17,17,1000,Bottom,k-Median Rule,49.0,22.5,0.86525
Plackett-Luce,4,100,83,17,17,1000,Bottom,k-Median-Shapley,14.7,3.4000000000000004,0.96275
Plackett-Luce,5,100,83,17,17,1000,Cutoff,Evaluative Voting,94.89999999999999,94.89999999999999,0.8101999999999889
Plackett-Luce,5,100,83,17,17,1000,Cutoff,k-Median Rule,76.4,76.4,0.8433999999999912
Plackett-Luce,5,100,83,17,17,1000,Cutoff,k-Median-Shapley,53.5,53.5,0.8927999999999916
Plackett-Luce,5,100,83,17,17,1000,Bottom,Evaluative Voting,67.5,67.5,0.8649999999999907
Plackett-Luce,5,100,83,17,17,1000,Bottom,k-Median Rule,58.4,42.699999999999996,0.8723999999999927
Plackett-Luce,5,100,83,17,17,1000,Bottom,k-Median-Shapley,19.1,13.0,0.9611999999999968
Plackett-Luce,6,100,83,17,17,1000,Cutoff,Evaluative Voting,91.3,91.3,0.8478333333333427
Plackett-Luce,6,100,83,17,17,1000,Cutoff,k-Median Rule,66.8,66.8,0.8886666666666738
Plackett-Luce,6,100,83,17,17,1000,Cutoff,k-Median-Shapley,43.6,43.6,0.9273333333333382
Plackett-Luce,6,100,83,17,17,1000,Bottom,Evaluative Voting,91.3,91.3,0.8478333333333427
Plackett-Luce,6,100,83,17,17,1000,Bottom,k-Median Rule,66.8,66.8,0.8886666666666738
Plackett-Luce,6,100,83,17,17,1000,Bottom,k-Median-Shapley,43.6,43.6,0.9273333333333382
Plackett-Luce,2,100,82,18,18,1000,Cutoff,Evaluative Voting,97.7,97.7,0.5115
Plackett-Luce,2,100,82,18,18,1000,Cutoff,k-Median Rule,86.0,86.0,0.556
Plackett-Luce,2,100,82,18,18,1000,Cutoff,k-Median-Shapley,59.5,59.4,0.701
Plackett-Luce,2,100,82,18,18,1000,Bottom,Evaluative Voting,7.7,7.7,0.9615
Plackett-Luce,2,100,82,18,18,1000,Bottom,k-Median Rule,38.800000000000004,3.4000000000000004,0.799
Plackett-Luce,2,100,82,18,18,1000,Bottom,k-Median-Shapley,12.8,0.2,0.9345
Plackett-Luce,3,100,82,18,18,1000,Cutoff,Evaluative Voting,97.2,97.2,0.6759999999999967
Plackett-Luce,3,100,82,18,18,1000,Cutoff,k-Median Rule,87.3,87.3,0.6949999999999974
Plackett-Luce,3,100,82,18,18,1000,Cutoff,k-Median-Shapley,62.7,62.7,0.7903333333333281
Plackett-Luce,3,100,82,18,18,1000,Bottom,Evaluative Voting,21.5,21.5,0.9283333333333306
Plackett-Luce,3,100,82,18,18,1000,Bottom,k-Median Rule,44.3,11.1,0.8423333333333292
Plackett-Luce,3,100,82,18,18,1000,Bottom,k-Median-Shapley,15.0,1.2,0.9496666666666642
Plackett-Luce,4,100,82,18,18,1000,Cutoff,Evaluative Voting,97.5,97.5,0.75625
Plackett-Luce,4,100,82,18,18,1000,Cutoff,k-Median Rule,85.8,85.8,0.776
Plackett-Luce,4,100,82,18,18,1000,Cutoff,k-Median-Shapley,56.699999999999996,56.599999999999994,0.858
Plackett-Luce,4,100,82,18,18,1000,Bottom,Evaluative Voting,45.2,45.2,0.887
Plackett-Luce,4,100,82,18,18,1000,Bottom,k-Median Rule,49.8,24.3,0.8645
Plackett-Luce,4,100,82,18,18,1000,Bottom,k-Median-Shapley,15.0,3.5000000000000004,0.96225
Plackett-Luce,5,100,82,18,18,1000,Cutoff,Evaluative Voting,95.7,95.7,0.808599999999989
Plackett-Luce,5,100,82,18,18,1000,Cutoff,k-Median Rule,78.8,78.8,0.8389999999999908
Plackett-Luce,5,100,82,18,18,1000,Cutoff,k-Median-Shapley,56.89999999999999,56.89999999999999,0.8859999999999912
Plackett-Luce,5,100,82,18,18,1000,Bottom,Evaluative Voting,73.3,73.3,0.85339999999999
Plackett-Luce,5,100,82,18,18,1000,Bottom,k-Median Rule,60.8,46.300000000000004,0.8667999999999926
Plackett-Luce,5,100,82,18,18,1000,Bottom,k-Median-Shapley,20.9,14.499999999999998,0.9581999999999963
Plackett-Luce,6,100,82,18,18,1000,Cutoff,Evaluative Voting,93.60000000000001,93.60000000000001,0.8440000000000094
Plackett-Luce,6,100,82,18,18,1000,Cutoff,k-Median Rule,69.69999999999999,69.69999999999999,0.883833333333341
Plackett-Luce,6,100,82,18,18,1000,Cutoff,k-Median-Shapley,46.7,46.7,0.9221666666666722
Plackett-Luce,6,100,82,18,18,1000,Bottom,Evaluative Voting,93.60000000000001,93.60000000000001,0.8440000000000094
Plackett-Luce,6,100,82,18,18,1000,Bottom,k-Median Rule,69.69999999999999,69.69999999999999,0.883833333333341
Plackett-Luce,6,100,82,18,18,1000,Bottom,k-Median-Shapley,46.7,46.7,0.9221666666666722
Plackett-Luce,2,100,81,19,19,1000,Cutoff,Evaluative Voting,98.3,98.3,0.5085
Plackett-Luce,2,100,81,19,19,1000,Cutoff,k-Median Rule,88.8,88.8,0.5425
Plackett-Luce,2,100,81,19,19,1000,Cutoff,k-Median-Shapley,62.4,62.4,0.687
Plackett-Luce,2,100,81,19,19,1000,Bottom,Evaluative Voting,9.8,9.8,0.951
Plackett-Luce,2,100,81,19,19,1000,Bottom,k-Median Rule,37.1,4.2,0.8095
Plackett-Luce,2,100,81,19,19,1000,Bottom,k-Median-Shapley,12.8,0.2,0.935
Plackett-Luce,3,100,81,19,19,1000,Cutoff,Evaluative Voting,98.3,98.3,0.6723333333333301
Plackett-Luce,3,100,81,19,19,1000,Cutoff,k-Median Rule,89.60000000000001,89.60000000000001,0.6886666666666639
Plackett-Luce,3,100,81,19,19,1000,Cutoff,k-Median-Shapley,64.2,64.2,0.7856666666666617
Plackett-Luce,3,100,81,19,19,1000,Bottom,Evaluative Voting,26.8,26.8,0.9106666666666632
Plackett-Luce,3,100,81,19,19,1000,Bottom,k-Median Rule,43.3,13.3,0.8473333333333289
Plackett-Luce,3,100,81,19,19,1000,Bottom,k-Median-Shapley,15.0,1.3,0.9496666666666643
Plackett-Luce,4,100,81,19,19,1000,Cutoff,Evaluative Voting,98.1,98.1,0.75475
Plackett-Luce,4,100,81,19,19,1000,Cutoff,k-Median Rule,88.2,88.2,0.76975
Plackett-Luce,4,100,81,19,19,1000,Cutoff,k-Median-Shapley,59.5,59.5,0.851
Plackett-Luce,4,100,81,19,19,1000,Bottom,Evaluative Voting,50.7,50.7,0.87325
Plackett-Luce,4,100,81,19,19,1000,Bottom,k-Median Rule,49.4,26.900000000000002,0.866
Plackett-Luce,4,100,81,19,19,1000,Bottom,k-Median-Shapley,16.900000000000002,4.7,0.95725
Plackett-Luce,5,100,81,19,19,1000,Cutoff,Evaluative Voting,96.89999999999999,96.89999999999999,0.806199999999989
Plackett-Luce,5,100,81,19,19,1000,Cutoff,k-Median Rule,81.3,81.3,0.8325999999999908
Plackett-Luce,5,100,81,19,19,1000,Cutoff,k-Median-Shapley,59.8,59.8,0.8801999999999908
Plackett-Luce,5,100,81,19,19,1000,Bottom,Evaluative Voting,76.2,76.2,0.8475999999999898
Plackett-Luce,5,100,81,19,19,1000,Bottom,k-Median Rule,61.8,49.0,0.8659999999999923
Plackett-Luce,5,100,81,19,19,1000,Bottom,k-Median-Shapley,23.7,16.6,0.952599999999996
Plackett-Luce,6,100,81,19,19,1000,Cutoff,Evaluative Voting,95.0,95.0,0.8416666666666762
Plackett-Luce,6,100,81,19,19,1000,Cutoff,k-Median Rule,73.0,73.0,0.8783333333333415
Plackett-Luce,6,100,81,19,19,1000,Cutoff,k-Median-Shapley,48.8,48.8,0.9186666666666724
Plackett-Luce,6,100,81,19,19,1000,Bottom,Evaluative Voting,95.0,95.0,0.8416666666666762
Plackett-Luce,6,100,81,19,19,1000,Bottom,k-Median Rule,73.0,73.0,0.8783333333333415
Plackett-Luce,6,100,81,19,19,1000,Bottom,k-Median-Shapley,48.8,48.8,0.9186666666666724
Plackett-Luce,2,100,80,20,20,1000,Cutoff,Evaluative Voting,99.2,99.2,0.504
Plackett-Luce,2,100,80,20,20,1000,Cutoff,k-Median Rule,90.60000000000001,90.60000000000001,0.533
Plackett-Luce,2,100,80,20,20,1000,Cutoff,k-Median-Shapley,64.8,64.8,0.675
Plackett-Luce,2,100,80,20,20,1000,Bottom,Evaluative Voting,12.2,12.2,0.939
Plackett-Luce,2,100,80,20,20,1000,Bottom,k-Median Rule,35.8,4.9,0.8145
Plackett-Luce,2,100,80,20,20,1000,Bottom,k-Median-Shapley,12.9,0.4,0.9345
Plackett-Luce,3,100,80,20,20,1000,Cutoff,Evaluative Voting,98.8,98.8,0.6706666666666635
Plackett-Luce,3,100,80,20,20,1000,Cutoff,k-Median Rule,90.8,90.8,0.6849999999999971
Plackett-Luce,3,100,80,20,20,1000,Cutoff,k-Median-Shapley,68.5,68.5,0.7709999999999948
Plackett-Luce,3,100,80,20,20,1000,Bottom,Evaluative Voting,31.900000000000002,31.900000000000002,0.8936666666666626
Plackett-Luce,3,100,80,20,20,1000,Bottom,k-Median Rule,44.4,14.7,0.8423333333333285
Plackett-Luce,3,100,80,20,20,1000,Bottom,k-Median-Shapley,15.2,1.0999999999999999,0.9486666666666649
Plackett-Luce,4,100,80,20,20,1000,Cutoff,Evaluative Voting,98.7,98.7,0.75325
Plackett-Luce,4,100,80,20,20,1000,Cutoff,k-Median Rule,89.60000000000001,89.60000000000001,0.766
Plackett-Luce,4,100,80,20,20,1000,Cutoff,k-Median-Shapley,61.6,61.6,0.84575
Plackett-Luce,4,100,80,20,20,1000,Bottom,Evaluative Voting,56.10000000000001,56.10000000000001,0.85975
Plackett-Luce,4,100,80,20,20,1000,Bottom,k-Median Rule,51.7,29.599999999999998,0.861
Plackett-Luce,4,100,80,20,20,1000,Bottom,k-Median-Shapley,16.1,4.9,0.959
Plackett-Luce,5,100,80,20,20,1000,Cutoff,Evaluative Voting,97.6,97.6,0.8047999999999891
Plackett-Luce,5,100,80,20,20,1000,Cutoff,k-Median Rule,83.39999999999999,83.39999999999999,0.8291999999999906
Plackett-Luce,5,100,80,20,20,1000,Cutoff,k-Median-Shapley,61.3,61.3,0.8771999999999909
Plackett-Luce,5,100,80,20,20,1000,Bottom,Evaluative Voting,81.2,81.2,0.8375999999999897
Plackett-Luce,5,100,80,20,20,1000,Bottom,k-Median Rule,63.9,52.300000000000004,0.8591999999999927
Plackett-Luce,5,100,80,20,20,1000,Bottom,k-Median-Shapley,24.2,17.7,0.9511999999999963
Plackett-Luce,6,100,80,20,20,1000,Cutoff,Evaluative Voting,96.1,96.1,0.8398333333333429
Plackett-Luce,6,100,80,20,20,1000,Cutoff,k-Median Rule,75.3,75.3,0.8745000000000083
Plackett-Luce,6,100,80,20,20,1000,Cutoff,k-Median-Shapley,51.800000000000004,51.800000000000004,0.9136666666666731
Plackett-Luce,6,100,80,20,20,1000,Bottom,Evaluative Voting,96.1,96.1,0.8398333333333429
Plackett-Luce,6,100,80,20,20,1000,Bottom,k-Median Rule,75.3,75.3,0.8745000000000083
Plackett-Luce,6,100,80,20,20,1000,Bottom,k-Median-Shapley,51.800000000000004,51.800000000000004,0.9136666666666731
Plackett-Luce,2,100,79,21,21,1000,Cutoff,Evaluative Voting,99.6,99.6,0.502
Plackett-Luce,2,100,79,21,21,1000,Cutoff,k-Median Rule,91.8,91.8,0.527
Plackett-Luce,2,100,79,21,21,1000,Cutoff,k-Median-Shapley,67.30000000000001,67.30000000000001,0.6625
Plackett-Luce,2,100,79,21,21,1000,Bottom,Evaluative Voting,16.8,16.8,0.916
Plackett-Luce,2,100,79,21,21,1000,Bottom,k-Median Rule,34.5,6.0,0.8235
Plackett-Luce,2,100,79,21,21,1000,Bottom,k-Median-Shapley,12.0,0.4,0.939
Plackett-Luce,3,100,79,21,21,1000,Cutoff,Evaluative Voting,99.3,99.3,0.6689999999999969
Plackett-Luce,3,100,79,21,21,1000,Cutoff,k-Median Rule,92.0,92.0,0.6803333333333305
Plackett-Luce,3,100,79,21,21,1000,Cutoff,k-Median-Shapley,72.0,72.0,0.7593333333333285
Plackett-Luce,3,100,79,21,21,1000,Bottom,Evaluative Voting,37.2,37.2,0.8759999999999953
Plackett-Luce,3,100,79,21,21,1000,Bottom,k-Median Rule,42.9,17.5,0.847666666666662
Plackett-Luce,3,100,79,21,21,1000,Bottom,k-Median-Shapley,13.900000000000002,1.2,0.9529999999999983
Plackett-Luce,4,100,79,21,21,1000,Cutoff,Evaluative Voting,98.9,98.9,0.75275
Plackett-Luce,4,100,79,21,21,1000,Cutoff,k-Median Rule,91.8,91.8,0.7615
Plackett-Luce,4,100,79,21,21,1000,Cutoff,k-Median-Shapley,64.2,64.2,0.839
Plackett-Luce,4,100,79,21,21,1000,Bottom,Evaluative Voting,61.9,61.9,0.84525
Plackett-Luce,4,100,79,21,21,1000,Bottom,k-Median Rule,52.400000000000006,32.4,0.85875
Plackett-Luce,4,100,79,21,21,1000,Bottom,k-Median-Shapley,15.9,5.1,0.95925
Plackett-Luce,5,100,79,21,21,1000,Cutoff,Evaluative Voting,98.5,98.5,0.8029999999999891
Plackett-Luce,5,100,79,21,21,1000,Cutoff,k-Median Rule,86.0,86.0,0.8243999999999904
Plackett-Luce,5,100,79,21,21,1000,Cutoff,k-Median-Shapley,63.3,63.3,0.8733999999999911
Plackett-Luce,5,100,79,21,21,1000,Bottom,Evaluative Voting,85.0,85.0,0.8299999999999896
Plackett-Luce,5,100,79,21,21,1000,Bottom,k-Median Rule,65.10000000000001,54.1,0.8581999999999925
Plackett-Luce,5,100,79,21,21,1000,Bottom,k-Median-Shapley,27.1,20.1,0.944799999999996
Plackett-Luce,6,100,79,21,21,1000,Cutoff,Evaluative Voting,97.8,97.8,0.8370000000000096
Plackett-Luce,6,100,79,21,21,1000,Cutoff,k-Median Rule,77.3,77.3,0.8711666666666752
Plackett-Luce,6,100,79,21,21,1000,Cutoff,k-Median-Shapley,53.6,53.6,0.9106666666666734
Plackett-Luce,6,100,79,21,21,1000,Bottom,Evaluative Voting,97.8,97.8,0.8370000000000096
Plackett-Luce,6,100,79,21,21,1000,Bottom,k-Median Rule,77.3,77.3,0.8711666666666752
Plackett-Luce,6,100,79,21,21,1000,Bottom,k-Median-Shapley,53.6,53.6,0.9106666666666734
Plackett-Luce,2,100,78,22,22,1000,Cutoff,Evaluative Voting,99.9,99.9,0.5005
Plackett-Luce,2,100,78,22,22,1000,Cutoff,k-Median Rule,93.7,93.7,0.519
Plackett-Luce,2,100,78,22,22,1000,Cutoff,k-Median-Shapley,69.6,69.6,0.6505
Plackett-Luce,2,100,78,22,22,1000,Bottom,Evaluative Voting,21.5,21.5,0.8925
Plackett-Luce,2,100,78,22,22,1000,Bottom,k-Median Rule,35.9,7.8,0.8145
Plackett-Luce,2,100,78,22,22,1000,Bottom,k-Median-Shapley,11.4,0.4,0.9415
Plackett-Luce,3,100,78,22,22,1000,Cutoff,Evaluative Voting,99.6,99.6,0.6679999999999969
Plackett-Luce,3,100,78,22,22,1000,Cutoff,k-Median Rule,94.3,94.3,0.672999999999997
Plackett-Luce,3,100,78,22,22,1000,Cutoff,k-Median-Shapley,73.6,73.6,0.7536666666666616
Plackett-Luce,3,100,78,22,22,1000,Bottom,Evaluative Voting,43.1,43.1,0.8563333333333284
Plackett-Luce,3,100,78,22,22,1000,Bottom,k-Median Rule,43.6,19.400000000000002,0.8453333333333292
Plackett-Luce,3,100,78,22,22,1000,Bottom,k-Median-Shapley,14.000000000000002,1.4000000000000001,0.9526666666666648
Plackett-Luce,4,100,78,22,22,1000,Cutoff,Evaluative Voting,99.3,99.3,0.75175
Plackett-Luce,4,100,78,22,22,1000,Cutoff,k-Median Rule,93.30000000000001,93.30000000000001,0.75825
Plackett-Luce,4,100,78,22,22,1000,Cutoff,k-Median-Shapley,68.4,68.4,0.82875
Plackett-Luce,4,100,78,22,22,1000,Bottom,Evaluative Voting,67.7,67.7,0.83075
Plackett-Luce,4,100,78,22,22,1000,Bottom,k-Median Rule,54.800000000000004,35.9,0.8525
Plackett-Luce,4,100,78,22,22,1000,Bottom,k-Median-Shapley,16.2,5.800000000000001,0.95875
Plackett-Luce,5,100,78,22,22,1000,Cutoff,Evaluative Voting,99.0,99.0,0.801999999999989
Plackett-Luce,5,100,78,22,22,1000,Cutoff,k-Median Rule,87.6,87.6,0.8209999999999898
Plackett-Luce,5,100,78,22,22,1000,Cutoff,k-Median-Shapley,66.0,66.0,0.8679999999999906
Plackett-Luce,5,100,78,22,22,1000,Bottom,Evaluative Voting,88.4,88.4,0.8231999999999896
Plackett-Luce,5,100,78,22,22,1000,Bottom,k-Median Rule,67.7,58.699999999999996,0.8537999999999925
Plackett-Luce,5,100,78,22,22,1000,Bottom,k-Median-Shapley,28.499999999999996,22.1,0.942399999999996
Plackett-Luce,6,100,78,22,22,1000,Cutoff,Evaluative Voting,98.6,98.6,0.8356666666666763
Plackett-Luce,6,100,78,22,22,1000,Cutoff,k-Median Rule,80.30000000000001,80.30000000000001,0.8661666666666754
Plackett-Luce,6,100,78,22,22,1000,Cutoff,k-Median-Shapley,57.49999999999999,57.49999999999999,0.9041666666666734
Plackett-Luce,6,100,78,22,22,1000,Bottom,Evaluative Voting,98.6,98.6,0.8356666666666763
Plackett-Luce,6,100,78,22,22,1000,Bottom,k-Median Rule,80.30000000000001,80.30000000000001,0.8661666666666754
Plackett-Luce,6,100,78,22,22,1000,Bottom,k-Median-Shapley,57.49999999999999,57.49999999999999,0.9041666666666734
Plackett-Luce,2,100,77,23,23,1000,Cutoff,Evaluative Voting,99.9,99.9,0.5005
Plackett-Luce,2,100,77,23,23,1000,Cutoff,k-Median Rule,95.0,95.0,0.516
Plackett-Luce,2,100,77,23,23,1000,Cutoff,k-Median-Shapley,70.8,70.8,0.645
Plackett-Luce,2,100,77,23,23,1000,Bottom,Evaluative Voting,26.3,26.3,0.8685
Plackett-Luce,2,100,77,23,23,1000,Bottom,k-Median Rule,34.300000000000004,10.8,0.824
Plackett-Luce,2,100,77,23,23,1000,Bottom,k-Median-Shapley,11.899999999999999,0.7000000000000001,0.9395
Plackett-Luce,3,100,77,23,23,1000,Cutoff,Evaluative Voting,99.7,99.7,0.6676666666666636
Plackett-Luce,3,100,77,23,23,1000,Cutoff,k-Median Rule,94.8,94.8,0.6736666666666636
Plackett-Luce,3,100,77,23,23,1000,Cutoff,k-Median-Shapley,75.5,75.5,0.7476666666666619
Plackett-Luce,3,100,77,23,23,1000,Bottom,Evaluative Voting,49.0,49.0,0.8366666666666618
Plackett-Luce,3,100,77,23,23,1000,Bottom,k-Median Rule,44.7,23.400000000000002,0.8393333333333293
Plackett-Luce,3,100,77,23,23,1000,Bottom,k-Median-Shapley,13.600000000000001,1.5,0.9536666666666647
Plackett-Luce,4,100,77,23,23,1000,Cutoff,Evaluative Voting,99.6,99.6,0.751
Plackett-Luce,4,100,77,23,23,1000,Cutoff,k-Median Rule,94.6,94.6,0.7555
Plackett-Luce,4,100,77,23,23,1000,Cutoff,k-Median-Shapley,70.39999999999999,70.39999999999999,0.8235
Plackett-Luce,4,100,77,23,23,1000,Bottom,Evaluative Voting,73.0,73.0,0.8175
Plackett-Luce,4,100,77,23,23,1000,Bottom,k-Median Rule,55.800000000000004,40.2,0.8485
Plackett-Luce,4,100,77,23,23,1000,Bottom,k-Median-Shapley,17.299999999999997,7.000000000000001,0.95625
Plackett-Luce,5,100,77,23,23,1000,Cutoff,Evaluative Voting,99.3,99.3,0.801399999999989
Plackett-Luce,5,100,77,23,23,1000,Cutoff,k-Median Rule,89.8,89.8,0.8167999999999898
Plackett-Luce,5,100,77,23,23,1000,Cutoff,k-Median-Shapley,69.5,69.5,0.8607999999999902
Plackett-Luce,5,100,77,23,23,1000,Bottom,Evaluative Voting,91.7,91.7,0.8165999999999894
Plackett-Luce,5,100,77,23,23,1000,Bottom,k-Median Rule,69.89999999999999,63.2,0.8471999999999925
Plackett-Luce,5,100,77,23,23,1000,Bottom,k-Median-Shapley,30.2,24.5,0.9391999999999954
Plackett-Luce,6,100,77,23,23,1000,Cutoff,Evaluative Voting,99.1,99.1,0.8348333333333432
Plackett-Luce,6,100,77,23,23,1000,Cutoff,k-Median Rule,82.19999999999999,82.19999999999999,0.863000000000009
Plackett-Luce,6,100,77,23,23,1000,Cutoff,k-Median-Shapley,58.699999999999996,58.699999999999996,0.9021666666666737
Plackett-Luce,6,100,77,23,23,1000,Bottom,Evaluative Voting,99.1,99.1,0.8348333333333432
Plackett-Luce,6,100,77,23,23,1000,Bottom,k-Median Rule,82.19999999999999,82.19999999999999,0.863000000000009
Plackett-Luce,6,100,77,23,23,1000,Bottom,k-Median-Shapley,58.699999999999996,58.699999999999996,0.9021666666666737
Plackett-Luce,2,100,76,24,24,1000,Cutoff,Evaluative Voting,99.9,99.9,0.5005
Plackett-Luce,2,100,76,24,24,1000,Cutoff,k-Median Rule,96.0,96.0,0.511
Plackett-Luce,2,100,76,24,24,1000,Cutoff,k-Median-Shapley,73.7,73.7,0.6305
Plackett-Luce,2,100,76,24,24,1000,Bottom,Evaluative Voting,31.4,31.4,0.843
Plackett-Luce,2,100,76,24,24,1000,Bottom,k-Median Rule,36.199999999999996,13.900000000000002,0.814
Plackett-Luce,2,100,76,24,24,1000,Bottom,k-Median-Shapley,13.4,0.8,0.9325
Plackett-Luce,3,100,76,24,24,1000,Cutoff,Evaluative Voting,100.0,100.0,0.6666666666666636
Plackett-Luce,3,100,76,24,24,1000,Cutoff,k-Median Rule,96.39999999999999,96.39999999999999,0.6669999999999968
Plackett-Luce,3,100,76,24,24,1000,Cutoff,k-Median-Shapley,77.2,77.2,0.7413333333333284
Plackett-Luce,3,100,76,24,24,1000,Bottom,Evaluative Voting,55.00000000000001,55.00000000000001,0.8166666666666617
Plackett-Luce,3,100,76,24,24,1000,Bottom,k-Median Rule,47.0,26.8,0.8319999999999957
Plackett-Luce,3,100,76,24,24,1000,Bottom,k-Median-Shapley,13.700000000000001,1.7999999999999998,0.9536666666666649
Plackett-Luce,4,100,76,24,24,1000,Cutoff,Evaluative Voting,99.7,99.7,0.75075
Plackett-Luce,4,100,76,24,24,1000,Cutoff,k-Median Rule,95.19999999999999,95.19999999999999,0.754
Plackett-Luce,4,100,76,24,24,1000,Cutoff,k-Median-Shapley,73.6,73.6,0.81525
Plackett-Luce,4,100,76,24,24,1000,Bottom,Evaluative Voting,77.10000000000001,77.10000000000001,0.80725
Plackett-Luce,4,100,76,24,24,1000,Bottom,k-Median Rule,57.9,43.9,0.841
Plackett-Luce,4,100,76,24,24,1000,Bottom,k-Median-Shapley,17.5,7.5,0.95525
Plackett-Luce,5,100,76,24,24,1000,Cutoff,Evaluative Voting,99.7,99.7,0.8005999999999889
Plackett-Luce,5,100,76,24,24,1000,Cutoff,k-Median Rule,91.10000000000001,91.10000000000001,0.8135999999999896
Plackett-Luce,5,100,76,24,24,1000,Cutoff,k-Median-Shapley,70.8,70.8,0.8583999999999896
Plackett-Luce,5,100,76,24,24,1000,Bottom,Evaluative Voting,94.19999999999999,94.19999999999999,0.811599999999989
Plackett-Luce,5,100,76,24,24,1000,Bottom,k-Median Rule,73.2,66.7,0.8427999999999921
Plackett-Luce,5,100,76,24,24,1000,Bottom,k-Median-Shapley,31.6,27.0,0.9355999999999953
Plackett-Luce,6,100,76,24,24,1000,Cutoff,Evaluative Voting,99.6,99.6,0.83400000000001
Plackett-Luce,6,100,76,24,24,1000,Cutoff,k-Median Rule,84.1,84.1,0.8598333333333422
Plackett-Luce,6,100,76,24,24,1000,Cutoff,k-Median-Shapley,62.2,62.2,0.8963333333333406
Plackett-Luce,6,100,76,24,24,1000,Bottom,Evaluative Voting,99.6,99.6,0.83400000000001
Plackett-Luce,6,100,76,24,24,1000,Bottom,k-Median Rule,84.1,84.1,0.8598333333333422
Plackett-Luce,6,100,76,24,24,1000,Bottom,k-Median-Shapley,62.2,62.2,0.8963333333333406
Plackett-Luce,2,100,75,25,25,1000,Cutoff,Evaluative Voting,99.9,99.9,0.5005
Plackett-Luce,2,100,75,25,25,1000,Cutoff,k-Median Rule,97.1,97.1,0.506
Plackett-Luce,2,100,75,25,25,1000,Cutoff,k-Median-Shapley,76.5,76.5,0.616
Plackett-Luce,2,100,75,25,25,1000,Bottom,Evaluative Voting,37.1,37.1,0.8145
Plackett-Luce,2,100,75,25,25,1000,Bottom,k-Median Rule,38.1,16.7,0.8035
Plackett-Luce,2,100,75,25,25,1000,Bottom,k-Median-Shapley,14.099999999999998,0.8,0.928
Plackett-Luce,3,100,75,25,25,1000,Cutoff,Evaluative Voting,100.0,100.0,0.6666666666666636
Plackett-Luce,3,100,75,25,25,1000,Cutoff,k-Median Rule,96.5,96.5,0.666666666666664
Plackett-Luce,3,100,75,25,25,1000,Cutoff,k-Median-Shapley,79.4,79.4,0.7346666666666624
Plackett-Luce,3,100,75,25,25,1000,Bottom,Evaluative Voting,60.9,60.9,0.7969999999999948
Plackett-Luce,3,100,75,25,25,1000,Bottom,k-Median Rule,49.0,30.4,0.8259999999999958
Plackett-Luce,3,100,75,25,25,1000,Bottom,k-Median-Shapley,14.099999999999998,2.4,0.9526666666666649
Plackett-Luce,4,100,75,25,25,1000,Cutoff,Evaluative Voting,99.9,99.9,0.75025
Plackett-Luce,4,100,75,25,25,1000,Cutoff,k-Median Rule,96.2,96.2,0.752
Plackett-Luce,4,100,75,25,25,1000,Cutoff,k-Median-Shapley,76.8,76.8,0.807
Plackett-Luce,4,100,75,25,25,1000,Bottom,Evaluative Voting,82.19999999999999,82.19999999999999,0.7945
Plackett-Luce,4,100,75,25,25,1000,Bottom,k-Median Rule,61.3,48.5,0.8325
Plackett-Luce,4,100,75,25,25,1000,Bottom,k-Median-Shapley,19.400000000000002,9.4,0.9505
Plackett-Luce,5,100,75,25,25,1000,Cutoff,Evaluative Voting,99.9,99.9,0.8001999999999888
Plackett-Luce,5,100,75,25,25,1000,Cutoff,k-Median Rule,92.4,92.4,0.8105999999999896
Plackett-Luce,5,100,75,25,25,1000,Cutoff,k-Median-Shapley,73.5,73.5,0.8527999999999895
Plackett-Luce,5,100,75,25,25,1000,Bottom,Evaluative Voting,96.6,96.6,0.8067999999999889
Plackett-Luce,5,100,75,25,25,1000,Bottom,k-Median Rule,75.6,70.5,0.837999999999992
Plackett-Luce,5,100,75,25,25,1000,Bottom,k-Median-Shapley,33.0,28.599999999999998,0.9321999999999951
Plackett-Luce,6,100,75,25,25,1000,Cutoff,Evaluative Voting,99.9,99.9,0.83350000000001
Plackett-Luce,6,100,75,25,25,1000,Cutoff,k-Median Rule,86.2,86.2,0.8563333333333425
Plackett-Luce,6,100,75,25,25,1000,Cutoff,k-Median-Shapley,63.5,63.5,0.8941666666666742
Plackett-Luce,6,100,75,25,25,1000,Bottom,Evaluative Voting,99.9,99.9,0.83350000000001
Plackett-Luce,6,100,75,25,25,1000,Bottom,k-Median Rule,86.2,86.2,0.8563333333333425
Plackett-Luce,6,100,75,25,25,1000,Bottom,k-Median-Shapley,63.5,63.5,0.8941666666666742
Plackett-Luce,2,100,74,26,26,1000,Cutoff,Evaluative Voting,100.0,100.0,0.5
Plackett-Luce,2,100,74,26,26,1000,Cutoff,k-Median Rule,97.89999999999999,97.89999999999999,0.501
Plackett-Luce,2,100,74,26,26,1000,Cutoff,k-Median-Shapley,80.10000000000001,80.10000000000001,0.5985
Plackett-Luce,2,100,74,26,26,1000,Bottom,Evaluative Voting,43.2,43.2,0.784
Plackett-Luce,2,100,74,26,26,1000,Bottom,k-Median Rule,40.5,19.6,0.792
Plackett-Luce,2,100,74,26,26,1000,Bottom,k-Median-Shapley,14.099999999999998,1.0999999999999999,0.929
Plackett-Luce,3,100,74,26,26,1000,Cutoff,Evaluative Voting,100.0,100.0,0.6666666666666636
Plackett-Luce,3,100,74,26,26,1000,Cutoff,k-Median Rule,97.2,97.2,0.6633333333333308
Plackett-Luce,3,100,74,26,26,1000,Cutoff,k-Median-Shapley,80.80000000000001,80.80000000000001,0.7299999999999954
Plackett-Luce,3,100,74,26,26,1000,Bottom,Evaluative Voting,66.7,66.7,0.7776666666666614
Plackett-Luce,3,100,74,26,26,1000,Bottom,k-Median Rule,50.0,33.5,0.8203333333333293
Plackett-Luce,3,100,74,26,26,1000,Bottom,k-Median-Shapley,15.0,3.1,0.9493333333333313
Plackett-Luce,4,100,74,26,26,1000,Cutoff,Evaluative Voting,99.9,99.9,0.75025
Plackett-Luce,4,100,74,26,26,1000,Cutoff,k-Median Rule,97.2,97.2,0.74975
Plackett-Luce,4,100,74,26,26,1000,Cutoff,k-Median-Shapley,79.4,79.4,0.80125
Plackett-Luce,4,100,74,26,26,1000,Bottom,Evaluative Voting,87.4,87.4,0.7815
Plackett-Luce,4,100,74,26,26,1000,Bottom,k-Median Rule,62.4,52.1,0.82825
Plackett-Luce,4,100,74,26,26,1000,Bottom,k-Median-Shapley,20.3,11.1,0.94825
Plackett-Luce,5,100,74,26,26,1000,Cutoff,Evaluative Voting,99.9,99.9,0.8001999999999888
Plackett-Luce,5,100,74,26,26,1000,Cutoff,k-Median Rule,94.39999999999999,94.39999999999999,0.8065999999999898
Plackett-Luce,5,100,74,26,26,1000,Cutoff,k-Median-Shapley,75.6,75.6,0.8487999999999893
Plackett-Luce,5,100,74,26,26,1000,Bottom,Evaluative Voting,97.6,97.6,0.804799999999989
Plackett-Luce,5,100,74,26,26,1000,Bottom,k-Median Rule,76.8,72.89999999999999,0.834599999999992
Plackett-Luce,5,100,74,26,26,1000,Bottom,k-Median-Shapley,37.1,32.5,0.9245999999999942
Plackett-Luce,6,100,74,26,26,1000,Cutoff,Evaluative Voting,100.0,100.0,0.8333333333333433
Plackett-Luce,6,100,74,26,26,1000,Cutoff,k-Median Rule,88.3,88.3,0.8528333333333422
Plackett-Luce,6,100,74,26,26,1000,Cutoff,k-Median-Shapley,66.5,66.5,0.8891666666666741
Plackett-Luce,6,100,74,26,26,1000,Bottom,Evaluative Voting,100.0,100.0,0.8333333333333433
Plackett-Luce,6,100,74,26,26,1000,Bottom,k-Median Rule,88.3,88.3,0.8528333333333422
Plackett-Luce,6,100,74,26,26,1000,Bottom,k-Median-Shapley,66.5,66.5,0.8891666666666741
Plackett-Luce,2,100,73,27,27,1000,Cutoff,Evaluative Voting,100.0,100.0,0.5
Plackett-Luce,2,100,73,27,27,1000,Cutoff,k-Median Rule,98.3,98.3,0.4975
Plackett-Luce,2,100,73,27,27,1000,Cutoff,k-Median-Shapley,82.89999999999999,82.89999999999999,0.585
Plackett-Luce,2,100,73,27,27,1000,Bottom,Evaluative Voting,50.2,50.2,0.749
Plackett-Luce,2,100,73,27,27,1000,Bottom,k-Median Rule,45.800000000000004,23.5,0.7615
Plackett-Luce,2,100,73,27,27,1000,Bottom,k-Median-Shapley,14.799999999999999,1.3,0.9255
Plackett-Luce,3,100,73,27,27,1000,Cutoff,Evaluative Voting,100.0,100.0,0.6666666666666636
Plackett-Luce,3,100,73,27,27,1000,Cutoff,k-Median Rule,98.0,98.0,0.6596666666666646
Plackett-Luce,3,100,73,27,27,1000,Cutoff,k-Median-Shapley,81.89999999999999,81.89999999999999,0.7256666666666625
Plackett-Luce,3,100,73,27,27,1000,Bottom,Evaluative Voting,72.2,72.2,0.7593333333333284
Plackett-Luce,3,100,73,27,27,1000,Bottom,k-Median Rule,55.00000000000001,38.3,0.7999999999999963
Plackett-Luce,3,100,73,27,27,1000,Bottom,k-Median-Shapley,16.6,3.6999999999999997,0.944333333333331
Plackett-Luce,4,100,73,27,27,1000,Cutoff,Evaluative Voting,100.0,100.0,0.75
Plackett-Luce,4,100,73,27,27,1000,Cutoff,k-Median Rule,97.7,97.7,0.7495
Plackett-Luce,4,100,73,27,27,1000,Cutoff,k-Median-Shapley,81.10000000000001,81.10000000000001,0.79675
Plackett-Luce,4,100,73,27,27,1000,Bottom,Evaluative Voting,90.7,90.7,0.77325
Plackett-Luce,4,100,73,27,27,1000,Bottom,k-Median Rule,67.0,56.99999999999999,0.817
Plackett-Luce,4,100,73,27,27,1000,Bottom,k-Median-Shapley,22.6,13.900000000000002,0.94325
Plackett-Luce,5,100,73,27,27,1000,Cutoff,Evaluative Voting,100.0,100.0,0.7999999999999887
Plackett-Luce,5,100,73,27,27,1000,Cutoff,k-Median Rule,95.39999999999999,95.39999999999999,0.8051999999999897
Plackett-Luce,5,100,73,27,27,1000,Cutoff,k-Median-Shapley,78.9,78.9,0.8421999999999893
Plackett-Luce,5,100,73,27,27,1000,Bottom,Evaluative Voting,98.4,98.4,0.8031999999999888
Plackett-Luce,5,100,73,27,27,1000,Bottom,k-Median Rule,80.2,76.3,0.8293999999999918
Plackett-Luce,5,100,73,27,27,1000,Bottom,k-Median-Shapley,39.5,35.0,0.9201999999999941
Plackett-Luce,6,100,73,27,27,1000,Cutoff,Evaluative Voting,100.0,100.0,0.8333333333333433
Plackett-Luce,6,100,73,27,27,1000,Cutoff,k-Median Rule,89.4,89.4,0.8510000000000091
Plackett-Luce,6,100,73,27,27,1000,Cutoff,k-Median-Shapley,69.3,69.3,0.8845000000000076
Plackett-Luce,6,100,73,27,27,1000,Bottom,Evaluative Voting,100.0,100.0,0.8333333333333433
Plackett-Luce,6,100,73,27,27,1000,Bottom,k-Median Rule,89.4,89.4,0.8510000000000091
Plackett-Luce,6,100,73,27,27,1000,Bottom,k-Median-Shapley,69.3,69.3,0.8845000000000076
Plackett-Luce,2,100,72,28,28,1000,Cutoff,Evaluative Voting,100.0,100.0,0.5
Plackett-Luce,2,100,72,28,28,1000,Cutoff,k-Median Rule,98.8,98.8,0.4945
Plackett-Luce,2,100,72,28,28,1000,Cutoff,k-Median-Shapley,85.6,85.6,0.5715
Plackett-Luce,2,100,72,28,28,1000,Bottom,Evaluative Voting,56.89999999999999,56.89999999999999,0.7155
Plackett-Luce,2,100,72,28,28,1000,Bottom,k-Median Rule,48.9,26.8,0.7445
Plackett-Luce,2,100,72,28,28,1000,Bottom,k-Median-Shapley,14.099999999999998,1.6,0.9285
Plackett-Luce,3,100,72,28,28,1000,Cutoff,Evaluative Voting,100.0,100.0,0.6666666666666636
Plackett-Luce,3,100,72,28,28,1000,Cutoff,k-Median Rule,98.7,98.7,0.6579999999999976
Plackett-Luce,3,100,72,28,28,1000,Cutoff,k-Median-Shapley,83.8,83.8,0.7199999999999958
Plackett-Luce,3,100,72,28,28,1000,Bottom,Evaluative Voting,77.5,77.5,0.7416666666666617
Plackett-Luce,3,100,72,28,28,1000,Bottom,k-Median Rule,57.99999999999999,43.7,0.7879999999999958
Plackett-Luce,3,100,72,28,28,1000,Bottom,k-Median-Shapley,17.9,4.8,0.9396666666666643
Plackett-Luce,4,100,72,28,28,1000,Cutoff,Evaluative Voting,100.0,100.0,0.75
Plackett-Luce,4,100,72,28,28,1000,Cutoff,k-Median Rule,98.4,98.4,0.7485
Plackett-Luce,4,100,72,28,28,1000,Cutoff,k-Median-Shapley,84.3,84.3,0.78825
Plackett-Luce,4,100,72,28,28,1000,Bottom,Evaluative Voting,92.80000000000001,92.80000000000001,0.768
Plackett-Luce,4,100,72,28,28,1000,Bottom,k-Median Rule,69.69999999999999,60.4,0.81025
Plackett-Luce,4,100,72,28,28,1000,Bottom,k-Median-Shapley,25.0,15.2,0.93625
Plackett-Luce,5,100,72,28,28,1000,Cutoff,Evaluative Voting,100.0,100.0,0.7999999999999887
Plackett-Luce,5,100,72,28,28,1000,Cutoff,k-Median Rule,96.3,96.3,0.8013999999999899
Plackett-Luce,5,100,72,28,28,1000,Cutoff,k-Median-Shapley,80.2,80.2,0.8393999999999894
Plackett-Luce,5,100,72,28,28,1000,Bottom,Evaluative Voting,98.9,98.9,0.8021999999999888
Plackett-Luce,5,100,72,28,28,1000,Bottom,k-Median Rule,82.3,79.5,0.8261999999999915
Plackett-Luce,5,100,72,28,28,1000,Bottom,k-Median-Shapley,42.1,37.5,0.9143999999999936
Plackett-Luce,6,100,72,28,28,1000,Cutoff,Evaluative Voting,100.0,100.0,0.8333333333333433
Plackett-Luce,6,100,72,28,28,1000,Cutoff,k-Median Rule,90.8,90.8,0.848666666666676
Plackett-Luce,6,100,72,28,28,1000,Cutoff,k-Median-Shapley,71.89999999999999,71.89999999999999,0.8801666666666746
Plackett-Luce,6,100,72,28,28,1000,Bottom,Evaluative Voting,100.0,100.0,0.8333333333333433
Plackett-Luce,6,100,72,28,28,1000,Bottom,k-Median Rule,90.8,90.8,0.848666666666676
Plackett-Luce,6,100,72,28,28,1000,Bottom,k-Median-Shapley,71.89999999999999,71.89999999999999,0.8801666666666746
Plackett-Luce,2,100,71,29,29,1000,Cutoff,Evaluative Voting,100.0,100.0,0.5
Plackett-Luce,2,100,71,29,29,1000,Cutoff,k-Median Rule,98.9,98.9,0.4925
Plackett-Luce,2,100,71,29,29,1000,Cutoff,k-Median-Shapley,87.8,87.8,0.56
Plackett-Luce,2,100,71,29,29,1000,Bottom,Evaluative Voting,61.8,61.8,0.691
Plackett-Luce,2,100,71,29,29,1000,Bottom,k-Median Rule,53.2,31.5,0.723
Plackett-Luce,2,100,71,29,29,1000,Bottom,k-Median-Shapley,14.899999999999999,2.4,0.9245
Plackett-Luce,3,100,71,29,29,1000,Cutoff,Evaluative Voting,100.0,100.0,0.6666666666666636
Plackett-Luce,3,100,71,29,29,1000,Cutoff,k-Median Rule,99.2,99.2,0.6553333333333311
Plackett-Luce,3,100,71,29,29,1000,Cutoff,k-Median-Shapley,86.4,86.4,0.7116666666666626
Plackett-Luce,3,100,71,29,29,1000,Bottom,Evaluative Voting,82.3,82.3,0.725666666666662
Plackett-Luce,3,100,71,29,29,1000,Bottom,k-Median Rule,63.3,48.4,0.7633333333333298
Plackett-Luce,3,100,71,29,29,1000,Bottom,k-Median-Shapley,18.5,6.9,0.9363333333333312
Plackett-Luce,4,100,71,29,29,1000,Cutoff,Evaluative Voting,100.0,100.0,0.75
Plackett-Luce,4,100,71,29,29,1000,Cutoff,k-Median Rule,98.9,98.9,0.74575
Plackett-Luce,4,100,71,29,29,1000,Cutoff,k-Median-Shapley,86.9,86.9,0.78175
Plackett-Luce,4,100,71,29,29,1000,Bottom,Evaluative Voting,95.3,95.3,0.76175
Plackett-Luce,4,100,71,29,29,1000,Bottom,k-Median Rule,73.8,64.7,0.79675
Plackett-Luce,4,100,71,29,29,1000,Bottom,k-Median-Shapley,29.5,18.0,0.925
Plackett-Luce,5,100,71,29,29,1000,Cutoff,Evaluative Voting,100.0,100.0,0.7999999999999887
Plackett-Luce,5,100,71,29,29,1000,Cutoff,k-Median Rule,97.1,97.1,0.7987999999999903
Plackett-Luce,5,100,71,29,29,1000,Cutoff,k-Median-Shapley,83.3,83.3,0.8329999999999891
Plackett-Luce,5,100,71,29,29,1000,Bottom,Evaluative Voting,99.6,99.6,0.8007999999999889
Plackett-Luce,5,100,71,29,29,1000,Bottom,k-Median Rule,84.89999999999999,81.5,0.8177999999999919
Plackett-Luce,5,100,71,29,29,1000,Bottom,k-Median-Shapley,46.800000000000004,41.9,0.9047999999999928
Plackett-Luce,6,100,71,29,29,1000,Cutoff,Evaluative Voting,100.0,100.0,0.8333333333333433
Plackett-Luce,6,100,71,29,29,1000,Cutoff,k-Median Rule,91.8,91.8,0.8470000000000094
Plackett-Luce,6,100,71,29,29,1000,Cutoff,k-Median-Shapley,73.7,73.7,0.8771666666666748
Plackett-Luce,6,100,71,29,29,1000,Bottom,Evaluative Voting,100.0,100.0,0.8333333333333433
Plackett-Luce,6,100,71,29,29,1000,Bottom,k-Median Rule,91.8,91.8,0.8470000000000094
Plackett-Luce,6,100,71,29,29,1000,Bottom,k-Median-Shapley,73.7,73.7,0.8771666666666748
Plackett-Luce,2,100,70,30,30,1000,Cutoff,Evaluative Voting,100.0,100.0,0.5
Plackett-Luce,2,100,70,30,30,1000,Cutoff,k-Median Rule,99.1,99.1,0.4915
Plackett-Luce,2,100,70,30,30,1000,Cutoff,k-Median-Shapley,90.3,90.3,0.5475
Plackett-Luce,2,100,70,30,30,1000,Bottom,Evaluative Voting,68.60000000000001,68.60000000000001,0.657
Plackett-Luce,2,100,70,30,30,1000,Bottom,k-Median Rule,55.800000000000004,35.4,0.71
Plackett-Luce,2,100,70,30,30,1000,Bottom,k-Median-Shapley,16.1,3.0,0.9185
Plackett-Luce,3,100,70,30,30,1000,Cutoff,Evaluative Voting,100.0,100.0,0.6666666666666636
Plackett-Luce,3,100,70,30,30,1000,Cutoff,k-Median Rule,99.4,99.4,0.6549999999999977
Plackett-Luce,3,100,70,30,30,1000,Cutoff,k-Median-Shapley,88.1,88.1,0.7043333333333295
Plackett-Luce,3,100,70,30,30,1000,Bottom,Evaluative Voting,87.5,87.5,0.7083333333333289
Plackett-Luce,3,100,70,30,30,1000,Bottom,k-Median Rule,65.60000000000001,52.2,0.7543333333333297
Plackett-Luce,3,100,70,30,30,1000,Bottom,k-Median-Shapley,20.0,8.200000000000001,0.9323333333333313
Plackett-Luce,4,100,70,30,30,1000,Cutoff,Evaluative Voting,100.0,100.0,0.75
Plackett-Luce,4,100,70,30,30,1000,Cutoff,k-Median Rule,99.1,99.1,0.7455
Plackett-Luce,4,100,70,30,30,1000,Cutoff,k-Median-Shapley,89.0,89.0,0.77525
Plackett-Luce,4,100,70,30,30,1000,Bottom,Evaluative Voting,97.5,97.5,0.75625
Plackett-Luce,4,100,70,30,30,1000,Bottom,k-Median Rule,76.2,68.10000000000001,0.7925
Plackett-Luce,4,100,70,30,30,1000,Bottom,k-Median-Shapley,30.2,20.3,0.9215
Plackett-Luce,5,100,70,30,30,1000,Cutoff,Evaluative Voting,100.0,100.0,0.7999999999999887
Plackett-Luce,5,100,70,30,30,1000,Cutoff,k-Median Rule,97.3,97.3,0.7949999999999908
Plackett-Luce,5,100,70,30,30,1000,Cutoff,k-Median-Shapley,84.8,84.8,0.8293999999999894
Plackett-Luce,5,100,70,30,30,1000,Bottom,Evaluative Voting,99.8,99.8,0.8003999999999888
Plackett-Luce,5,100,70,30,30,1000,Bottom,k-Median Rule,87.1,84.1,0.8133999999999915
Plackett-Luce,5,100,70,30,30,1000,Bottom,k-Median-Shapley,49.2,44.3,0.8995999999999928
Plackett-Luce,6,100,70,30,30,1000,Cutoff,Evaluative Voting,100.0,100.0,0.8333333333333433
Plackett-Luce,6,100,70,30,30,1000,Cutoff,k-Median Rule,93.2,93.2,0.8446666666666762
Plackett-Luce,6,100,70,30,30,1000,Cutoff,k-Median-Shapley,75.5,75.5,0.8741666666666748
Plackett-Luce,6,100,70,30,30,1000,Bottom,Evaluative Voting,100.0,100.0,0.8333333333333433
Plackett-Luce,6,100,70,30,30,1000,Bottom,k-Median Rule,93.2,93.2,0.8446666666666762
Plackett-Luce,6,100,70,30,30,1000,Bottom,k-Median-Shapley,75.5,75.5,0.8741666666666748
Plackett-Luce,2,100,69,31,31,1000,Cutoff,Evaluative Voting,100.0,100.0,0.5
Plackett-Luce,2,100,69,31,31,1000,Cutoff,k-Median Rule,99.3,99.3,0.488
Plackett-Luce,2,100,69,31,31,1000,Cutoff,k-Median-Shapley,92.2,92.2,0.539
Plackett-Luce,2,100,69,31,31,1000,Bottom,Evaluative Voting,75.2,75.2,0.624
Plackett-Luce,2,100,69,31,31,1000,Bottom,k-Median Rule,60.9,39.900000000000006,0.6775
Plackett-Luce,2,100,69,31,31,1000,Bottom,k-Median-Shapley,16.900000000000002,3.5999999999999996,0.915
Plackett-Luce,3,100,69,31,31,1000,Cutoff,Evaluative Voting,100.0,100.0,0.6666666666666636
Plackett-Luce,3,100,69,31,31,1000,Cutoff,k-Median Rule,99.6,99.6,0.6519999999999981
Plackett-Luce,3,100,69,31,31,1000,Cutoff,k-Median-Shapley,89.7,89.7,0.6989999999999964
Plackett-Luce,3,100,69,31,31,1000,Bottom,Evaluative Voting,91.2,91.2,0.6959999999999958
Plackett-Luce,3,100,69,31,31,1000,Bottom,k-Median Rule,71.2,57.199999999999996,0.7303333333333303
Plackett-Luce,3,100,69,31,31,1000,Bottom,k-Median-Shapley,21.0,9.1,0.9293333333333305
Plackett-Luce,4,100,69,31,31,1000,Cutoff,Evaluative Voting,100.0,100.0,0.75
Plackett-Luce,4,100,69,31,31,1000,Cutoff,k-Median Rule,99.5,99.5,0.74275
Plackett-Luce,4,100,69,31,31,1000,Cutoff,k-Median-Shapley,90.7,90.7,0.77125
Plackett-Luce,4,100,69,31,31,1000,Bottom,Evaluative Voting,98.8,98.8,0.753
Plackett-Luce,4,100,69,31,31,1000,Bottom,k-Median Rule,80.10000000000001,72.1,0.778
Plackett-Luce,4,100,69,31,31,1000,Bottom,k-Median-Shapley,33.300000000000004,23.400000000000002,0.91375
Plackett-Luce,5,100,69,31,31,1000,Cutoff,Evaluative Voting,100.0,100.0,0.7999999999999887
Plackett-Luce,5,100,69,31,31,1000,Cutoff,k-Median Rule,98.1,98.1,0.790999999999991
Plackett-Luce,5,100,69,31,31,1000,Cutoff,k-Median-Shapley,86.1,86.1,0.8273999999999889
Plackett-Luce,5,100,69,31,31,1000,Bottom,Evaluative Voting,99.9,99.9,0.8001999999999888
Plackett-Luce,5,100,69,31,31,1000,Bottom,k-Median Rule,88.4,85.7,0.8083999999999921
Plackett-Luce,5,100,69,31,31,1000,Bottom,k-Median-Shapley,52.300000000000004,47.5,0.893399999999992
Plackett-Luce,6,100,69,31,31,1000,Cutoff,Evaluative Voting,100.0,100.0,0.8333333333333433
Plackett-Luce,6,100,69,31,31,1000,Cutoff,k-Median Rule,94.0,94.0,0.843333333333343
Plackett-Luce,6,100,69,31,31,1000,Cutoff,k-Median-Shapley,77.2,77.2,0.8713333333333415
Plackett-Luce,6,100,69,31,31,1000,Bottom,Evaluative Voting,100.0,100.0,0.8333333333333433
Plackett-Luce,6,100,69,31,31,1000,Bottom,k-Median Rule,94.0,94.0,0.843333333333343
Plackett-Luce,6,100,69,31,31,1000,Bottom,k-Median-Shapley,77.2,77.2,0.8713333333333415
Plackett-Luce,2,100,68,32,32,1000,Cutoff,Evaluative Voting,100.0,100.0,0.5
Plackett-Luce,2,100,68,32,32,1000,Cutoff,k-Median Rule,99.5,99.5,0.4885
Plackett-Luce,2,100,68,32,32,1000,Cutoff,k-Median-Shapley,93.10000000000001,93.10000000000001,0.534
Plackett-Luce,2,100,68,32,32,1000,Bottom,Evaluative Voting,80.5,80.5,0.5975
Plackett-Luce,2,100,68,32,32,1000,Bottom,k-Median Rule,63.800000000000004,44.9,0.661
Plackett-Luce,2,100,68,32,32,1000,Bottom,k-Median-Shapley,18.5,4.8,0.907
Plackett-Luce,3,100,68,32,32,1000,Cutoff,Evaluative Voting,100.0,100.0,0.6666666666666636
Plackett-Luce,3,100,68,32,32,1000,Cutoff,k-Median Rule,99.6,99.6,0.6526666666666646
Plackett-Luce,3,100,68,32,32,1000,Cutoff,k-Median-Shapley,92.60000000000001,92.60000000000001,0.6903333333333296
Plackett-Luce,3,100,68,32,32,1000,Bottom,Evaluative Voting,94.6,94.6,0.6846666666666629
Plackett-Luce,3,100,68,32,32,1000,Bottom,k-Median Rule,73.8,60.9,0.7233333333333303
Plackett-Luce,3,100,68,32,32,1000,Bottom,k-Median-Shapley,22.2,11.0,0.9246666666666638
Plackett-Luce,4,100,68,32,32,1000,Cutoff,Evaluative Voting,100.0,100.0,0.75
Plackett-Luce,4,100,68,32,32,1000,Cutoff,k-Median Rule,99.7,99.7,0.7405
Plackett-Luce,4,100,68,32,32,1000,Cutoff,k-Median-Shapley,91.9,91.9,0.769
Plackett-Luce,4,100,68,32,32,1000,Bottom,Evaluative Voting,99.2,99.2,0.752
Plackett-Luce,4,100,68,32,32,1000,Bottom,k-Median Rule,82.3,75.5,0.77075
Plackett-Luce,4,100,68,32,32,1000,Bottom,k-Median-Shapley,36.7,26.8,0.90575
Plackett-Luce,5,100,68,32,32,1000,Cutoff,Evaluative Voting,100.0,100.0,0.7999999999999887
Plackett-Luce,5,100,68,32,32,1000,Cutoff,k-Median Rule,98.1,98.1,0.7879999999999915
Plackett-Luce,5,100,68,32,32,1000,Cutoff,k-Median-Shapley,87.6,87.6,0.8245999999999888
Plackett-Luce,5,100,68,32,32,1000,Bottom,Evaluative Voting,99.9,99.9,0.8001999999999888
Plackett-Luce,5,100,68,32,32,1000,Bottom,k-Median Rule,89.9,87.5,0.8063999999999918
Plackett-Luce,5,100,68,32,32,1000,Bottom,k-Median-Shapley,56.00000000000001,51.6,0.8855999999999922
Plackett-Luce,6,100,68,32,32,1000,Cutoff,Evaluative Voting,100.0,100.0,0.8333333333333433
Plackett-Luce,6,100,68,32,32,1000,Cutoff,k-Median Rule,94.8,94.8,0.8420000000000096
Plackett-Luce,6,100,68,32,32,1000,Cutoff,k-Median-Shapley,79.3,79.3,0.8678333333333418
Plackett-Luce,6,100,68,32,32,1000,Bottom,Evaluative Voting,100.0,100.0,0.8333333333333433
Plackett-Luce,6,100,68,32,32,1000,Bottom,k-Median Rule,94.8,94.8,0.8420000000000096
Plackett-Luce,6,100,68,32,32,1000,Bottom,k-Median-Shapley,79.3,79.3,0.8678333333333418
Plackett-Luce,2,100,67,33,33,1000,Cutoff,Evaluative Voting,100.0,100.0,0.5
Plackett-Luce,2,100,67,33,33,1000,Cutoff,k-Median Rule,99.8,99.8,0.482
Plackett-Luce,2,100,67,33,33,1000,Cutoff,k-Median-Shapley,94.69999999999999,94.69999999999999,0.5255
Plackett-Luce,2,100,67,33,33,1000,Bottom,Evaluative Voting,85.39999999999999,85.39999999999999,0.573
Plackett-Luce,2,100,67,33,33,1000,Bottom,k-Median Rule,67.80000000000001,50.1,0.634
Plackett-Luce,2,100,67,33,33,1000,Bottom,k-Median-Shapley,20.1,6.0,0.8995
Plackett-Luce,3,100,67,33,33,1000,Cutoff,Evaluative Voting,100.0,100.0,0.6666666666666636
Plackett-Luce,3,100,67,33,33,1000,Cutoff,k-Median Rule,99.6,99.6,0.6516666666666643
Plackett-Luce,3,100,67,33,33,1000,Cutoff,k-Median-Shapley,93.8,93.8,0.6859999999999966
Plackett-Luce,3,100,67,33,33,1000,Bottom,Evaluative Voting,96.89999999999999,96.89999999999999,0.6769999999999965
Plackett-Luce,3,100,67,33,33,1000,Bottom,k-Median Rule,78.5,66.5,0.6979999999999972
Plackett-Luce,3,100,67,33,33,1000,Bottom,k-Median-Shapley,24.5,13.0,0.9169999999999972
Plackett-Luce,4,100,67,33,33,1000,Cutoff,Evaluative Voting,100.0,100.0,0.75
Plackett-Luce,4,100,67,33,33,1000,Cutoff,k-Median Rule,99.8,99.8,0.73675
Plackett-Luce,4,100,67,33,33,1000,Cutoff,k-Median-Shapley,93.0,93.0,0.7665
Plackett-Luce,4,100,67,33,33,1000,Bottom,Evaluative Voting,99.8,99.8,0.7505
Plackett-Luce,4,100,67,33,33,1000,Bottom,k-Median Rule,85.9,79.7,0.75725
Plackett-Luce,4,100,67,33,33,1000,Bottom,k-Median-Shapley,39.900000000000006,30.4,0.8975
Plackett-Luce,5,100,67,33,33,1000,Cutoff,Evaluative Voting,100.0,100.0,0.7999999999999887
Plackett-Luce,5,100,67,33,33,1000,Cutoff,k-Median Rule,98.4,98.4,0.7845999999999923
Plackett-Luce,5,100,67,33,33,1000,Cutoff,k-Median-Shapley,89.4,89.4,0.8207999999999889
Plackett-Luce,5,100,67,33,33,1000,Bottom,Evaluative Voting,100.0,100.0,0.7999999999999887
Plackett-Luce,5,100,67,33,33,1000,Bottom,k-Median Rule,91.8,89.60000000000001,0.7981999999999926
Plackett-Luce,5,100,67,33,33,1000,Bottom,k-Median-Shapley,58.099999999999994,54.6,0.8805999999999922
Plackett-Luce,6,100,67,33,33,1000,Cutoff,Evaluative Voting,100.0,100.0,0.8333333333333433
Plackett-Luce,6,100,67,33,33,1000,Cutoff,k-Median Rule,95.8,95.8,0.840333333333343
Plackett-Luce,6,100,67,33,33,1000,Cutoff,k-Median-Shapley,81.89999999999999,81.89999999999999,0.8635000000000085
Plackett-Luce,6,100,67,33,33,1000,Bottom,Evaluative Voting,100.0,100.0,0.8333333333333433
Plackett-Luce,6,100,67,33,33,1000,Bottom,k-Median Rule,95.8,95.8,0.840333333333343
Plackett-Luce,6,100,67,33,33,1000,Bottom,k-Median-Shapley,81.89999999999999,81.89999999999999,0.8635000000000085
Plackett-Luce,2,100,66,34,34,1000,Cutoff,Evaluative Voting,100.0,100.0,0.5
Plackett-Luce,2,100,66,34,34,1000,Cutoff,k-Median Rule,99.8,99.8,0.4835
Plackett-Luce,2,100,66,34,34,1000,Cutoff,k-Median-Shapley,96.1,96.1,0.5175
Plackett-Luce,2,100,66,34,34,1000,Bottom,Evaluative Voting,90.10000000000001,90.10000000000001,0.5495
Plackett-Luce,2,100,66,34,34,1000,Bottom,k-Median Rule,70.7,55.800000000000004,0.6175
Plackett-Luce,2,100,66,34,34,1000,Bottom,k-Median-Shapley,21.3,7.3999999999999995,0.8915
Plackett-Luce,3,100,66,34,34,1000,Cutoff,Evaluative Voting,100.0,100.0,0.6666666666666636
Plackett-Luce,3,100,66,34,34,1000,Cutoff,k-Median Rule,99.7,99.7,0.6506666666666645
Plackett-Luce,3,100,66,34,34,1000,Cutoff,k-Median-Shapley,95.39999999999999,95.39999999999999,0.6809999999999965
Plackett-Luce,3,100,66,34,34,1000,Bottom,Evaluative Voting,98.4,98.4,0.6719999999999966
Plackett-Luce,3,100,66,34,34,1000,Bottom,k-Median Rule,81.8,71.2,0.6879999999999974
Plackett-Luce,3,100,66,34,34,1000,Bottom,k-Median-Shapley,28.4,16.0,0.9029999999999968
Plackett-Luce,4,100,66,34,34,1000,Cutoff,Evaluative Voting,100.0,100.0,0.75
Plackett-Luce,4,100,66,34,34,1000,Cutoff,k-Median Rule,99.9,99.9,0.7355
Plackett-Luce,4,100,66,34,34,1000,Cutoff,k-Median-Shapley,93.8,93.8,0.76475
Plackett-Luce,4,100,66,34,34,1000,Bottom,Evaluative Voting,99.9,99.9,0.75025
Plackett-Luce,4,100,66,34,34,1000,Bottom,k-Median Rule,88.5,83.3,0.7475
Plackett-Luce,4,100,66,34,34,1000,Bottom,k-Median-Shapley,40.9,33.7,0.89425
Plackett-Luce,5,100,66,34,34,1000,Cutoff,Evaluative Voting,100.0,100.0,0.7999999999999887
Plackett-Luce,5,100,66,34,34,1000,Cutoff,k-Median Rule,98.4,98.4,0.7799999999999933
Plackett-Luce,5,100,66,34,34,1000,Cutoff,k-Median-Shapley,90.7,90.7,0.8185999999999887
Plackett-Luce,5,100,66,34,34,1000,Bottom,Evaluative Voting,100.0,100.0,0.7999999999999887
Plackett-Luce,5,100,66,34,34,1000,Bottom,k-Median Rule,93.30000000000001,91.7,0.793199999999993
Plackett-Luce,5,100,66,34,34,1000,Bottom,k-Median-Shapley,62.7,59.199999999999996,0.869999999999992
Plackett-Luce,6,100,66,34,34,1000,Cutoff,Evaluative Voting,100.0,100.0,0.8333333333333433
Plackett-Luce,6,100,66,34,34,1000,Cutoff,k-Median Rule,96.5,96.5,0.8391666666666764
Plackett-Luce,6,100,66,34,34,1000,Cutoff,k-Median-Shapley,83.6,83.6,0.8606666666666752
Plackett-Luce,6,100,66,34,34,1000,Bottom,Evaluative Voting,100.0,100.0,0.8333333333333433
Plackett-Luce,6,100,66,34,34,1000,Bottom,k-Median Rule,96.5,96.5,0.8391666666666764
Plackett-Luce,6,100,66,34,34,1000,Bottom,k-Median-Shapley,83.6,83.6,0.8606666666666752
Plackett-Luce,2,100,65,35,35,1000,Cutoff,Evaluative Voting,100.0,100.0,0.5
Plackett-Luce,2,100,65,35,35,1000,Cutoff,k-Median Rule,99.9,99.9,0.4815
Plackett-Luce,2,100,65,35,35,1000,Cutoff,k-Median-Shapley,96.6,96.6,0.517
Plackett-Luce,2,100,65,35,35,1000,Bottom,Evaluative Voting,94.0,94.0,0.53
Plackett-Luce,2,100,65,35,35,1000,Bottom,k-Median Rule,74.2,60.0,0.598
Plackett-Luce,2,100,65,35,35,1000,Bottom,k-Median-Shapley,24.7,9.700000000000001,0.876
Plackett-Luce,3,100,65,35,35,1000,Cutoff,Evaluative Voting,100.0,100.0,0.6666666666666636
Plackett-Luce,3,100,65,35,35,1000,Cutoff,k-Median Rule,99.8,99.8,0.6483333333333319
Plackett-Luce,3,100,65,35,35,1000,Cutoff,k-Median-Shapley,96.39999999999999,96.39999999999999,0.67733333333333
Plackett-Luce,3,100,65,35,35,1000,Bottom,Evaluative Voting,99.0,99.0,0.6699999999999968
Plackett-Luce,3,100,65,35,35,1000,Bottom,k-Median Rule,84.5,75.1,0.6773333333333312
Plackett-Luce,3,100,65,35,35,1000,Bottom,k-Median-Shapley,31.2,20.0,0.8943333333333299
Plackett-Luce,4,100,65,35,35,1000,Cutoff,Evaluative Voting,100.0,100.0,0.75
Plackett-Luce,4,100,65,35,35,1000,Cutoff,k-Median Rule,99.9,99.9,0.73175
Plackett-Luce,4,100,65,35,35,1000,Cutoff,k-Median-Shapley,95.19999999999999,95.19999999999999,0.76025
Plackett-Luce,4,100,65,35,35,1000,Bottom,Evaluative Voting,100.0,100.0,0.75
Plackett-Luce,4,100,65,35,35,1000,Bottom,k-Median Rule,90.9,86.5,0.73775
Plackett-Luce,4,100,65,35,35,1000,Bottom,k-Median-Shapley,43.4,37.3,0.88725
Plackett-Luce,5,100,65,35,35,1000,Cutoff,Evaluative Voting,100.0,100.0,0.7999999999999887
Plackett-Luce,5,100,65,35,35,1000,Cutoff,k-Median Rule,98.6,98.6,0.7741999999999943
Plackett-Luce,5,100,65,35,35,1000,Cutoff,k-Median-Shapley,91.5,91.5,0.8167999999999886
Plackett-Luce,5,100,65,35,35,1000,Bottom,Evaluative Voting,100.0,100.0,0.7999999999999887
Plackett-Luce,5,100,65,35,35,1000,Bottom,k-Median Rule,95.19999999999999,93.89999999999999,0.781199999999994
Plackett-Luce,5,100,65,35,35,1000,Bottom,k-Median-Shapley,65.4,61.9,0.8647999999999921
Plackett-Luce,6,100,65,35,35,1000,Cutoff,Evaluative Voting,100.0,100.0,0.8333333333333433
Plackett-Luce,6,100,65,35,35,1000,Cutoff,k-Median Rule,97.1,97.1,0.8381666666666763
Plackett-Luce,6,100,65,35,35,1000,Cutoff,k-Median-Shapley,85.1,85.1,0.8581666666666755
Plackett-Luce,6,100,65,35,35,1000,Bottom,Evaluative Voting,100.0,100.0,0.8333333333333433
Plackett-Luce,6,100,65,35,35,1000,Bottom,k-Median Rule,97.1,97.1,0.8381666666666763
Plackett-Luce,6,100,65,35,35,1000,Bottom,k-Median-Shapley,85.1,85.1,0.8581666666666755
Plackett-Luce,2,100,64,36,36,1000,Cutoff,Evaluative Voting,100.0,100.0,0.5
Plackett-Luce,2,100,64,36,36,1000,Cutoff,k-Median Rule,99.9,99.9,0.4835
Plackett-Luce,2,100,64,36,36,1000,Cutoff,k-Median-Shapley,97.3,97.3,0.5125
Plackett-Luce,2,100,64,36,36,1000,Bottom,Evaluative Voting,96.39999999999999,96.39999999999999,0.518
Plackett-Luce,2,100,64,36,36,1000,Bottom,k-Median Rule,78.8,65.3,0.573
Plackett-Luce,2,100,64,36,36,1000,Bottom,k-Median-Shapley,26.400000000000002,12.6,0.8675
Plackett-Luce,3,100,64,36,36,1000,Cutoff,Evaluative Voting,100.0,100.0,0.6666666666666636
Plackett-Luce,3,100,64,36,36,1000,Cutoff,k-Median Rule,99.9,99.9,0.6446666666666654
Plackett-Luce,3,100,64,36,36,1000,Cutoff,k-Median-Shapley,97.1,97.1,0.6749999999999964
Plackett-Luce,3,100,64,36,36,1000,Bottom,Evaluative Voting,99.7,99.7,0.6676666666666636
Plackett-Luce,3,100,64,36,36,1000,Bottom,k-Median Rule,88.0,79.2,0.6609999999999984
Plackett-Luce,3,100,64,36,36,1000,Bottom,k-Median-Shapley,37.4,25.7,0.8736666666666624
Plackett-Luce,4,100,64,36,36,1000,Cutoff,Evaluative Voting,100.0,100.0,0.75
Plackett-Luce,4,100,64,36,36,1000,Cutoff,k-Median Rule,100.0,100.0,0.725
Plackett-Luce,4,100,64,36,36,1000,Cutoff,k-Median-Shapley,96.0,96.0,0.759
Plackett-Luce,4,100,64,36,36,1000,Bottom,Evaluative Voting,100.0,100.0,0.75
Plackett-Luce,4,100,64,36,36,1000,Bottom,k-Median Rule,92.5,89.3,0.72625
Plackett-Luce,4,100,64,36,36,1000,Bottom,k-Median-Shapley,49.1,42.3,0.873
Plackett-Luce,5,100,64,36,36,1000,Cutoff,Evaluative Voting,100.0,100.0,0.7999999999999887
Plackett-Luce,5,100,64,36,36,1000,Cutoff,k-Median Rule,99.0,99.0,0.768199999999995
Plackett-Luce,5,100,64,36,36,1000,Cutoff,k-Median-Shapley,93.30000000000001,93.30000000000001,0.813199999999989
Plackett-Luce,5,100,64,36,36,1000,Bottom,Evaluative Voting,100.0,100.0,0.7999999999999887
Plackett-Luce,5,100,64,36,36,1000,Bottom,k-Median Rule,96.89999999999999,95.5,0.7755999999999945
Plackett-Luce,5,100,64,36,36,1000,Bottom,k-Median-Shapley,68.7,65.4,0.8591999999999913
Plackett-Luce,6,100,64,36,36,1000,Cutoff,Evaluative Voting,100.0,100.0,0.8333333333333433
Plackett-Luce,6,100,64,36,36,1000,Cutoff,k-Median Rule,97.8,97.8,0.8370000000000097
Plackett-Luce,6,100,64,36,36,1000,Cutoff,k-Median-Shapley,87.1,87.1,0.8548333333333423
Plackett-Luce,6,100,64,36,36,1000,Bottom,Evaluative Voting,100.0,100.0,0.8333333333333433
Plackett-Luce,6,100,64,36,36,1000,Bottom,k-Median Rule,97.8,97.8,0.8370000000000097
Plackett-Luce,6,100,64,36,36,1000,Bottom,k-Median-Shapley,87.1,87.1,0.8548333333333423
Plackett-Luce,2,100,63,37,37,1000,Cutoff,Evaluative Voting,100.0,100.0,0.5
Plackett-Luce,2,100,63,37,37,1000,Cutoff,k-Median Rule,99.9,99.9,0.484
Plackett-Luce,2,100,63,37,37,1000,Cutoff,k-Median-Shapley,97.8,97.8,0.51
Plackett-Luce,2,100,63,37,37,1000,Bottom,Evaluative Voting,98.4,98.4,0.508
Plackett-Luce,2,100,63,37,37,1000,Bottom,k-Median Rule,81.69999999999999,70.3,0.5615
Plackett-Luce,2,100,63,37,37,1000,Bottom,k-Median-Shapley,28.7,14.899999999999999,0.8555
Plackett-Luce,3,100,63,37,37,1000,Cutoff,Evaluative Voting,100.0,100.0,0.6666666666666636
Plackett-Luce,3,100,63,37,37,1000,Cutoff,k-Median Rule,100.0,100.0,0.6443333333333321
Plackett-Luce,3,100,63,37,37,1000,Cutoff,k-Median-Shapley,97.6,97.6,0.6736666666666633
Plackett-Luce,3,100,63,37,37,1000,Bottom,Evaluative Voting,100.0,100.0,0.6666666666666636
Plackett-Luce,3,100,63,37,37,1000,Bottom,k-Median Rule,89.8,82.39999999999999,0.6553333333333314
Plackett-Luce,3,100,63,37,37,1000,Bottom,k-Median-Shapley,41.3,30.5,0.8599999999999958
Plackett-Luce,4,100,63,37,37,1000,Cutoff,Evaluative Voting,100.0,100.0,0.75
Plackett-Luce,4,100,63,37,37,1000,Cutoff,k-Median Rule,100.0,100.0,0.718
Plackett-Luce,4,100,63,37,37,1000,Cutoff,k-Median-Shapley,96.6,96.6,0.75775
Plackett-Luce,4,100,63,37,37,1000,Bottom,Evaluative Voting,100.0,100.0,0.75
Plackett-Luce,4,100,63,37,37,1000,Bottom,k-Median Rule,94.39999999999999,91.8,0.71775
Plackett-Luce,4,100,63,37,37,1000,Bottom,k-Median-Shapley,54.300000000000004,48.1,0.8595
Plackett-Luce,5,100,63,37,37,1000,Cutoff,Evaluative Voting,100.0,100.0,0.7999999999999887
Plackett-Luce,5,100,63,37,37,1000,Cutoff,k-Median Rule,99.2,99.2,0.7609999999999961
Plackett-Luce,5,100,63,37,37,1000,Cutoff,k-Median-Shapley,95.0,95.0,0.8097999999999891
Plackett-Luce,5,100,63,37,37,1000,Bottom,Evaluative Voting,100.0,100.0,0.7999999999999887
Plackett-Luce,5,100,63,37,37,1000,Bottom,k-Median Rule,97.7,96.3,0.7649999999999957
Plackett-Luce,5,100,63,37,37,1000,Bottom,k-Median-Shapley,71.39999999999999,67.9,0.8537999999999908
Plackett-Luce,6,100,63,37,37,1000,Cutoff,Evaluative Voting,100.0,100.0,0.8333333333333433
Plackett-Luce,6,100,63,37,37,1000,Cutoff,k-Median Rule,98.1,98.1,0.8365000000000098
Plackett-Luce,6,100,63,37,37,1000,Cutoff,k-Median-Shapley,88.4,88.4,0.8526666666666759
Plackett-Luce,6,100,63,37,37,1000,Bottom,Evaluative Voting,100.0,100.0,0.8333333333333433
Plackett-Luce,6,100,63,37,37,1000,Bottom,k-Median Rule,98.1,98.1,0.8365000000000098
Plackett-Luce,6,100,63,37,37,1000,Bottom,k-Median-Shapley,88.4,88.4,0.8526666666666759
Plackett-Luce,2,100,62,38,38,1000,Cutoff,Evaluative Voting,100.0,100.0,0.5
Plackett-Luce,2,100,62,38,38,1000,Cutoff,k-Median Rule,99.9,99.9,0.4835
Plackett-Luce,2,100,62,38,38,1000,Cutoff,k-Median-Shapley,98.4,98.4,0.5065
Plackett-Luce,2,100,62,38,38,1000,Bottom,Evaluative Voting,99.2,99.2,0.504
Plackett-Luce,2,100,62,38,38,1000,Bottom,k-Median Rule,84.2,74.9,0.546
Plackett-Luce,2,100,62,38,38,1000,Bottom,k-Median-Shapley,33.900000000000006,19.3,0.8285
Plackett-Luce,3,100,62,38,38,1000,Cutoff,Evaluative Voting,100.0,100.0,0.6666666666666636
Plackett-Luce,3,100,62,38,38,1000,Cutoff,k-Median Rule,100.0,100.0,0.6396666666666656
Plackett-Luce,3,100,62,38,38,1000,Cutoff,k-Median-Shapley,97.8,97.8,0.6736666666666633
Plackett-Luce,3,100,62,38,38,1000,Bottom,Evaluative Voting,100.0,100.0,0.6666666666666636
Plackett-Luce,3,100,62,38,38,1000,Bottom,k-Median Rule,91.8,86.4,0.6463333333333329
Plackett-Luce,3,100,62,38,38,1000,Bottom,k-Median-Shapley,45.4,35.3,0.8463333333333289
Plackett-Luce,4,100,62,38,38,1000,Cutoff,Evaluative Voting,100.0,100.0,0.75
Plackett-Luce,4,100,62,38,38,1000,Cutoff,k-Median Rule,100.0,100.0,0.70875
Plackett-Luce,4,100,62,38,38,1000,Cutoff,k-Median-Shapley,97.6,97.6,0.75575
Plackett-Luce,4,100,62,38,38,1000,Bottom,Evaluative Voting,100.0,100.0,0.75
Plackett-Luce,4,100,62,38,38,1000,Bottom,k-Median Rule,95.6,94.0,0.707
Plackett-Luce,4,100,62,38,38,1000,Bottom,k-Median-Shapley,59.099999999999994,52.6,0.848
Plackett-Luce,5,100,62,38,38,1000,Cutoff,Evaluative Voting,100.0,100.0,0.7999999999999887
Plackett-Luce,5,100,62,38,38,1000,Cutoff,k-Median Rule,99.7,99.7,0.7529999999999973
Plackett-Luce,5,100,62,38,38,1000,Cutoff,k-Median-Shapley,96.0,96.0,0.8077999999999891
Plackett-Luce,5,100,62,38,38,1000,Bottom,Evaluative Voting,100.0,100.0,0.7999999999999887
Plackett-Luce,5,100,62,38,38,1000,Bottom,k-Median Rule,98.4,97.5,0.7597999999999963
Plackett-Luce,5,100,62,38,38,1000,Bottom,k-Median-Shapley,72.8,70.7,0.8509999999999907
Plackett-Luce,6,100,62,38,38,1000,Cutoff,Evaluative Voting,100.0,100.0,0.8333333333333433
Plackett-Luce,6,100,62,38,38,1000,Cutoff,k-Median Rule,98.9,98.9,0.8351666666666764
Plackett-Luce,6,100,62,38,38,1000,Cutoff,k-Median-Shapley,89.8,89.8,0.8503333333333425
Plackett-Luce,6,100,62,38,38,1000,Bottom,Evaluative Voting,100.0,100.0,0.8333333333333433
Plackett-Luce,6,100,62,38,38,1000,Bottom,k-Median Rule,98.9,98.9,0.8351666666666764
Plackett-Luce,6,100,62,38,38,1000,Bottom,k-Median-Shapley,89.8,89.8,0.8503333333333425
Plackett-Luce,2,100,61,39,39,1000,Cutoff,Evaluative Voting,100.0,100.0,0.5
Plackett-Luce,2,100,61,39,39,1000,Cutoff,k-Median Rule,100.0,100.0,0.4795
Plackett-Luce,2,100,61,39,39,1000,Cutoff,k-Median-Shapley,99.3,99.3,0.5015
Plackett-Luce,2,100,61,39,39,1000,Bottom,Evaluative Voting,99.9,99.9,0.5005
Plackett-Luce,2,100,61,39,39,1000,Bottom,k-Median Rule,86.5,80.10000000000001,0.5325
Plackett-Luce,2,100,61,39,39,1000,Bottom,k-Median-Shapley,38.800000000000004,24.7,0.8015
Plackett-Luce,3,100,61,39,39,1000,Cutoff,Evaluative Voting,100.0,100.0,0.6666666666666636
Plackett-Luce,3,100,61,39,39,1000,Cutoff,k-Median Rule,100.0,100.0,0.6353333333333324
Plackett-Luce,3,100,61,39,39,1000,Cutoff,k-Median-Shapley,98.4,98.4,0.67033333333333
Plackett-Luce,3,100,61,39,39,1000,Bottom,Evaluative Voting,100.0,100.0,0.6666666666666636
Plackett-Luce,3,100,61,39,39,1000,Bottom,k-Median Rule,93.60000000000001,89.8,0.6386666666666663
Plackett-Luce,3,100,61,39,39,1000,Bottom,k-Median-Shapley,50.2,41.199999999999996,0.8283333333333286
Plackett-Luce,4,100,61,39,39,1000,Cutoff,Evaluative Voting,100.0,100.0,0.75
Plackett-Luce,4,100,61,39,39,1000,Cutoff,k-Median Rule,100.0,100.0,0.70075
Plackett-Luce,4,100,61,39,39,1000,Cutoff,k-Median-Shapley,98.4,98.4,0.7535
Plackett-Luce,4,100,61,39,39,1000,Bottom,Evaluative Voting,100.0,100.0,0.75
Plackett-Luce,4,100,61,39,39,1000,Bottom,k-Median Rule,96.39999999999999,95.39999999999999,0.701
Plackett-Luce,4,100,61,39,39,1000,Bottom,k-Median-Shapley,64.5,58.5,0.8335
Plackett-Luce,5,100,61,39,39,1000,Cutoff,Evaluative Voting,100.0,100.0,0.7999999999999887
Plackett-Luce,5,100,61,39,39,1000,Cutoff,k-Median Rule,99.8,99.8,0.746999999999998
Plackett-Luce,5,100,61,39,39,1000,Cutoff,k-Median-Shapley,96.7,96.7,0.8065999999999891
Plackett-Luce,5,100,61,39,39,1000,Bottom,Evaluative Voting,100.0,100.0,0.7999999999999887
Plackett-Luce,5,100,61,39,39,1000,Bottom,k-Median Rule,98.8,98.0,0.7497999999999974
Plackett-Luce,5,100,61,39,39,1000,Bottom,k-Median-Shapley,76.2,74.3,0.8429999999999908
Plackett-Luce,6,100,61,39,39,1000,Cutoff,Evaluative Voting,100.0,100.0,0.8333333333333433
Plackett-Luce,6,100,61,39,39,1000,Cutoff,k-Median Rule,99.2,99.2,0.8346666666666765
Plackett-Luce,6,100,61,39,39,1000,Cutoff,k-Median-Shapley,91.10000000000001,91.10000000000001,0.848166666666676
Plackett-Luce,6,100,61,39,39,1000,Bottom,Evaluative Voting,100.0,100.0,0.8333333333333433
Plackett-Luce,6,100,61,39,39,1000,Bottom,k-Median Rule,99.2,99.2,0.8346666666666765
Plackett-Luce,6,100,61,39,39,1000,Bottom,k-Median-Shapley,91.10000000000001,91.10000000000001,0.848166666666676
Plackett-Luce,2,100,60,40,40,1000,Cutoff,Evaluative Voting,100.0,100.0,0.5
Plackett-Luce,2,100,60,40,40,1000,Cutoff,k-Median Rule,100.0,100.0,0.4795
Plackett-Luce,2,100,60,40,40,1000,Cutoff,k-Median-Shapley,99.4,99.4,0.502
Plackett-Luce,2,100,60,40,40,1000,Bottom,Evaluative Voting,100.0,100.0,0.5
Plackett-Luce,2,100,60,40,40,1000,Bottom,k-Median Rule,89.5,83.6,0.5105
Plackett-Luce,2,100,60,40,40,1000,Bottom,k-Median-Shapley,41.8,30.4,0.7865
Plackett-Luce,3,100,60,40,40,1000,Cutoff,Evaluative Voting,100.0,100.0,0.6666666666666636
Plackett-Luce,3,100,60,40,40,1000,Cutoff,k-Median Rule,100.0,100.0,0.625666666666666
Plackett-Luce,3,100,60,40,40,1000,Cutoff,k-Median-Shapley,99.1,99.1,0.6673333333333302
Plackett-Luce,3,100,60,40,40,1000,Bottom,Evaluative Voting,100.0,100.0,0.6666666666666636
Plackett-Luce,3,100,60,40,40,1000,Bottom,k-Median Rule,94.8,91.8,0.6289999999999999
Plackett-Luce,3,100,60,40,40,1000,Bottom,k-Median-Shapley,57.199999999999996,47.9,0.8009999999999959
Plackett-Luce,4,100,60,40,40,1000,Cutoff,Evaluative Voting,100.0,100.0,0.75
Plackett-Luce,4,100,60,40,40,1000,Cutoff,k-Median Rule,100.0,100.0,0.68875
Plackett-Luce,4,100,60,40,40,1000,Cutoff,k-Median-Shapley,99.0,99.0,0.7505
Plackett-Luce,4,100,60,40,40,1000,Bottom,Evaluative Voting,100.0,100.0,0.75
Plackett-Luce,4,100,60,40,40,1000,Bottom,k-Median Rule,97.2,96.6,0.69025
Plackett-Luce,4,100,60,40,40,1000,Bottom,k-Median-Shapley,69.39999999999999,63.3,0.81825
Plackett-Luce,5,100,60,40,40,1000,Cutoff,Evaluative Voting,100.0,100.0,0.7999999999999887
Plackett-Luce,5,100,60,40,40,1000,Cutoff,k-Median Rule,99.8,99.8,0.7413999999999987
Plackett-Luce,5,100,60,40,40,1000,Cutoff,k-Median-Shapley,97.39999999999999,97.39999999999999,0.8045999999999892
Plackett-Luce,5,100,60,40,40,1000,Bottom,Evaluative Voting,100.0,100.0,0.7999999999999887
Plackett-Luce,5,100,60,40,40,1000,Bottom,k-Median Rule,99.4,98.8,0.7469999999999973
Plackett-Luce,5,100,60,40,40,1000,Bottom,k-Median-Shapley,80.4,79.2,0.8339999999999905
Plackett-Luce,6,100,60,40,40,1000,Cutoff,Evaluative Voting,100.0,100.0,0.8333333333333433
Plackett-Luce,6,100,60,40,40,1000,Cutoff,k-Median Rule,99.5,99.5,0.8341666666666765
Plackett-Luce,6,100,60,40,40,1000,Cutoff,k-Median-Shapley,93.0,93.0,0.8450000000000095
Plackett-Luce,6,100,60,40,40,1000,Bottom,Evaluative Voting,100.0,100.0,0.8333333333333433
Plackett-Luce,6,100,60,40,40,1000,Bottom,k-Median Rule,99.5,99.5,0.8341666666666765
Plackett-Luce,6,100,60,40,40,1000,Bottom,k-Median-Shapley,93.0,93.0,0.8450000000000095
Plackett-Luce,2,100,59,41,41,1000,Cutoff,Evaluative Voting,100.0,100.0,0.5
Plackett-Luce,2,100,59,41,41,1000,Cutoff,k-Median Rule,100.0,100.0,0.4735
Plackett-Luce,2,100,59,41,41,1000,Cutoff,k-Median-Shapley,99.7,99.7,0.4985
Plackett-Luce,2,100,59,41,41,1000,Bottom,Evaluative Voting,100.0,100.0,0.5
Plackett-Luce,2,100,59,41,41,1000,Bottom,k-Median Rule,91.4,87.3,0.499
Plackett-Luce,2,100,59,41,41,1000,Bottom,k-Median-Shapley,48.6,36.6,0.748
Plackett-Luce,3,100,59,41,41,1000,Cutoff,Evaluative Voting,100.0,100.0,0.6666666666666636
Plackett-Luce,3,100,59,41,41,1000,Cutoff,k-Median Rule,100.0,100.0,0.613
Plackett-Luce,3,100,59,41,41,1000,Cutoff,k-Median-Shapley,99.7,99.7,0.6639999999999971
Plackett-Luce,3,100,59,41,41,1000,Bottom,Evaluative Voting,100.0,100.0,0.6666666666666636
Plackett-Luce,3,100,59,41,41,1000,Bottom,k-Median Rule,95.7,94.5,0.6163333333333332
Plackett-Luce,3,100,59,41,41,1000,Bottom,k-Median-Shapley,62.1,53.900000000000006,0.7833333333333298
Plackett-Luce,4,100,59,41,41,1000,Cutoff,Evaluative Voting,100.0,100.0,0.75
Plackett-Luce,4,100,59,41,41,1000,Cutoff,k-Median Rule,100.0,100.0,0.67575
Plackett-Luce,4,100,59,41,41,1000,Cutoff,k-Median-Shapley,99.4,99.4,0.748
Plackett-Luce,4,100,59,41,41,1000,Bottom,Evaluative Voting,100.0,100.0,0.75
Plackett-Luce,4,100,59,41,41,1000,Bottom,k-Median Rule,98.4,97.89999999999999,0.673
Plackett-Luce,4,100,59,41,41,1000,Bottom,k-Median-Shapley,73.4,68.0,0.8045
Plackett-Luce,5,100,59,41,41,1000,Cutoff,Evaluative Voting,100.0,100.0,0.7999999999999887
Plackett-Luce,5,100,59,41,41,1000,Cutoff,k-Median Rule,99.8,99.8,0.7355999999999994
Plackett-Luce,5,100,59,41,41,1000,Cutoff,k-Median-Shapley,98.2,98.2,0.8027999999999892
Plackett-Luce,5,100,59,41,41,1000,Bottom,Evaluative Voting,100.0,100.0,0.7999999999999887
Plackett-Luce,5,100,59,41,41,1000,Bottom,k-Median Rule,99.5,99.3,0.7355999999999987
Plackett-Luce,5,100,59,41,41,1000,Bottom,k-Median-Shapley,83.2,81.5,0.8271999999999909
Plackett-Luce,6,100,59,41,41,1000,Cutoff,Evaluative Voting,100.0,100.0,0.8333333333333433
Plackett-Luce,6,100,59,41,41,1000,Cutoff,k-Median Rule,99.7,99.7,0.8338333333333432
Plackett-Luce,6,100,59,41,41,1000,Cutoff,k-Median-Shapley,94.1,94.1,0.8431666666666763
Plackett-Luce,6,100,59,41,41,1000,Bottom,Evaluative Voting,100.0,100.0,0.8333333333333433
Plackett-Luce,6,100,59,41,41,1000,Bottom,k-Median Rule,99.7,99.7,0.8338333333333432
Plackett-Luce,6,100,59,41,41,1000,Bottom,k-Median-Shapley,94.1,94.1,0.8431666666666763
Plackett-Luce,2,100,58,42,42,1000,Cutoff,Evaluative Voting,100.0,100.0,0.5
Plackett-Luce,2,100,58,42,42,1000,Cutoff,k-Median Rule,100.0,100.0,0.468
Plackett-Luce,2,100,58,42,42,1000,Cutoff,k-Median-Shapley,99.9,99.9,0.4975
Plackett-Luce,2,100,58,42,42,1000,Bottom,Evaluative Voting,100.0,100.0,0.5
Plackett-Luce,2,100,58,42,42,1000,Bottom,k-Median Rule,94.1,91.5,0.4765
Plackett-Luce,2,100,58,42,42,1000,Bottom,k-Median-Shapley,56.00000000000001,44.6,0.713
Plackett-Luce,3,100,58,42,42,1000,Cutoff,Evaluative Voting,100.0,100.0,0.6666666666666636
Plackett-Luce,3,100,58,42,42,1000,Cutoff,k-Median Rule,100.0,100.0,0.5973333333333342
Plackett-Luce,3,100,58,42,42,1000,Cutoff,k-Median-Shapley,99.9,99.9,0.6636666666666637
Plackett-Luce,3,100,58,42,42,1000,Bottom,Evaluative Voting,100.0,100.0,0.6666666666666636
Plackett-Luce,3,100,58,42,42,1000,Bottom,k-Median Rule,97.1,96.39999999999999,0.6023333333333336
Plackett-Luce,3,100,58,42,42,1000,Bottom,k-Median-Shapley,67.30000000000001,60.099999999999994,0.7619999999999951
Plackett-Luce,4,100,58,42,42,1000,Cutoff,Evaluative Voting,100.0,100.0,0.75
Plackett-Luce,4,100,58,42,42,1000,Cutoff,k-Median Rule,100.0,100.0,0.661
Plackett-Luce,4,100,58,42,42,1000,Cutoff,k-Median-Shapley,99.6,99.6,0.746
Plackett-Luce,4,100,58,42,42,1000,Bottom,Evaluative Voting,100.0,100.0,0.75
Plackett-Luce,4,100,58,42,42,1000,Bottom,k-Median Rule,99.1,98.6,0.65625
Plackett-Luce,4,100,58,42,42,1000,Bottom,k-Median-Shapley,77.8,73.6,0.79275
Plackett-Luce,5,100,58,42,42,1000,Cutoff,Evaluative Voting,100.0,100.0,0.7999999999999887
Plackett-Luce,5,100,58,42,42,1000,Cutoff,k-Median Rule,100.0,100.0,0.7287999999999999
Plackett-Luce,5,100,58,42,42,1000,Cutoff,k-Median-Shapley,98.7,98.7,0.801999999999989
Plackett-Luce,5,100,58,42,42,1000,Bottom,Evaluative Voting,100.0,100.0,0.7999999999999887
Plackett-Luce,5,100,58,42,42,1000,Bottom,k-Median Rule,99.7,99.6,0.7277999999999992
Plackett-Luce,5,100,58,42,42,1000,Bottom,k-Median-Shapley,86.8,85.5,0.8187999999999908
Plackett-Luce,6,100,58,42,42,1000,Cutoff,Evaluative Voting,100.0,100.0,0.8333333333333433
Plackett-Luce,6,100,58,42,42,1000,Cutoff,k-Median Rule,99.7,99.7,0.8338333333333432
Plackett-Luce,6,100,58,42,42,1000,Cutoff,k-Median-Shapley,95.1,95.1,0.8415000000000097
Plackett-Luce,6,100,58,42,42,1000,Bottom,Evaluative Voting,100.0,100.0,0.8333333333333433
Plackett-Luce,6,100,58,42,42,1000,Bottom,k-Median Rule,99.7,99.7,0.8338333333333432
Plackett-Luce,6,100,58,42,42,1000,Bottom,k-Median-Shapley,95.1,95.1,0.8415000000000097
Plackett-Luce,2,100,57,43,43,1000,Cutoff,Evaluative Voting,100.0,100.0,0.5
Plackett-Luce,2,100,57,43,43,1000,Cutoff,k-Median Rule,100.0,100.0,0.455
Plackett-Luce,2,100,57,43,43,1000,Cutoff,k-Median-Shapley,100.0,100.0,0.4975
Plackett-Luce,2,100,57,43,43,1000,Bottom,Evaluative Voting,100.0,100.0,0.5
Plackett-Luce,2,100,57,43,43,1000,Bottom,k-Median Rule,95.89999999999999,94.0,0.458
Plackett-Luce,2,100,57,43,43,1000,Bottom,k-Median-Shapley,61.199999999999996,52.6,0.685
Plackett-Luce,3,100,57,43,43,1000,Cutoff,Evaluative Voting,100.0,100.0,0.6666666666666636
Plackett-Luce,3,100,57,43,43,1000,Cutoff,k-Median Rule,100.0,100.0,0.5780000000000018
Plackett-Luce,3,100,57,43,43,1000,Cutoff,k-Median-Shapley,100.0,100.0,0.6623333333333307
Plackett-Luce,3,100,57,43,43,1000,Bottom,Evaluative Voting,100.0,100.0,0.6666666666666636
Plackett-Luce,3,100,57,43,43,1000,Bottom,k-Median Rule,98.5,97.7,0.580666666666668
Plackett-Luce,3,100,57,43,43,1000,Bottom,k-Median-Shapley,72.6,66.5,0.7439999999999956
Plackett-Luce,4,100,57,43,43,1000,Cutoff,Evaluative Voting,100.0,100.0,0.75
Plackett-Luce,4,100,57,43,43,1000,Cutoff,k-Median Rule,100.0,100.0,0.644
Plackett-Luce,4,100,57,43,43,1000,Cutoff,k-Median-Shapley,99.7,99.7,0.747
Plackett-Luce,4,100,57,43,43,1000,Bottom,Evaluative Voting,100.0,100.0,0.75
Plackett-Luce,4,100,57,43,43,1000,Bottom,k-Median Rule,99.6,99.2,0.6405
Plackett-Luce,4,100,57,43,43,1000,Bottom,k-Median-Shapley,81.5,77.7,0.782
Plackett-Luce,5,100,57,43,43,1000,Cutoff,Evaluative Voting,100.0,100.0,0.7999999999999887
Plackett-Luce,5,100,57,43,43,1000,Cutoff,k-Median Rule,100.0,100.0,0.7236000000000005
Plackett-Luce,5,100,57,43,43,1000,Cutoff,k-Median-Shapley,99.3,99.3,0.8001999999999891
Plackett-Luce,5,100,57,43,43,1000,Bottom,Evaluative Voting,100.0,100.0,0.7999999999999887
Plackett-Luce,5,100,57,43,43,1000,Bottom,k-Median Rule,99.8,99.7,0.7184000000000007
Plackett-Luce,5,100,57,43,43,1000,Bottom,k-Median-Shapley,89.2,87.9,0.8113999999999909
Plackett-Luce,6,100,57,43,43,1000,Cutoff,Evaluative Voting,100.0,100.0,0.8333333333333433
Plackett-Luce,6,100,57,43,43,1000,Cutoff,k-Median Rule,99.7,99.7,0.8338333333333432
Plackett-Luce,6,100,57,43,43,1000,Cutoff,k-Median-Shapley,95.89999999999999,95.89999999999999,0.8401666666666764
Plackett-Luce,6,100,57,43,43,1000,Bottom,Evaluative Voting,100.0,100.0,0.8333333333333433
Plackett-Luce,6,100,57,43,43,1000,Bottom,k-Median Rule,99.7,99.7,0.8338333333333432
Plackett-Luce,6,100,57,43,43,1000,Bottom,k-Median-Shapley,95.89999999999999,95.89999999999999,0.8401666666666764
Plackett-Luce,2,100,56,44,44,1000,Cutoff,Evaluative Voting,100.0,100.0,0.5
Plackett-Luce,2,100,56,44,44,1000,Cutoff,k-Median Rule,100.0,100.0,0.439
Plackett-Luce,2,100,56,44,44,1000,Cutoff,k-Median-Shapley,100.0,100.0,0.4965
Plackett-Luce,2,100,56,44,44,1000,Bottom,Evaluative Voting,100.0,100.0,0.5
Plackett-Luce,2,100,56,44,44,1000,Bottom,k-Median Rule,96.7,95.7,0.437
Plackett-Luce,2,100,56,44,44,1000,Bottom,k-Median-Shapley,68.89999999999999,61.3,0.6415
Plackett-Luce,3,100,56,44,44,1000,Cutoff,Evaluative Voting,100.0,100.0,0.6666666666666636
Plackett-Luce,3,100,56,44,44,1000,Cutoff,k-Median Rule,100.0,100.0,0.5553333333333353
Plackett-Luce,3,100,56,44,44,1000,Cutoff,k-Median-Shapley,100.0,100.0,0.6609999999999973
Plackett-Luce,3,100,56,44,44,1000,Bottom,Evaluative Voting,100.0,100.0,0.6666666666666636
Plackett-Luce,3,100,56,44,44,1000,Bottom,k-Median Rule,99.1,98.7,0.557333333333335
Plackett-Luce,3,100,56,44,44,1000,Bottom,k-Median-Shapley,79.4,73.6,0.7176666666666625
Plackett-Luce,4,100,56,44,44,1000,Cutoff,Evaluative Voting,100.0,100.0,0.75
Plackett-Luce,4,100,56,44,44,1000,Cutoff,k-Median Rule,100.0,100.0,0.62825
Plackett-Luce,4,100,56,44,44,1000,Cutoff,k-Median-Shapley,100.0,100.0,0.74625
Plackett-Luce,4,100,56,44,44,1000,Bottom,Evaluative Voting,100.0,100.0,0.75
Plackett-Luce,4,100,56,44,44,1000,Bottom,k-Median Rule,99.7,99.5,0.623
Plackett-Luce,4,100,56,44,44,1000,Bottom,k-Median-Shapley,86.2,81.89999999999999,0.7685
Plackett-Luce,5,100,56,44,44,1000,Cutoff,Evaluative Voting,100.0,100.0,0.7999999999999887
Plackett-Luce,5,100,56,44,44,1000,Cutoff,k-Median Rule,100.0,100.0,0.716800000000001
Plackett-Luce,5,100,56,44,44,1000,Cutoff,k-Median-Shapley,99.3,99.3,0.799799999999989
Plackett-Luce,5,100,56,44,44,1000,Bottom,Evaluative Voting,100.0,100.0,0.7999999999999887
Plackett-Luce,5,100,56,44,44,1000,Bottom,k-Median Rule,100.0,99.9,0.7138000000000011
Plackett-Luce,5,100,56,44,44,1000,Bottom,k-Median-Shapley,91.5,90.10000000000001,0.804599999999991
Plackett-Luce,6,100,56,44,44,1000,Cutoff,Evaluative Voting,100.0,100.0,0.8333333333333433
Plackett-Luce,6,100,56,44,44,1000,Cutoff,k-Median Rule,99.9,99.9,0.8335000000000099
Plackett-Luce,6,100,56,44,44,1000,Cutoff,k-Median-Shapley,97.6,97.6,0.8373333333333431
Plackett-Luce,6,100,56,44,44,1000,Bottom,Evaluative Voting,100.0,100.0,0.8333333333333433
Plackett-Luce,6,100,56,44,44,1000,Bottom,k-Median Rule,99.9,99.9,0.8335000000000099
Plackett-Luce,6,100,56,44,44,1000,Bottom,k-Median-Shapley,97.6,97.6,0.8373333333333431
Plackett-Luce,2,100,55,45,45,1000,Cutoff,Evaluative Voting,100.0,100.0,0.5
Plackett-Luce,2,100,55,45,45,1000,Cutoff,k-Median Rule,100.0,100.0,0.4075
Plackett-Luce,2,100,55,45,45,1000,Cutoff,k-Median-Shapley,100.0,100.0,0.494
Plackett-Luce,2,100,55,45,45,1000,Bottom,Evaluative Voting,100.0,100.0,0.5
Plackett-Luce,2,100,55,45,45,1000,Bottom,k-Median Rule,98.5,97.39999999999999,0.401
Plackett-Luce,2,100,55,45,45,1000,Bottom,k-Median-Shapley,76.7,71.1,0.599
Plackett-Luce,3,100,55,45,45,1000,Cutoff,Evaluative Voting,100.0,100.0,0.6666666666666636
Plackett-Luce,3,100,55,45,45,1000,Cutoff,k-Median Rule,100.0,100.0,0.5236666666666687
Plackett-Luce,3,100,55,45,45,1000,Cutoff,k-Median-Shapley,100.0,100.0,0.6599999999999975
Plackett-Luce,3,100,55,45,45,1000,Bottom,Evaluative Voting,100.0,100.0,0.6666666666666636
Plackett-Luce,3,100,55,45,45,1000,Bottom,k-Median Rule,99.4,99.1,0.5226666666666685
Plackett-Luce,3,100,55,45,45,1000,Bottom,k-Median-Shapley,86.1,82.1,0.6886666666666631
Plackett-Luce,4,100,55,45,45,1000,Cutoff,Evaluative Voting,100.0,100.0,0.75
Plackett-Luce,4,100,55,45,45,1000,Cutoff,k-Median Rule,100.0,100.0,0.60875
Plackett-Luce,4,100,55,45,45,1000,Cutoff,k-Median-Shapley,100.0,100.0,0.745
Plackett-Luce,4,100,55,45,45,1000,Bottom,Evaluative Voting,100.0,100.0,0.75
Plackett-Luce,4,100,55,45,45,1000,Bottom,k-Median Rule,99.9,99.9,0.60175
Plackett-Luce,4,100,55,45,45,1000,Bottom,k-Median-Shapley,91.0,88.7,0.7525
Plackett-Luce,5,100,55,45,45,1000,Cutoff,Evaluative Voting,100.0,100.0,0.7999999999999887
Plackett-Luce,5,100,55,45,45,1000,Cutoff,k-Median Rule,100.0,100.0,0.7096000000000019
Plackett-Luce,5,100,55,45,45,1000,Cutoff,k-Median-Shapley,99.9,99.9,0.797799999999989
Plackett-Luce,5,100,55,45,45,1000,Bottom,Evaluative Voting,100.0,100.0,0.7999999999999887
Plackett-Luce,5,100,55,45,45,1000,Bottom,k-Median Rule,100.0,100.0,0.7042000000000024
Plackett-Luce,5,100,55,45,45,1000,Bottom,k-Median-Shapley,93.5,92.60000000000001,0.7991999999999916
Plackett-Luce,6,100,55,45,45,1000,Cutoff,Evaluative Voting,100.0,100.0,0.8333333333333433
Plackett-Luce,6,100,55,45,45,1000,Cutoff,k-Median Rule,100.0,100.0,0.8333333333333433
Plackett-Luce,6,100,55,45,45,1000,Cutoff,k-Median-Shapley,98.2,98.2,0.8363333333333434
Plackett-Luce,6,100,55,45,45,1000,Bottom,Evaluative Voting,100.0,100.0,0.8333333333333433
Plackett-Luce,6,100,55,45,45,1000,Bottom,k-Median Rule,100.0,100.0,0.8333333333333433
Plackett-Luce,6,100,55,45,45,1000,Bottom,k-Median-Shapley,98.2,98.2,0.8363333333333434
Plackett-Luce,2,100,54,46,46,1000,Cutoff,Evaluative Voting,100.0,100.0,0.5
Plackett-Luce,2,100,54,46,46,1000,Cutoff,k-Median Rule,100.0,100.0,0.3825
Plackett-Luce,2,100,54,46,46,1000,Cutoff,k-Median-Shapley,100.0,100.0,0.492
Plackett-Luce,2,100,54,46,46,1000,Bottom,Evaluative Voting,100.0,100.0,0.5
Plackett-Luce,2,100,54,46,46,1000,Bottom,k-Median Rule,99.1,98.4,0.3795
Plackett-Luce,2,100,54,46,46,1000,Bottom,k-Median-Shapley,84.39999999999999,79.9,0.5505
Plackett-Luce,3,100,54,46,46,1000,Cutoff,Evaluative Voting,100.0,100.0,0.6666666666666636
Plackett-Luce,3,100,54,46,46,1000,Cutoff,k-Median Rule,100.0,100.0,0.49533333333333435
Plackett-Luce,3,100,54,46,46,1000,Cutoff,k-Median-Shapley,100.0,100.0,0.6563333333333313
Plackett-Luce,3,100,54,46,46,1000,Bottom,Evaluative Voting,100.0,100.0,0.6666666666666636
Plackett-Luce,3,100,54,46,46,1000,Bottom,k-Median Rule,99.6,99.5,0.49300000000000055
Plackett-Luce,3,100,54,46,46,1000,Bottom,k-Median-Shapley,91.10000000000001,87.9,0.6619999999999974
Plackett-Luce,4,100,54,46,46,1000,Cutoff,Evaluative Voting,100.0,100.0,0.75
Plackett-Luce,4,100,54,46,46,1000,Cutoff,k-Median Rule,100.0,100.0,0.5885
Plackett-Luce,4,100,54,46,46,1000,Cutoff,k-Median-Shapley,100.0,100.0,0.74425
Plackett-Luce,4,100,54,46,46,1000,Bottom,Evaluative Voting,100.0,100.0,0.75
Plackett-Luce,4,100,54,46,46,1000,Bottom,k-Median Rule,100.0,100.0,0.584
Plackett-Luce,4,100,54,46,46,1000,Bottom,k-Median-Shapley,94.0,92.30000000000001,0.7425
Plackett-Luce,5,100,54,46,46,1000,Cutoff,Evaluative Voting,100.0,100.0,0.7999999999999887
Plackett-Luce,5,100,54,46,46,1000,Cutoff,k-Median Rule,100.0,100.0,0.7046000000000028
Plackett-Luce,5,100,54,46,46,1000,Cutoff,k-Median-Shapley,99.9,99.9,0.7969999999999893
Plackett-Luce,5,100,54,46,46,1000,Bottom,Evaluative Voting,100.0,100.0,0.7999999999999887
Plackett-Luce,5,100,54,46,46,1000,Bottom,k-Median Rule,100.0,100.0,0.699400000000003
Plackett-Luce,5,100,54,46,46,1000,Bottom,k-Median-Shapley,95.5,95.1,0.7929999999999923
Plackett-Luce,6,100,54,46,46,1000,Cutoff,Evaluative Voting,100.0,100.0,0.8333333333333433
Plackett-Luce,6,100,54,46,46,1000,Cutoff,k-Median Rule,100.0,100.0,0.8333333333333433
Plackett-Luce,6,100,54,46,46,1000,Cutoff,k-Median-Shapley,99.2,99.2,0.8346666666666767
Plackett-Luce,6,100,54,46,46,1000,Bottom,Evaluative Voting,100.0,100.0,0.8333333333333433
Plackett-Luce,6,100,54,46,46,1000,Bottom,k-Median Rule,100.0,100.0,0.8333333333333433
Plackett-Luce,6,100,54,46,46,1000,Bottom,k-Median-Shapley,99.2,99.2,0.8346666666666767
Plackett-Luce,2,100,53,47,47,1000,Cutoff,Evaluative Voting,100.0,100.0,0.5
Plackett-Luce,2,100,53,47,47,1000,Cutoff,k-Median Rule,100.0,100.0,0.3395
Plackett-Luce,2,100,53,47,47,1000,Cutoff,k-Median-Shapley,100.0,100.0,0.491
Plackett-Luce,2,100,53,47,47,1000,Bottom,Evaluative Voting,100.0,100.0,0.5
Plackett-Luce,2,100,53,47,47,1000,Bottom,k-Median Rule,99.9,99.5,0.3345
Plackett-Luce,2,100,53,47,47,1000,Bottom,k-Median-Shapley,90.2,87.1,0.512
Plackett-Luce,3,100,53,47,47,1000,Cutoff,Evaluative Voting,100.0,100.0,0.6666666666666636
Plackett-Luce,3,100,53,47,47,1000,Cutoff,k-Median Rule,100.0,100.0,0.46166666666666684
Plackett-Luce,3,100,53,47,47,1000,Cutoff,k-Median-Shapley,100.0,100.0,0.653333333333331
Plackett-Luce,3,100,53,47,47,1000,Bottom,Evaluative Voting,100.0,100.0,0.6666666666666636
Plackett-Luce,3,100,53,47,47,1000,Bottom,k-Median Rule,99.9,99.9,0.45633333333333337
Plackett-Luce,3,100,53,47,47,1000,Bottom,k-Median-Shapley,95.6,92.9,0.6386666666666647
Plackett-Luce,4,100,53,47,47,1000,Cutoff,Evaluative Voting,100.0,100.0,0.75
Plackett-Luce,4,100,53,47,47,1000,Cutoff,k-Median Rule,100.0,100.0,0.57225
Plackett-Luce,4,100,53,47,47,1000,Cutoff,k-Median-Shapley,100.0,100.0,0.7395
Plackett-Luce,4,100,53,47,47,1000,Bottom,Evaluative Voting,100.0,100.0,0.75
Plackett-Luce,4,100,53,47,47,1000,Bottom,k-Median Rule,100.0,100.0,0.56925
Plackett-Luce,4,100,53,47,47,1000,Bottom,k-Median-Shapley,97.0,95.5,0.72375
Plackett-Luce,5,100,53,47,47,1000,Cutoff,Evaluative Voting,100.0,100.0,0.7999999999999887
Plackett-Luce,5,100,53,47,47,1000,Cutoff,k-Median Rule,100.0,100.0,0.7002000000000036
Plackett-Luce,5,100,53,47,47,1000,Cutoff,k-Median-Shapley,100.0,100.0,0.7945999999999894
Plackett-Luce,5,100,53,47,47,1000,Bottom,Evaluative Voting,100.0,100.0,0.7999999999999887
Plackett-Luce,5,100,53,47,47,1000,Bottom,k-Median Rule,100.0,100.0,0.6938000000000039
Plackett-Luce,5,100,53,47,47,1000,Bottom,k-Median-Shapley,97.8,97.5,0.783199999999993
Plackett-Luce,6,100,53,47,47,1000,Cutoff,Evaluative Voting,100.0,100.0,0.8333333333333433
Plackett-Luce,6,100,53,47,47,1000,Cutoff,k-Median Rule,100.0,100.0,0.8333333333333433
Plackett-Luce,6,100,53,47,47,1000,Cutoff,k-Median-Shapley,99.8,99.8,0.8336666666666767
Plackett-Luce,6,100,53,47,47,1000,Bottom,Evaluative Voting,100.0,100.0,0.8333333333333433
Plackett-Luce,6,100,53,47,47,1000,Bottom,k-Median Rule,100.0,100.0,0.8333333333333433
Plackett-Luce,6,100,53,47,47,1000,Bottom,k-Median-Shapley,99.8,99.8,0.8336666666666767
Plackett-Luce,2,100,52,48,48,1000,Cutoff,Evaluative Voting,100.0,100.0,0.5
Plackett-Luce,2,100,52,48,48,1000,Cutoff,k-Median Rule,100.0,100.0,0.301
Plackett-Luce,2,100,52,48,48,1000,Cutoff,k-Median-Shapley,100.0,100.0,0.4795
Plackett-Luce,2,100,52,48,48,1000,Bottom,Evaluative Voting,100.0,100.0,0.5
Plackett-Luce,2,100,52,48,48,1000,Bottom,k-Median Rule,100.0,100.0,0.2945
Plackett-Luce,2,100,52,48,48,1000,Bottom,k-Median-Shapley,96.89999999999999,95.5,0.4605
Plackett-Luce,3,100,52,48,48,1000,Cutoff,Evaluative Voting,100.0,100.0,0.6666666666666636
Plackett-Luce,3,100,52,48,48,1000,Cutoff,k-Median Rule,100.0,100.0,0.43833333333333324
Plackett-Luce,3,100,52,48,48,1000,Cutoff,k-Median-Shapley,100.0,100.0,0.6449999999999981
Plackett-Luce,3,100,52,48,48,1000,Bottom,Evaluative Voting,100.0,100.0,0.6666666666666636
Plackett-Luce,3,100,52,48,48,1000,Bottom,k-Median Rule,100.0,100.0,0.4363333333333334
Plackett-Luce,3,100,52,48,48,1000,Bottom,k-Median-Shapley,97.89999999999999,96.89999999999999,0.6163333333333324
Plackett-Luce,4,100,52,48,48,1000,Cutoff,Evaluative Voting,100.0,100.0,0.75
Plackett-Luce,4,100,52,48,48,1000,Cutoff,k-Median Rule,100.0,100.0,0.56175
Plackett-Luce,4,100,52,48,48,1000,Cutoff,k-Median-Shapley,100.0,100.0,0.73225
Plackett-Luce,4,100,52,48,48,1000,Bottom,Evaluative Voting,100.0,100.0,0.75
Plackett-Luce,4,100,52,48,48,1000,Bottom,k-Median Rule,100.0,100.0,0.5575
Plackett-Luce,4,100,52,48,48,1000,Bottom,k-Median-Shapley,98.8,97.89999999999999,0.70775
Plackett-Luce,5,100,52,48,48,1000,Cutoff,Evaluative Voting,100.0,100.0,0.7999999999999887
Plackett-Luce,5,100,52,48,48,1000,Cutoff,k-Median Rule,100.0,100.0,0.6964000000000038
Plackett-Luce,5,100,52,48,48,1000,Cutoff,k-Median-Shapley,100.0,100.0,0.7921999999999898
Plackett-Luce,5,100,52,48,48,1000,Bottom,Evaluative Voting,100.0,100.0,0.7999999999999887
Plackett-Luce,5,100,52,48,48,1000,Bottom,k-Median Rule,100.0,100.0,0.6898000000000041
Plackett-Luce,5,100,52,48,48,1000,Bottom,k-Median-Shapley,99.0,98.9,0.7733999999999939
Plackett-Luce,6,100,52,48,48,1000,Cutoff,Evaluative Voting,100.0,100.0,0.8333333333333433
Plackett-Luce,6,100,52,48,48,1000,Cutoff,k-Median Rule,100.0,100.0,0.8333333333333433
Plackett-Luce,6,100,52,48,48,1000,Cutoff,k-Median-Shapley,99.9,99.9,0.83350000000001
Plackett-Luce,6,100,52,48,48,1000,Bottom,Evaluative Voting,100.0,100.0,0.8333333333333433
Plackett-Luce,6,100,52,48,48,1000,Bottom,k-Median Rule,100.0,100.0,0.8333333333333433
Plackett-Luce,6,100,52,48,48,1000,Bottom,k-Median-Shapley,99.9,99.9,0.83350000000001
Plackett-Luce,2,100,51,49,49,1000,Cutoff,Evaluative Voting,100.0,100.0,0.5
Plackett-Luce,2,100,51,49,49,1000,Cutoff,k-Median Rule,100.0,100.0,0.27
Plackett-Luce,2,100,51,49,49,1000,Cutoff,k-Median-Shapley,100.0,100.0,0.442
Plackett-Luce,2,100,51,49,49,1000,Bottom,Evaluative Voting,100.0,100.0,0.5
Plackett-Luce,2,100,51,49,49,1000,Bottom,k-Median Rule,100.0,100.0,0.2655
Plackett-Luce,2,100,51,49,49,1000,Bottom,k-Median-Shapley,99.8,99.4,0.408
Plackett-Luce,3,100,51,49,49,1000,Cutoff,Evaluative Voting,100.0,100.0,0.6666666666666636
Plackett-Luce,3,100,51,49,49,1000,Cutoff,k-Median Rule,100.0,100.0,0.41333333333333244
Plackett-Luce,3,100,51,49,49,1000,Cutoff,k-Median-Shapley,100.0,100.0,0.6130000000000003
Plackett-Luce,3,100,51,49,49,1000,Bottom,Evaluative Voting,100.0,100.0,0.6666666666666636
Plackett-Luce,3,100,51,49,49,1000,Bottom,k-Median Rule,100.0,100.0,0.4043333333333327
Plackett-Luce,3,100,51,49,49,1000,Bottom,k-Median-Shapley,99.8,99.8,0.5770000000000008
Plackett-Luce,4,100,51,49,49,1000,Cutoff,Evaluative Voting,100.0,100.0,0.75
Plackett-Luce,4,100,51,49,49,1000,Cutoff,k-Median Rule,100.0,100.0,0.555
Plackett-Luce,4,100,51,49,49,1000,Cutoff,k-Median-Shapley,100.0,100.0,0.71075
Plackett-Luce,4,100,51,49,49,1000,Bottom,Evaluative Voting,100.0,100.0,0.75
Plackett-Luce,4,100,51,49,49,1000,Bottom,k-Median Rule,100.0,100.0,0.547
Plackett-Luce,4,100,51,49,49,1000,Bottom,k-Median-Shapley,99.9,99.9,0.67425
Plackett-Luce,5,100,51,49,49,1000,Cutoff,Evaluative Voting,100.0,100.0,0.7999999999999887
Plackett-Luce,5,100,51,49,49,1000,Cutoff,k-Median Rule,100.0,100.0,0.6920000000000043
Plackett-Luce,5,100,51,49,49,1000,Cutoff,k-Median-Shapley,100.0,100.0,0.7809999999999919
Plackett-Luce,5,100,51,49,49,1000,Bottom,Evaluative Voting,100.0,100.0,0.7999999999999887
Plackett-Luce,5,100,51,49,49,1000,Bottom,k-Median Rule,100.0,100.0,0.6884000000000041
Plackett-Luce,5,100,51,49,49,1000,Bottom,k-Median-Shapley,100.0,100.0,0.756599999999996
Plackett-Luce,6,100,51,49,49,1000,Cutoff,Evaluative Voting,100.0,100.0,0.8333333333333433
Plackett-Luce,6,100,51,49,49,1000,Cutoff,k-Median Rule,100.0,100.0,0.8333333333333433
Plackett-Luce,6,100,51,49,49,1000,Cutoff,k-Median-Shapley,100.0,100.0,0.8333333333333433
Plackett-Luce,6,100,51,49,49,1000,Bottom,Evaluative Voting,100.0,100.0,0.8333333333333433
Plackett-Luce,6,100,51,49,49,1000,Bottom,k-Median Rule,100.0,100.0,0.8333333333333433
Plackett-Luce,6,100,51,49,49,1000,Bottom,k-Median-Shapley,100.0,100.0,0.8333333333333433
2D Euclidean,2,100,99,1,1,1000,Cutoff,Evaluative Voting,25.4,25.4,0.873
2D Euclidean,2,100,99,1,1,1000,Cutoff,k-Median Rule,8.3,8.3,0.9585
2D Euclidean,2,100,99,1,1,1000,Cutoff,k-Median-Shapley,17.7,14.299999999999999,0.9095
2D Euclidean,2,100,99,1,1,1000,Bottom,Evaluative Voting,0.0,0.0,1.0
2D Euclidean,2,100,99,1,1,1000,Bottom,k-Median Rule,8.3,0.0,0.9585
2D Euclidean,2,100,99,1,1,1000,Bottom,k-Median-Shapley,17.5,0.1,0.9105
2D Euclidean,3,100,99,1,1,1000,Cutoff,Evaluative Voting,27.700000000000003,27.700000000000003,0.9076666666666636
2D Euclidean,3,100,99,1,1,1000,Cutoff,k-Median Rule,11.1,11.1,0.9626666666666656
2D Euclidean,3,100,99,1,1,1000,Cutoff,k-Median-Shapley,19.1,15.5,0.9359999999999974
2D Euclidean,3,100,99,1,1,1000,Bottom,Evaluative Voting,0.0,0.0,1.0
2D Euclidean,3,100,99,1,1,1000,Bottom,k-Median Rule,11.1,0.0,0.9626666666666656
2D Euclidean,3,100,99,1,1,1000,Bottom,k-Median-Shapley,18.8,0.1,0.9369999999999975
2D Euclidean,4,100,99,1,1,1000,Cutoff,Evaluative Voting,24.6,24.6,0.9385
2D Euclidean,4,100,99,1,1,1000,Cutoff,k-Median Rule,11.899999999999999,11.899999999999999,0.96975
2D Euclidean,4,100,99,1,1,1000,Cutoff,k-Median-Shapley,17.8,15.9,0.95525
2D Euclidean,4,100,99,1,1,1000,Bottom,Evaluative Voting,0.1,0.1,0.99975
2D Euclidean,4,100,99,1,1,1000,Bottom,k-Median Rule,11.899999999999999,0.0,0.96975
2D Euclidean,4,100,99,1,1,1000,Bottom,k-Median-Shapley,17.2,0.1,0.95675
2D Euclidean,5,100,99,1,1,1000,Cutoff,Evaluative Voting,23.3,23.3,0.9533999999999961
2D Euclidean,5,100,99,1,1,1000,Cutoff,k-Median Rule,11.200000000000001,11.200000000000001,0.9763999999999986
2D Euclidean,5,100,99,1,1,1000,Cutoff,k-Median-Shapley,15.5,14.499999999999998,0.9687999999999967
2D Euclidean,5,100,99,1,1,1000,Bottom,Evaluative Voting,1.4000000000000001,1.4000000000000001,0.9971999999999999
2D Euclidean,5,100,99,1,1,1000,Bottom,k-Median Rule,11.0,0.7000000000000001,0.9767999999999987
2D Euclidean,5,100,99,1,1,1000,Bottom,k-Median-Shapley,14.399999999999999,1.3,0.970999999999997
2D Euclidean,6,100,99,1,1,1000,Cutoff,Evaluative Voting,13.200000000000001,13.200000000000001,0.9780000000000022
2D Euclidean,6,100,99,1,1,1000,Cutoff,k-Median Rule,7.000000000000001,7.000000000000001,0.988333333333334
2D Euclidean,6,100,99,1,1,1000,Cutoff,k-Median-Shapley,9.2,9.2,0.9846666666666682
2D Euclidean,6,100,99,1,1,1000,Bottom,Evaluative Voting,13.200000000000001,13.200000000000001,0.9780000000000022
2D Euclidean,6,100,99,1,1,1000,Bottom,k-Median Rule,7.000000000000001,7.000000000000001,0.988333333333334
2D Euclidean,6,100,99,1,1,1000,Bottom,k-Median-Shapley,9.2,9.2,0.9846666666666682
2D Euclidean,2,100,98,2,2,1000,Cutoff,Evaluative Voting,46.5,46.5,0.7675
2D Euclidean,2,100,98,2,2,1000,Cutoff,k-Median Rule,8.7,8.7,0.9565
2D Euclidean,2,100,98,2,2,1000,Cutoff,k-Median-Shapley,16.7,13.8,0.914
2D Euclidean,2,100,98,2,2,1000,Bottom,Evaluative Voting,0.0,0.0,1.0
2D Euclidean,2,100,98,2,2,1000,Bottom,k-Median Rule,8.7,1.0999999999999999,0.9565
2D Euclidean,2,100,98,2,2,1000,Bottom,k-Median-Shapley,16.400000000000002,0.0,0.9155
2D Euclidean,3,100,98,2,2,1000,Cutoff,Evaluative Voting,49.3,49.3,0.8356666666666619
2D Euclidean,3,100,98,2,2,1000,Cutoff,k-Median Rule,11.700000000000001,11.700000000000001,0.9596666666666651
2D Euclidean,3,100,98,2,2,1000,Cutoff,k-Median-Shapley,19.900000000000002,16.2,0.9333333333333304
2D Euclidean,3,100,98,2,2,1000,Bottom,Evaluative Voting,0.1,0.1,0.9996666666666666
2D Euclidean,3,100,98,2,2,1000,Bottom,k-Median Rule,12.3,2.3,0.9576666666666648
2D Euclidean,3,100,98,2,2,1000,Bottom,k-Median-Shapley,19.3,0.1,0.9353333333333304
2D Euclidean,4,100,98,2,2,1000,Cutoff,Evaluative Voting,46.6,46.6,0.8835
2D Euclidean,4,100,98,2,2,1000,Cutoff,k-Median Rule,14.799999999999999,14.799999999999999,0.9615
2D Euclidean,4,100,98,2,2,1000,Cutoff,k-Median-Shapley,20.200000000000003,17.9,0.9495
2D Euclidean,4,100,98,2,2,1000,Bottom,Evaluative Voting,0.8,0.8,0.998
2D Euclidean,4,100,98,2,2,1000,Bottom,k-Median Rule,16.1,4.9,0.95825
2D Euclidean,4,100,98,2,2,1000,Bottom,k-Median-Shapley,17.8,0.4,0.9555
2D Euclidean,5,100,98,2,2,1000,Cutoff,Evaluative Voting,41.699999999999996,41.699999999999996,0.9165999999999935
2D Euclidean,5,100,98,2,2,1000,Cutoff,k-Median Rule,16.2,16.2,0.9669999999999975
2D Euclidean,5,100,98,2,2,1000,Cutoff,k-Median-Shapley,17.5,16.3,0.9647999999999963
2D Euclidean,5,100,98,2,2,1000,Bottom,Evaluative Voting,4.8,4.8,0.9903999999999991
2D Euclidean,5,100,98,2,2,1000,Bottom,k-Median Rule,16.5,7.000000000000001,0.9659999999999972
2D Euclidean,5,100,98,2,2,1000,Bottom,k-Median-Shapley,14.2,2.0,0.9715999999999969
2D Euclidean,6,100,98,2,2,1000,Cutoff,Evaluative Voting,28.4,28.4,0.9526666666666705
2D Euclidean,6,100,98,2,2,1000,Cutoff,k-Median Rule,14.6,14.6,0.9756666666666686
2D Euclidean,6,100,98,2,2,1000,Cutoff,k-Median-Shapley,11.200000000000001,11.200000000000001,0.9813333333333353
2D Euclidean,6,100,98,2,2,1000,Bottom,Evaluative Voting,28.4,28.4,0.9526666666666705
2D Euclidean,6,100,98,2,2,1000,Bottom,k-Median Rule,14.6,14.6,0.9756666666666686
2D Euclidean,6,100,98,2,2,1000,Bottom,k-Median-Shapley,11.200000000000001,11.200000000000001,0.9813333333333353
2D Euclidean,2,100,97,3,3,1000,Cutoff,Evaluative Voting,60.9,60.9,0.6955
2D Euclidean,2,100,97,3,3,1000,Cutoff,k-Median Rule,16.400000000000002,16.400000000000002,0.915
2D Euclidean,2,100,97,3,3,1000,Cutoff,k-Median-Shapley,23.799999999999997,18.4,0.878
2D Euclidean,2,100,97,3,3,1000,Bottom,Evaluative Voting,0.1,0.1,0.9995
2D Euclidean,2,100,97,3,3,1000,Bottom,k-Median Rule,16.2,0.8999999999999999,0.916
2D Euclidean,2,100,97,3,3,1000,Bottom,k-Median-Shapley,23.5,0.2,0.8795
2D Euclidean,3,100,97,3,3,1000,Cutoff,Evaluative Voting,63.7,63.7,0.7876666666666615
2D Euclidean,3,100,97,3,3,1000,Cutoff,k-Median Rule,20.4,20.4,0.9266666666666644
2D Euclidean,3,100,97,3,3,1000,Cutoff,k-Median-Shapley,26.1,20.9,0.9109999999999956
2D Euclidean,3,100,97,3,3,1000,Bottom,Evaluative Voting,0.4,0.4,0.9986666666666665
2D Euclidean,3,100,97,3,3,1000,Bottom,k-Median Rule,21.3,2.5,0.9236666666666644
2D Euclidean,3,100,97,3,3,1000,Bottom,k-Median-Shapley,24.099999999999998,0.3,0.9176666666666625
2D Euclidean,4,100,97,3,3,1000,Cutoff,Evaluative Voting,62.2,62.2,0.8445
2D Euclidean,4,100,97,3,3,1000,Cutoff,k-Median Rule,25.0,25.0,0.93175
2D Euclidean,4,100,97,3,3,1000,Cutoff,k-Median-Shapley,25.8,22.3,0.935
2D Euclidean,4,100,97,3,3,1000,Bottom,Evaluative Voting,2.6,2.6,0.9935
2D Euclidean,4,100,97,3,3,1000,Bottom,k-Median Rule,25.3,3.9,0.93075
2D Euclidean,4,100,97,3,3,1000,Bottom,k-Median-Shapley,23.599999999999998,0.7000000000000001,0.94025
2D Euclidean,5,100,97,3,3,1000,Cutoff,Evaluative Voting,60.8,60.8,0.8783999999999911
2D Euclidean,5,100,97,3,3,1000,Cutoff,k-Median Rule,27.1,27.1,0.942999999999996
2D Euclidean,5,100,97,3,3,1000,Cutoff,k-Median-Shapley,24.2,22.7,0.9507999999999958
2D Euclidean,5,100,97,3,3,1000,Bottom,Evaluative Voting,12.9,12.9,0.9741999999999978
2D Euclidean,5,100,97,3,3,1000,Bottom,k-Median Rule,25.900000000000002,7.000000000000001,0.9451999999999959
2D Euclidean,5,100,97,3,3,1000,Bottom,k-Median-Shapley,19.900000000000002,3.1,0.9597999999999965
2D Euclidean,6,100,97,3,3,1000,Cutoff,Evaluative Voting,41.5,41.5,0.9308333333333386
2D Euclidean,6,100,97,3,3,1000,Cutoff,k-Median Rule,20.3,20.3,0.9661666666666693
2D Euclidean,6,100,97,3,3,1000,Cutoff,k-Median-Shapley,16.0,16.0,0.9733333333333359
2D Euclidean,6,100,97,3,3,1000,Bottom,Evaluative Voting,41.5,41.5,0.9308333333333386
2D Euclidean,6,100,97,3,3,1000,Bottom,k-Median Rule,20.3,20.3,0.9661666666666693
2D Euclidean,6,100,97,3,3,1000,Bottom,k-Median-Shapley,16.0,16.0,0.9733333333333359
2D Euclidean,2,100,96,4,4,1000,Cutoff,Evaluative Voting,74.2,74.2,0.629
2D Euclidean,2,100,96,4,4,1000,Cutoff,k-Median Rule,17.9,17.9,0.9085
2D Euclidean,2,100,96,4,4,1000,Cutoff,k-Median-Shapley,24.9,18.9,0.8725
2D Euclidean,2,100,96,4,4,1000,Bottom,Evaluative Voting,0.1,0.1,0.9995
2D Euclidean,2,100,96,4,4,1000,Bottom,k-Median Rule,17.8,2.6,0.908
2D Euclidean,2,100,96,4,4,1000,Bottom,k-Median-Shapley,24.4,0.0,0.875
2D Euclidean,3,100,96,4,4,1000,Cutoff,Evaluative Voting,75.4,75.4,0.7486666666666617
2D Euclidean,3,100,96,4,4,1000,Cutoff,k-Median Rule,22.3,22.3,0.9213333333333306
2D Euclidean,3,100,96,4,4,1000,Cutoff,k-Median-Shapley,28.199999999999996,22.8,0.9033333333333288
2D Euclidean,3,100,96,4,4,1000,Bottom,Evaluative Voting,0.7000000000000001,0.7000000000000001,0.9976666666666664
2D Euclidean,3,100,96,4,4,1000,Bottom,k-Median Rule,24.0,5.800000000000001,0.9156666666666635
2D Euclidean,3,100,96,4,4,1000,Bottom,k-Median-Shapley,26.3,0.2,0.9099999999999959
2D Euclidean,4,100,96,4,4,1000,Cutoff,Evaluative Voting,74.2,74.2,0.8145
2D Euclidean,4,100,96,4,4,1000,Cutoff,k-Median Rule,29.099999999999998,29.099999999999998,0.923
2D Euclidean,4,100,96,4,4,1000,Cutoff,k-Median-Shapley,30.0,26.6,0.924
2D Euclidean,4,100,96,4,4,1000,Bottom,Evaluative Voting,6.6000000000000005,6.6000000000000005,0.9835
2D Euclidean,4,100,96,4,4,1000,Bottom,k-Median Rule,30.5,9.6,0.919
2D Euclidean,4,100,96,4,4,1000,Bottom,k-Median-Shapley,25.8,0.8999999999999999,0.9345
2D Euclidean,5,100,96,4,4,1000,Cutoff,Evaluative Voting,72.5,72.5,0.8549999999999901
2D Euclidean,5,100,96,4,4,1000,Cutoff,k-Median Rule,32.1,32.1,0.933999999999995
2D Euclidean,5,100,96,4,4,1000,Cutoff,k-Median-Shapley,25.8,24.3,0.9475999999999951
2D Euclidean,5,100,96,4,4,1000,Bottom,Evaluative Voting,22.400000000000002,22.400000000000002,0.9551999999999959
2D Euclidean,5,100,96,4,4,1000,Bottom,k-Median Rule,31.1,13.5,0.9359999999999948
2D Euclidean,5,100,96,4,4,1000,Bottom,k-Median-Shapley,20.8,4.3,0.9581999999999959
2D Euclidean,6,100,96,4,4,1000,Cutoff,Evaluative Voting,53.300000000000004,53.300000000000004,0.9111666666666736
2D Euclidean,6,100,96,4,4,1000,Cutoff,k-Median Rule,25.4,25.4,0.9576666666666697
2D Euclidean,6,100,96,4,4,1000,Cutoff,k-Median-Shapley,17.7,17.7,0.970500000000003
2D Euclidean,6,100,96,4,4,1000,Bottom,Evaluative Voting,53.300000000000004,53.300000000000004,0.9111666666666736
2D Euclidean,6,100,96,4,4,1000,Bottom,k-Median Rule,25.4,25.4,0.9576666666666697
2D Euclidean,6,100,96,4,4,1000,Bottom,k-Median-Shapley,17.7,17.7,0.970500000000003
2D Euclidean,2,100,95,5,5,1000,Cutoff,Evaluative Voting,82.69999999999999,82.69999999999999,0.5865
2D Euclidean,2,100,95,5,5,1000,Cutoff,k-Median Rule,24.099999999999998,24.099999999999998,0.8735
2D Euclidean,2,100,95,5,5,1000,Cutoff,k-Median-Shapley,28.000000000000004,21.8,0.8575
2D Euclidean,2,100,95,5,5,1000,Bottom,Evaluative Voting,0.3,0.3,0.9985
2D Euclidean,2,100,95,5,5,1000,Bottom,k-Median Rule,24.099999999999998,3.0,0.8735
2D Euclidean,2,100,95,5,5,1000,Bottom,k-Median-Shapley,26.8,0.2,0.8635
2D Euclidean,3,100,95,5,5,1000,Cutoff,Evaluative Voting,82.8,82.8,0.7239999999999954
2D Euclidean,3,100,95,5,5,1000,Cutoff,k-Median Rule,30.8,30.8,0.8856666666666635
2D Euclidean,3,100,95,5,5,1000,Cutoff,k-Median-Shapley,31.5,25.0,0.8909999999999956
2D Euclidean,3,100,95,5,5,1000,Bottom,Evaluative Voting,2.5,2.5,0.9916666666666663
2D Euclidean,3,100,95,5,5,1000,Bottom,k-Median Rule,32.2,6.4,0.8809999999999966
2D Euclidean,3,100,95,5,5,1000,Bottom,k-Median-Shapley,28.499999999999996,0.5,0.9013333333333292
2D Euclidean,4,100,95,5,5,1000,Cutoff,Evaluative Voting,83.0,83.0,0.7925
2D Euclidean,4,100,95,5,5,1000,Cutoff,k-Median Rule,37.0,37.0,0.8995
2D Euclidean,4,100,95,5,5,1000,Cutoff,k-Median-Shapley,36.4,31.1,0.9075
2D Euclidean,4,100,95,5,5,1000,Bottom,Evaluative Voting,11.4,11.4,0.9715
2D Euclidean,4,100,95,5,5,1000,Bottom,k-Median Rule,37.9,10.0,0.8955
2D Euclidean,4,100,95,5,5,1000,Bottom,k-Median-Shapley,30.9,1.7999999999999998,0.92125
2D Euclidean,5,100,95,5,5,1000,Cutoff,Evaluative Voting,80.2,80.2,0.8395999999999897
2D Euclidean,5,100,95,5,5,1000,Cutoff,k-Median Rule,42.3,42.3,0.9117999999999942
2D Euclidean,5,100,95,5,5,1000,Cutoff,k-Median-Shapley,32.300000000000004,29.7,0.9343999999999949
2D Euclidean,5,100,95,5,5,1000,Bottom,Evaluative Voting,30.2,30.2,0.939599999999995
2D Euclidean,5,100,95,5,5,1000,Bottom,k-Median Rule,39.1,14.299999999999999,0.9179999999999942
2D Euclidean,5,100,95,5,5,1000,Bottom,k-Median-Shapley,26.200000000000003,6.4,0.9467999999999956
2D Euclidean,6,100,95,5,5,1000,Cutoff,Evaluative Voting,63.1,63.1,0.8948333333333413
2D Euclidean,6,100,95,5,5,1000,Cutoff,k-Median Rule,29.5,29.5,0.950833333333337
2D Euclidean,6,100,95,5,5,1000,Cutoff,k-Median-Shapley,21.2,21.2,0.9646666666666704
2D Euclidean,6,100,95,5,5,1000,Bottom,Evaluative Voting,63.1,63.1,0.8948333333333413
2D Euclidean,6,100,95,5,5,1000,Bottom,k-Median Rule,29.5,29.5,0.950833333333337
2D Euclidean,6,100,95,5,5,1000,Bottom,k-Median-Shapley,21.2,21.2,0.9646666666666704
2D Euclidean,2,100,94,6,6,1000,Cutoff,Evaluative Voting,88.9,88.9,0.5555
2D Euclidean,2,100,94,6,6,1000,Cutoff,k-Median Rule,25.7,25.7,0.865
2D Euclidean,2,100,94,6,6,1000,Cutoff,k-Median-Shapley,29.099999999999998,22.3,0.8505
2D Euclidean,2,100,94,6,6,1000,Bottom,Evaluative Voting,0.8999999999999999,0.8999999999999999,0.9955
2D Euclidean,2,100,94,6,6,1000,Bottom,k-Median Rule,25.8,4.3999999999999995,0.864
2D Euclidean,2,100,94,6,6,1000,Bottom,k-Median-Shapley,27.800000000000004,0.1,0.8575
2D Euclidean,3,100,94,6,6,1000,Cutoff,Evaluative Voting,90.2,90.2,0.6993333333333295
2D Euclidean,3,100,94,6,6,1000,Cutoff,k-Median Rule,33.900000000000006,33.900000000000006,0.8769999999999963
2D Euclidean,3,100,94,6,6,1000,Cutoff,k-Median-Shapley,32.9,27.200000000000003,0.8873333333333289
2D Euclidean,3,100,94,6,6,1000,Bottom,Evaluative Voting,5.800000000000001,5.800000000000001,0.9806666666666659
2D Euclidean,3,100,94,6,6,1000,Bottom,k-Median Rule,35.0,9.3,0.8726666666666631
2D Euclidean,3,100,94,6,6,1000,Bottom,k-Median-Shapley,28.4,0.3,0.9023333333333293
2D Euclidean,4,100,94,6,6,1000,Cutoff,Evaluative Voting,89.1,89.1,0.77725
2D Euclidean,4,100,94,6,6,1000,Cutoff,k-Median Rule,41.3,41.3,0.8895
2D Euclidean,4,100,94,6,6,1000,Cutoff,k-Median-Shapley,37.0,32.7,0.9055
2D Euclidean,4,100,94,6,6,1000,Bottom,Evaluative Voting,17.0,17.0,0.9575
2D Euclidean,4,100,94,6,6,1000,Bottom,k-Median Rule,42.199999999999996,15.8,0.88525
2D Euclidean,4,100,94,6,6,1000,Bottom,k-Median-Shapley,30.5,2.1999999999999997,0.922
2D Euclidean,5,100,94,6,6,1000,Cutoff,Evaluative Voting,86.4,86.4,0.8271999999999894
2D Euclidean,5,100,94,6,6,1000,Cutoff,k-Median Rule,46.6,46.6,0.9035999999999933
2D Euclidean,5,100,94,6,6,1000,Cutoff,k-Median-Shapley,36.199999999999996,34.0,0.9267999999999942
2D Euclidean,5,100,94,6,6,1000,Bottom,Evaluative Voting,39.5,39.5,0.9209999999999936
2D Euclidean,5,100,94,6,6,1000,Bottom,k-Median Rule,44.1,20.4,0.9075999999999935
2D Euclidean,5,100,94,6,6,1000,Bottom,k-Median-Shapley,27.6,6.800000000000001,0.9441999999999955
2D Euclidean,6,100,94,6,6,1000,Cutoff,Evaluative Voting,71.89999999999999,71.89999999999999,0.8801666666666751
2D Euclidean,6,100,94,6,6,1000,Cutoff,k-Median Rule,35.4,35.4,0.9410000000000044
2D Euclidean,6,100,94,6,6,1000,Cutoff,k-Median-Shapley,21.099999999999998,21.099999999999998,0.9648333333333369
2D Euclidean,6,100,94,6,6,1000,Bottom,Evaluative Voting,71.89999999999999,71.89999999999999,0.8801666666666751
2D Euclidean,6,100,94,6,6,1000,Bottom,k-Median Rule,35.4,35.4,0.9410000000000044
2D Euclidean,6,100,94,6,6,1000,Bottom,k-Median-Shapley,21.099999999999998,21.099999999999998,0.9648333333333369
2D Euclidean,2,100,93,7,7,1000,Cutoff,Evaluative Voting,93.60000000000001,93.60000000000001,0.532
2D Euclidean,2,100,93,7,7,1000,Cutoff,k-Median Rule,32.5,32.5,0.8255
2D Euclidean,2,100,93,7,7,1000,Cutoff,k-Median-Shapley,33.0,24.7,0.8315
2D Euclidean,2,100,93,7,7,1000,Bottom,Evaluative Voting,2.3,2.3,0.9885
2D Euclidean,2,100,93,7,7,1000,Bottom,k-Median Rule,32.7,6.4,0.824
2D Euclidean,2,100,93,7,7,1000,Bottom,k-Median-Shapley,31.1,0.3,0.841
2D Euclidean,3,100,93,7,7,1000,Cutoff,Evaluative Voting,94.69999999999999,94.69999999999999,0.6843333333333296
2D Euclidean,3,100,93,7,7,1000,Cutoff,k-Median Rule,42.0,42.0,0.8419999999999963
2D Euclidean,3,100,93,7,7,1000,Cutoff,k-Median-Shapley,36.7,30.5,0.8723333333333289
2D Euclidean,3,100,93,7,7,1000,Bottom,Evaluative Voting,10.100000000000001,10.100000000000001,0.9663333333333319
2D Euclidean,3,100,93,7,7,1000,Bottom,k-Median Rule,42.8,10.9,0.8386666666666635
2D Euclidean,3,100,93,7,7,1000,Bottom,k-Median-Shapley,31.8,0.6,0.889999999999996
2D Euclidean,4,100,93,7,7,1000,Cutoff,Evaluative Voting,93.30000000000001,93.30000000000001,0.76675
2D Euclidean,4,100,93,7,7,1000,Cutoff,k-Median Rule,50.4,50.4,0.8595
2D Euclidean,4,100,93,7,7,1000,Cutoff,k-Median-Shapley,40.8,35.6,0.8955
2D Euclidean,4,100,93,7,7,1000,Bottom,Evaluative Voting,24.9,24.9,0.93775
2D Euclidean,4,100,93,7,7,1000,Bottom,k-Median Rule,50.3,17.599999999999998,0.857
2D Euclidean,4,100,93,7,7,1000,Bottom,k-Median-Shapley,33.300000000000004,3.1,0.9145
2D Euclidean,5,100,93,7,7,1000,Cutoff,Evaluative Voting,91.10000000000001,91.10000000000001,0.817799999999989
2D Euclidean,5,100,93,7,7,1000,Cutoff,k-Median Rule,53.900000000000006,53.900000000000006,0.885999999999993
2D Euclidean,5,100,93,7,7,1000,Cutoff,k-Median-Shapley,39.2,37.0,0.920399999999993
2D Euclidean,5,100,93,7,7,1000,Bottom,Evaluative Voting,51.5,51.5,0.8969999999999918
2D Euclidean,5,100,93,7,7,1000,Bottom,k-Median Rule,51.800000000000004,23.5,0.8889999999999938
2D Euclidean,5,100,93,7,7,1000,Bottom,k-Median-Shapley,29.599999999999998,8.6,0.9389999999999954
2D Euclidean,6,100,93,7,7,1000,Cutoff,Evaluative Voting,78.9,78.9,0.8685000000000092
2D Euclidean,6,100,93,7,7,1000,Cutoff,k-Median Rule,40.699999999999996,40.699999999999996,0.9321666666666716
2D Euclidean,6,100,93,7,7,1000,Cutoff,k-Median-Shapley,25.1,25.1,0.9581666666666708
2D Euclidean,6,100,93,7,7,1000,Bottom,Evaluative Voting,78.9,78.9,0.8685000000000092
2D Euclidean,6,100,93,7,7,1000,Bottom,k-Median Rule,40.699999999999996,40.699999999999996,0.9321666666666716
2D Euclidean,6,100,93,7,7,1000,Bottom,k-Median-Shapley,25.1,25.1,0.9581666666666708
2D Euclidean,2,100,92,8,8,1000,Cutoff,Evaluative Voting,97.39999999999999,97.39999999999999,0.513
2D Euclidean,2,100,92,8,8,1000,Cutoff,k-Median Rule,34.0,34.0,0.8175
2D Euclidean,2,100,92,8,8,1000,Cutoff,k-Median-Shapley,33.900000000000006,25.3,0.8275
2D Euclidean,2,100,92,8,8,1000,Bottom,Evaluative Voting,3.5999999999999996,3.5999999999999996,0.982
2D Euclidean,2,100,92,8,8,1000,Bottom,k-Median Rule,33.7,7.8,0.819
2D Euclidean,2,100,92,8,8,1000,Bottom,k-Median-Shapley,30.9,0.2,0.8425
2D Euclidean,3,100,92,8,8,1000,Cutoff,Evaluative Voting,97.5,97.5,0.6749999999999965
2D Euclidean,3,100,92,8,8,1000,Cutoff,k-Median Rule,43.2,43.2,0.8366666666666632
2D Euclidean,3,100,92,8,8,1000,Cutoff,k-Median-Shapley,38.2,33.2,0.8696666666666621
2D Euclidean,3,100,92,8,8,1000,Bottom,Evaluative Voting,15.4,15.4,0.9486666666666644
2D Euclidean,3,100,92,8,8,1000,Bottom,k-Median Rule,44.3,14.2,0.8323333333333303
2D Euclidean,3,100,92,8,8,1000,Bottom,k-Median-Shapley,34.1,0.8,0.8846666666666623
2D Euclidean,4,100,92,8,8,1000,Cutoff,Evaluative Voting,96.0,96.0,0.76
2D Euclidean,4,100,92,8,8,1000,Cutoff,k-Median Rule,52.400000000000006,52.400000000000006,0.85375
2D Euclidean,4,100,92,8,8,1000,Cutoff,k-Median-Shapley,40.6,35.6,0.896
2D Euclidean,4,100,92,8,8,1000,Bottom,Evaluative Voting,34.699999999999996,34.699999999999996,0.91325
2D Euclidean,4,100,92,8,8,1000,Bottom,k-Median Rule,52.300000000000004,23.0,0.85025
2D Euclidean,4,100,92,8,8,1000,Bottom,k-Median-Shapley,31.6,3.2,0.91875
2D Euclidean,5,100,92,8,8,1000,Cutoff,Evaluative Voting,95.1,95.1,0.8097999999999889
2D Euclidean,5,100,92,8,8,1000,Cutoff,k-Median Rule,56.39999999999999,56.39999999999999,0.8819999999999928
2D Euclidean,5,100,92,8,8,1000,Cutoff,k-Median-Shapley,42.6,40.0,0.9135999999999932
2D Euclidean,5,100,92,8,8,1000,Bottom,Evaluative Voting,59.0,59.0,0.8819999999999911
2D Euclidean,5,100,92,8,8,1000,Bottom,k-Median Rule,54.7,30.4,0.8807999999999938
2D Euclidean,5,100,92,8,8,1000,Bottom,k-Median-Shapley,32.6,10.9,0.9323999999999945
2D Euclidean,6,100,92,8,8,1000,Cutoff,Evaluative Voting,83.1,83.1,0.8615000000000095
2D Euclidean,6,100,92,8,8,1000,Cutoff,k-Median Rule,44.800000000000004,44.800000000000004,0.9253333333333387
2D Euclidean,6,100,92,8,8,1000,Cutoff,k-Median-Shapley,27.1,27.1,0.9548333333333382
2D Euclidean,6,100,92,8,8,1000,Bottom,Evaluative Voting,83.1,83.1,0.8615000000000095
2D Euclidean,6,100,92,8,8,1000,Bottom,k-Median Rule,44.800000000000004,44.800000000000004,0.9253333333333387
2D Euclidean,6,100,92,8,8,1000,Bottom,k-Median-Shapley,27.1,27.1,0.9548333333333382
2D Euclidean,2,100,91,9,9,1000,Cutoff,Evaluative Voting,99.1,99.1,0.5045
2D Euclidean,2,100,91,9,9,1000,Cutoff,k-Median Rule,41.199999999999996,41.199999999999996,0.7775
2D Euclidean,2,100,91,9,9,1000,Cutoff,k-Median-Shapley,33.7,25.2,0.826
2D Euclidean,2,100,91,9,9,1000,Bottom,Evaluative Voting,6.4,6.4,0.968
2D Euclidean,2,100,91,9,9,1000,Bottom,k-Median Rule,41.0,9.8,0.778
2D Euclidean,2,100,91,9,9,1000,Bottom,k-Median-Shapley,30.2,0.4,0.844
2D Euclidean,3,100,91,9,9,1000,Cutoff,Evaluative Voting,98.6,98.6,0.67133333333333
2D Euclidean,3,100,91,9,9,1000,Cutoff,k-Median Rule,50.5,50.5,0.8046666666666634
2D Euclidean,3,100,91,9,9,1000,Cutoff,k-Median-Shapley,39.5,33.7,0.8603333333333291
2D Euclidean,3,100,91,9,9,1000,Bottom,Evaluative Voting,23.1,23.1,0.9229999999999969
2D Euclidean,3,100,91,9,9,1000,Bottom,k-Median Rule,52.2,16.7,0.7976666666666636
2D Euclidean,3,100,91,9,9,1000,Bottom,k-Median-Shapley,35.3,1.3,0.8763333333333294
2D Euclidean,4,100,91,9,9,1000,Cutoff,Evaluative Voting,97.2,97.2,0.757
2D Euclidean,4,100,91,9,9,1000,Cutoff,k-Median Rule,60.8,60.8,0.82675
2D Euclidean,4,100,91,9,9,1000,Cutoff,k-Median-Shapley,45.0,40.0,0.88375
2D Euclidean,4,100,91,9,9,1000,Bottom,Evaluative Voting,45.5,45.5,0.88625
2D Euclidean,4,100,91,9,9,1000,Bottom,k-Median Rule,59.599999999999994,25.7,0.824
2D Euclidean,4,100,91,9,9,1000,Bottom,k-Median-Shapley,35.099999999999994,4.5,0.90875
2D Euclidean,5,100,91,9,9,1000,Cutoff,Evaluative Voting,97.6,97.6,0.8047999999999887
2D Euclidean,5,100,91,9,9,1000,Cutoff,k-Median Rule,63.800000000000004,63.800000000000004,0.8627999999999934
2D Euclidean,5,100,91,9,9,1000,Cutoff,k-Median-Shapley,45.300000000000004,42.3,0.9079999999999933
2D Euclidean,5,100,91,9,9,1000,Bottom,Evaluative Voting,69.1,69.1,0.8617999999999902
2D Euclidean,5,100,91,9,9,1000,Bottom,k-Median Rule,62.2,34.4,0.8619999999999937
2D Euclidean,5,100,91,9,9,1000,Bottom,k-Median-Shapley,34.300000000000004,12.0,0.9283999999999947
2D Euclidean,6,100,91,9,9,1000,Cutoff,Evaluative Voting,89.0,89.0,0.8516666666666766
2D Euclidean,6,100,91,9,9,1000,Cutoff,k-Median Rule,51.5,51.5,0.9141666666666732
2D Euclidean,6,100,91,9,9,1000,Cutoff,k-Median-Shapley,30.099999999999998,30.099999999999998,0.9498333333333384
2D Euclidean,6,100,91,9,9,1000,Bottom,Evaluative Voting,89.0,89.0,0.8516666666666766
2D Euclidean,6,100,91,9,9,1000,Bottom,k-Median Rule,51.5,51.5,0.9141666666666732
2D Euclidean,6,100,91,9,9,1000,Bottom,k-Median-Shapley,30.099999999999998,30.099999999999998,0.9498333333333384
2D Euclidean,2,100,90,10,10,1000,Cutoff,Evaluative Voting,99.4,99.4,0.503
2D Euclidean,2,100,90,10,10,1000,Cutoff,k-Median Rule,42.3,42.3,0.771
2D Euclidean,2,100,90,10,10,1000,Cutoff,k-Median-Shapley,34.300000000000004,26.900000000000002,0.822
2D Euclidean,2,100,90,10,10,1000,Bottom,Evaluative Voting,11.5,11.5,0.9425
2D Euclidean,2,100,90,10,10,1000,Bottom,k-Median Rule,42.4,11.4,0.769
2D Euclidean,2,100,90,10,10,1000,Bottom,k-Median-Shapley,31.4,0.4,0.837
2D Euclidean,3,100,90,10,10,1000,Cutoff,Evaluative Voting,99.2,99.2,0.6693333333333302
2D Euclidean,3,100,90,10,10,1000,Cutoff,k-Median Rule,52.5,52.5,0.7966666666666636
2D Euclidean,3,100,90,10,10,1000,Cutoff,k-Median-Shapley,40.9,34.4,0.8579999999999953
2D Euclidean,3,100,90,10,10,1000,Bottom,Evaluative Voting,31.3,31.3,0.8956666666666628
2D Euclidean,3,100,90,10,10,1000,Bottom,k-Median Rule,54.1,20.7,0.7893333333333307
2D Euclidean,3,100,90,10,10,1000,Bottom,k-Median-Shapley,35.0,1.4000000000000001,0.877999999999996
2D Euclidean,4,100,90,10,10,1000,Cutoff,Evaluative Voting,98.7,98.7,0.75325
2D Euclidean,4,100,90,10,10,1000,Cutoff,k-Median Rule,62.6,62.6,0.8205
2D Euclidean,4,100,90,10,10,1000,Cutoff,k-Median-Shapley,45.6,40.300000000000004,0.88225
2D Euclidean,4,100,90,10,10,1000,Bottom,Evaluative Voting,52.7,52.7,0.86825
2D Euclidean,4,100,90,10,10,1000,Bottom,k-Median Rule,62.7,30.599999999999998,0.81475
2D Euclidean,4,100,90,10,10,1000,Bottom,k-Median-Shapley,35.3,5.1,0.90775
2D Euclidean,5,100,90,10,10,1000,Cutoff,Evaluative Voting,98.7,98.7,0.8025999999999887
2D Euclidean,5,100,90,10,10,1000,Cutoff,k-Median Rule,67.0,67.0,0.8555999999999934
2D Euclidean,5,100,90,10,10,1000,Cutoff,k-Median-Shapley,48.5,45.0,0.9013999999999934
2D Euclidean,5,100,90,10,10,1000,Bottom,Evaluative Voting,77.4,77.4,0.8451999999999892
2D Euclidean,5,100,90,10,10,1000,Bottom,k-Median Rule,64.8,39.4,0.8541999999999935
2D Euclidean,5,100,90,10,10,1000,Bottom,k-Median-Shapley,37.2,14.2,0.9229999999999943
2D Euclidean,6,100,90,10,10,1000,Cutoff,Evaluative Voting,93.2,93.2,0.8446666666666767
2D Euclidean,6,100,90,10,10,1000,Cutoff,k-Median Rule,56.00000000000001,56.00000000000001,0.9066666666666737
2D Euclidean,6,100,90,10,10,1000,Cutoff,k-Median-Shapley,32.1,32.1,0.946500000000005
2D Euclidean,6,100,90,10,10,1000,Bottom,Evaluative Voting,93.2,93.2,0.8446666666666767
2D Euclidean,6,100,90,10,10,1000,Bottom,k-Median Rule,56.00000000000001,56.00000000000001,0.9066666666666737
2D Euclidean,6,100,90,10,10,1000,Bottom,k-Median-Shapley,32.1,32.1,0.946500000000005
2D Euclidean,2,100,89,11,11,1000,Cutoff,Evaluative Voting,99.9,99.9,0.5005
2D Euclidean,2,100,89,11,11,1000,Cutoff,k-Median Rule,47.199999999999996,47.199999999999996,0.737
2D Euclidean,2,100,89,11,11,1000,Cutoff,k-Median-Shapley,35.099999999999994,26.700000000000003,0.8185
2D Euclidean,2,100,89,11,11,1000,Bottom,Evaluative Voting,17.8,17.8,0.911
2D Euclidean,2,100,89,11,11,1000,Bottom,k-Median Rule,46.9,12.7,0.737
2D Euclidean,2,100,89,11,11,1000,Bottom,k-Median-Shapley,31.6,0.5,0.836
2D Euclidean,3,100,89,11,11,1000,Cutoff,Evaluative Voting,99.5,99.5,0.6683333333333303
2D Euclidean,3,100,89,11,11,1000,Cutoff,k-Median Rule,58.5,58.5,0.7659999999999976
2D Euclidean,3,100,89,11,11,1000,Cutoff,k-Median-Shapley,44.0,35.4,0.8443333333333288
2D Euclidean,3,100,89,11,11,1000,Bottom,Evaluative Voting,40.699999999999996,40.699999999999996,0.8643333333333292
2D Euclidean,3,100,89,11,11,1000,Bottom,k-Median Rule,59.4,22.8,0.7606666666666646
2D Euclidean,3,100,89,11,11,1000,Bottom,k-Median-Shapley,36.8,1.6,0.8689999999999959
2D Euclidean,4,100,89,11,11,1000,Cutoff,Evaluative Voting,99.5,99.5,0.75125
2D Euclidean,4,100,89,11,11,1000,Cutoff,k-Median Rule,69.5,69.5,0.797
2D Euclidean,4,100,89,11,11,1000,Cutoff,k-Median-Shapley,48.8,43.6,0.8735
2D Euclidean,4,100,89,11,11,1000,Bottom,Evaluative Voting,63.6,63.6,0.841
2D Euclidean,4,100,89,11,11,1000,Bottom,k-Median Rule,67.9,32.800000000000004,0.79175
2D Euclidean,4,100,89,11,11,1000,Bottom,k-Median-Shapley,37.5,6.800000000000001,0.90075
2D Euclidean,5,100,89,11,11,1000,Cutoff,Evaluative Voting,99.4,99.4,0.8011999999999887
2D Euclidean,5,100,89,11,11,1000,Cutoff,k-Median Rule,72.2,72.2,0.842599999999993
2D Euclidean,5,100,89,11,11,1000,Cutoff,k-Median-Shapley,50.3,46.0,0.8973999999999929
2D Euclidean,5,100,89,11,11,1000,Bottom,Evaluative Voting,83.89999999999999,83.89999999999999,0.8321999999999891
2D Euclidean,5,100,89,11,11,1000,Bottom,k-Median Rule,69.1,42.0,0.8419999999999935
2D Euclidean,5,100,89,11,11,1000,Bottom,k-Median-Shapley,37.1,16.7,0.9227999999999943
2D Euclidean,6,100,89,11,11,1000,Cutoff,Evaluative Voting,95.89999999999999,95.89999999999999,0.8401666666666765
2D Euclidean,6,100,89,11,11,1000,Cutoff,k-Median Rule,59.599999999999994,59.599999999999994,0.900666666666674
2D Euclidean,6,100,89,11,11,1000,Cutoff,k-Median-Shapley,35.4,35.4,0.9410000000000053
2D Euclidean,6,100,89,11,11,1000,Bottom,Evaluative Voting,95.89999999999999,95.89999999999999,0.8401666666666765
2D Euclidean,6,100,89,11,11,1000,Bottom,k-Median Rule,59.599999999999994,59.599999999999994,0.900666666666674
2D Euclidean,6,100,89,11,11,1000,Bottom,k-Median-Shapley,35.4,35.4,0.9410000000000053
2D Euclidean,2,100,88,12,12,1000,Cutoff,Evaluative Voting,100.0,100.0,0.5
2D Euclidean,2,100,88,12,12,1000,Cutoff,k-Median Rule,48.6,48.6,0.7265
2D Euclidean,2,100,88,12,12,1000,Cutoff,k-Median-Shapley,35.4,28.199999999999996,0.817
2D Euclidean,2,100,88,12,12,1000,Bottom,Evaluative Voting,27.1,27.1,0.8645
2D Euclidean,2,100,88,12,12,1000,Bottom,k-Median Rule,47.699999999999996,15.1,0.729
2D Euclidean,2,100,88,12,12,1000,Bottom,k-Median-Shapley,32.4,0.4,0.832
2D Euclidean,3,100,88,12,12,1000,Cutoff,Evaluative Voting,100.0,100.0,0.6666666666666636
2D Euclidean,3,100,88,12,12,1000,Cutoff,k-Median Rule,59.599999999999994,59.599999999999994,0.7623333333333305
2D Euclidean,3,100,88,12,12,1000,Cutoff,k-Median-Shapley,45.4,37.2,0.8403333333333292
2D Euclidean,3,100,88,12,12,1000,Bottom,Evaluative Voting,51.1,51.1,0.8296666666666619
2D Euclidean,3,100,88,12,12,1000,Bottom,k-Median Rule,60.3,26.3,0.7553333333333303
2D Euclidean,3,100,88,12,12,1000,Bottom,k-Median-Shapley,37.6,1.6,0.8683333333333296
2D Euclidean,4,100,88,12,12,1000,Cutoff,Evaluative Voting,99.9,99.9,0.75025
2D Euclidean,4,100,88,12,12,1000,Cutoff,k-Median Rule,71.6,71.6,0.788
2D Euclidean,4,100,88,12,12,1000,Cutoff,k-Median-Shapley,51.4,46.5,0.8665
2D Euclidean,4,100,88,12,12,1000,Bottom,Evaluative Voting,74.1,74.1,0.81475
2D Euclidean,4,100,88,12,12,1000,Bottom,k-Median Rule,70.3,37.7,0.78225
2D Euclidean,4,100,88,12,12,1000,Bottom,k-Median-Shapley,38.1,7.3999999999999995,0.89925
2D Euclidean,5,100,88,12,12,1000,Cutoff,Evaluative Voting,99.7,99.7,0.8005999999999888
2D Euclidean,5,100,88,12,12,1000,Cutoff,k-Median Rule,74.9,74.9,0.8363999999999928
2D Euclidean,5,100,88,12,12,1000,Cutoff,k-Median-Shapley,53.5,50.1,0.8907999999999928
2D Euclidean,5,100,88,12,12,1000,Bottom,Evaluative Voting,90.10000000000001,90.10000000000001,0.8197999999999893
2D Euclidean,5,100,88,12,12,1000,Bottom,k-Median Rule,71.7,46.5,0.8351999999999937
2D Euclidean,5,100,88,12,12,1000,Bottom,k-Median-Shapley,38.1,17.8,0.9207999999999942
2D Euclidean,6,100,88,12,12,1000,Cutoff,Evaluative Voting,98.1,98.1,0.8365000000000099
2D Euclidean,6,100,88,12,12,1000,Cutoff,k-Median Rule,63.0,63.0,0.8950000000000078
2D Euclidean,6,100,88,12,12,1000,Cutoff,k-Median-Shapley,37.5,37.5,0.9375000000000056
2D Euclidean,6,100,88,12,12,1000,Bottom,Evaluative Voting,98.1,98.1,0.8365000000000099
2D Euclidean,6,100,88,12,12,1000,Bottom,k-Median Rule,63.0,63.0,0.8950000000000078
2D Euclidean,6,100,88,12,12,1000,Bottom,k-Median-Shapley,37.5,37.5,0.9375000000000056
2D Euclidean,2,100,87,13,13,1000,Cutoff,Evaluative Voting,100.0,100.0,0.5
2D Euclidean,2,100,87,13,13,1000,Cutoff,k-Median Rule,53.0,53.0,0.6975
2D Euclidean,2,100,87,13,13,1000,Cutoff,k-Median-Shapley,38.9,31.4,0.7985
2D Euclidean,2,100,87,13,13,1000,Bottom,Evaluative Voting,37.9,37.9,0.8105
2D Euclidean,2,100,87,13,13,1000,Bottom,k-Median Rule,51.4,18.2,0.703
2D Euclidean,2,100,87,13,13,1000,Bottom,k-Median-Shapley,34.599999999999994,0.8999999999999999,0.8205
2D Euclidean,3,100,87,13,13,1000,Cutoff,Evaluative Voting,100.0,100.0,0.6666666666666636
2D Euclidean,3,100,87,13,13,1000,Cutoff,k-Median Rule,64.7,64.7,0.7349999999999981
2D Euclidean,3,100,87,13,13,1000,Cutoff,k-Median-Shapley,46.300000000000004,38.0,0.8379999999999955
2D Euclidean,3,100,87,13,13,1000,Bottom,Evaluative Voting,60.3,60.3,0.7989999999999949
2D Euclidean,3,100,87,13,13,1000,Bottom,k-Median Rule,64.2,29.9,0.7333333333333313
2D Euclidean,3,100,87,13,13,1000,Bottom,k-Median-Shapley,37.9,2.4,0.8669999999999958
2D Euclidean,4,100,87,13,13,1000,Cutoff,Evaluative Voting,99.9,99.9,0.75025
2D Euclidean,4,100,87,13,13,1000,Cutoff,k-Median Rule,75.9,75.9,0.768
2D Euclidean,4,100,87,13,13,1000,Cutoff,k-Median-Shapley,55.00000000000001,48.9,0.857
2D Euclidean,4,100,87,13,13,1000,Bottom,Evaluative Voting,81.10000000000001,81.10000000000001,0.79725
2D Euclidean,4,100,87,13,13,1000,Bottom,k-Median Rule,74.6,41.699999999999996,0.76025
2D Euclidean,4,100,87,13,13,1000,Bottom,k-Median-Shapley,41.099999999999994,9.0,0.89175
2D Euclidean,5,100,87,13,13,1000,Cutoff,Evaluative Voting,100.0,100.0,0.7999999999999887
2D Euclidean,5,100,87,13,13,1000,Cutoff,k-Median Rule,78.60000000000001,78.60000000000001,0.8253999999999931
2D Euclidean,5,100,87,13,13,1000,Cutoff,k-Median-Shapley,55.50000000000001,50.9,0.8867999999999919
2D Euclidean,5,100,87,13,13,1000,Bottom,Evaluative Voting,94.19999999999999,94.19999999999999,0.8115999999999888
2D Euclidean,5,100,87,13,13,1000,Bottom,k-Median Rule,76.0,50.0,0.8201999999999946
2D Euclidean,5,100,87,13,13,1000,Bottom,k-Median-Shapley,41.0,19.6,0.9145999999999936
2D Euclidean,6,100,87,13,13,1000,Cutoff,Evaluative Voting,99.2,99.2,0.8346666666666765
2D Euclidean,6,100,87,13,13,1000,Cutoff,k-Median Rule,67.30000000000001,67.30000000000001,0.8878333333333416
2D Euclidean,6,100,87,13,13,1000,Cutoff,k-Median-Shapley,40.0,40.0,0.9333333333333391
2D Euclidean,6,100,87,13,13,1000,Bottom,Evaluative Voting,99.2,99.2,0.8346666666666765
2D Euclidean,6,100,87,13,13,1000,Bottom,k-Median Rule,67.30000000000001,67.30000000000001,0.8878333333333416
2D Euclidean,6,100,87,13,13,1000,Bottom,k-Median-Shapley,40.0,40.0,0.9333333333333391
2D Euclidean,2,100,86,14,14,1000,Cutoff,Evaluative Voting,100.0,100.0,0.5
2D Euclidean,2,100,86,14,14,1000,Cutoff,k-Median Rule,56.10000000000001,56.10000000000001,0.6795
2D Euclidean,2,100,86,14,14,1000,Cutoff,k-Median-Shapley,42.5,33.1,0.7805
2D Euclidean,2,100,86,14,14,1000,Bottom,Evaluative Voting,48.1,48.1,0.7595
2D Euclidean,2,100,86,14,14,1000,Bottom,k-Median Rule,53.400000000000006,19.3,0.6905
2D Euclidean,2,100,86,14,14,1000,Bottom,k-Median-Shapley,37.0,1.4000000000000001,0.809
2D Euclidean,3,100,86,14,14,1000,Cutoff,Evaluative Voting,100.0,100.0,0.6666666666666636
2D Euclidean,3,100,86,14,14,1000,Cutoff,k-Median Rule,68.10000000000001,68.10000000000001,0.7256666666666641
2D Euclidean,3,100,86,14,14,1000,Cutoff,k-Median-Shapley,47.3,39.7,0.8343333333333289
2D Euclidean,3,100,86,14,14,1000,Bottom,Evaluative Voting,69.39999999999999,69.39999999999999,0.7686666666666614
2D Euclidean,3,100,86,14,14,1000,Bottom,k-Median Rule,66.9,33.300000000000004,0.7226666666666645
2D Euclidean,3,100,86,14,14,1000,Bottom,k-Median-Shapley,38.5,3.5999999999999996,0.8643333333333293
2D Euclidean,4,100,86,14,14,1000,Cutoff,Evaluative Voting,99.9,99.9,0.75025
2D Euclidean,4,100,86,14,14,1000,Cutoff,k-Median Rule,77.9,77.9,0.76275
2D Euclidean,4,100,86,14,14,1000,Cutoff,k-Median-Shapley,56.3,50.1,0.85275
2D Euclidean,4,100,86,14,14,1000,Bottom,Evaluative Voting,86.6,86.6,0.7835
2D Euclidean,4,100,86,14,14,1000,Bottom,k-Median Rule,76.9,46.5,0.75275
2D Euclidean,4,100,86,14,14,1000,Bottom,k-Median-Shapley,42.4,10.8,0.888
2D Euclidean,5,100,86,14,14,1000,Cutoff,Evaluative Voting,100.0,100.0,0.7999999999999887
2D Euclidean,5,100,86,14,14,1000,Cutoff,k-Median Rule,81.69999999999999,81.69999999999999,0.8191999999999925
2D Euclidean,5,100,86,14,14,1000,Cutoff,k-Median-Shapley,57.99999999999999,53.7,0.8797999999999913
2D Euclidean,5,100,86,14,14,1000,Bottom,Evaluative Voting,96.1,96.1,0.8077999999999887
2D Euclidean,5,100,86,14,14,1000,Bottom,k-Median Rule,78.8,55.1,0.8141999999999942
2D Euclidean,5,100,86,14,14,1000,Bottom,k-Median-Shapley,43.7,20.4,0.9077999999999928
2D Euclidean,6,100,86,14,14,1000,Cutoff,Evaluative Voting,99.5,99.5,0.8341666666666766
2D Euclidean,6,100,86,14,14,1000,Cutoff,k-Median Rule,70.39999999999999,70.39999999999999,0.8826666666666753
2D Euclidean,6,100,86,14,14,1000,Cutoff,k-Median-Shapley,42.699999999999996,42.699999999999996,0.9288333333333396
2D Euclidean,6,100,86,14,14,1000,Bottom,Evaluative Voting,99.5,99.5,0.8341666666666766
2D Euclidean,6,100,86,14,14,1000,Bottom,k-Median Rule,70.39999999999999,70.39999999999999,0.8826666666666753
2D Euclidean,6,100,86,14,14,1000,Bottom,k-Median-Shapley,42.699999999999996,42.699999999999996,0.9288333333333396
2D Euclidean,2,100,85,15,15,1000,Cutoff,Evaluative Voting,100.0,100.0,0.5
2D Euclidean,2,100,85,15,15,1000,Cutoff,k-Median Rule,60.3,60.3,0.6525
2D Euclidean,2,100,85,15,15,1000,Cutoff,k-Median-Shapley,43.3,33.900000000000006,0.7755
2D Euclidean,2,100,85,15,15,1000,Bottom,Evaluative Voting,59.3,59.3,0.7035
2D Euclidean,2,100,85,15,15,1000,Bottom,k-Median Rule,57.9,22.1,0.6625
2D Euclidean,2,100,85,15,15,1000,Bottom,k-Median-Shapley,36.5,1.2,0.8115
2D Euclidean,3,100,85,15,15,1000,Cutoff,Evaluative Voting,100.0,100.0,0.6666666666666636
2D Euclidean,3,100,85,15,15,1000,Cutoff,k-Median Rule,72.3,72.3,0.7029999999999982
2D Euclidean,3,100,85,15,15,1000,Cutoff,k-Median-Shapley,51.4,43.2,0.8183333333333294
2D Euclidean,3,100,85,15,15,1000,Bottom,Evaluative Voting,79.60000000000001,79.60000000000001,0.7346666666666615
2D Euclidean,3,100,85,15,15,1000,Bottom,k-Median Rule,71.8,37.3,0.6976666666666645
2D Euclidean,3,100,85,15,15,1000,Bottom,k-Median-Shapley,42.0,3.8,0.8509999999999962
2D Euclidean,4,100,85,15,15,1000,Cutoff,Evaluative Voting,99.9,99.9,0.75025
2D Euclidean,4,100,85,15,15,1000,Cutoff,k-Median Rule,81.39999999999999,81.39999999999999,0.74775
2D Euclidean,4,100,85,15,15,1000,Cutoff,k-Median-Shapley,58.199999999999996,51.9,0.8445
2D Euclidean,4,100,85,15,15,1000,Bottom,Evaluative Voting,91.10000000000001,91.10000000000001,0.77225
2D Euclidean,4,100,85,15,15,1000,Bottom,k-Median Rule,80.30000000000001,50.4,0.736
2D Euclidean,4,100,85,15,15,1000,Bottom,k-Median-Shapley,45.0,11.200000000000001,0.879
2D Euclidean,5,100,85,15,15,1000,Cutoff,Evaluative Voting,100.0,100.0,0.7999999999999887
2D Euclidean,5,100,85,15,15,1000,Cutoff,k-Median Rule,83.89999999999999,83.89999999999999,0.8123999999999928
2D Euclidean,5,100,85,15,15,1000,Cutoff,k-Median-Shapley,60.6,56.8,0.8743999999999914
2D Euclidean,5,100,85,15,15,1000,Bottom,Evaluative Voting,97.89999999999999,97.89999999999999,0.804199999999989
2D Euclidean,5,100,85,15,15,1000,Bottom,k-Median Rule,81.39999999999999,59.3,0.8043999999999948
2D Euclidean,5,100,85,15,15,1000,Bottom,k-Median-Shapley,46.400000000000006,22.5,0.9019999999999926
2D Euclidean,6,100,85,15,15,1000,Cutoff,Evaluative Voting,99.8,99.8,0.8336666666666767
2D Euclidean,6,100,85,15,15,1000,Cutoff,k-Median Rule,74.1,74.1,0.8765000000000086
2D Euclidean,6,100,85,15,15,1000,Cutoff,k-Median-Shapley,42.9,42.9,0.928500000000006
2D Euclidean,6,100,85,15,15,1000,Bottom,Evaluative Voting,99.8,99.8,0.8336666666666767
2D Euclidean,6,100,85,15,15,1000,Bottom,k-Median Rule,74.1,74.1,0.8765000000000086
2D Euclidean,6,100,85,15,15,1000,Bottom,k-Median-Shapley,42.9,42.9,0.928500000000006
2D Euclidean,2,100,84,16,16,1000,Cutoff,Evaluative Voting,100.0,100.0,0.5
2D Euclidean,2,100,84,16,16,1000,Cutoff,k-Median Rule,61.8,61.8,0.6475
2D Euclidean,2,100,84,16,16,1000,Cutoff,k-Median-Shapley,45.300000000000004,35.5,0.7625
2D Euclidean,2,100,84,16,16,1000,Bottom,Evaluative Voting,68.7,68.7,0.6565
2D Euclidean,2,100,84,16,16,1000,Bottom,k-Median Rule,58.099999999999994,24.7,0.6615
2D Euclidean,2,100,84,16,16,1000,Bottom,k-Median-Shapley,37.2,1.9,0.806
2D Euclidean,3,100,84,16,16,1000,Cutoff,Evaluative Voting,100.0,100.0,0.6666666666666636
2D Euclidean,3,100,84,16,16,1000,Cutoff,k-Median Rule,74.2,74.2,0.6959999999999975
2D Euclidean,3,100,84,16,16,1000,Cutoff,k-Median-Shapley,53.2,44.7,0.8129999999999952
2D Euclidean,3,100,84,16,16,1000,Bottom,Evaluative Voting,85.0,85.0,0.7166666666666616
2D Euclidean,3,100,84,16,16,1000,Bottom,k-Median Rule,72.39999999999999,40.6,0.6949999999999977
2D Euclidean,3,100,84,16,16,1000,Bottom,k-Median-Shapley,41.8,4.2,0.8516666666666628
2D Euclidean,4,100,84,16,16,1000,Cutoff,Evaluative Voting,100.0,100.0,0.75
2D Euclidean,4,100,84,16,16,1000,Cutoff,k-Median Rule,84.2,84.2,0.74225
2D Euclidean,4,100,84,16,16,1000,Cutoff,k-Median-Shapley,59.3,53.5,0.84025
2D Euclidean,4,100,84,16,16,1000,Bottom,Evaluative Voting,94.39999999999999,94.39999999999999,0.764
2D Euclidean,4,100,84,16,16,1000,Bottom,k-Median Rule,82.89999999999999,55.00000000000001,0.72975
2D Euclidean,4,100,84,16,16,1000,Bottom,k-Median-Shapley,44.7,12.0,0.87875
2D Euclidean,5,100,84,16,16,1000,Cutoff,Evaluative Voting,100.0,100.0,0.7999999999999887
2D Euclidean,5,100,84,16,16,1000,Cutoff,k-Median Rule,85.7,85.7,0.8083999999999925
2D Euclidean,5,100,84,16,16,1000,Cutoff,k-Median-Shapley,63.1,59.5,0.8687999999999914
2D Euclidean,5,100,84,16,16,1000,Bottom,Evaluative Voting,98.7,98.7,0.8025999999999888
2D Euclidean,5,100,84,16,16,1000,Bottom,k-Median Rule,83.5,64.3,0.7993999999999949
2D Euclidean,5,100,84,16,16,1000,Bottom,k-Median-Shapley,48.1,23.1,0.8961999999999932
2D Euclidean,6,100,84,16,16,1000,Cutoff,Evaluative Voting,99.9,99.9,0.8335000000000099
2D Euclidean,6,100,84,16,16,1000,Cutoff,k-Median Rule,77.3,77.3,0.8711666666666756
2D Euclidean,6,100,84,16,16,1000,Cutoff,k-Median-Shapley,45.1,45.1,0.92483333333334
2D Euclidean,6,100,84,16,16,1000,Bottom,Evaluative Voting,99.9,99.9,0.8335000000000099
2D Euclidean,6,100,84,16,16,1000,Bottom,k-Median Rule,77.3,77.3,0.8711666666666756
2D Euclidean,6,100,84,16,16,1000,Bottom,k-Median-Shapley,45.1,45.1,0.92483333333334
2D Euclidean,2,100,83,17,17,1000,Cutoff,Evaluative Voting,100.0,100.0,0.5
2D Euclidean,2,100,83,17,17,1000,Cutoff,k-Median Rule,66.9,66.9,0.61
2D Euclidean,2,100,83,17,17,1000,Cutoff,k-Median-Shapley,47.4,37.0,0.751
2D Euclidean,2,100,83,17,17,1000,Bottom,Evaluative Voting,77.2,77.2,0.614
2D Euclidean,2,100,83,17,17,1000,Bottom,k-Median Rule,63.5,27.700000000000003,0.6215
2D Euclidean,2,100,83,17,17,1000,Bottom,k-Median-Shapley,40.0,2.0,0.7935
2D Euclidean,3,100,83,17,17,1000,Cutoff,Evaluative Voting,100.0,100.0,0.6666666666666636
2D Euclidean,3,100,83,17,17,1000,Cutoff,k-Median Rule,78.4,78.4,0.6659999999999984
2D Euclidean,3,100,83,17,17,1000,Cutoff,k-Median-Shapley,55.2,44.2,0.8029999999999959
2D Euclidean,3,100,83,17,17,1000,Bottom,Evaluative Voting,90.7,90.7,0.6976666666666623
2D Euclidean,3,100,83,17,17,1000,Bottom,k-Median Rule,76.3,43.8,0.6639999999999987
2D Euclidean,3,100,83,17,17,1000,Bottom,k-Median-Shapley,44.800000000000004,5.8999999999999995,0.8399999999999958
2D Euclidean,4,100,83,17,17,1000,Cutoff,Evaluative Voting,100.0,100.0,0.75
2D Euclidean,4,100,83,17,17,1000,Cutoff,k-Median Rule,87.5,87.5,0.72375
2D Euclidean,4,100,83,17,17,1000,Cutoff,k-Median-Shapley,63.4,56.599999999999994,0.8285
2D Euclidean,4,100,83,17,17,1000,Bottom,Evaluative Voting,96.89999999999999,96.89999999999999,0.75775
2D Euclidean,4,100,83,17,17,1000,Bottom,k-Median Rule,85.1,57.9,0.71075
2D Euclidean,4,100,83,17,17,1000,Bottom,k-Median-Shapley,47.8,13.8,0.8695
2D Euclidean,5,100,83,17,17,1000,Cutoff,Evaluative Voting,100.0,100.0,0.7999999999999887
2D Euclidean,5,100,83,17,17,1000,Cutoff,k-Median Rule,88.9,88.9,0.7975999999999934
2D Euclidean,5,100,83,17,17,1000,Cutoff,k-Median-Shapley,66.3,62.2,0.8591999999999921
2D Euclidean,5,100,83,17,17,1000,Bottom,Evaluative Voting,99.7,99.7,0.8005999999999888
2D Euclidean,5,100,83,17,17,1000,Bottom,k-Median Rule,85.1,67.0,0.7899999999999958
2D Euclidean,5,100,83,17,17,1000,Bottom,k-Median-Shapley,50.8,27.0,0.8895999999999932
2D Euclidean,6,100,83,17,17,1000,Cutoff,Evaluative Voting,100.0,100.0,0.8333333333333433
2D Euclidean,6,100,83,17,17,1000,Cutoff,k-Median Rule,79.80000000000001,79.80000000000001,0.8670000000000089
2D Euclidean,6,100,83,17,17,1000,Cutoff,k-Median-Shapley,48.0,48.0,0.9200000000000068
2D Euclidean,6,100,83,17,17,1000,Bottom,Evaluative Voting,100.0,100.0,0.8333333333333433
2D Euclidean,6,100,83,17,17,1000,Bottom,k-Median Rule,79.80000000000001,79.80000000000001,0.8670000000000089
2D Euclidean,6,100,83,17,17,1000,Bottom,k-Median-Shapley,48.0,48.0,0.9200000000000068
2D Euclidean,2,100,82,18,18,1000,Cutoff,Evaluative Voting,100.0,100.0,0.5
2D Euclidean,2,100,82,18,18,1000,Cutoff,k-Median Rule,68.8,68.8,0.5965
2D Euclidean,2,100,82,18,18,1000,Cutoff,k-Median-Shapley,47.3,38.3,0.7535
2D Euclidean,2,100,82,18,18,1000,Bottom,Evaluative Voting,85.8,85.8,0.571
2D Euclidean,2,100,82,18,18,1000,Bottom,k-Median Rule,64.0,30.4,0.6135
2D Euclidean,2,100,82,18,18,1000,Bottom,k-Median-Shapley,38.3,2.1,0.803
2D Euclidean,3,100,82,18,18,1000,Cutoff,Evaluative Voting,100.0,100.0,0.6666666666666636
2D Euclidean,3,100,82,18,18,1000,Cutoff,k-Median Rule,79.9,79.9,0.655999999999999
2D Euclidean,3,100,82,18,18,1000,Cutoff,k-Median-Shapley,56.89999999999999,46.0,0.7976666666666624
2D Euclidean,3,100,82,18,18,1000,Bottom,Evaluative Voting,94.89999999999999,94.89999999999999,0.6836666666666629
2D Euclidean,3,100,82,18,18,1000,Bottom,k-Median Rule,77.8,47.599999999999994,0.6539999999999994
2D Euclidean,3,100,82,18,18,1000,Bottom,k-Median-Shapley,45.5,5.7,0.8373333333333293
2D Euclidean,4,100,82,18,18,1000,Cutoff,Evaluative Voting,100.0,100.0,0.75
2D Euclidean,4,100,82,18,18,1000,Cutoff,k-Median Rule,89.60000000000001,89.60000000000001,0.71625
2D Euclidean,4,100,82,18,18,1000,Cutoff,k-Median-Shapley,65.7,58.599999999999994,0.82175
2D Euclidean,4,100,82,18,18,1000,Bottom,Evaluative Voting,98.8,98.8,0.753
2D Euclidean,4,100,82,18,18,1000,Bottom,k-Median Rule,86.5,61.8,0.70325
2D Euclidean,4,100,82,18,18,1000,Bottom,k-Median-Shapley,48.8,14.499999999999998,0.86725
2D Euclidean,5,100,82,18,18,1000,Cutoff,Evaluative Voting,100.0,100.0,0.7999999999999887
2D Euclidean,5,100,82,18,18,1000,Cutoff,k-Median Rule,90.7,90.7,0.7923999999999933
2D Euclidean,5,100,82,18,18,1000,Cutoff,k-Median-Shapley,68.2,64.5,0.8557999999999916
2D Euclidean,5,100,82,18,18,1000,Bottom,Evaluative Voting,99.7,99.7,0.8005999999999888
2D Euclidean,5,100,82,18,18,1000,Bottom,k-Median Rule,87.9,71.39999999999999,0.7805999999999962
2D Euclidean,5,100,82,18,18,1000,Bottom,k-Median-Shapley,53.6,29.799999999999997,0.8823999999999933
2D Euclidean,6,100,82,18,18,1000,Cutoff,Evaluative Voting,100.0,100.0,0.8333333333333433
2D Euclidean,6,100,82,18,18,1000,Cutoff,k-Median Rule,82.69999999999999,82.69999999999999,0.8621666666666757
2D Euclidean,6,100,82,18,18,1000,Cutoff,k-Median-Shapley,50.7,50.7,0.9155000000000074
2D Euclidean,6,100,82,18,18,1000,Bottom,Evaluative Voting,100.0,100.0,0.8333333333333433
2D Euclidean,6,100,82,18,18,1000,Bottom,k-Median Rule,82.69999999999999,82.69999999999999,0.8621666666666757
2D Euclidean,6,100,82,18,18,1000,Bottom,k-Median-Shapley,50.7,50.7,0.9155000000000074
2D Euclidean,2,100,81,19,19,1000,Cutoff,Evaluative Voting,100.0,100.0,0.5
2D Euclidean,2,100,81,19,19,1000,Cutoff,k-Median Rule,74.1,74.1,0.5575
2D Euclidean,2,100,81,19,19,1000,Cutoff,k-Median-Shapley,52.900000000000006,42.5,0.7215
2D Euclidean,2,100,81,19,19,1000,Bottom,Evaluative Voting,91.4,91.4,0.543
2D Euclidean,2,100,81,19,19,1000,Bottom,k-Median Rule,68.30000000000001,33.0,0.58
2D Euclidean,2,100,81,19,19,1000,Bottom,k-Median-Shapley,43.9,3.5000000000000004,0.77
2D Euclidean,3,100,81,19,19,1000,Cutoff,Evaluative Voting,100.0,100.0,0.6666666666666636
2D Euclidean,3,100,81,19,19,1000,Cutoff,k-Median Rule,83.8,83.8,0.629999999999999
2D Euclidean,3,100,81,19,19,1000,Cutoff,k-Median-Shapley,59.8,48.1,0.7839999999999963
2D Euclidean,3,100,81,19,19,1000,Bottom,Evaluative Voting,97.6,97.6,0.6746666666666634
2D Euclidean,3,100,81,19,19,1000,Bottom,k-Median Rule,81.39999999999999,51.2,0.627999999999999
2D Euclidean,3,100,81,19,19,1000,Bottom,k-Median-Shapley,47.3,7.6,0.8269999999999962
2D Euclidean,4,100,81,19,19,1000,Cutoff,Evaluative Voting,100.0,100.0,0.75
2D Euclidean,4,100,81,19,19,1000,Cutoff,k-Median Rule,91.9,91.9,0.7
2D Euclidean,4,100,81,19,19,1000,Cutoff,k-Median-Shapley,68.10000000000001,59.199999999999996,0.8115
2D Euclidean,4,100,81,19,19,1000,Bottom,Evaluative Voting,99.6,99.6,0.751
2D Euclidean,4,100,81,19,19,1000,Bottom,k-Median Rule,88.7,65.60000000000001,0.685
2D Euclidean,4,100,81,19,19,1000,Bottom,k-Median-Shapley,52.1,16.3,0.8545
2D Euclidean,5,100,81,19,19,1000,Cutoff,Evaluative Voting,100.0,100.0,0.7999999999999887
2D Euclidean,5,100,81,19,19,1000,Cutoff,k-Median Rule,92.7,92.7,0.7825999999999939
2D Euclidean,5,100,81,19,19,1000,Cutoff,k-Median-Shapley,71.3,67.30000000000001,0.8479999999999922
2D Euclidean,5,100,81,19,19,1000,Bottom,Evaluative Voting,100.0,100.0,0.7999999999999887
2D Euclidean,5,100,81,19,19,1000,Bottom,k-Median Rule,89.3,74.9,0.7703999999999968
2D Euclidean,5,100,81,19,19,1000,Bottom,k-Median-Shapley,56.10000000000001,33.2,0.8777999999999927
2D Euclidean,6,100,81,19,19,1000,Cutoff,Evaluative Voting,100.0,100.0,0.8333333333333433
2D Euclidean,6,100,81,19,19,1000,Cutoff,k-Median Rule,85.2,85.2,0.8580000000000091
2D Euclidean,6,100,81,19,19,1000,Cutoff,k-Median-Shapley,52.900000000000006,52.900000000000006,0.9118333333333405
2D Euclidean,6,100,81,19,19,1000,Bottom,Evaluative Voting,100.0,100.0,0.8333333333333433
2D Euclidean,6,100,81,19,19,1000,Bottom,k-Median Rule,85.2,85.2,0.8580000000000091
2D Euclidean,6,100,81,19,19,1000,Bottom,k-Median-Shapley,52.900000000000006,52.900000000000006,0.9118333333333405
2D Euclidean,2,100,80,20,20,1000,Cutoff,Evaluative Voting,100.0,100.0,0.5
2D Euclidean,2,100,80,20,20,1000,Cutoff,k-Median Rule,76.3,76.3,0.548
2D Euclidean,2,100,80,20,20,1000,Cutoff,k-Median-Shapley,54.0,44.2,0.7175
2D Euclidean,2,100,80,20,20,1000,Bottom,Evaluative Voting,95.3,95.3,0.5235
2D Euclidean,2,100,80,20,20,1000,Bottom,k-Median Rule,69.39999999999999,35.8,0.573
2D Euclidean,2,100,80,20,20,1000,Bottom,k-Median-Shapley,43.9,3.3000000000000003,0.7705
2D Euclidean,3,100,80,20,20,1000,Cutoff,Evaluative Voting,100.0,100.0,0.6666666666666636
2D Euclidean,3,100,80,20,20,1000,Cutoff,k-Median Rule,85.1,85.1,0.6269999999999991
2D Euclidean,3,100,80,20,20,1000,Cutoff,k-Median-Shapley,61.3,49.1,0.7766666666666624
2D Euclidean,3,100,80,20,20,1000,Bottom,Evaluative Voting,98.9,98.9,0.6703333333333302
2D Euclidean,3,100,80,20,20,1000,Bottom,k-Median Rule,82.5,55.300000000000004,0.6219999999999994
2D Euclidean,3,100,80,20,20,1000,Bottom,k-Median-Shapley,48.9,7.6,0.8209999999999966
2D Euclidean,4,100,80,20,20,1000,Cutoff,Evaluative Voting,100.0,100.0,0.75
2D Euclidean,4,100,80,20,20,1000,Cutoff,k-Median Rule,92.80000000000001,92.80000000000001,0.69625
2D Euclidean,4,100,80,20,20,1000,Cutoff,k-Median-Shapley,68.0,59.599999999999994,0.81425
2D Euclidean,4,100,80,20,20,1000,Bottom,Evaluative Voting,100.0,100.0,0.75
2D Euclidean,4,100,80,20,20,1000,Bottom,k-Median Rule,89.9,69.3,0.68
2D Euclidean,4,100,80,20,20,1000,Bottom,k-Median-Shapley,53.0,17.299999999999997,0.85325
2D Euclidean,5,100,80,20,20,1000,Cutoff,Evaluative Voting,100.0,100.0,0.7999999999999887
2D Euclidean,5,100,80,20,20,1000,Cutoff,k-Median Rule,93.60000000000001,93.60000000000001,0.781399999999994
2D Euclidean,5,100,80,20,20,1000,Cutoff,k-Median-Shapley,72.3,67.9,0.847599999999991
2D Euclidean,5,100,80,20,20,1000,Bottom,Evaluative Voting,100.0,100.0,0.7999999999999887
2D Euclidean,5,100,80,20,20,1000,Bottom,k-Median Rule,90.60000000000001,78.8,0.7643999999999969
2D Euclidean,5,100,80,20,20,1000,Bottom,k-Median-Shapley,57.8,34.599999999999994,0.8743999999999922
2D Euclidean,6,100,80,20,20,1000,Cutoff,Evaluative Voting,100.0,100.0,0.8333333333333433
2D Euclidean,6,100,80,20,20,1000,Cutoff,k-Median Rule,87.5,87.5,0.8541666666666763
2D Euclidean,6,100,80,20,20,1000,Cutoff,k-Median-Shapley,55.50000000000001,55.50000000000001,0.9075000000000073
2D Euclidean,6,100,80,20,20,1000,Bottom,Evaluative Voting,100.0,100.0,0.8333333333333433
2D Euclidean,6,100,80,20,20,1000,Bottom,k-Median Rule,87.5,87.5,0.8541666666666763
2D Euclidean,6,100,80,20,20,1000,Bottom,k-Median-Shapley,55.50000000000001,55.50000000000001,0.9075000000000073
2D Euclidean,2,100,79,21,21,1000,Cutoff,Evaluative Voting,100.0,100.0,0.5
2D Euclidean,2,100,79,21,21,1000,Cutoff,k-Median Rule,79.0,79.0,0.522
2D Euclidean,2,100,79,21,21,1000,Cutoff,k-Median-Shapley,58.199999999999996,46.5,0.693
2D Euclidean,2,100,79,21,21,1000,Bottom,Evaluative Voting,98.4,98.4,0.508
2D Euclidean,2,100,79,21,21,1000,Bottom,k-Median Rule,72.7,37.7,0.5475
2D Euclidean,2,100,79,21,21,1000,Bottom,k-Median-Shapley,45.9,3.2,0.7575
2D Euclidean,3,100,79,21,21,1000,Cutoff,Evaluative Voting,100.0,100.0,0.6666666666666636
2D Euclidean,3,100,79,21,21,1000,Cutoff,k-Median Rule,87.5,87.5,0.6079999999999997
2D Euclidean,3,100,79,21,21,1000,Cutoff,k-Median-Shapley,62.5,51.1,0.7676666666666631
2D Euclidean,3,100,79,21,21,1000,Bottom,Evaluative Voting,99.7,99.7,0.6676666666666637
2D Euclidean,3,100,79,21,21,1000,Bottom,k-Median Rule,85.2,59.0,0.6013333333333334
2D Euclidean,3,100,79,21,21,1000,Bottom,k-Median-Shapley,50.8,7.3999999999999995,0.8126666666666634
2D Euclidean,4,100,79,21,21,1000,Cutoff,Evaluative Voting,100.0,100.0,0.75
2D Euclidean,4,100,79,21,21,1000,Cutoff,k-Median Rule,94.19999999999999,94.19999999999999,0.6825
2D Euclidean,4,100,79,21,21,1000,Cutoff,k-Median-Shapley,70.89999999999999,62.1,0.8025
2D Euclidean,4,100,79,21,21,1000,Bottom,Evaluative Voting,100.0,100.0,0.75
2D Euclidean,4,100,79,21,21,1000,Bottom,k-Median Rule,91.5,71.7,0.667
2D Euclidean,4,100,79,21,21,1000,Bottom,k-Median-Shapley,56.699999999999996,20.1,0.83925
2D Euclidean,5,100,79,21,21,1000,Cutoff,Evaluative Voting,100.0,100.0,0.7999999999999887
2D Euclidean,5,100,79,21,21,1000,Cutoff,k-Median Rule,95.3,95.3,0.771399999999995
2D Euclidean,5,100,79,21,21,1000,Cutoff,k-Median-Shapley,72.89999999999999,68.0,0.8437999999999916
2D Euclidean,5,100,79,21,21,1000,Bottom,Evaluative Voting,100.0,100.0,0.7999999999999887
2D Euclidean,5,100,79,21,21,1000,Bottom,k-Median Rule,92.2,81.39999999999999,0.7563999999999976
2D Euclidean,5,100,79,21,21,1000,Bottom,k-Median-Shapley,57.8,36.8,0.8723999999999928
2D Euclidean,6,100,79,21,21,1000,Cutoff,Evaluative Voting,100.0,100.0,0.8333333333333433
2D Euclidean,6,100,79,21,21,1000,Cutoff,k-Median Rule,88.9,88.9,0.8518333333333429
2D Euclidean,6,100,79,21,21,1000,Cutoff,k-Median-Shapley,57.8,57.8,0.9036666666666744
2D Euclidean,6,100,79,21,21,1000,Bottom,Evaluative Voting,100.0,100.0,0.8333333333333433
2D Euclidean,6,100,79,21,21,1000,Bottom,k-Median Rule,88.9,88.9,0.8518333333333429
2D Euclidean,6,100,79,21,21,1000,Bottom,k-Median-Shapley,57.8,57.8,0.9036666666666744
2D Euclidean,2,100,78,22,22,1000,Cutoff,Evaluative Voting,100.0,100.0,0.5
2D Euclidean,2,100,78,22,22,1000,Cutoff,k-Median Rule,82.3,82.3,0.504
2D Euclidean,2,100,78,22,22,1000,Cutoff,k-Median-Shapley,61.6,49.5,0.673
2D Euclidean,2,100,78,22,22,1000,Bottom,Evaluative Voting,99.7,99.7,0.5015
2D Euclidean,2,100,78,22,22,1000,Bottom,k-Median Rule,75.6,40.9,0.5275
2D Euclidean,2,100,78,22,22,1000,Bottom,k-Median-Shapley,47.8,3.8,0.7455
2D Euclidean,3,100,78,22,22,1000,Cutoff,Evaluative Voting,100.0,100.0,0.6666666666666636
2D Euclidean,3,100,78,22,22,1000,Cutoff,k-Median Rule,89.5,89.5,0.599
2D Euclidean,3,100,78,22,22,1000,Cutoff,k-Median-Shapley,63.1,52.6,0.76533333333333
2D Euclidean,3,100,78,22,22,1000,Bottom,Evaluative Voting,100.0,100.0,0.6666666666666636
2D Euclidean,3,100,78,22,22,1000,Bottom,k-Median Rule,86.7,63.3,0.5906666666666673
2D Euclidean,3,100,78,22,22,1000,Bottom,k-Median-Shapley,49.8,8.799999999999999,0.8143333333333297
2D Euclidean,4,100,78,22,22,1000,Cutoff,Evaluative Voting,100.0,100.0,0.75
2D Euclidean,4,100,78,22,22,1000,Cutoff,k-Median Rule,95.3,95.3,0.682
2D Euclidean,4,100,78,22,22,1000,Cutoff,k-Median-Shapley,72.39999999999999,63.800000000000004,0.7965
2D Euclidean,4,100,78,22,22,1000,Bottom,Evaluative Voting,100.0,100.0,0.75
2D Euclidean,4,100,78,22,22,1000,Bottom,k-Median Rule,92.7,76.6,0.65975
2D Euclidean,4,100,78,22,22,1000,Bottom,k-Median-Shapley,58.099999999999994,20.7,0.83575
2D Euclidean,5,100,78,22,22,1000,Cutoff,Evaluative Voting,100.0,100.0,0.7999999999999887
2D Euclidean,5,100,78,22,22,1000,Cutoff,k-Median Rule,95.8,95.8,0.7727999999999947
2D Euclidean,5,100,78,22,22,1000,Cutoff,k-Median-Shapley,74.5,69.69999999999999,0.8395999999999915
2D Euclidean,5,100,78,22,22,1000,Bottom,Evaluative Voting,100.0,100.0,0.7999999999999887
2D Euclidean,5,100,78,22,22,1000,Bottom,k-Median Rule,94.1,85.3,0.7493999999999981
2D Euclidean,5,100,78,22,22,1000,Bottom,k-Median-Shapley,59.4,37.3,0.8675999999999928
2D Euclidean,6,100,78,22,22,1000,Cutoff,Evaluative Voting,100.0,100.0,0.8333333333333433
2D Euclidean,6,100,78,22,22,1000,Cutoff,k-Median Rule,91.10000000000001,91.10000000000001,0.8481666666666763
2D Euclidean,6,100,78,22,22,1000,Cutoff,k-Median-Shapley,60.0,60.0,0.9000000000000076
2D Euclidean,6,100,78,22,22,1000,Bottom,Evaluative Voting,100.0,100.0,0.8333333333333433
2D Euclidean,6,100,78,22,22,1000,Bottom,k-Median Rule,91.10000000000001,91.10000000000001,0.8481666666666763
2D Euclidean,6,100,78,22,22,1000,Bottom,k-Median-Shapley,60.0,60.0,0.9000000000000076
2D Euclidean,2,100,77,23,23,1000,Cutoff,Evaluative Voting,100.0,100.0,0.5
2D Euclidean,2,100,77,23,23,1000,Cutoff,k-Median Rule,84.89999999999999,84.89999999999999,0.483
2D Euclidean,2,100,77,23,23,1000,Cutoff,k-Median-Shapley,64.1,50.8,0.6575
2D Euclidean,2,100,77,23,23,1000,Bottom,Evaluative Voting,100.0,100.0,0.5
2D Euclidean,2,100,77,23,23,1000,Bottom,k-Median Rule,78.9,45.7,0.5025
2D Euclidean,2,100,77,23,23,1000,Bottom,k-Median-Shapley,50.1,4.2,0.7325
2D Euclidean,3,100,77,23,23,1000,Cutoff,Evaluative Voting,100.0,100.0,0.6666666666666636
2D Euclidean,3,100,77,23,23,1000,Cutoff,k-Median Rule,91.60000000000001,91.60000000000001,0.582
2D Euclidean,3,100,77,23,23,1000,Cutoff,k-Median-Shapley,66.9,56.00000000000001,0.746999999999997
2D Euclidean,3,100,77,23,23,1000,Bottom,Evaluative Voting,100.0,100.0,0.6666666666666636
2D Euclidean,3,100,77,23,23,1000,Bottom,k-Median Rule,88.7,66.7,0.5716666666666672
2D Euclidean,3,100,77,23,23,1000,Bottom,k-Median-Shapley,53.0,10.299999999999999,0.7976666666666636
2D Euclidean,4,100,77,23,23,1000,Cutoff,Evaluative Voting,100.0,100.0,0.75
2D Euclidean,4,100,77,23,23,1000,Cutoff,k-Median Rule,96.5,96.5,0.6715
2D Euclidean,4,100,77,23,23,1000,Cutoff,k-Median-Shapley,74.5,65.60000000000001,0.79025
2D Euclidean,4,100,77,23,23,1000,Bottom,Evaluative Voting,100.0,100.0,0.75
2D Euclidean,4,100,77,23,23,1000,Bottom,k-Median Rule,93.89999999999999,80.0,0.64575
2D Euclidean,4,100,77,23,23,1000,Bottom,k-Median-Shapley,59.099999999999994,22.2,0.8305
2D Euclidean,5,100,77,23,23,1000,Cutoff,Evaluative Voting,100.0,100.0,0.7999999999999887
2D Euclidean,5,100,77,23,23,1000,Cutoff,k-Median Rule,96.6,96.6,0.7657999999999956
2D Euclidean,5,100,77,23,23,1000,Cutoff,k-Median-Shapley,75.2,70.8,0.8361999999999911
2D Euclidean,5,100,77,23,23,1000,Bottom,Evaluative Voting,100.0,100.0,0.7999999999999887
2D Euclidean,5,100,77,23,23,1000,Bottom,k-Median Rule,95.3,88.2,0.7423999999999986
2D Euclidean,5,100,77,23,23,1000,Bottom,k-Median-Shapley,60.9,40.400000000000006,0.863199999999993
2D Euclidean,6,100,77,23,23,1000,Cutoff,Evaluative Voting,100.0,100.0,0.8333333333333433
2D Euclidean,6,100,77,23,23,1000,Cutoff,k-Median Rule,93.5,93.5,0.8441666666666763
2D Euclidean,6,100,77,23,23,1000,Cutoff,k-Median-Shapley,62.2,62.2,0.8963333333333411
2D Euclidean,6,100,77,23,23,1000,Bottom,Evaluative Voting,100.0,100.0,0.8333333333333433
2D Euclidean,6,100,77,23,23,1000,Bottom,k-Median Rule,93.5,93.5,0.8441666666666763
2D Euclidean,6,100,77,23,23,1000,Bottom,k-Median-Shapley,62.2,62.2,0.8963333333333411
2D Euclidean,2,100,76,24,24,1000,Cutoff,Evaluative Voting,100.0,100.0,0.5
2D Euclidean,2,100,76,24,24,1000,Cutoff,k-Median Rule,86.8,86.8,0.4705
2D Euclidean,2,100,76,24,24,1000,Cutoff,k-Median-Shapley,67.0,53.900000000000006,0.6405
2D Euclidean,2,100,76,24,24,1000,Bottom,Evaluative Voting,100.0,100.0,0.5
2D Euclidean,2,100,76,24,24,1000,Bottom,k-Median Rule,80.4,49.0,0.4885
2D Euclidean,2,100,76,24,24,1000,Bottom,k-Median-Shapley,51.800000000000004,5.4,0.722
2D Euclidean,3,100,76,24,24,1000,Cutoff,Evaluative Voting,100.0,100.0,0.6666666666666636
2D Euclidean,3,100,76,24,24,1000,Cutoff,k-Median Rule,92.80000000000001,92.80000000000001,0.5763333333333335
2D Euclidean,3,100,76,24,24,1000,Cutoff,k-Median-Shapley,70.5,58.199999999999996,0.7336666666666642
2D Euclidean,3,100,76,24,24,1000,Bottom,Evaluative Voting,100.0,100.0,0.6666666666666636
2D Euclidean,3,100,76,24,24,1000,Bottom,k-Median Rule,90.7,71.8,0.5596666666666672
2D Euclidean,3,100,76,24,24,1000,Bottom,k-Median-Shapley,54.6,12.5,0.7896666666666635
2D Euclidean,4,100,76,24,24,1000,Cutoff,Evaluative Voting,100.0,100.0,0.75
2D Euclidean,4,100,76,24,24,1000,Cutoff,k-Median Rule,97.0,97.0,0.6715
2D Euclidean,4,100,76,24,24,1000,Cutoff,k-Median-Shapley,75.9,66.5,0.78625
2D Euclidean,4,100,76,24,24,1000,Bottom,Evaluative Voting,100.0,100.0,0.75
2D Euclidean,4,100,76,24,24,1000,Bottom,k-Median Rule,95.1,83.8,0.63925
2D Euclidean,4,100,76,24,24,1000,Bottom,k-Median-Shapley,61.1,24.099999999999998,0.825
2D Euclidean,5,100,76,24,24,1000,Cutoff,Evaluative Voting,100.0,100.0,0.7999999999999887
2D Euclidean,5,100,76,24,24,1000,Cutoff,k-Median Rule,97.2,97.2,0.7661999999999952
2D Euclidean,5,100,76,24,24,1000,Cutoff,k-Median-Shapley,75.9,70.6,0.8351999999999914
2D Euclidean,5,100,76,24,24,1000,Bottom,Evaluative Voting,100.0,100.0,0.7999999999999887
2D Euclidean,5,100,76,24,24,1000,Bottom,k-Median Rule,96.39999999999999,91.0,0.7393999999999985
2D Euclidean,5,100,76,24,24,1000,Bottom,k-Median-Shapley,63.5,42.6,0.8589999999999928
2D Euclidean,6,100,76,24,24,1000,Cutoff,Evaluative Voting,100.0,100.0,0.8333333333333433
2D Euclidean,6,100,76,24,24,1000,Cutoff,k-Median Rule,95.39999999999999,95.39999999999999,0.8410000000000096
2D Euclidean,6,100,76,24,24,1000,Cutoff,k-Median-Shapley,65.0,65.0,0.8916666666666742
2D Euclidean,6,100,76,24,24,1000,Bottom,Evaluative Voting,100.0,100.0,0.8333333333333433
2D Euclidean,6,100,76,24,24,1000,Bottom,k-Median Rule,95.39999999999999,95.39999999999999,0.8410000000000096
2D Euclidean,6,100,76,24,24,1000,Bottom,k-Median-Shapley,65.0,65.0,0.8916666666666742
2D Euclidean,2,100,75,25,25,1000,Cutoff,Evaluative Voting,100.0,100.0,0.5
2D Euclidean,2,100,75,25,25,1000,Cutoff,k-Median Rule,88.8,88.8,0.452
2D Euclidean,2,100,75,25,25,1000,Cutoff,k-Median-Shapley,68.8,55.2,0.627
2D Euclidean,2,100,75,25,25,1000,Bottom,Evaluative Voting,100.0,100.0,0.5
2D Euclidean,2,100,75,25,25,1000,Bottom,k-Median Rule,82.19999999999999,52.800000000000004,0.4715
2D Euclidean,2,100,75,25,25,1000,Bottom,k-Median-Shapley,51.2,5.4,0.7205
2D Euclidean,3,100,75,25,25,1000,Cutoff,Evaluative Voting,100.0,100.0,0.6666666666666636
2D Euclidean,3,100,75,25,25,1000,Cutoff,k-Median Rule,94.3,94.3,0.5643333333333338
2D Euclidean,3,100,75,25,25,1000,Cutoff,k-Median-Shapley,72.7,60.099999999999994,0.7233333333333305
2D Euclidean,3,100,75,25,25,1000,Bottom,Evaluative Voting,100.0,100.0,0.6666666666666636
2D Euclidean,3,100,75,25,25,1000,Bottom,k-Median Rule,91.9,74.9,0.5459999999999996
2D Euclidean,3,100,75,25,25,1000,Bottom,k-Median-Shapley,56.3,12.8,0.7846666666666633
2D Euclidean,4,100,75,25,25,1000,Cutoff,Evaluative Voting,100.0,100.0,0.75
2D Euclidean,4,100,75,25,25,1000,Cutoff,k-Median Rule,97.7,97.7,0.66375
2D Euclidean,4,100,75,25,25,1000,Cutoff,k-Median-Shapley,77.4,67.7,0.779
2D Euclidean,4,100,75,25,25,1000,Bottom,Evaluative Voting,100.0,100.0,0.75
2D Euclidean,4,100,75,25,25,1000,Bottom,k-Median Rule,96.1,85.8,0.632
2D Euclidean,4,100,75,25,25,1000,Bottom,k-Median-Shapley,62.5,25.900000000000002,0.81675
2D Euclidean,5,100,75,25,25,1000,Cutoff,Evaluative Voting,100.0,100.0,0.7999999999999887
2D Euclidean,5,100,75,25,25,1000,Cutoff,k-Median Rule,98.0,98.0,0.7611999999999957
2D Euclidean,5,100,75,25,25,1000,Cutoff,k-Median-Shapley,76.4,70.7,0.8345999999999917
2D Euclidean,5,100,75,25,25,1000,Bottom,Evaluative Voting,100.0,100.0,0.7999999999999887
2D Euclidean,5,100,75,25,25,1000,Bottom,k-Median Rule,97.1,92.5,0.734399999999999
2D Euclidean,5,100,75,25,25,1000,Bottom,k-Median-Shapley,64.9,44.800000000000004,0.8551999999999929
2D Euclidean,6,100,75,25,25,1000,Cutoff,Evaluative Voting,100.0,100.0,0.8333333333333433
2D Euclidean,6,100,75,25,25,1000,Cutoff,k-Median Rule,96.5,96.5,0.8391666666666763
2D Euclidean,6,100,75,25,25,1000,Cutoff,k-Median-Shapley,67.2,67.2,0.8880000000000078
2D Euclidean,6,100,75,25,25,1000,Bottom,Evaluative Voting,100.0,100.0,0.8333333333333433
2D Euclidean,6,100,75,25,25,1000,Bottom,k-Median Rule,96.5,96.5,0.8391666666666763
2D Euclidean,6,100,75,25,25,1000,Bottom,k-Median-Shapley,67.2,67.2,0.8880000000000078
2D Euclidean,2,100,74,26,26,1000,Cutoff,Evaluative Voting,100.0,100.0,0.5
2D Euclidean,2,100,74,26,26,1000,Cutoff,k-Median Rule,90.9,90.9,0.4365
2D Euclidean,2,100,74,26,26,1000,Cutoff,k-Median-Shapley,70.19999999999999,55.900000000000006,0.6185
2D Euclidean,2,100,74,26,26,1000,Bottom,Evaluative Voting,100.0,100.0,0.5
2D Euclidean,2,100,74,26,26,1000,Bottom,k-Median Rule,83.3,55.800000000000004,0.46
2D Euclidean,2,100,74,26,26,1000,Bottom,k-Median-Shapley,52.6,6.0,0.7105
2D Euclidean,3,100,74,26,26,1000,Cutoff,Evaluative Voting,100.0,100.0,0.6666666666666636
2D Euclidean,3,100,74,26,26,1000,Cutoff,k-Median Rule,95.1,95.1,0.5613333333333341
2D Euclidean,3,100,74,26,26,1000,Cutoff,k-Median-Shapley,74.8,62.8,0.7129999999999976
2D Euclidean,3,100,74,26,26,1000,Bottom,Evaluative Voting,100.0,100.0,0.6666666666666636
2D Euclidean,3,100,74,26,26,1000,Bottom,k-Median Rule,92.5,78.0,0.539333333333333
2D Euclidean,3,100,74,26,26,1000,Bottom,k-Median-Shapley,57.4,14.2,0.7779999999999971
2D Euclidean,4,100,74,26,26,1000,Cutoff,Evaluative Voting,100.0,100.0,0.75
2D Euclidean,4,100,74,26,26,1000,Cutoff,k-Median Rule,97.89999999999999,97.89999999999999,0.668
2D Euclidean,4,100,74,26,26,1000,Cutoff,k-Median-Shapley,80.10000000000001,70.19999999999999,0.7725
2D Euclidean,4,100,74,26,26,1000,Bottom,Evaluative Voting,100.0,100.0,0.75
2D Euclidean,4,100,74,26,26,1000,Bottom,k-Median Rule,97.1,88.9,0.62675
2D Euclidean,4,100,74,26,26,1000,Bottom,k-Median-Shapley,65.10000000000001,27.800000000000004,0.81025
2D Euclidean,5,100,74,26,26,1000,Cutoff,Evaluative Voting,100.0,100.0,0.7999999999999887
2D Euclidean,5,100,74,26,26,1000,Cutoff,k-Median Rule,98.4,98.4,0.7601999999999958
2D Euclidean,5,100,74,26,26,1000,Cutoff,k-Median-Shapley,76.7,71.1,0.8321999999999922
2D Euclidean,5,100,74,26,26,1000,Bottom,Evaluative Voting,100.0,100.0,0.7999999999999887
2D Euclidean,5,100,74,26,26,1000,Bottom,k-Median Rule,98.3,94.6,0.7345999999999991
2D Euclidean,5,100,74,26,26,1000,Bottom,k-Median-Shapley,64.7,45.800000000000004,0.853399999999993
2D Euclidean,6,100,74,26,26,1000,Cutoff,Evaluative Voting,100.0,100.0,0.8333333333333433
2D Euclidean,6,100,74,26,26,1000,Cutoff,k-Median Rule,97.6,97.6,0.837333333333343
2D Euclidean,6,100,74,26,26,1000,Cutoff,k-Median-Shapley,69.69999999999999,69.69999999999999,0.8838333333333418
2D Euclidean,6,100,74,26,26,1000,Bottom,Evaluative Voting,100.0,100.0,0.8333333333333433
2D Euclidean,6,100,74,26,26,1000,Bottom,k-Median Rule,97.6,97.6,0.837333333333343
2D Euclidean,6,100,74,26,26,1000,Bottom,k-Median-Shapley,69.69999999999999,69.69999999999999,0.8838333333333418
2D Euclidean,2,100,73,27,27,1000,Cutoff,Evaluative Voting,100.0,100.0,0.5
2D Euclidean,2,100,73,27,27,1000,Cutoff,k-Median Rule,92.4,92.4,0.4225
2D Euclidean,2,100,73,27,27,1000,Cutoff,k-Median-Shapley,73.7,58.5,0.5985
2D Euclidean,2,100,73,27,27,1000,Bottom,Evaluative Voting,100.0,100.0,0.5
2D Euclidean,2,100,73,27,27,1000,Bottom,k-Median Rule,85.1,59.199999999999996,0.4415
2D Euclidean,2,100,73,27,27,1000,Bottom,k-Median-Shapley,54.800000000000004,6.5,0.7005
2D Euclidean,3,100,73,27,27,1000,Cutoff,Evaluative Voting,100.0,100.0,0.6666666666666636
2D Euclidean,3,100,73,27,27,1000,Cutoff,k-Median Rule,96.0,96.0,0.5520000000000004
2D Euclidean,3,100,73,27,27,1000,Cutoff,k-Median-Shapley,76.5,63.1,0.7033333333333316
2D Euclidean,3,100,73,27,27,1000,Bottom,Evaluative Voting,100.0,100.0,0.6666666666666636
2D Euclidean,3,100,73,27,27,1000,Bottom,k-Median Rule,94.3,80.7,0.5266666666666666
2D Euclidean,3,100,73,27,27,1000,Bottom,k-Median-Shapley,60.099999999999994,16.1,0.7613333333333315
2D Euclidean,4,100,73,27,27,1000,Cutoff,Evaluative Voting,100.0,100.0,0.75
2D Euclidean,4,100,73,27,27,1000,Cutoff,k-Median Rule,98.6,98.6,0.66125
2D Euclidean,4,100,73,27,27,1000,Cutoff,k-Median-Shapley,79.7,68.8,0.7695
2D Euclidean,4,100,73,27,27,1000,Bottom,Evaluative Voting,100.0,100.0,0.75
2D Euclidean,4,100,73,27,27,1000,Bottom,k-Median Rule,97.89999999999999,91.60000000000001,0.621
2D Euclidean,4,100,73,27,27,1000,Bottom,k-Median-Shapley,67.7,29.299999999999997,0.8015
2D Euclidean,5,100,73,27,27,1000,Cutoff,Evaluative Voting,100.0,100.0,0.7999999999999887
2D Euclidean,5,100,73,27,27,1000,Cutoff,k-Median Rule,99.0,99.0,0.7563999999999961
2D Euclidean,5,100,73,27,27,1000,Cutoff,k-Median-Shapley,79.60000000000001,73.9,0.8245999999999921
2D Euclidean,5,100,73,27,27,1000,Bottom,Evaluative Voting,100.0,100.0,0.7999999999999887
2D Euclidean,5,100,73,27,27,1000,Bottom,k-Median Rule,98.7,96.1,0.7317999999999991
2D Euclidean,5,100,73,27,27,1000,Bottom,k-Median-Shapley,67.2,48.9,0.8445999999999929
2D Euclidean,6,100,73,27,27,1000,Cutoff,Evaluative Voting,100.0,100.0,0.8333333333333433
2D Euclidean,6,100,73,27,27,1000,Cutoff,k-Median Rule,98.3,98.3,0.8361666666666763
2D Euclidean,6,100,73,27,27,1000,Cutoff,k-Median-Shapley,71.0,71.0,0.8816666666666753
2D Euclidean,6,100,73,27,27,1000,Bottom,Evaluative Voting,100.0,100.0,0.8333333333333433
2D Euclidean,6,100,73,27,27,1000,Bottom,k-Median Rule,98.3,98.3,0.8361666666666763
2D Euclidean,6,100,73,27,27,1000,Bottom,k-Median-Shapley,71.0,71.0,0.8816666666666753
2D Euclidean,2,100,72,28,28,1000,Cutoff,Evaluative Voting,100.0,100.0,0.5
2D Euclidean,2,100,72,28,28,1000,Cutoff,k-Median Rule,93.60000000000001,93.60000000000001,0.413
2D Euclidean,2,100,72,28,28,1000,Cutoff,k-Median-Shapley,73.8,58.199999999999996,0.5945
2D Euclidean,2,100,72,28,28,1000,Bottom,Evaluative Voting,100.0,100.0,0.5
2D Euclidean,2,100,72,28,28,1000,Bottom,k-Median Rule,85.8,61.7,0.432
2D Euclidean,2,100,72,28,28,1000,Bottom,k-Median-Shapley,55.400000000000006,8.3,0.6985
2D Euclidean,3,100,72,28,28,1000,Cutoff,Evaluative Voting,100.0,100.0,0.6666666666666636
2D Euclidean,3,100,72,28,28,1000,Cutoff,k-Median Rule,96.6,96.6,0.5563333333333338
2D Euclidean,3,100,72,28,28,1000,Cutoff,k-Median-Shapley,79.0,66.3,0.694999999999998
2D Euclidean,3,100,72,28,28,1000,Bottom,Evaluative Voting,100.0,100.0,0.6666666666666636
2D Euclidean,3,100,72,28,28,1000,Bottom,k-Median Rule,94.39999999999999,84.1,0.5236666666666665
2D Euclidean,3,100,72,28,28,1000,Bottom,k-Median-Shapley,62.7,17.2,0.7549999999999982
2D Euclidean,4,100,72,28,28,1000,Cutoff,Evaluative Voting,100.0,100.0,0.75
2D Euclidean,4,100,72,28,28,1000,Cutoff,k-Median Rule,98.8,98.8,0.664
2D Euclidean,4,100,72,28,28,1000,Cutoff,k-Median-Shapley,82.3,72.5,0.76375
2D Euclidean,4,100,72,28,28,1000,Bottom,Evaluative Voting,100.0,100.0,0.75
2D Euclidean,4,100,72,28,28,1000,Bottom,k-Median Rule,98.1,93.8,0.62475
2D Euclidean,4,100,72,28,28,1000,Bottom,k-Median-Shapley,68.89999999999999,31.7,0.798
2D Euclidean,5,100,72,28,28,1000,Cutoff,Evaluative Voting,100.0,100.0,0.7999999999999887
2D Euclidean,5,100,72,28,28,1000,Cutoff,k-Median Rule,99.2,99.2,0.7567999999999958
2D Euclidean,5,100,72,28,28,1000,Cutoff,k-Median-Shapley,79.60000000000001,73.4,0.8243999999999926
2D Euclidean,5,100,72,28,28,1000,Bottom,Evaluative Voting,100.0,100.0,0.7999999999999887
2D Euclidean,5,100,72,28,28,1000,Bottom,k-Median Rule,98.9,97.3,0.7307999999999992
2D Euclidean,5,100,72,28,28,1000,Bottom,k-Median-Shapley,68.10000000000001,50.1,0.8433999999999933
2D Euclidean,6,100,72,28,28,1000,Cutoff,Evaluative Voting,100.0,100.0,0.8333333333333433
2D Euclidean,6,100,72,28,28,1000,Cutoff,k-Median Rule,99.0,99.0,0.8350000000000097
2D Euclidean,6,100,72,28,28,1000,Cutoff,k-Median-Shapley,73.6,73.6,0.8773333333333416
2D Euclidean,6,100,72,28,28,1000,Bottom,Evaluative Voting,100.0,100.0,0.8333333333333433
2D Euclidean,6,100,72,28,28,1000,Bottom,k-Median Rule,99.0,99.0,0.8350000000000097
2D Euclidean,6,100,72,28,28,1000,Bottom,k-Median-Shapley,73.6,73.6,0.8773333333333416
2D Euclidean,2,100,71,29,29,1000,Cutoff,Evaluative Voting,100.0,100.0,0.5
2D Euclidean,2,100,71,29,29,1000,Cutoff,k-Median Rule,95.0,95.0,0.401
2D Euclidean,2,100,71,29,29,1000,Cutoff,k-Median-Shapley,76.9,62.4,0.5735
2D Euclidean,2,100,71,29,29,1000,Bottom,Evaluative Voting,100.0,100.0,0.5
2D Euclidean,2,100,71,29,29,1000,Bottom,k-Median Rule,88.1,66.2,0.4145
2D Euclidean,2,100,71,29,29,1000,Bottom,k-Median-Shapley,57.599999999999994,9.1,0.6835
2D Euclidean,3,100,71,29,29,1000,Cutoff,Evaluative Voting,100.0,100.0,0.6666666666666636
2D Euclidean,3,100,71,29,29,1000,Cutoff,k-Median Rule,97.3,97.3,0.5493333333333338
2D Euclidean,3,100,71,29,29,1000,Cutoff,k-Median-Shapley,80.7,67.4,0.6833333333333325
2D Euclidean,3,100,71,29,29,1000,Bottom,Evaluative Voting,100.0,100.0,0.6666666666666636
2D Euclidean,3,100,71,29,29,1000,Bottom,k-Median Rule,95.6,86.6,0.516
2D Euclidean,3,100,71,29,29,1000,Bottom,k-Median-Shapley,64.9,19.400000000000002,0.7436666666666644
2D Euclidean,4,100,71,29,29,1000,Cutoff,Evaluative Voting,100.0,100.0,0.75
2D Euclidean,4,100,71,29,29,1000,Cutoff,k-Median Rule,99.2,99.2,0.661
2D Euclidean,4,100,71,29,29,1000,Cutoff,k-Median-Shapley,83.7,74.3,0.7505
2D Euclidean,4,100,71,29,29,1000,Bottom,Evaluative Voting,100.0,100.0,0.75
2D Euclidean,4,100,71,29,29,1000,Bottom,k-Median Rule,98.8,95.19999999999999,0.6255
2D Euclidean,4,100,71,29,29,1000,Bottom,k-Median-Shapley,68.8,33.800000000000004,0.79175
2D Euclidean,5,100,71,29,29,1000,Cutoff,Evaluative Voting,100.0,100.0,0.7999999999999887
2D Euclidean,5,100,71,29,29,1000,Cutoff,k-Median Rule,99.3,99.3,0.7535999999999966
2D Euclidean,5,100,71,29,29,1000,Cutoff,k-Median-Shapley,81.3,75.6,0.8197999999999919
2D Euclidean,5,100,71,29,29,1000,Bottom,Evaluative Voting,100.0,100.0,0.7999999999999887
2D Euclidean,5,100,71,29,29,1000,Bottom,k-Median Rule,99.1,98.1,0.7325999999999996
2D Euclidean,5,100,71,29,29,1000,Bottom,k-Median-Shapley,70.39999999999999,51.5,0.8365999999999937
2D Euclidean,6,100,71,29,29,1000,Cutoff,Evaluative Voting,100.0,100.0,0.8333333333333433
2D Euclidean,6,100,71,29,29,1000,Cutoff,k-Median Rule,99.4,99.4,0.8343333333333433
2D Euclidean,6,100,71,29,29,1000,Cutoff,k-Median-Shapley,74.6,74.6,0.8756666666666748
2D Euclidean,6,100,71,29,29,1000,Bottom,Evaluative Voting,100.0,100.0,0.8333333333333433
2D Euclidean,6,100,71,29,29,1000,Bottom,k-Median Rule,99.4,99.4,0.8343333333333433
2D Euclidean,6,100,71,29,29,1000,Bottom,k-Median-Shapley,74.6,74.6,0.8756666666666748
2D Euclidean,2,100,70,30,30,1000,Cutoff,Evaluative Voting,100.0,100.0,0.5
2D Euclidean,2,100,70,30,30,1000,Cutoff,k-Median Rule,95.89999999999999,95.89999999999999,0.3985
2D Euclidean,2,100,70,30,30,1000,Cutoff,k-Median-Shapley,79.10000000000001,65.5,0.558
2D Euclidean,2,100,70,30,30,1000,Bottom,Evaluative Voting,100.0,100.0,0.5
2D Euclidean,2,100,70,30,30,1000,Bottom,k-Median Rule,89.5,68.2,0.4085
2D Euclidean,2,100,70,30,30,1000,Bottom,k-Median-Shapley,57.49999999999999,9.8,0.6765
2D Euclidean,3,100,70,30,30,1000,Cutoff,Evaluative Voting,100.0,100.0,0.6666666666666636
2D Euclidean,3,100,70,30,30,1000,Cutoff,k-Median Rule,98.3,98.3,0.5526666666666672
2D Euclidean,3,100,70,30,30,1000,Cutoff,k-Median-Shapley,81.3,69.3,0.6786666666666656
2D Euclidean,3,100,70,30,30,1000,Bottom,Evaluative Voting,100.0,100.0,0.6666666666666636
2D Euclidean,3,100,70,30,30,1000,Bottom,k-Median Rule,96.2,88.5,0.5170000000000002
2D Euclidean,3,100,70,30,30,1000,Bottom,k-Median-Shapley,63.800000000000004,20.200000000000003,0.7453333333333318
2D Euclidean,4,100,70,30,30,1000,Cutoff,Evaluative Voting,100.0,100.0,0.75
2D Euclidean,4,100,70,30,30,1000,Cutoff,k-Median Rule,99.5,99.5,0.665
2D Euclidean,4,100,70,30,30,1000,Cutoff,k-Median-Shapley,84.39999999999999,75.9,0.74625
2D Euclidean,4,100,70,30,30,1000,Bottom,Evaluative Voting,100.0,100.0,0.75
2D Euclidean,4,100,70,30,30,1000,Bottom,k-Median Rule,99.0,95.8,0.624
2D Euclidean,4,100,70,30,30,1000,Bottom,k-Median-Shapley,70.1,33.300000000000004,0.7895
2D Euclidean,5,100,70,30,30,1000,Cutoff,Evaluative Voting,100.0,100.0,0.7999999999999887
2D Euclidean,5,100,70,30,30,1000,Cutoff,k-Median Rule,99.5,99.5,0.756399999999996
2D Euclidean,5,100,70,30,30,1000,Cutoff,k-Median-Shapley,81.69999999999999,76.1,0.8189999999999921
2D Euclidean,5,100,70,30,30,1000,Bottom,Evaluative Voting,100.0,100.0,0.7999999999999887
2D Euclidean,5,100,70,30,30,1000,Bottom,k-Median Rule,99.0,98.1,0.7343999999999994
2D Euclidean,5,100,70,30,30,1000,Bottom,k-Median-Shapley,70.5,51.300000000000004,0.8373999999999939
2D Euclidean,6,100,70,30,30,1000,Cutoff,Evaluative Voting,100.0,100.0,0.8333333333333433
2D Euclidean,6,100,70,30,30,1000,Cutoff,k-Median Rule,99.5,99.5,0.8341666666666765
2D Euclidean,6,100,70,30,30,1000,Cutoff,k-Median-Shapley,74.7,74.7,0.8755000000000082
2D Euclidean,6,100,70,30,30,1000,Bottom,Evaluative Voting,100.0,100.0,0.8333333333333433
2D Euclidean,6,100,70,30,30,1000,Bottom,k-Median Rule,99.5,99.5,0.8341666666666765
2D Euclidean,6,100,70,30,30,1000,Bottom,k-Median-Shapley,74.7,74.7,0.8755000000000082
2D Euclidean,2,100,69,31,31,1000,Cutoff,Evaluative Voting,100.0,100.0,0.5
2D Euclidean,2,100,69,31,31,1000,Cutoff,k-Median Rule,97.1,97.1,0.387
2D Euclidean,2,100,69,31,31,1000,Cutoff,k-Median-Shapley,81.0,67.10000000000001,0.542
2D Euclidean,2,100,69,31,31,1000,Bottom,Evaluative Voting,100.0,100.0,0.5
2D Euclidean,2,100,69,31,31,1000,Bottom,k-Median Rule,91.5,71.8,0.3925
2D Euclidean,2,100,69,31,31,1000,Bottom,k-Median-Shapley,59.699999999999996,11.899999999999999,0.6615
2D Euclidean,3,100,69,31,31,1000,Cutoff,Evaluative Voting,100.0,100.0,0.6666666666666636
2D Euclidean,3,100,69,31,31,1000,Cutoff,k-Median Rule,99.1,99.1,0.5456666666666672
2D Euclidean,3,100,69,31,31,1000,Cutoff,k-Median-Shapley,85.0,73.2,0.6603333333333322
2D Euclidean,3,100,69,31,31,1000,Bottom,Evaluative Voting,100.0,100.0,0.6666666666666636
2D Euclidean,3,100,69,31,31,1000,Bottom,k-Median Rule,97.3,90.4,0.5130000000000005
2D Euclidean,3,100,69,31,31,1000,Bottom,k-Median-Shapley,67.5,22.8,0.7286666666666647
2D Euclidean,4,100,69,31,31,1000,Cutoff,Evaluative Voting,100.0,100.0,0.75
2D Euclidean,4,100,69,31,31,1000,Cutoff,k-Median Rule,99.4,99.4,0.66725
2D Euclidean,4,100,69,31,31,1000,Cutoff,k-Median-Shapley,85.7,77.2,0.742
2D Euclidean,4,100,69,31,31,1000,Bottom,Evaluative Voting,100.0,100.0,0.75
2D Euclidean,4,100,69,31,31,1000,Bottom,k-Median Rule,99.3,96.6,0.626
2D Euclidean,4,100,69,31,31,1000,Bottom,k-Median-Shapley,70.3,35.9,0.7835
2D Euclidean,5,100,69,31,31,1000,Cutoff,Evaluative Voting,100.0,100.0,0.7999999999999887
2D Euclidean,5,100,69,31,31,1000,Cutoff,k-Median Rule,99.7,99.7,0.757399999999996
2D Euclidean,5,100,69,31,31,1000,Cutoff,k-Median-Shapley,81.89999999999999,76.7,0.8163999999999924
2D Euclidean,5,100,69,31,31,1000,Bottom,Evaluative Voting,100.0,100.0,0.7999999999999887
2D Euclidean,5,100,69,31,31,1000,Bottom,k-Median Rule,99.1,98.7,0.7363999999999988
2D Euclidean,5,100,69,31,31,1000,Bottom,k-Median-Shapley,71.39999999999999,54.2,0.8341999999999936
2D Euclidean,6,100,69,31,31,1000,Cutoff,Evaluative Voting,100.0,100.0,0.8333333333333433
2D Euclidean,6,100,69,31,31,1000,Cutoff,k-Median Rule,99.6,99.6,0.8340000000000098
2D Euclidean,6,100,69,31,31,1000,Cutoff,k-Median-Shapley,77.9,77.9,0.8701666666666753
2D Euclidean,6,100,69,31,31,1000,Bottom,Evaluative Voting,100.0,100.0,0.8333333333333433
2D Euclidean,6,100,69,31,31,1000,Bottom,k-Median Rule,99.6,99.6,0.8340000000000098
2D Euclidean,6,100,69,31,31,1000,Bottom,k-Median-Shapley,77.9,77.9,0.8701666666666753
2D Euclidean,2,100,68,32,32,1000,Cutoff,Evaluative Voting,100.0,100.0,0.5
2D Euclidean,2,100,68,32,32,1000,Cutoff,k-Median Rule,97.8,97.8,0.3885
2D Euclidean,2,100,68,32,32,1000,Cutoff,k-Median-Shapley,82.3,69.1,0.528
2D Euclidean,2,100,68,32,32,1000,Bottom,Evaluative Voting,100.0,100.0,0.5
2D Euclidean,2,100,68,32,32,1000,Bottom,k-Median Rule,92.2,74.5,0.3885
2D Euclidean,2,100,68,32,32,1000,Bottom,k-Median-Shapley,60.3,11.899999999999999,0.6545
2D Euclidean,3,100,68,32,32,1000,Cutoff,Evaluative Voting,100.0,100.0,0.6666666666666636
2D Euclidean,3,100,68,32,32,1000,Cutoff,k-Median Rule,99.6,99.6,0.5516666666666679
2D Euclidean,3,100,68,32,32,1000,Cutoff,k-Median-Shapley,85.1,72.7,0.6589999999999993
2D Euclidean,3,100,68,32,32,1000,Bottom,Evaluative Voting,100.0,100.0,0.6666666666666636
2D Euclidean,3,100,68,32,32,1000,Bottom,k-Median Rule,97.8,91.60000000000001,0.5123333333333342
2D Euclidean,3,100,68,32,32,1000,Bottom,k-Median-Shapley,67.9,22.900000000000002,0.724666666666665
2D Euclidean,4,100,68,32,32,1000,Cutoff,Evaluative Voting,100.0,100.0,0.75
2D Euclidean,4,100,68,32,32,1000,Cutoff,k-Median Rule,99.5,99.5,0.6715
2D Euclidean,4,100,68,32,32,1000,Cutoff,k-Median-Shapley,86.7,77.9,0.74075
2D Euclidean,4,100,68,32,32,1000,Bottom,Evaluative Voting,100.0,100.0,0.75
2D Euclidean,4,100,68,32,32,1000,Bottom,k-Median Rule,99.5,97.3,0.63
2D Euclidean,4,100,68,32,32,1000,Bottom,k-Median-Shapley,71.89999999999999,37.1,0.7805
2D Euclidean,5,100,68,32,32,1000,Cutoff,Evaluative Voting,100.0,100.0,0.7999999999999887
2D Euclidean,5,100,68,32,32,1000,Cutoff,k-Median Rule,99.9,99.9,0.7595999999999955
2D Euclidean,5,100,68,32,32,1000,Cutoff,k-Median-Shapley,83.7,78.60000000000001,0.8119999999999922
2D Euclidean,5,100,68,32,32,1000,Bottom,Evaluative Voting,100.0,100.0,0.7999999999999887
2D Euclidean,5,100,68,32,32,1000,Bottom,k-Median Rule,99.5,99.4,0.7367999999999983
2D Euclidean,5,100,68,32,32,1000,Bottom,k-Median-Shapley,72.3,55.60000000000001,0.8331999999999938
2D Euclidean,6,100,68,32,32,1000,Cutoff,Evaluative Voting,100.0,100.0,0.8333333333333433
2D Euclidean,6,100,68,32,32,1000,Cutoff,k-Median Rule,99.8,99.8,0.8336666666666765
2D Euclidean,6,100,68,32,32,1000,Cutoff,k-Median-Shapley,79.9,79.9,0.8668333333333419
2D Euclidean,6,100,68,32,32,1000,Bottom,Evaluative Voting,100.0,100.0,0.8333333333333433
2D Euclidean,6,100,68,32,32,1000,Bottom,k-Median Rule,99.8,99.8,0.8336666666666765
2D Euclidean,6,100,68,32,32,1000,Bottom,k-Median-Shapley,79.9,79.9,0.8668333333333419
2D Euclidean,2,100,67,33,33,1000,Cutoff,Evaluative Voting,100.0,100.0,0.5
2D Euclidean,2,100,67,33,33,1000,Cutoff,k-Median Rule,98.5,98.5,0.38
2D Euclidean,2,100,67,33,33,1000,Cutoff,k-Median-Shapley,84.5,69.39999999999999,0.5115
2D Euclidean,2,100,67,33,33,1000,Bottom,Evaluative Voting,100.0,100.0,0.5
2D Euclidean,2,100,67,33,33,1000,Bottom,k-Median Rule,94.5,77.8,0.3735
2D Euclidean,2,100,67,33,33,1000,Bottom,k-Median-Shapley,63.6,15.299999999999999,0.6255
2D Euclidean,3,100,67,33,33,1000,Cutoff,Evaluative Voting,100.0,100.0,0.6666666666666636
2D Euclidean,3,100,67,33,33,1000,Cutoff,k-Median Rule,99.8,99.8,0.5473333333333342
2D Euclidean,3,100,67,33,33,1000,Cutoff,k-Median-Shapley,87.2,76.1,0.6423333333333331
2D Euclidean,3,100,67,33,33,1000,Bottom,Evaluative Voting,100.0,100.0,0.6666666666666636
2D Euclidean,3,100,67,33,33,1000,Bottom,k-Median Rule,98.9,94.1,0.5070000000000007
2D Euclidean,3,100,67,33,33,1000,Bottom,k-Median-Shapley,71.5,26.200000000000003,0.6999999999999988
2D Euclidean,4,100,67,33,33,1000,Cutoff,Evaluative Voting,100.0,100.0,0.75
2D Euclidean,4,100,67,33,33,1000,Cutoff,k-Median Rule,99.8,99.8,0.67
2D Euclidean,4,100,67,33,33,1000,Cutoff,k-Median-Shapley,88.1,79.7,0.73075
2D Euclidean,4,100,67,33,33,1000,Bottom,Evaluative Voting,100.0,100.0,0.75
2D Euclidean,4,100,67,33,33,1000,Bottom,k-Median Rule,99.9,98.6,0.632
2D Euclidean,4,100,67,33,33,1000,Bottom,k-Median-Shapley,73.8,41.3,0.76775
2D Euclidean,5,100,67,33,33,1000,Cutoff,Evaluative Voting,100.0,100.0,0.7999999999999887
2D Euclidean,5,100,67,33,33,1000,Cutoff,k-Median Rule,100.0,100.0,0.7631999999999949
2D Euclidean,5,100,67,33,33,1000,Cutoff,k-Median-Shapley,84.39999999999999,79.60000000000001,0.8067999999999929
2D Euclidean,5,100,67,33,33,1000,Bottom,Evaluative Voting,100.0,100.0,0.7999999999999887
2D Euclidean,5,100,67,33,33,1000,Bottom,k-Median Rule,99.9,99.8,0.7421999999999974
2D Euclidean,5,100,67,33,33,1000,Bottom,k-Median-Shapley,74.3,56.8,0.8263999999999938
2D Euclidean,6,100,67,33,33,1000,Cutoff,Evaluative Voting,100.0,100.0,0.8333333333333433
2D Euclidean,6,100,67,33,33,1000,Cutoff,k-Median Rule,99.9,99.9,0.8335000000000099
2D Euclidean,6,100,67,33,33,1000,Cutoff,k-Median-Shapley,79.9,79.9,0.8668333333333419
2D Euclidean,6,100,67,33,33,1000,Bottom,Evaluative Voting,100.0,100.0,0.8333333333333433
2D Euclidean,6,100,67,33,33,1000,Bottom,k-Median Rule,99.9,99.9,0.8335000000000099
2D Euclidean,6,100,67,33,33,1000,Bottom,k-Median-Shapley,79.9,79.9,0.8668333333333419
2D Euclidean,2,100,66,34,34,1000,Cutoff,Evaluative Voting,100.0,100.0,0.5
2D Euclidean,2,100,66,34,34,1000,Cutoff,k-Median Rule,99.0,99.0,0.377
2D Euclidean,2,100,66,34,34,1000,Cutoff,k-Median-Shapley,85.2,71.3,0.502
2D Euclidean,2,100,66,34,34,1000,Bottom,Evaluative Voting,100.0,100.0,0.5
2D Euclidean,2,100,66,34,34,1000,Bottom,k-Median Rule,94.8,80.9,0.368
2D Euclidean,2,100,66,34,34,1000,Bottom,k-Median-Shapley,64.60000000000001,15.4,0.6235
2D Euclidean,3,100,66,34,34,1000,Cutoff,Evaluative Voting,100.0,100.0,0.6666666666666636
2D Euclidean,3,100,66,34,34,1000,Cutoff,k-Median Rule,99.8,99.8,0.5536666666666675
2D Euclidean,3,100,66,34,34,1000,Cutoff,k-Median-Shapley,87.2,76.9,0.6373333333333333
2D Euclidean,3,100,66,34,34,1000,Bottom,Evaluative Voting,100.0,100.0,0.6666666666666636
2D Euclidean,3,100,66,34,34,1000,Bottom,k-Median Rule,99.2,95.6,0.5090000000000012
2D Euclidean,3,100,66,34,34,1000,Bottom,k-Median-Shapley,73.3,27.400000000000002,0.6949999999999991
2D Euclidean,4,100,66,34,34,1000,Cutoff,Evaluative Voting,100.0,100.0,0.75
2D Euclidean,4,100,66,34,34,1000,Cutoff,k-Median Rule,100.0,100.0,0.67525
2D Euclidean,4,100,66,34,34,1000,Cutoff,k-Median-Shapley,88.6,80.9,0.7325
2D Euclidean,4,100,66,34,34,1000,Bottom,Evaluative Voting,100.0,100.0,0.75
2D Euclidean,4,100,66,34,34,1000,Bottom,k-Median Rule,100.0,99.1,0.637
2D Euclidean,4,100,66,34,34,1000,Bottom,k-Median-Shapley,76.7,41.4,0.7635
2D Euclidean,5,100,66,34,34,1000,Cutoff,Evaluative Voting,100.0,100.0,0.7999999999999887
2D Euclidean,5,100,66,34,34,1000,Cutoff,k-Median Rule,100.0,100.0,0.7661999999999944
2D Euclidean,5,100,66,34,34,1000,Cutoff,k-Median-Shapley,85.7,81.6,0.8063999999999923
2D Euclidean,5,100,66,34,34,1000,Bottom,Evaluative Voting,100.0,100.0,0.7999999999999887
2D Euclidean,5,100,66,34,34,1000,Bottom,k-Median Rule,100.0,99.9,0.7409999999999975
2D Euclidean,5,100,66,34,34,1000,Bottom,k-Median-Shapley,76.3,58.599999999999994,0.8209999999999936
2D Euclidean,6,100,66,34,34,1000,Cutoff,Evaluative Voting,100.0,100.0,0.8333333333333433
2D Euclidean,6,100,66,34,34,1000,Cutoff,k-Median Rule,99.9,99.9,0.8335000000000099
2D Euclidean,6,100,66,34,34,1000,Cutoff,k-Median-Shapley,81.6,81.6,0.8640000000000088
2D Euclidean,6,100,66,34,34,1000,Bottom,Evaluative Voting,100.0,100.0,0.8333333333333433
2D Euclidean,6,100,66,34,34,1000,Bottom,k-Median Rule,99.9,99.9,0.8335000000000099
2D Euclidean,6,100,66,34,34,1000,Bottom,k-Median-Shapley,81.6,81.6,0.8640000000000088
2D Euclidean,2,100,65,35,35,1000,Cutoff,Evaluative Voting,100.0,100.0,0.5
2D Euclidean,2,100,65,35,35,1000,Cutoff,k-Median Rule,99.4,99.4,0.3735
2D Euclidean,2,100,65,35,35,1000,Cutoff,k-Median-Shapley,86.6,72.5,0.493
2D Euclidean,2,100,65,35,35,1000,Bottom,Evaluative Voting,100.0,100.0,0.5
2D Euclidean,2,100,65,35,35,1000,Bottom,k-Median Rule,95.89999999999999,83.7,0.364
2D Euclidean,2,100,65,35,35,1000,Bottom,k-Median-Shapley,68.2,17.5,0.5955
2D Euclidean,3,100,65,35,35,1000,Cutoff,Evaluative Voting,100.0,100.0,0.6666666666666636
2D Euclidean,3,100,65,35,35,1000,Cutoff,k-Median Rule,99.9,99.9,0.562000000000001
2D Euclidean,3,100,65,35,35,1000,Cutoff,k-Median-Shapley,89.5,79.60000000000001,0.6233333333333332
2D Euclidean,3,100,65,35,35,1000,Bottom,Evaluative Voting,100.0,100.0,0.6666666666666636
2D Euclidean,3,100,65,35,35,1000,Bottom,k-Median Rule,99.5,96.5,0.5220000000000009
2D Euclidean,3,100,65,35,35,1000,Bottom,k-Median-Shapley,75.5,29.9,0.6836666666666653
2D Euclidean,4,100,65,35,35,1000,Cutoff,Evaluative Voting,100.0,100.0,0.75
2D Euclidean,4,100,65,35,35,1000,Cutoff,k-Median Rule,100.0,100.0,0.6815
2D Euclidean,4,100,65,35,35,1000,Cutoff,k-Median-Shapley,89.60000000000001,81.39999999999999,0.7215
2D Euclidean,4,100,65,35,35,1000,Bottom,Evaluative Voting,100.0,100.0,0.75
2D Euclidean,4,100,65,35,35,1000,Bottom,k-Median Rule,100.0,99.6,0.64975
2D Euclidean,4,100,65,35,35,1000,Bottom,k-Median-Shapley,78.2,44.0,0.7515
2D Euclidean,5,100,65,35,35,1000,Cutoff,Evaluative Voting,100.0,100.0,0.7999999999999887
2D Euclidean,5,100,65,35,35,1000,Cutoff,k-Median Rule,100.0,100.0,0.7681999999999943
2D Euclidean,5,100,65,35,35,1000,Cutoff,k-Median-Shapley,87.0,81.89999999999999,0.8003999999999925
2D Euclidean,5,100,65,35,35,1000,Bottom,Evaluative Voting,100.0,100.0,0.7999999999999887
2D Euclidean,5,100,65,35,35,1000,Bottom,k-Median Rule,100.0,100.0,0.747599999999997
2D Euclidean,5,100,65,35,35,1000,Bottom,k-Median-Shapley,77.4,61.9,0.8153999999999935
2D Euclidean,6,100,65,35,35,1000,Cutoff,Evaluative Voting,100.0,100.0,0.8333333333333433
2D Euclidean,6,100,65,35,35,1000,Cutoff,k-Median Rule,100.0,100.0,0.8333333333333433
2D Euclidean,6,100,65,35,35,1000,Cutoff,k-Median-Shapley,82.89999999999999,82.89999999999999,0.8618333333333422
2D Euclidean,6,100,65,35,35,1000,Bottom,Evaluative Voting,100.0,100.0,0.8333333333333433
2D Euclidean,6,100,65,35,35,1000,Bottom,k-Median Rule,100.0,100.0,0.8333333333333433
2D Euclidean,6,100,65,35,35,1000,Bottom,k-Median-Shapley,82.89999999999999,82.89999999999999,0.8618333333333422
2D Euclidean,2,100,64,36,36,1000,Cutoff,Evaluative Voting,100.0,100.0,0.5
2D Euclidean,2,100,64,36,36,1000,Cutoff,k-Median Rule,99.7,99.7,0.374
2D Euclidean,2,100,64,36,36,1000,Cutoff,k-Median-Shapley,86.7,74.8,0.4835
2D Euclidean,2,100,64,36,36,1000,Bottom,Evaluative Voting,100.0,100.0,0.5
2D Euclidean,2,100,64,36,36,1000,Bottom,k-Median Rule,96.3,86.0,0.357
2D Euclidean,2,100,64,36,36,1000,Bottom,k-Median-Shapley,67.7,18.7,0.603
2D Euclidean,3,100,64,36,36,1000,Cutoff,Evaluative Voting,100.0,100.0,0.6666666666666636
2D Euclidean,3,100,64,36,36,1000,Cutoff,k-Median Rule,100.0,100.0,0.5643333333333341
2D Euclidean,3,100,64,36,36,1000,Cutoff,k-Median-Shapley,90.0,80.80000000000001,0.617666666666666
2D Euclidean,3,100,64,36,36,1000,Bottom,Evaluative Voting,100.0,100.0,0.6666666666666636
2D Euclidean,3,100,64,36,36,1000,Bottom,k-Median Rule,99.5,97.2,0.5243333333333345
2D Euclidean,3,100,64,36,36,1000,Bottom,k-Median-Shapley,75.5,31.1,0.6793333333333325
2D Euclidean,4,100,64,36,36,1000,Cutoff,Evaluative Voting,100.0,100.0,0.75
2D Euclidean,4,100,64,36,36,1000,Cutoff,k-Median Rule,100.0,100.0,0.6835
2D Euclidean,4,100,64,36,36,1000,Cutoff,k-Median-Shapley,91.5,85.2,0.71675
2D Euclidean,4,100,64,36,36,1000,Bottom,Evaluative Voting,100.0,100.0,0.75
2D Euclidean,4,100,64,36,36,1000,Bottom,k-Median Rule,99.9,99.7,0.65225
2D Euclidean,4,100,64,36,36,1000,Bottom,k-Median-Shapley,77.9,45.9,0.7525
2D Euclidean,5,100,64,36,36,1000,Cutoff,Evaluative Voting,100.0,100.0,0.7999999999999887
2D Euclidean,5,100,64,36,36,1000,Cutoff,k-Median Rule,100.0,100.0,0.7705999999999937
2D Euclidean,5,100,64,36,36,1000,Cutoff,k-Median-Shapley,88.8,84.1,0.7961999999999934
2D Euclidean,5,100,64,36,36,1000,Bottom,Evaluative Voting,100.0,100.0,0.7999999999999887
2D Euclidean,5,100,64,36,36,1000,Bottom,k-Median Rule,100.0,100.0,0.7485999999999965
2D Euclidean,5,100,64,36,36,1000,Bottom,k-Median-Shapley,77.60000000000001,63.3,0.8153999999999948
2D Euclidean,6,100,64,36,36,1000,Cutoff,Evaluative Voting,100.0,100.0,0.8333333333333433
2D Euclidean,6,100,64,36,36,1000,Cutoff,k-Median Rule,100.0,100.0,0.8333333333333433
2D Euclidean,6,100,64,36,36,1000,Cutoff,k-Median-Shapley,85.2,85.2,0.8580000000000094
2D Euclidean,6,100,64,36,36,1000,Bottom,Evaluative Voting,100.0,100.0,0.8333333333333433
2D Euclidean,6,100,64,36,36,1000,Bottom,k-Median Rule,100.0,100.0,0.8333333333333433
2D Euclidean,6,100,64,36,36,1000,Bottom,k-Median-Shapley,85.2,85.2,0.8580000000000094
2D Euclidean,2,100,63,37,37,1000,Cutoff,Evaluative Voting,100.0,100.0,0.5
2D Euclidean,2,100,63,37,37,1000,Cutoff,k-Median Rule,99.9,99.9,0.3715
2D Euclidean,2,100,63,37,37,1000,Cutoff,k-Median-Shapley,88.6,74.8,0.475
2D Euclidean,2,100,63,37,37,1000,Bottom,Evaluative Voting,100.0,100.0,0.5
2D Euclidean,2,100,63,37,37,1000,Bottom,k-Median Rule,96.8,88.9,0.357
2D Euclidean,2,100,63,37,37,1000,Bottom,k-Median-Shapley,72.3,20.4,0.5725
2D Euclidean,3,100,63,37,37,1000,Cutoff,Evaluative Voting,100.0,100.0,0.6666666666666636
2D Euclidean,3,100,63,37,37,1000,Cutoff,k-Median Rule,100.0,100.0,0.5696666666666675
2D Euclidean,3,100,63,37,37,1000,Cutoff,k-Median-Shapley,92.0,83.3,0.6010000000000002
2D Euclidean,3,100,63,37,37,1000,Bottom,Evaluative Voting,100.0,100.0,0.6666666666666636
2D Euclidean,3,100,63,37,37,1000,Bottom,k-Median Rule,99.8,97.89999999999999,0.5293333333333343
2D Euclidean,3,100,63,37,37,1000,Bottom,k-Median-Shapley,77.8,34.4,0.6599999999999991
2D Euclidean,4,100,63,37,37,1000,Cutoff,Evaluative Voting,100.0,100.0,0.75
2D Euclidean,4,100,63,37,37,1000,Cutoff,k-Median Rule,100.0,100.0,0.6905
2D Euclidean,4,100,63,37,37,1000,Cutoff,k-Median-Shapley,93.2,87.2,0.7065
2D Euclidean,4,100,63,37,37,1000,Bottom,Evaluative Voting,100.0,100.0,0.75
2D Euclidean,4,100,63,37,37,1000,Bottom,k-Median Rule,100.0,99.8,0.65825
2D Euclidean,4,100,63,37,37,1000,Bottom,k-Median-Shapley,80.7,49.3,0.7365
2D Euclidean,5,100,63,37,37,1000,Cutoff,Evaluative Voting,100.0,100.0,0.7999999999999887
2D Euclidean,5,100,63,37,37,1000,Cutoff,k-Median Rule,100.0,100.0,0.7747999999999927
2D Euclidean,5,100,63,37,37,1000,Cutoff,k-Median-Shapley,90.2,86.6,0.7929999999999937
2D Euclidean,5,100,63,37,37,1000,Bottom,Evaluative Voting,100.0,100.0,0.7999999999999887
2D Euclidean,5,100,63,37,37,1000,Bottom,k-Median Rule,100.0,100.0,0.7529999999999963
2D Euclidean,5,100,63,37,37,1000,Bottom,k-Median-Shapley,81.3,67.7,0.8025999999999951
2D Euclidean,6,100,63,37,37,1000,Cutoff,Evaluative Voting,100.0,100.0,0.8333333333333433
2D Euclidean,6,100,63,37,37,1000,Cutoff,k-Median Rule,100.0,100.0,0.8333333333333433
2D Euclidean,6,100,63,37,37,1000,Cutoff,k-Median-Shapley,86.0,86.0,0.8566666666666759
2D Euclidean,6,100,63,37,37,1000,Bottom,Evaluative Voting,100.0,100.0,0.8333333333333433
2D Euclidean,6,100,63,37,37,1000,Bottom,k-Median Rule,100.0,100.0,0.8333333333333433
2D Euclidean,6,100,63,37,37,1000,Bottom,k-Median-Shapley,86.0,86.0,0.8566666666666759
2D Euclidean,2,100,62,38,38,1000,Cutoff,Evaluative Voting,100.0,100.0,0.5
2D Euclidean,2,100,62,38,38,1000,Cutoff,k-Median Rule,99.9,99.9,0.376
2D Euclidean,2,100,62,38,38,1000,Cutoff,k-Median-Shapley,89.4,77.0,0.463
2D Euclidean,2,100,62,38,38,1000,Bottom,Evaluative Voting,100.0,100.0,0.5
2D Euclidean,2,100,62,38,38,1000,Bottom,k-Median Rule,97.5,91.9,0.3535
2D Euclidean,2,100,62,38,38,1000,Bottom,k-Median-Shapley,72.0,23.799999999999997,0.568
2D Euclidean,3,100,62,38,38,1000,Cutoff,Evaluative Voting,100.0,100.0,0.6666666666666636
2D Euclidean,3,100,62,38,38,1000,Cutoff,k-Median Rule,100.0,100.0,0.5756666666666675
2D Euclidean,3,100,62,38,38,1000,Cutoff,k-Median-Shapley,92.80000000000001,84.6,0.5976666666666671
2D Euclidean,3,100,62,38,38,1000,Bottom,Evaluative Voting,100.0,100.0,0.6666666666666636
2D Euclidean,3,100,62,38,38,1000,Bottom,k-Median Rule,99.9,98.5,0.5380000000000007
2D Euclidean,3,100,62,38,38,1000,Bottom,k-Median-Shapley,77.8,35.699999999999996,0.6606666666666657
2D Euclidean,4,100,62,38,38,1000,Cutoff,Evaluative Voting,100.0,100.0,0.75
2D Euclidean,4,100,62,38,38,1000,Cutoff,k-Median Rule,100.0,100.0,0.69325
2D Euclidean,4,100,62,38,38,1000,Cutoff,k-Median-Shapley,93.5,88.6,0.7025
2D Euclidean,4,100,62,38,38,1000,Bottom,Evaluative Voting,100.0,100.0,0.75
2D Euclidean,4,100,62,38,38,1000,Bottom,k-Median Rule,100.0,99.9,0.66275
2D Euclidean,4,100,62,38,38,1000,Bottom,k-Median-Shapley,80.7,52.1,0.73725
2D Euclidean,5,100,62,38,38,1000,Cutoff,Evaluative Voting,100.0,100.0,0.7999999999999887
2D Euclidean,5,100,62,38,38,1000,Cutoff,k-Median Rule,100.0,100.0,0.7749999999999929
2D Euclidean,5,100,62,38,38,1000,Cutoff,k-Median-Shapley,91.3,89.0,0.7851999999999941
2D Euclidean,5,100,62,38,38,1000,Bottom,Evaluative Voting,100.0,100.0,0.7999999999999887
2D Euclidean,5,100,62,38,38,1000,Bottom,k-Median Rule,100.0,100.0,0.7563999999999955
2D Euclidean,5,100,62,38,38,1000,Bottom,k-Median-Shapley,80.9,69.5,0.801399999999995
2D Euclidean,6,100,62,38,38,1000,Cutoff,Evaluative Voting,100.0,100.0,0.8333333333333433
2D Euclidean,6,100,62,38,38,1000,Cutoff,k-Median Rule,100.0,100.0,0.8333333333333433
2D Euclidean,6,100,62,38,38,1000,Cutoff,k-Median-Shapley,87.9,87.9,0.8535000000000095
2D Euclidean,6,100,62,38,38,1000,Bottom,Evaluative Voting,100.0,100.0,0.8333333333333433
2D Euclidean,6,100,62,38,38,1000,Bottom,k-Median Rule,100.0,100.0,0.8333333333333433
2D Euclidean,6,100,62,38,38,1000,Bottom,k-Median-Shapley,87.9,87.9,0.8535000000000095
2D Euclidean,2,100,61,39,39,1000,Cutoff,Evaluative Voting,100.0,100.0,0.5
2D Euclidean,2,100,61,39,39,1000,Cutoff,k-Median Rule,99.9,99.9,0.385
2D Euclidean,2,100,61,39,39,1000,Cutoff,k-Median-Shapley,88.9,77.5,0.4595
2D Euclidean,2,100,61,39,39,1000,Bottom,Evaluative Voting,100.0,100.0,0.5
2D Euclidean,2,100,61,39,39,1000,Bottom,k-Median Rule,97.89999999999999,94.19999999999999,0.364
2D Euclidean,2,100,61,39,39,1000,Bottom,k-Median-Shapley,75.1,27.900000000000002,0.549
2D Euclidean,3,100,61,39,39,1000,Cutoff,Evaluative Voting,100.0,100.0,0.6666666666666636
2D Euclidean,3,100,61,39,39,1000,Cutoff,k-Median Rule,100.0,100.0,0.5830000000000006
2D Euclidean,3,100,61,39,39,1000,Cutoff,k-Median-Shapley,93.5,84.2,0.5933333333333337
2D Euclidean,3,100,61,39,39,1000,Bottom,Evaluative Voting,100.0,100.0,0.6666666666666636
2D Euclidean,3,100,61,39,39,1000,Bottom,k-Median Rule,99.9,99.6,0.5493333333333346
2D Euclidean,3,100,61,39,39,1000,Bottom,k-Median-Shapley,81.10000000000001,40.9,0.6436666666666657
2D Euclidean,4,100,61,39,39,1000,Cutoff,Evaluative Voting,100.0,100.0,0.75
2D Euclidean,4,100,61,39,39,1000,Cutoff,k-Median Rule,100.0,100.0,0.7
2D Euclidean,4,100,61,39,39,1000,Cutoff,k-Median-Shapley,93.8,87.7,0.70075
2D Euclidean,4,100,61,39,39,1000,Bottom,Evaluative Voting,100.0,100.0,0.75
2D Euclidean,4,100,61,39,39,1000,Bottom,k-Median Rule,100.0,100.0,0.67075
2D Euclidean,4,100,61,39,39,1000,Bottom,k-Median-Shapley,83.1,56.8,0.7225
2D Euclidean,5,100,61,39,39,1000,Cutoff,Evaluative Voting,100.0,100.0,0.7999999999999887
2D Euclidean,5,100,61,39,39,1000,Cutoff,k-Median Rule,100.0,100.0,0.7783999999999924
2D Euclidean,5,100,61,39,39,1000,Cutoff,k-Median-Shapley,92.2,90.0,0.7809999999999944
2D Euclidean,5,100,61,39,39,1000,Bottom,Evaluative Voting,100.0,100.0,0.7999999999999887
2D Euclidean,5,100,61,39,39,1000,Bottom,k-Median Rule,100.0,100.0,0.7611999999999947
2D Euclidean,5,100,61,39,39,1000,Bottom,k-Median-Shapley,83.3,72.8,0.7921999999999956
2D Euclidean,6,100,61,39,39,1000,Cutoff,Evaluative Voting,100.0,100.0,0.8333333333333433
2D Euclidean,6,100,61,39,39,1000,Cutoff,k-Median Rule,100.0,100.0,0.8333333333333433
2D Euclidean,6,100,61,39,39,1000,Cutoff,k-Median-Shapley,90.4,90.4,0.849333333333343
2D Euclidean,6,100,61,39,39,1000,Bottom,Evaluative Voting,100.0,100.0,0.8333333333333433
2D Euclidean,6,100,61,39,39,1000,Bottom,k-Median Rule,100.0,100.0,0.8333333333333433
2D Euclidean,6,100,61,39,39,1000,Bottom,k-Median-Shapley,90.4,90.4,0.849333333333343
2D Euclidean,2,100,60,40,40,1000,Cutoff,Evaluative Voting,100.0,100.0,0.5
2D Euclidean,2,100,60,40,40,1000,Cutoff,k-Median Rule,99.9,99.9,0.3925
2D Euclidean,2,100,60,40,40,1000,Cutoff,k-Median-Shapley,90.10000000000001,78.60000000000001,0.4545
2D Euclidean,2,100,60,40,40,1000,Bottom,Evaluative Voting,100.0,100.0,0.5
2D Euclidean,2,100,60,40,40,1000,Bottom,k-Median Rule,98.6,96.1,0.3715
2D Euclidean,2,100,60,40,40,1000,Bottom,k-Median-Shapley,75.8,30.4,0.54
2D Euclidean,3,100,60,40,40,1000,Cutoff,Evaluative Voting,100.0,100.0,0.6666666666666636
2D Euclidean,3,100,60,40,40,1000,Cutoff,k-Median Rule,100.0,100.0,0.5890000000000013
2D Euclidean,3,100,60,40,40,1000,Cutoff,k-Median-Shapley,94.89999999999999,87.6,0.5836666666666673
2D Euclidean,3,100,60,40,40,1000,Bottom,Evaluative Voting,100.0,100.0,0.6666666666666636
2D Euclidean,3,100,60,40,40,1000,Bottom,k-Median Rule,99.9,99.6,0.5533333333333347
2D Euclidean,3,100,60,40,40,1000,Bottom,k-Median-Shapley,81.5,44.1,0.6329999999999989
2D Euclidean,4,100,60,40,40,1000,Cutoff,Evaluative Voting,100.0,100.0,0.75
2D Euclidean,4,100,60,40,40,1000,Cutoff,k-Median Rule,100.0,100.0,0.7055
2D Euclidean,4,100,60,40,40,1000,Cutoff,k-Median-Shapley,94.3,89.0,0.69875
2D Euclidean,4,100,60,40,40,1000,Bottom,Evaluative Voting,100.0,100.0,0.75
2D Euclidean,4,100,60,40,40,1000,Bottom,k-Median Rule,100.0,100.0,0.675
2D Euclidean,4,100,60,40,40,1000,Bottom,k-Median-Shapley,83.89999999999999,59.4,0.71825
2D Euclidean,5,100,60,40,40,1000,Cutoff,Evaluative Voting,100.0,100.0,0.7999999999999887
2D Euclidean,5,100,60,40,40,1000,Cutoff,k-Median Rule,100.0,100.0,0.781599999999992
2D Euclidean,5,100,60,40,40,1000,Cutoff,k-Median-Shapley,93.2,91.2,0.7793999999999941
2D Euclidean,5,100,60,40,40,1000,Bottom,Evaluative Voting,100.0,100.0,0.7999999999999887
2D Euclidean,5,100,60,40,40,1000,Bottom,k-Median Rule,100.0,100.0,0.7635999999999946
2D Euclidean,5,100,60,40,40,1000,Bottom,k-Median-Shapley,85.9,75.9,0.7837999999999969
2D Euclidean,6,100,60,40,40,1000,Cutoff,Evaluative Voting,100.0,100.0,0.8333333333333433
2D Euclidean,6,100,60,40,40,1000,Cutoff,k-Median Rule,100.0,100.0,0.8333333333333433
2D Euclidean,6,100,60,40,40,1000,Cutoff,k-Median-Shapley,91.7,91.7,0.8471666666666762
2D Euclidean,6,100,60,40,40,1000,Bottom,Evaluative Voting,100.0,100.0,0.8333333333333433
2D Euclidean,6,100,60,40,40,1000,Bottom,k-Median Rule,100.0,100.0,0.8333333333333433
2D Euclidean,6,100,60,40,40,1000,Bottom,k-Median-Shapley,91.7,91.7,0.8471666666666762
2D Euclidean,2,100,59,41,41,1000,Cutoff,Evaluative Voting,100.0,100.0,0.5
2D Euclidean,2,100,59,41,41,1000,Cutoff,k-Median Rule,100.0,100.0,0.3975
2D Euclidean,2,100,59,41,41,1000,Cutoff,k-Median-Shapley,90.9,79.5,0.4355
2D Euclidean,2,100,59,41,41,1000,Bottom,Evaluative Voting,100.0,100.0,0.5
2D Euclidean,2,100,59,41,41,1000,Bottom,k-Median Rule,98.8,97.1,0.377
2D Euclidean,2,100,59,41,41,1000,Bottom,k-Median-Shapley,77.9,35.699999999999996,0.5215
2D Euclidean,3,100,59,41,41,1000,Cutoff,Evaluative Voting,100.0,100.0,0.6666666666666636
2D Euclidean,3,100,59,41,41,1000,Cutoff,k-Median Rule,100.0,100.0,0.590000000000001
2D Euclidean,3,100,59,41,41,1000,Cutoff,k-Median-Shapley,95.39999999999999,87.2,0.572666666666668
2D Euclidean,3,100,59,41,41,1000,Bottom,Evaluative Voting,100.0,100.0,0.6666666666666636
2D Euclidean,3,100,59,41,41,1000,Bottom,k-Median Rule,99.9,99.6,0.5570000000000018
2D Euclidean,3,100,59,41,41,1000,Bottom,k-Median-Shapley,84.3,50.5,0.617333333333333
2D Euclidean,4,100,59,41,41,1000,Cutoff,Evaluative Voting,100.0,100.0,0.75
2D Euclidean,4,100,59,41,41,1000,Cutoff,k-Median Rule,100.0,100.0,0.70275
2D Euclidean,4,100,59,41,41,1000,Cutoff,k-Median-Shapley,94.69999999999999,89.7,0.68825
2D Euclidean,4,100,59,41,41,1000,Bottom,Evaluative Voting,100.0,100.0,0.75
2D Euclidean,4,100,59,41,41,1000,Bottom,k-Median Rule,100.0,100.0,0.6705
2D Euclidean,4,100,59,41,41,1000,Bottom,k-Median-Shapley,85.3,64.8,0.7075
2D Euclidean,5,100,59,41,41,1000,Cutoff,Evaluative Voting,100.0,100.0,0.7999999999999887
2D Euclidean,5,100,59,41,41,1000,Cutoff,k-Median Rule,100.0,100.0,0.7793999999999922
2D Euclidean,5,100,59,41,41,1000,Cutoff,k-Median-Shapley,94.39999999999999,92.60000000000001,0.7679999999999954
2D Euclidean,5,100,59,41,41,1000,Bottom,Evaluative Voting,100.0,100.0,0.7999999999999887
2D Euclidean,5,100,59,41,41,1000,Bottom,k-Median Rule,100.0,100.0,0.7571999999999952
2D Euclidean,5,100,59,41,41,1000,Bottom,k-Median-Shapley,88.4,79.7,0.7771999999999977
2D Euclidean,6,100,59,41,41,1000,Cutoff,Evaluative Voting,100.0,100.0,0.8333333333333433
2D Euclidean,6,100,59,41,41,1000,Cutoff,k-Median Rule,100.0,100.0,0.8333333333333433
2D Euclidean,6,100,59,41,41,1000,Cutoff,k-Median-Shapley,93.10000000000001,93.10000000000001,0.8448333333333429
2D Euclidean,6,100,59,41,41,1000,Bottom,Evaluative Voting,100.0,100.0,0.8333333333333433
2D Euclidean,6,100,59,41,41,1000,Bottom,k-Median Rule,100.0,100.0,0.8333333333333433
2D Euclidean,6,100,59,41,41,1000,Bottom,k-Median-Shapley,93.10000000000001,93.10000000000001,0.8448333333333429
2D Euclidean,2,100,58,42,42,1000,Cutoff,Evaluative Voting,100.0,100.0,0.5
2D Euclidean,2,100,58,42,42,1000,Cutoff,k-Median Rule,100.0,100.0,0.4105
2D Euclidean,2,100,58,42,42,1000,Cutoff,k-Median-Shapley,92.4,81.39999999999999,0.4195
2D Euclidean,2,100,58,42,42,1000,Bottom,Evaluative Voting,100.0,100.0,0.5
2D Euclidean,2,100,58,42,42,1000,Bottom,k-Median Rule,99.2,98.0,0.3905
2D Euclidean,2,100,58,42,42,1000,Bottom,k-Median-Shapley,79.9,39.1,0.495
2D Euclidean,3,100,58,42,42,1000,Cutoff,Evaluative Voting,100.0,100.0,0.6666666666666636
2D Euclidean,3,100,58,42,42,1000,Cutoff,k-Median Rule,100.0,100.0,0.5943333333333342
2D Euclidean,3,100,58,42,42,1000,Cutoff,k-Median-Shapley,95.5,87.6,0.5703333333333347
2D Euclidean,3,100,58,42,42,1000,Bottom,Evaluative Voting,100.0,100.0,0.6666666666666636
2D Euclidean,3,100,58,42,42,1000,Bottom,k-Median Rule,100.0,99.8,0.5626666666666686
2D Euclidean,3,100,58,42,42,1000,Bottom,k-Median-Shapley,85.7,53.2,0.6049999999999995
2D Euclidean,4,100,58,42,42,1000,Cutoff,Evaluative Voting,100.0,100.0,0.75
2D Euclidean,4,100,58,42,42,1000,Cutoff,k-Median Rule,100.0,100.0,0.7015
2D Euclidean,4,100,58,42,42,1000,Cutoff,k-Median-Shapley,95.0,90.4,0.68725
2D Euclidean,4,100,58,42,42,1000,Bottom,Evaluative Voting,100.0,100.0,0.75
2D Euclidean,4,100,58,42,42,1000,Bottom,k-Median Rule,100.0,100.0,0.6725
2D Euclidean,4,100,58,42,42,1000,Bottom,k-Median-Shapley,87.4,66.8,0.7025
2D Euclidean,5,100,58,42,42,1000,Cutoff,Evaluative Voting,100.0,100.0,0.7999999999999887
2D Euclidean,5,100,58,42,42,1000,Cutoff,k-Median Rule,100.0,100.0,0.7771999999999929
2D Euclidean,5,100,58,42,42,1000,Cutoff,k-Median-Shapley,94.89999999999999,93.2,0.7677999999999956
2D Euclidean,5,100,58,42,42,1000,Bottom,Evaluative Voting,100.0,100.0,0.7999999999999887
2D Euclidean,5,100,58,42,42,1000,Bottom,k-Median Rule,100.0,100.0,0.7589999999999955
2D Euclidean,5,100,58,42,42,1000,Bottom,k-Median-Shapley,89.2,80.80000000000001,0.7733999999999971
2D Euclidean,6,100,58,42,42,1000,Cutoff,Evaluative Voting,100.0,100.0,0.8333333333333433
2D Euclidean,6,100,58,42,42,1000,Cutoff,k-Median Rule,100.0,100.0,0.8333333333333433
2D Euclidean,6,100,58,42,42,1000,Cutoff,k-Median-Shapley,93.7,93.7,0.8438333333333429
2D Euclidean,6,100,58,42,42,1000,Bottom,Evaluative Voting,100.0,100.0,0.8333333333333433
2D Euclidean,6,100,58,42,42,1000,Bottom,k-Median Rule,100.0,100.0,0.8333333333333433
2D Euclidean,6,100,58,42,42,1000,Bottom,k-Median-Shapley,93.7,93.7,0.8438333333333429
2D Euclidean,2,100,57,43,43,1000,Cutoff,Evaluative Voting,100.0,100.0,0.5
2D Euclidean,2,100,57,43,43,1000,Cutoff,k-Median Rule,100.0,100.0,0.4135
2D Euclidean,2,100,57,43,43,1000,Cutoff,k-Median-Shapley,93.2,80.60000000000001,0.413
2D Euclidean,2,100,57,43,43,1000,Bottom,Evaluative Voting,100.0,100.0,0.5
2D Euclidean,2,100,57,43,43,1000,Bottom,k-Median Rule,99.3,98.6,0.3945
2D Euclidean,2,100,57,43,43,1000,Bottom,k-Median-Shapley,81.3,42.5,0.4855
2D Euclidean,3,100,57,43,43,1000,Cutoff,Evaluative Voting,100.0,100.0,0.6666666666666636
2D Euclidean,3,100,57,43,43,1000,Cutoff,k-Median Rule,100.0,100.0,0.5896666666666676
2D Euclidean,3,100,57,43,43,1000,Cutoff,k-Median-Shapley,95.8,89.2,0.5590000000000013
2D Euclidean,3,100,57,43,43,1000,Bottom,Evaluative Voting,100.0,100.0,0.6666666666666636
2D Euclidean,3,100,57,43,43,1000,Bottom,k-Median Rule,100.0,99.9,0.5570000000000018
2D Euclidean,3,100,57,43,43,1000,Bottom,k-Median-Shapley,87.8,57.599999999999994,0.5866666666666673
2D Euclidean,4,100,57,43,43,1000,Cutoff,Evaluative Voting,100.0,100.0,0.75
2D Euclidean,4,100,57,43,43,1000,Cutoff,k-Median Rule,100.0,100.0,0.691
2D Euclidean,4,100,57,43,43,1000,Cutoff,k-Median-Shapley,95.3,91.10000000000001,0.67925
2D Euclidean,4,100,57,43,43,1000,Bottom,Evaluative Voting,100.0,100.0,0.75
2D Euclidean,4,100,57,43,43,1000,Bottom,k-Median Rule,100.0,100.0,0.66175
2D Euclidean,4,100,57,43,43,1000,Bottom,k-Median-Shapley,88.7,71.1,0.69375
2D Euclidean,5,100,57,43,43,1000,Cutoff,Evaluative Voting,100.0,100.0,0.7999999999999887
2D Euclidean,5,100,57,43,43,1000,Cutoff,k-Median Rule,100.0,100.0,0.7711999999999939
2D Euclidean,5,100,57,43,43,1000,Cutoff,k-Median-Shapley,95.8,94.39999999999999,0.7607999999999965
2D Euclidean,5,100,57,43,43,1000,Bottom,Evaluative Voting,100.0,100.0,0.7999999999999887
2D Euclidean,5,100,57,43,43,1000,Bottom,k-Median Rule,100.0,100.0,0.7491999999999968
2D Euclidean,5,100,57,43,43,1000,Bottom,k-Median-Shapley,91.60000000000001,84.7,0.7643999999999981
2D Euclidean,6,100,57,43,43,1000,Cutoff,Evaluative Voting,100.0,100.0,0.8333333333333433
2D Euclidean,6,100,57,43,43,1000,Cutoff,k-Median Rule,100.0,100.0,0.8333333333333433
2D Euclidean,6,100,57,43,43,1000,Cutoff,k-Median-Shapley,95.0,95.0,0.8416666666666763
2D Euclidean,6,100,57,43,43,1000,Bottom,Evaluative Voting,100.0,100.0,0.8333333333333433
2D Euclidean,6,100,57,43,43,1000,Bottom,k-Median Rule,100.0,100.0,0.8333333333333433
2D Euclidean,6,100,57,43,43,1000,Bottom,k-Median-Shapley,95.0,95.0,0.8416666666666763
2D Euclidean,2,100,56,44,44,1000,Cutoff,Evaluative Voting,100.0,100.0,0.5
2D Euclidean,2,100,56,44,44,1000,Cutoff,k-Median Rule,100.0,100.0,0.4135
2D Euclidean,2,100,56,44,44,1000,Cutoff,k-Median-Shapley,94.1,84.5,0.3985
2D Euclidean,2,100,56,44,44,1000,Bottom,Evaluative Voting,100.0,100.0,0.5
2D Euclidean,2,100,56,44,44,1000,Bottom,k-Median Rule,99.6,99.3,0.392
2D Euclidean,2,100,56,44,44,1000,Bottom,k-Median-Shapley,83.2,45.4,0.474
2D Euclidean,3,100,56,44,44,1000,Cutoff,Evaluative Voting,100.0,100.0,0.6666666666666636
2D Euclidean,3,100,56,44,44,1000,Cutoff,k-Median Rule,100.0,100.0,0.5893333333333342
2D Euclidean,3,100,56,44,44,1000,Cutoff,k-Median-Shapley,96.3,90.4,0.5550000000000015
2D Euclidean,3,100,56,44,44,1000,Bottom,Evaluative Voting,100.0,100.0,0.6666666666666636
2D Euclidean,3,100,56,44,44,1000,Bottom,k-Median Rule,100.0,99.9,0.5560000000000015
2D Euclidean,3,100,56,44,44,1000,Bottom,k-Median-Shapley,87.7,60.8,0.5836666666666673
2D Euclidean,4,100,56,44,44,1000,Cutoff,Evaluative Voting,100.0,100.0,0.75
2D Euclidean,4,100,56,44,44,1000,Cutoff,k-Median Rule,100.0,100.0,0.691
2D Euclidean,4,100,56,44,44,1000,Cutoff,k-Median-Shapley,96.6,92.10000000000001,0.6785
2D Euclidean,4,100,56,44,44,1000,Bottom,Evaluative Voting,100.0,100.0,0.75
2D Euclidean,4,100,56,44,44,1000,Bottom,k-Median Rule,100.0,100.0,0.66275
2D Euclidean,4,100,56,44,44,1000,Bottom,k-Median-Shapley,90.5,74.5,0.6815
2D Euclidean,5,100,56,44,44,1000,Cutoff,Evaluative Voting,100.0,100.0,0.7999999999999887
2D Euclidean,5,100,56,44,44,1000,Cutoff,k-Median Rule,100.0,100.0,0.7695999999999941
2D Euclidean,5,100,56,44,44,1000,Cutoff,k-Median-Shapley,97.2,96.3,0.7569999999999968
2D Euclidean,5,100,56,44,44,1000,Bottom,Evaluative Voting,100.0,100.0,0.7999999999999887
2D Euclidean,5,100,56,44,44,1000,Bottom,k-Median Rule,100.0,100.0,0.7463999999999975
2D Euclidean,5,100,56,44,44,1000,Bottom,k-Median-Shapley,93.2,87.3,0.7599999999999975
2D Euclidean,6,100,56,44,44,1000,Cutoff,Evaluative Voting,100.0,100.0,0.8333333333333433
2D Euclidean,6,100,56,44,44,1000,Cutoff,k-Median Rule,100.0,100.0,0.8333333333333433
2D Euclidean,6,100,56,44,44,1000,Cutoff,k-Median-Shapley,96.39999999999999,96.39999999999999,0.8393333333333431
2D Euclidean,6,100,56,44,44,1000,Bottom,Evaluative Voting,100.0,100.0,0.8333333333333433
2D Euclidean,6,100,56,44,44,1000,Bottom,k-Median Rule,100.0,100.0,0.8333333333333433
2D Euclidean,6,100,56,44,44,1000,Bottom,k-Median-Shapley,96.39999999999999,96.39999999999999,0.8393333333333431
2D Euclidean,2,100,55,45,45,1000,Cutoff,Evaluative Voting,100.0,100.0,0.5
2D Euclidean,2,100,55,45,45,1000,Cutoff,k-Median Rule,100.0,100.0,0.409
2D Euclidean,2,100,55,45,45,1000,Cutoff,k-Median-Shapley,94.5,83.1,0.374
2D Euclidean,2,100,55,45,45,1000,Bottom,Evaluative Voting,100.0,100.0,0.5
2D Euclidean,2,100,55,45,45,1000,Bottom,k-Median Rule,99.9,99.9,0.3905
2D Euclidean,2,100,55,45,45,1000,Bottom,k-Median-Shapley,87.2,48.8,0.4355
2D Euclidean,3,100,55,45,45,1000,Cutoff,Evaluative Voting,100.0,100.0,0.6666666666666636
2D Euclidean,3,100,55,45,45,1000,Cutoff,k-Median Rule,100.0,100.0,0.5766666666666675
2D Euclidean,3,100,55,45,45,1000,Cutoff,k-Median-Shapley,97.7,90.8,0.5416666666666677
2D Euclidean,3,100,55,45,45,1000,Bottom,Evaluative Voting,100.0,100.0,0.6666666666666636
2D Euclidean,3,100,55,45,45,1000,Bottom,k-Median Rule,100.0,100.0,0.544666666666668
2D Euclidean,3,100,55,45,45,1000,Bottom,k-Median-Shapley,91.3,65.7,0.5596666666666669
2D Euclidean,4,100,55,45,45,1000,Cutoff,Evaluative Voting,100.0,100.0,0.75
2D Euclidean,4,100,55,45,45,1000,Cutoff,k-Median Rule,100.0,100.0,0.67725
2D Euclidean,4,100,55,45,45,1000,Cutoff,k-Median-Shapley,97.3,94.3,0.66
2D Euclidean,4,100,55,45,45,1000,Bottom,Evaluative Voting,100.0,100.0,0.75
2D Euclidean,4,100,55,45,45,1000,Bottom,k-Median Rule,100.0,100.0,0.6475
2D Euclidean,4,100,55,45,45,1000,Bottom,k-Median-Shapley,92.9,78.8,0.6665
2D Euclidean,5,100,55,45,45,1000,Cutoff,Evaluative Voting,100.0,100.0,0.7999999999999887
2D Euclidean,5,100,55,45,45,1000,Cutoff,k-Median Rule,100.0,100.0,0.7647999999999953
2D Euclidean,5,100,55,45,45,1000,Cutoff,k-Median-Shapley,98.5,97.39999999999999,0.7481999999999974
2D Euclidean,5,100,55,45,45,1000,Bottom,Evaluative Voting,100.0,100.0,0.7999999999999887
2D Euclidean,5,100,55,45,45,1000,Bottom,k-Median Rule,100.0,100.0,0.7375999999999987
2D Euclidean,5,100,55,45,45,1000,Bottom,k-Median-Shapley,95.5,89.7,0.7497999999999981
2D Euclidean,6,100,55,45,45,1000,Cutoff,Evaluative Voting,100.0,100.0,0.8333333333333433
2D Euclidean,6,100,55,45,45,1000,Cutoff,k-Median Rule,100.0,100.0,0.8333333333333433
2D Euclidean,6,100,55,45,45,1000,Cutoff,k-Median-Shapley,97.39999999999999,97.39999999999999,0.8376666666666764
2D Euclidean,6,100,55,45,45,1000,Bottom,Evaluative Voting,100.0,100.0,0.8333333333333433
2D Euclidean,6,100,55,45,45,1000,Bottom,k-Median Rule,100.0,100.0,0.8333333333333433
2D Euclidean,6,100,55,45,45,1000,Bottom,k-Median-Shapley,97.39999999999999,97.39999999999999,0.8376666666666764
2D Euclidean,2,100,54,46,46,1000,Cutoff,Evaluative Voting,100.0,100.0,0.5
2D Euclidean,2,100,54,46,46,1000,Cutoff,k-Median Rule,100.0,100.0,0.4045
2D Euclidean,2,100,54,46,46,1000,Cutoff,k-Median-Shapley,97.0,88.7,0.3495
2D Euclidean,2,100,54,46,46,1000,Bottom,Evaluative Voting,100.0,100.0,0.5
2D Euclidean,2,100,54,46,46,1000,Bottom,k-Median Rule,100.0,100.0,0.3835
2D Euclidean,2,100,54,46,46,1000,Bottom,k-Median-Shapley,86.6,52.5,0.4245
2D Euclidean,3,100,54,46,46,1000,Cutoff,Evaluative Voting,100.0,100.0,0.6666666666666636
2D Euclidean,3,100,54,46,46,1000,Cutoff,k-Median Rule,100.0,100.0,0.5736666666666674
2D Euclidean,3,100,54,46,46,1000,Cutoff,k-Median-Shapley,97.8,92.7,0.5330000000000014
2D Euclidean,3,100,54,46,46,1000,Bottom,Evaluative Voting,100.0,100.0,0.6666666666666636
2D Euclidean,3,100,54,46,46,1000,Bottom,k-Median Rule,100.0,100.0,0.5373333333333346
2D Euclidean,3,100,54,46,46,1000,Bottom,k-Median-Shapley,92.0,69.8,0.5500000000000004
2D Euclidean,4,100,54,46,46,1000,Cutoff,Evaluative Voting,100.0,100.0,0.75
2D Euclidean,4,100,54,46,46,1000,Cutoff,k-Median Rule,100.0,100.0,0.67425
2D Euclidean,4,100,54,46,46,1000,Cutoff,k-Median-Shapley,98.6,96.6,0.65325
2D Euclidean,4,100,54,46,46,1000,Bottom,Evaluative Voting,100.0,100.0,0.75
2D Euclidean,4,100,54,46,46,1000,Bottom,k-Median Rule,100.0,100.0,0.63725
2D Euclidean,4,100,54,46,46,1000,Bottom,k-Median-Shapley,93.5,81.5,0.65925
2D Euclidean,5,100,54,46,46,1000,Cutoff,Evaluative Voting,100.0,100.0,0.7999999999999887
2D Euclidean,5,100,54,46,46,1000,Cutoff,k-Median Rule,100.0,100.0,0.7651999999999947
2D Euclidean,5,100,54,46,46,1000,Cutoff,k-Median-Shapley,98.3,97.6,0.7447999999999981
2D Euclidean,5,100,54,46,46,1000,Bottom,Evaluative Voting,100.0,100.0,0.7999999999999887
2D Euclidean,5,100,54,46,46,1000,Bottom,k-Median Rule,100.0,100.0,0.7355999999999988
2D Euclidean,5,100,54,46,46,1000,Bottom,k-Median-Shapley,96.0,92.30000000000001,0.742999999999999
2D Euclidean,6,100,54,46,46,1000,Cutoff,Evaluative Voting,100.0,100.0,0.8333333333333433
2D Euclidean,6,100,54,46,46,1000,Cutoff,k-Median Rule,100.0,100.0,0.8333333333333433
2D Euclidean,6,100,54,46,46,1000,Cutoff,k-Median-Shapley,98.6,98.6,0.8356666666666767
2D Euclidean,6,100,54,46,46,1000,Bottom,Evaluative Voting,100.0,100.0,0.8333333333333433
2D Euclidean,6,100,54,46,46,1000,Bottom,k-Median Rule,100.0,100.0,0.8333333333333433
2D Euclidean,6,100,54,46,46,1000,Bottom,k-Median-Shapley,98.6,98.6,0.8356666666666767
2D Euclidean,2,100,53,47,47,1000,Cutoff,Evaluative Voting,100.0,100.0,0.5
2D Euclidean,2,100,53,47,47,1000,Cutoff,k-Median Rule,100.0,100.0,0.393
2D Euclidean,2,100,53,47,47,1000,Cutoff,k-Median-Shapley,97.89999999999999,90.8,0.335
2D Euclidean,2,100,53,47,47,1000,Bottom,Evaluative Voting,100.0,100.0,0.5
2D Euclidean,2,100,53,47,47,1000,Bottom,k-Median Rule,100.0,100.0,0.3705
2D Euclidean,2,100,53,47,47,1000,Bottom,k-Median-Shapley,88.9,58.099999999999994,0.398
2D Euclidean,3,100,53,47,47,1000,Cutoff,Evaluative Voting,100.0,100.0,0.6666666666666636
2D Euclidean,3,100,53,47,47,1000,Cutoff,k-Median Rule,100.0,100.0,0.5570000000000015
2D Euclidean,3,100,53,47,47,1000,Cutoff,k-Median-Shapley,98.6,94.0,0.5180000000000007
2D Euclidean,3,100,53,47,47,1000,Bottom,Evaluative Voting,100.0,100.0,0.6666666666666636
2D Euclidean,3,100,53,47,47,1000,Bottom,k-Median Rule,100.0,100.0,0.5206666666666677
2D Euclidean,3,100,53,47,47,1000,Bottom,k-Median-Shapley,93.2,75.1,0.5283333333333343
2D Euclidean,4,100,53,47,47,1000,Cutoff,Evaluative Voting,100.0,100.0,0.75
2D Euclidean,4,100,53,47,47,1000,Cutoff,k-Median Rule,100.0,100.0,0.66525
2D Euclidean,4,100,53,47,47,1000,Cutoff,k-Median-Shapley,98.8,96.8,0.642
2D Euclidean,4,100,53,47,47,1000,Bottom,Evaluative Voting,100.0,100.0,0.75
2D Euclidean,4,100,53,47,47,1000,Bottom,k-Median Rule,100.0,100.0,0.62625
2D Euclidean,4,100,53,47,47,1000,Bottom,k-Median-Shapley,96.1,86.4,0.64
2D Euclidean,5,100,53,47,47,1000,Cutoff,Evaluative Voting,100.0,100.0,0.7999999999999887
2D Euclidean,5,100,53,47,47,1000,Cutoff,k-Median Rule,100.0,100.0,0.7595999999999952
2D Euclidean,5,100,53,47,47,1000,Cutoff,k-Median-Shapley,98.8,98.3,0.741999999999998
2D Euclidean,5,100,53,47,47,1000,Bottom,Evaluative Voting,100.0,100.0,0.7999999999999887
2D Euclidean,5,100,53,47,47,1000,Bottom,k-Median Rule,100.0,100.0,0.7309999999999989
2D Euclidean,5,100,53,47,47,1000,Bottom,k-Median-Shapley,97.2,94.1,0.7345999999999999
2D Euclidean,6,100,53,47,47,1000,Cutoff,Evaluative Voting,100.0,100.0,0.8333333333333433
2D Euclidean,6,100,53,47,47,1000,Cutoff,k-Median Rule,100.0,100.0,0.8333333333333433
2D Euclidean,6,100,53,47,47,1000,Cutoff,k-Median-Shapley,98.9,98.9,0.8351666666666765
2D Euclidean,6,100,53,47,47,1000,Bottom,Evaluative Voting,100.0,100.0,0.8333333333333433
2D Euclidean,6,100,53,47,47,1000,Bottom,k-Median Rule,100.0,100.0,0.8333333333333433
2D Euclidean,6,100,53,47,47,1000,Bottom,k-Median-Shapley,98.9,98.9,0.8351666666666765
2D Euclidean,2,100,52,48,48,1000,Cutoff,Evaluative Voting,100.0,100.0,0.5
2D Euclidean,2,100,52,48,48,1000,Cutoff,k-Median Rule,100.0,100.0,0.387
2D Euclidean,2,100,52,48,48,1000,Cutoff,k-Median-Shapley,98.5,94.6,0.322
2D Euclidean,2,100,52,48,48,1000,Bottom,Evaluative Voting,100.0,100.0,0.5
2D Euclidean,2,100,52,48,48,1000,Bottom,k-Median Rule,100.0,100.0,0.3615
2D Euclidean,2,100,52,48,48,1000,Bottom,k-Median-Shapley,92.2,64.3,0.3735
2D Euclidean,3,100,52,48,48,1000,Cutoff,Evaluative Voting,100.0,100.0,0.6666666666666636
2D Euclidean,3,100,52,48,48,1000,Cutoff,k-Median Rule,100.0,100.0,0.5526666666666677
2D Euclidean,3,100,52,48,48,1000,Cutoff,k-Median-Shapley,99.3,96.39999999999999,0.508333333333334
2D Euclidean,3,100,52,48,48,1000,Bottom,Evaluative Voting,100.0,100.0,0.6666666666666636
2D Euclidean,3,100,52,48,48,1000,Bottom,k-Median Rule,100.0,100.0,0.5090000000000009
2D Euclidean,3,100,52,48,48,1000,Bottom,k-Median-Shapley,94.69999999999999,79.10000000000001,0.5160000000000005
2D Euclidean,4,100,52,48,48,1000,Cutoff,Evaluative Voting,100.0,100.0,0.75
2D Euclidean,4,100,52,48,48,1000,Cutoff,k-Median Rule,100.0,100.0,0.6725
2D Euclidean,4,100,52,48,48,1000,Cutoff,k-Median-Shapley,99.3,98.1,0.64225
2D Euclidean,4,100,52,48,48,1000,Bottom,Evaluative Voting,100.0,100.0,0.75
2D Euclidean,4,100,52,48,48,1000,Bottom,k-Median Rule,100.0,100.0,0.62575
2D Euclidean,4,100,52,48,48,1000,Bottom,k-Median-Shapley,96.39999999999999,88.5,0.636
2D Euclidean,5,100,52,48,48,1000,Cutoff,Evaluative Voting,100.0,100.0,0.7999999999999887
2D Euclidean,5,100,52,48,48,1000,Cutoff,k-Median Rule,100.0,100.0,0.7659999999999942
2D Euclidean,5,100,52,48,48,1000,Cutoff,k-Median-Shapley,99.5,99.5,0.738799999999998
2D Euclidean,5,100,52,48,48,1000,Bottom,Evaluative Voting,100.0,100.0,0.7999999999999887
2D Euclidean,5,100,52,48,48,1000,Bottom,k-Median Rule,100.0,100.0,0.7385999999999975
2D Euclidean,5,100,52,48,48,1000,Bottom,k-Median-Shapley,97.2,95.1,0.7353999999999995
2D Euclidean,6,100,52,48,48,1000,Cutoff,Evaluative Voting,100.0,100.0,0.8333333333333433
2D Euclidean,6,100,52,48,48,1000,Cutoff,k-Median Rule,100.0,100.0,0.8333333333333433
2D Euclidean,6,100,52,48,48,1000,Cutoff,k-Median-Shapley,99.5,99.5,0.8341666666666766
2D Euclidean,6,100,52,48,48,1000,Bottom,Evaluative Voting,100.0,100.0,0.8333333333333433
2D Euclidean,6,100,52,48,48,1000,Bottom,k-Median Rule,100.0,100.0,0.8333333333333433
2D Euclidean,6,100,52,48,48,1000,Bottom,k-Median-Shapley,99.5,99.5,0.8341666666666766
2D Euclidean,2,100,51,49,49,1000,Cutoff,Evaluative Voting,100.0,100.0,0.5
2D Euclidean,2,100,51,49,49,1000,Cutoff,k-Median Rule,100.0,100.0,0.375
2D Euclidean,2,100,51,49,49,1000,Cutoff,k-Median-Shapley,99.7,97.6,0.2945
2D Euclidean,2,100,51,49,49,1000,Bottom,Evaluative Voting,100.0,100.0,0.5
2D Euclidean,2,100,51,49,49,1000,Bottom,k-Median Rule,100.0,100.0,0.341
2D Euclidean,2,100,51,49,49,1000,Bottom,k-Median-Shapley,96.0,76.7,0.3295
2D Euclidean,3,100,51,49,49,1000,Cutoff,Evaluative Voting,100.0,100.0,0.6666666666666636
2D Euclidean,3,100,51,49,49,1000,Cutoff,k-Median Rule,100.0,100.0,0.5543333333333345
2D Euclidean,3,100,51,49,49,1000,Cutoff,k-Median-Shapley,99.5,98.5,0.48566666666666725
2D Euclidean,3,100,51,49,49,1000,Bottom,Evaluative Voting,100.0,100.0,0.6666666666666636
2D Euclidean,3,100,51,49,49,1000,Bottom,k-Median Rule,100.0,100.0,0.5106666666666682
2D Euclidean,3,100,51,49,49,1000,Bottom,k-Median-Shapley,96.7,86.3,0.48933333333333384
2D Euclidean,4,100,51,49,49,1000,Cutoff,Evaluative Voting,100.0,100.0,0.75
2D Euclidean,4,100,51,49,49,1000,Cutoff,k-Median Rule,100.0,100.0,0.6815
2D Euclidean,4,100,51,49,49,1000,Cutoff,k-Median-Shapley,99.6,99.1,0.626
2D Euclidean,4,100,51,49,49,1000,Bottom,Evaluative Voting,100.0,100.0,0.75
2D Euclidean,4,100,51,49,49,1000,Bottom,k-Median Rule,100.0,100.0,0.6425
2D Euclidean,4,100,51,49,49,1000,Bottom,k-Median-Shapley,97.5,92.4,0.613
2D Euclidean,5,100,51,49,49,1000,Cutoff,Evaluative Voting,100.0,100.0,0.7999999999999887
2D Euclidean,5,100,51,49,49,1000,Cutoff,k-Median Rule,100.0,100.0,0.7673999999999942
2D Euclidean,5,100,51,49,49,1000,Cutoff,k-Median-Shapley,99.4,99.4,0.7367999999999982
2D Euclidean,5,100,51,49,49,1000,Bottom,Evaluative Voting,100.0,100.0,0.7999999999999887
2D Euclidean,5,100,51,49,49,1000,Bottom,k-Median Rule,100.0,100.0,0.7459999999999969
2D Euclidean,5,100,51,49,49,1000,Bottom,k-Median-Shapley,98.3,97.39999999999999,0.7238000000000009
2D Euclidean,6,100,51,49,49,1000,Cutoff,Evaluative Voting,100.0,100.0,0.8333333333333433
2D Euclidean,6,100,51,49,49,1000,Cutoff,k-Median Rule,100.0,100.0,0.8333333333333433
2D Euclidean,6,100,51,49,49,1000,Cutoff,k-Median-Shapley,99.6,99.6,0.83400000000001
2D Euclidean,6,100,51,49,49,1000,Bottom,Evaluative Voting,100.0,100.0,0.8333333333333433
2D Euclidean,6,100,51,49,49,1000,Bottom,k-Median Rule,100.0,100.0,0.8333333333333433
2D Euclidean,6,100,51,49,49,1000,Bottom,k-Median-Shapley,99.6,99.6,0.83400000000001
Impartial Anonymous Culture (IAC),2,100,99,1,1,1000,Cutoff,Evaluative Voting,14.899999999999999,14.899999999999999,0.9255
Impartial Anonymous Culture (IAC),2,100,99,1,1,1000,Cutoff,k-Median Rule,9.1,9.1,0.9545
Impartial Anonymous Culture (IAC),2,100,99,1,1,1000,Cutoff,k-Median-Shapley,10.299999999999999,9.5,0.9485
Impartial Anonymous Culture (IAC),2,100,99,1,1,1000,Bottom,Evaluative Voting,0.0,0.0,1.0
Impartial Anonymous Culture (IAC),2,100,99,1,1,1000,Bottom,k-Median Rule,8.799999999999999,0.0,0.956
Impartial Anonymous Culture (IAC),2,100,99,1,1,1000,Bottom,k-Median-Shapley,9.1,0.0,0.9545
Impartial Anonymous Culture (IAC),3,100,99,1,1,1000,Cutoff,Evaluative Voting,18.9,18.9,0.9369999999999976
Impartial Anonymous Culture (IAC),3,100,99,1,1,1000,Cutoff,k-Median Rule,10.299999999999999,10.299999999999999,0.9653333333333318
Impartial Anonymous Culture (IAC),3,100,99,1,1,1000,Cutoff,k-Median-Shapley,11.700000000000001,11.3,0.9609999999999986
Impartial Anonymous Culture (IAC),3,100,99,1,1,1000,Bottom,Evaluative Voting,0.0,0.0,1.0
Impartial Anonymous Culture (IAC),3,100,99,1,1,1000,Bottom,k-Median Rule,9.8,0.0,0.9669999999999985
Impartial Anonymous Culture (IAC),3,100,99,1,1,1000,Bottom,k-Median-Shapley,11.1,0.0,0.9629999999999986
Impartial Anonymous Culture (IAC),4,100,99,1,1,1000,Cutoff,Evaluative Voting,16.400000000000002,16.400000000000002,0.959
Impartial Anonymous Culture (IAC),4,100,99,1,1,1000,Cutoff,k-Median Rule,9.3,9.3,0.976
Impartial Anonymous Culture (IAC),4,100,99,1,1,1000,Cutoff,k-Median-Shapley,11.5,10.6,0.97125
Impartial Anonymous Culture (IAC),4,100,99,1,1,1000,Bottom,Evaluative Voting,0.0,0.0,1.0
Impartial Anonymous Culture (IAC),4,100,99,1,1,1000,Bottom,k-Median Rule,9.3,0.0,0.976
Impartial Anonymous Culture (IAC),4,100,99,1,1,1000,Bottom,k-Median-Shapley,10.5,0.0,0.97375
Impartial Anonymous Culture (IAC),5,100,99,1,1,1000,Cutoff,Evaluative Voting,14.899999999999999,14.899999999999999,0.9701999999999977
Impartial Anonymous Culture (IAC),5,100,99,1,1,1000,Cutoff,k-Median Rule,8.200000000000001,8.200000000000001,0.9831999999999986
Impartial Anonymous Culture (IAC),5,100,99,1,1,1000,Cutoff,k-Median-Shapley,9.3,9.0,0.9813999999999984
Impartial Anonymous Culture (IAC),5,100,99,1,1,1000,Bottom,Evaluative Voting,0.6,0.6,0.9987999999999999
Impartial Anonymous Culture (IAC),5,100,99,1,1,1000,Bottom,k-Median Rule,7.9,0.3,0.9837999999999986
Impartial Anonymous Culture (IAC),5,100,99,1,1,1000,Bottom,k-Median-Shapley,8.1,0.4,0.9837999999999986
Impartial Anonymous Culture (IAC),6,100,99,1,1,1000,Cutoff,Evaluative Voting,10.100000000000001,10.100000000000001,0.9831666666666681
Impartial Anonymous Culture (IAC),6,100,99,1,1,1000,Cutoff,k-Median Rule,5.8999999999999995,5.8999999999999995,0.9901666666666675
Impartial Anonymous Culture (IAC),6,100,99,1,1,1000,Cutoff,k-Median-Shapley,7.3999999999999995,7.3999999999999995,0.9876666666666679
Impartial Anonymous Culture (IAC),6,100,99,1,1,1000,Bottom,Evaluative Voting,10.100000000000001,10.100000000000001,0.9831666666666681
Impartial Anonymous Culture (IAC),6,100,99,1,1,1000,Bottom,k-Median Rule,5.8999999999999995,5.8999999999999995,0.9901666666666675
Impartial Anonymous Culture (IAC),6,100,99,1,1,1000,Bottom,k-Median-Shapley,7.3999999999999995,7.3999999999999995,0.9876666666666679
Impartial Anonymous Culture (IAC),2,100,98,2,2,1000,Cutoff,Evaluative Voting,27.1,27.1,0.8645
Impartial Anonymous Culture (IAC),2,100,98,2,2,1000,Cutoff,k-Median Rule,12.6,12.6,0.9365
Impartial Anonymous Culture (IAC),2,100,98,2,2,1000,Cutoff,k-Median-Shapley,12.0,11.4,0.94
Impartial Anonymous Culture (IAC),2,100,98,2,2,1000,Bottom,Evaluative Voting,0.0,0.0,1.0
Impartial Anonymous Culture (IAC),2,100,98,2,2,1000,Bottom,k-Median Rule,9.4,0.2,0.9525
Impartial Anonymous Culture (IAC),2,100,98,2,2,1000,Bottom,k-Median-Shapley,9.6,0.0,0.952
Impartial Anonymous Culture (IAC),3,100,98,2,2,1000,Cutoff,Evaluative Voting,34.300000000000004,34.300000000000004,0.8856666666666627
Impartial Anonymous Culture (IAC),3,100,98,2,2,1000,Cutoff,k-Median Rule,15.299999999999999,15.299999999999999,0.9483333333333313
Impartial Anonymous Culture (IAC),3,100,98,2,2,1000,Cutoff,k-Median-Shapley,13.700000000000001,12.9,0.9543333333333314
Impartial Anonymous Culture (IAC),3,100,98,2,2,1000,Bottom,Evaluative Voting,0.0,0.0,1.0
Impartial Anonymous Culture (IAC),3,100,98,2,2,1000,Bottom,k-Median Rule,10.4,0.7000000000000001,0.9646666666666651
Impartial Anonymous Culture (IAC),3,100,98,2,2,1000,Bottom,k-Median-Shapley,10.299999999999999,0.0,0.965666666666665
Impartial Anonymous Culture (IAC),4,100,98,2,2,1000,Cutoff,Evaluative Voting,30.7,30.7,0.92325
Impartial Anonymous Culture (IAC),4,100,98,2,2,1000,Cutoff,k-Median Rule,12.8,12.8,0.96725
Impartial Anonymous Culture (IAC),4,100,98,2,2,1000,Cutoff,k-Median-Shapley,13.3,12.8,0.96675
Impartial Anonymous Culture (IAC),4,100,98,2,2,1000,Bottom,Evaluative Voting,0.3,0.3,0.99925
Impartial Anonymous Culture (IAC),4,100,98,2,2,1000,Bottom,k-Median Rule,11.1,1.9,0.97125
Impartial Anonymous Culture (IAC),4,100,98,2,2,1000,Bottom,k-Median-Shapley,9.9,0.0,0.97525
Impartial Anonymous Culture (IAC),5,100,98,2,2,1000,Cutoff,Evaluative Voting,28.299999999999997,28.299999999999997,0.9433999999999957
Impartial Anonymous Culture (IAC),5,100,98,2,2,1000,Cutoff,k-Median Rule,12.9,12.9,0.9735999999999981
Impartial Anonymous Culture (IAC),5,100,98,2,2,1000,Cutoff,k-Median-Shapley,12.0,11.700000000000001,0.975999999999998
Impartial Anonymous Culture (IAC),5,100,98,2,2,1000,Bottom,Evaluative Voting,3.0,3.0,0.9939999999999996
Impartial Anonymous Culture (IAC),5,100,98,2,2,1000,Bottom,k-Median Rule,10.0,4.0,0.9795999999999982
Impartial Anonymous Culture (IAC),5,100,98,2,2,1000,Bottom,k-Median-Shapley,8.200000000000001,0.7000000000000001,0.9835999999999988
Impartial Anonymous Culture (IAC),6,100,98,2,2,1000,Cutoff,Evaluative Voting,20.1,20.1,0.9665000000000025
Impartial Anonymous Culture (IAC),6,100,98,2,2,1000,Cutoff,k-Median Rule,12.3,12.3,0.9795000000000014
Impartial Anonymous Culture (IAC),6,100,98,2,2,1000,Cutoff,k-Median-Shapley,7.7,7.7,0.9871666666666674
Impartial Anonymous Culture (IAC),6,100,98,2,2,1000,Bottom,Evaluative Voting,20.1,20.1,0.9665000000000025
Impartial Anonymous Culture (IAC),6,100,98,2,2,1000,Bottom,k-Median Rule,12.3,12.3,0.9795000000000014
Impartial Anonymous Culture (IAC),6,100,98,2,2,1000,Bottom,k-Median-Shapley,7.7,7.7,0.9871666666666674
Impartial Anonymous Culture (IAC),2,100,97,3,3,1000,Cutoff,Evaluative Voting,38.7,38.7,0.8065
Impartial Anonymous Culture (IAC),2,100,97,3,3,1000,Cutoff,k-Median Rule,20.4,20.4,0.895
Impartial Anonymous Culture (IAC),2,100,97,3,3,1000,Cutoff,k-Median-Shapley,17.8,16.7,0.911
Impartial Anonymous Culture (IAC),2,100,97,3,3,1000,Bottom,Evaluative Voting,0.0,0.0,1.0
Impartial Anonymous Culture (IAC),2,100,97,3,3,1000,Bottom,k-Median Rule,17.299999999999997,0.1,0.9105
Impartial Anonymous Culture (IAC),2,100,97,3,3,1000,Bottom,k-Median-Shapley,13.4,0.0,0.933
Impartial Anonymous Culture (IAC),3,100,97,3,3,1000,Cutoff,Evaluative Voting,45.5,45.5,0.8483333333333292
Impartial Anonymous Culture (IAC),3,100,97,3,3,1000,Cutoff,k-Median Rule,25.1,25.1,0.9123333333333307
Impartial Anonymous Culture (IAC),3,100,97,3,3,1000,Cutoff,k-Median-Shapley,19.7,18.3,0.9343333333333308
Impartial Anonymous Culture (IAC),3,100,97,3,3,1000,Bottom,Evaluative Voting,0.0,0.0,1.0
Impartial Anonymous Culture (IAC),3,100,97,3,3,1000,Bottom,k-Median Rule,19.6,0.7000000000000001,0.9313333333333311
Impartial Anonymous Culture (IAC),3,100,97,3,3,1000,Bottom,k-Median-Shapley,15.0,0.1,0.9499999999999982
Impartial Anonymous Culture (IAC),4,100,97,3,3,1000,Cutoff,Evaluative Voting,44.0,44.0,0.89
Impartial Anonymous Culture (IAC),4,100,97,3,3,1000,Cutoff,k-Median Rule,21.7,21.7,0.9435
Impartial Anonymous Culture (IAC),4,100,97,3,3,1000,Cutoff,k-Median-Shapley,20.200000000000003,19.400000000000002,0.9495
Impartial Anonymous Culture (IAC),4,100,97,3,3,1000,Bottom,Evaluative Voting,0.8999999999999999,0.8999999999999999,0.99775
Impartial Anonymous Culture (IAC),4,100,97,3,3,1000,Bottom,k-Median Rule,19.5,2.3,0.94925
Impartial Anonymous Culture (IAC),4,100,97,3,3,1000,Bottom,k-Median-Shapley,15.0,0.2,0.9625
Impartial Anonymous Culture (IAC),5,100,97,3,3,1000,Cutoff,Evaluative Voting,39.900000000000006,39.900000000000006,0.9201999999999939
Impartial Anonymous Culture (IAC),5,100,97,3,3,1000,Cutoff,k-Median Rule,20.8,20.8,0.9569999999999972
Impartial Anonymous Culture (IAC),5,100,97,3,3,1000,Cutoff,k-Median-Shapley,17.7,17.1,0.964599999999997
Impartial Anonymous Culture (IAC),5,100,97,3,3,1000,Bottom,Evaluative Voting,6.6000000000000005,6.6000000000000005,0.9867999999999989
Impartial Anonymous Culture (IAC),5,100,97,3,3,1000,Bottom,k-Median Rule,17.8,5.2,0.9629999999999975
Impartial Anonymous Culture (IAC),5,100,97,3,3,1000,Bottom,k-Median-Shapley,13.4,2.0,0.9731999999999977
Impartial Anonymous Culture (IAC),6,100,97,3,3,1000,Cutoff,Evaluative Voting,29.799999999999997,29.799999999999997,0.9503333333333372
Impartial Anonymous Culture (IAC),6,100,97,3,3,1000,Cutoff,k-Median Rule,18.4,18.4,0.9693333333333353
Impartial Anonymous Culture (IAC),6,100,97,3,3,1000,Cutoff,k-Median-Shapley,12.9,12.9,0.9785000000000014
Impartial Anonymous Culture (IAC),6,100,97,3,3,1000,Bottom,Evaluative Voting,29.799999999999997,29.799999999999997,0.9503333333333372
Impartial Anonymous Culture (IAC),6,100,97,3,3,1000,Bottom,k-Median Rule,18.4,18.4,0.9693333333333353
Impartial Anonymous Culture (IAC),6,100,97,3,3,1000,Bottom,k-Median-Shapley,12.9,12.9,0.9785000000000014
Impartial Anonymous Culture (IAC),2,100,96,4,4,1000,Cutoff,Evaluative Voting,49.8,49.8,0.751
Impartial Anonymous Culture (IAC),2,100,96,4,4,1000,Cutoff,k-Median Rule,23.200000000000003,23.200000000000003,0.8785
Impartial Anonymous Culture (IAC),2,100,96,4,4,1000,Cutoff,k-Median-Shapley,18.6,17.2,0.9065
Impartial Anonymous Culture (IAC),2,100,96,4,4,1000,Bottom,Evaluative Voting,0.0,0.0,1.0
Impartial Anonymous Culture (IAC),2,100,96,4,4,1000,Bottom,k-Median Rule,17.9,0.5,0.9055
Impartial Anonymous Culture (IAC),2,100,96,4,4,1000,Bottom,k-Median-Shapley,12.3,0.0,0.938
Impartial Anonymous Culture (IAC),3,100,96,4,4,1000,Cutoff,Evaluative Voting,55.1,55.1,0.816333333333328
Impartial Anonymous Culture (IAC),3,100,96,4,4,1000,Cutoff,k-Median Rule,30.099999999999998,30.099999999999998,0.8966666666666631
Impartial Anonymous Culture (IAC),3,100,96,4,4,1000,Cutoff,k-Median-Shapley,23.799999999999997,22.3,0.9203333333333303
Impartial Anonymous Culture (IAC),3,100,96,4,4,1000,Bottom,Evaluative Voting,0.1,0.1,0.9996666666666667
Impartial Anonymous Culture (IAC),3,100,96,4,4,1000,Bottom,k-Median Rule,21.7,1.6,0.9253333333333308
Impartial Anonymous Culture (IAC),3,100,96,4,4,1000,Bottom,k-Median-Shapley,16.8,0.1,0.9436666666666644
Impartial Anonymous Culture (IAC),4,100,96,4,4,1000,Cutoff,Evaluative Voting,53.900000000000006,53.900000000000006,0.86525
Impartial Anonymous Culture (IAC),4,100,96,4,4,1000,Cutoff,k-Median Rule,27.200000000000003,27.200000000000003,0.93025
Impartial Anonymous Culture (IAC),4,100,96,4,4,1000,Cutoff,k-Median-Shapley,22.5,21.8,0.9435
Impartial Anonymous Culture (IAC),4,100,96,4,4,1000,Bottom,Evaluative Voting,1.5,1.5,0.99625
Impartial Anonymous Culture (IAC),4,100,96,4,4,1000,Bottom,k-Median Rule,22.1,4.6,0.94225
Impartial Anonymous Culture (IAC),4,100,96,4,4,1000,Bottom,k-Median-Shapley,15.299999999999999,0.1,0.9615
Impartial Anonymous Culture (IAC),5,100,96,4,4,1000,Cutoff,Evaluative Voting,49.0,49.0,0.9019999999999925
Impartial Anonymous Culture (IAC),5,100,96,4,4,1000,Cutoff,k-Median Rule,26.200000000000003,26.200000000000003,0.9459999999999961
Impartial Anonymous Culture (IAC),5,100,96,4,4,1000,Cutoff,k-Median-Shapley,20.5,20.1,0.9589999999999967
Impartial Anonymous Culture (IAC),5,100,96,4,4,1000,Bottom,Evaluative Voting,10.7,10.7,0.9785999999999982
Impartial Anonymous Culture (IAC),5,100,96,4,4,1000,Bottom,k-Median Rule,21.6,9.3,0.9547999999999963
Impartial Anonymous Culture (IAC),5,100,96,4,4,1000,Bottom,k-Median-Shapley,14.899999999999999,2.7,0.9701999999999975
Impartial Anonymous Culture (IAC),6,100,96,4,4,1000,Cutoff,Evaluative Voting,37.5,37.5,0.9375000000000052
Impartial Anonymous Culture (IAC),6,100,96,4,4,1000,Cutoff,k-Median Rule,23.9,23.9,0.9601666666666697
Impartial Anonymous Culture (IAC),6,100,96,4,4,1000,Cutoff,k-Median-Shapley,16.1,16.1,0.9731666666666683
Impartial Anonymous Culture (IAC),6,100,96,4,4,1000,Bottom,Evaluative Voting,37.5,37.5,0.9375000000000052
Impartial Anonymous Culture (IAC),6,100,96,4,4,1000,Bottom,k-Median Rule,23.9,23.9,0.9601666666666697
Impartial Anonymous Culture (IAC),6,100,96,4,4,1000,Bottom,k-Median-Shapley,16.1,16.1,0.9731666666666683
Impartial Anonymous Culture (IAC),2,100,95,5,5,1000,Cutoff,Evaluative Voting,58.4,58.4,0.708
Impartial Anonymous Culture (IAC),2,100,95,5,5,1000,Cutoff,k-Median Rule,31.4,31.4,0.836
Impartial Anonymous Culture (IAC),2,100,95,5,5,1000,Cutoff,k-Median-Shapley,21.3,20.0,0.8935
Impartial Anonymous Culture (IAC),2,100,95,5,5,1000,Bottom,Evaluative Voting,0.0,0.0,1.0
Impartial Anonymous Culture (IAC),2,100,95,5,5,1000,Bottom,k-Median Rule,25.5,0.6,0.8665
Impartial Anonymous Culture (IAC),2,100,95,5,5,1000,Bottom,k-Median-Shapley,14.6,0.0,0.927
Impartial Anonymous Culture (IAC),3,100,95,5,5,1000,Cutoff,Evaluative Voting,65.10000000000001,65.10000000000001,0.782999999999994
Impartial Anonymous Culture (IAC),3,100,95,5,5,1000,Cutoff,k-Median Rule,37.8,37.8,0.8683333333333297
Impartial Anonymous Culture (IAC),3,100,95,5,5,1000,Cutoff,k-Median-Shapley,28.9,27.200000000000003,0.9036666666666632
Impartial Anonymous Culture (IAC),3,100,95,5,5,1000,Bottom,Evaluative Voting,0.6,0.6,0.9979999999999999
Impartial Anonymous Culture (IAC),3,100,95,5,5,1000,Bottom,k-Median Rule,29.7,1.9,0.8966666666666638
Impartial Anonymous Culture (IAC),3,100,95,5,5,1000,Bottom,k-Median-Shapley,18.7,0.0,0.9376666666666642
Impartial Anonymous Culture (IAC),4,100,95,5,5,1000,Cutoff,Evaluative Voting,62.9,62.9,0.84275
Impartial Anonymous Culture (IAC),4,100,95,5,5,1000,Cutoff,k-Median Rule,34.4,34.4,0.91025
Impartial Anonymous Culture (IAC),4,100,95,5,5,1000,Cutoff,k-Median-Shapley,28.199999999999996,27.1,0.929
Impartial Anonymous Culture (IAC),4,100,95,5,5,1000,Bottom,Evaluative Voting,3.4000000000000004,3.4000000000000004,0.9915
Impartial Anonymous Culture (IAC),4,100,95,5,5,1000,Bottom,k-Median Rule,28.499999999999996,5.2,0.925
Impartial Anonymous Culture (IAC),4,100,95,5,5,1000,Bottom,k-Median-Shapley,17.8,0.5,0.955
Impartial Anonymous Culture (IAC),5,100,95,5,5,1000,Cutoff,Evaluative Voting,56.89999999999999,56.89999999999999,0.8861999999999919
Impartial Anonymous Culture (IAC),5,100,95,5,5,1000,Cutoff,k-Median Rule,34.0,34.0,0.9297999999999955
Impartial Anonymous Culture (IAC),5,100,95,5,5,1000,Cutoff,k-Median-Shapley,25.4,25.0,0.9489999999999958
Impartial Anonymous Culture (IAC),5,100,95,5,5,1000,Bottom,Evaluative Voting,14.299999999999999,14.299999999999999,0.9713999999999976
Impartial Anonymous Culture (IAC),5,100,95,5,5,1000,Bottom,k-Median Rule,27.3,10.0,0.9427999999999958
Impartial Anonymous Culture (IAC),5,100,95,5,5,1000,Bottom,k-Median-Shapley,17.1,2.6,0.9655999999999973
Impartial Anonymous Culture (IAC),6,100,95,5,5,1000,Cutoff,Evaluative Voting,44.1,44.1,0.9265000000000058
Impartial Anonymous Culture (IAC),6,100,95,5,5,1000,Cutoff,k-Median Rule,28.599999999999998,28.599999999999998,0.9523333333333367
Impartial Anonymous Culture (IAC),6,100,95,5,5,1000,Cutoff,k-Median-Shapley,18.2,18.2,0.9696666666666686
Impartial Anonymous Culture (IAC),6,100,95,5,5,1000,Bottom,Evaluative Voting,44.1,44.1,0.9265000000000058
Impartial Anonymous Culture (IAC),6,100,95,5,5,1000,Bottom,k-Median Rule,28.599999999999998,28.599999999999998,0.9523333333333367
Impartial Anonymous Culture (IAC),6,100,95,5,5,1000,Bottom,k-Median-Shapley,18.2,18.2,0.9696666666666686
Impartial Anonymous Culture (IAC),2,100,94,6,6,1000,Cutoff,Evaluative Voting,66.10000000000001,66.10000000000001,0.6695
Impartial Anonymous Culture (IAC),2,100,94,6,6,1000,Cutoff,k-Median Rule,36.199999999999996,36.199999999999996,0.8105
Impartial Anonymous Culture (IAC),2,100,94,6,6,1000,Cutoff,k-Median-Shapley,21.2,20.1,0.893
Impartial Anonymous Culture (IAC),2,100,94,6,6,1000,Bottom,Evaluative Voting,0.2,0.2,0.999
Impartial Anonymous Culture (IAC),2,100,94,6,6,1000,Bottom,k-Median Rule,26.700000000000003,1.5,0.859
Impartial Anonymous Culture (IAC),2,100,94,6,6,1000,Bottom,k-Median-Shapley,14.299999999999999,0.0,0.928
Impartial Anonymous Culture (IAC),3,100,94,6,6,1000,Cutoff,Evaluative Voting,73.3,73.3,0.7556666666666612
Impartial Anonymous Culture (IAC),3,100,94,6,6,1000,Cutoff,k-Median Rule,41.699999999999996,41.699999999999996,0.855999999999996
Impartial Anonymous Culture (IAC),3,100,94,6,6,1000,Cutoff,k-Median-Shapley,31.4,29.799999999999997,0.8949999999999964
Impartial Anonymous Culture (IAC),3,100,94,6,6,1000,Bottom,Evaluative Voting,1.5,1.5,0.9949999999999998
Impartial Anonymous Culture (IAC),3,100,94,6,6,1000,Bottom,k-Median Rule,31.3,3.8,0.8906666666666632
Impartial Anonymous Culture (IAC),3,100,94,6,6,1000,Bottom,k-Median-Shapley,19.8,0.1,0.9336666666666639
Impartial Anonymous Culture (IAC),4,100,94,6,6,1000,Cutoff,Evaluative Voting,71.7,71.7,0.82075
Impartial Anonymous Culture (IAC),4,100,94,6,6,1000,Cutoff,k-Median Rule,38.4,38.4,0.90125
Impartial Anonymous Culture (IAC),4,100,94,6,6,1000,Cutoff,k-Median-Shapley,30.599999999999998,29.299999999999997,0.9235
Impartial Anonymous Culture (IAC),4,100,94,6,6,1000,Bottom,Evaluative Voting,5.4,5.4,0.9865
Impartial Anonymous Culture (IAC),4,100,94,6,6,1000,Bottom,k-Median Rule,31.4,8.3,0.9175
Impartial Anonymous Culture (IAC),4,100,94,6,6,1000,Bottom,k-Median-Shapley,19.900000000000002,1.0,0.95025
Impartial Anonymous Culture (IAC),5,100,94,6,6,1000,Cutoff,Evaluative Voting,64.1,64.1,0.8717999999999916
Impartial Anonymous Culture (IAC),5,100,94,6,6,1000,Cutoff,k-Median Rule,37.0,37.0,0.9239999999999952
Impartial Anonymous Culture (IAC),5,100,94,6,6,1000,Cutoff,k-Median-Shapley,27.1,26.700000000000003,0.9453999999999961
Impartial Anonymous Culture (IAC),5,100,94,6,6,1000,Bottom,Evaluative Voting,18.8,18.8,0.9623999999999967
Impartial Anonymous Culture (IAC),5,100,94,6,6,1000,Bottom,k-Median Rule,31.3,14.799999999999999,0.9347999999999955
Impartial Anonymous Culture (IAC),5,100,94,6,6,1000,Bottom,k-Median-Shapley,18.5,4.7,0.9625999999999972
Impartial Anonymous Culture (IAC),6,100,94,6,6,1000,Cutoff,Evaluative Voting,50.9,50.9,0.9151666666666735
Impartial Anonymous Culture (IAC),6,100,94,6,6,1000,Cutoff,k-Median Rule,33.900000000000006,33.900000000000006,0.943500000000004
Impartial Anonymous Culture (IAC),6,100,94,6,6,1000,Cutoff,k-Median-Shapley,20.8,20.8,0.9653333333333354
Impartial Anonymous Culture (IAC),6,100,94,6,6,1000,Bottom,Evaluative Voting,50.9,50.9,0.9151666666666735
Impartial Anonymous Culture (IAC),6,100,94,6,6,1000,Bottom,k-Median Rule,33.900000000000006,33.900000000000006,0.943500000000004
Impartial Anonymous Culture (IAC),6,100,94,6,6,1000,Bottom,k-Median-Shapley,20.8,20.8,0.9653333333333354
Impartial Anonymous Culture (IAC),2,100,93,7,7,1000,Cutoff,Evaluative Voting,72.5,72.5,0.6375
Impartial Anonymous Culture (IAC),2,100,93,7,7,1000,Cutoff,k-Median Rule,43.2,43.2,0.7715
Impartial Anonymous Culture (IAC),2,100,93,7,7,1000,Cutoff,k-Median-Shapley,26.6,24.7,0.866
Impartial Anonymous Culture (IAC),2,100,93,7,7,1000,Bottom,Evaluative Voting,0.4,0.4,0.998
Impartial Anonymous Culture (IAC),2,100,93,7,7,1000,Bottom,k-Median Rule,32.1,1.9,0.8305
Impartial Anonymous Culture (IAC),2,100,93,7,7,1000,Bottom,k-Median-Shapley,17.0,0.0,0.914
Impartial Anonymous Culture (IAC),3,100,93,7,7,1000,Cutoff,Evaluative Voting,79.7,79.7,0.734333333333328
Impartial Anonymous Culture (IAC),3,100,93,7,7,1000,Cutoff,k-Median Rule,47.5,47.5,0.8316666666666628
Impartial Anonymous Culture (IAC),3,100,93,7,7,1000,Cutoff,k-Median-Shapley,34.4,32.9,0.8849999999999966
Impartial Anonymous Culture (IAC),3,100,93,7,7,1000,Bottom,Evaluative Voting,2.1,2.1,0.9929999999999998
Impartial Anonymous Culture (IAC),3,100,93,7,7,1000,Bottom,k-Median Rule,38.4,5.2,0.8623333333333302
Impartial Anonymous Culture (IAC),3,100,93,7,7,1000,Bottom,k-Median-Shapley,20.9,0.1,0.9303333333333307
Impartial Anonymous Culture (IAC),4,100,93,7,7,1000,Cutoff,Evaluative Voting,77.7,77.7,0.80575
Impartial Anonymous Culture (IAC),4,100,93,7,7,1000,Cutoff,k-Median Rule,46.1,46.1,0.879
Impartial Anonymous Culture (IAC),4,100,93,7,7,1000,Cutoff,k-Median-Shapley,33.300000000000004,31.5,0.91625
Impartial Anonymous Culture (IAC),4,100,93,7,7,1000,Bottom,Evaluative Voting,7.3999999999999995,7.3999999999999995,0.9815
Impartial Anonymous Culture (IAC),4,100,93,7,7,1000,Bottom,k-Median Rule,37.2,9.700000000000001,0.9005
Impartial Anonymous Culture (IAC),4,100,93,7,7,1000,Bottom,k-Median-Shapley,20.599999999999998,1.0,0.94825
Impartial Anonymous Culture (IAC),5,100,93,7,7,1000,Cutoff,Evaluative Voting,70.7,70.7,0.8585999999999908
Impartial Anonymous Culture (IAC),5,100,93,7,7,1000,Cutoff,k-Median Rule,43.4,43.4,0.9093999999999942
Impartial Anonymous Culture (IAC),5,100,93,7,7,1000,Cutoff,k-Median-Shapley,29.9,29.299999999999997,0.9397999999999952
Impartial Anonymous Culture (IAC),5,100,93,7,7,1000,Bottom,Evaluative Voting,24.5,24.5,0.9509999999999961
Impartial Anonymous Culture (IAC),5,100,93,7,7,1000,Bottom,k-Median Rule,38.0,17.7,0.9201999999999949
Impartial Anonymous Culture (IAC),5,100,93,7,7,1000,Bottom,k-Median-Shapley,20.200000000000003,5.8999999999999995,0.9587999999999969
Impartial Anonymous Culture (IAC),6,100,93,7,7,1000,Cutoff,Evaluative Voting,57.49999999999999,57.49999999999999,0.904166666666674
Impartial Anonymous Culture (IAC),6,100,93,7,7,1000,Cutoff,k-Median Rule,37.9,37.9,0.9368333333333378
Impartial Anonymous Culture (IAC),6,100,93,7,7,1000,Cutoff,k-Median-Shapley,23.400000000000002,23.400000000000002,0.9610000000000024
Impartial Anonymous Culture (IAC),6,100,93,7,7,1000,Bottom,Evaluative Voting,57.49999999999999,57.49999999999999,0.904166666666674
Impartial Anonymous Culture (IAC),6,100,93,7,7,1000,Bottom,k-Median Rule,37.9,37.9,0.9368333333333378
Impartial Anonymous Culture (IAC),6,100,93,7,7,1000,Bottom,k-Median-Shapley,23.400000000000002,23.400000000000002,0.9610000000000024
Impartial Anonymous Culture (IAC),2,100,92,8,8,1000,Cutoff,Evaluative Voting,78.60000000000001,78.60000000000001,0.607
Impartial Anonymous Culture (IAC),2,100,92,8,8,1000,Cutoff,k-Median Rule,46.0,46.0,0.759
Impartial Anonymous Culture (IAC),2,100,92,8,8,1000,Cutoff,k-Median-Shapley,29.299999999999997,28.4,0.8525
Impartial Anonymous Culture (IAC),2,100,92,8,8,1000,Bottom,Evaluative Voting,0.6,0.6,0.997
Impartial Anonymous Culture (IAC),2,100,92,8,8,1000,Bottom,k-Median Rule,33.300000000000004,2.7,0.8255
Impartial Anonymous Culture (IAC),2,100,92,8,8,1000,Bottom,k-Median-Shapley,17.599999999999998,0.0,0.9115
Impartial Anonymous Culture (IAC),3,100,92,8,8,1000,Cutoff,Evaluative Voting,85.6,85.6,0.7146666666666619
Impartial Anonymous Culture (IAC),3,100,92,8,8,1000,Cutoff,k-Median Rule,52.0,52.0,0.8159999999999963
Impartial Anonymous Culture (IAC),3,100,92,8,8,1000,Cutoff,k-Median-Shapley,36.199999999999996,35.3,0.8789999999999959
Impartial Anonymous Culture (IAC),3,100,92,8,8,1000,Bottom,Evaluative Voting,2.7,2.7,0.9909999999999997
Impartial Anonymous Culture (IAC),3,100,92,8,8,1000,Bottom,k-Median Rule,39.800000000000004,6.9,0.8559999999999971
Impartial Anonymous Culture (IAC),3,100,92,8,8,1000,Bottom,k-Median-Shapley,20.599999999999998,0.4,0.930999999999997
Impartial Anonymous Culture (IAC),4,100,92,8,8,1000,Cutoff,Evaluative Voting,84.3,84.3,0.78925
Impartial Anonymous Culture (IAC),4,100,92,8,8,1000,Cutoff,k-Median Rule,49.3,49.3,0.872
Impartial Anonymous Culture (IAC),4,100,92,8,8,1000,Cutoff,k-Median-Shapley,36.6,34.9,0.9085
Impartial Anonymous Culture (IAC),4,100,92,8,8,1000,Bottom,Evaluative Voting,10.7,10.7,0.97325
Impartial Anonymous Culture (IAC),4,100,92,8,8,1000,Bottom,k-Median Rule,40.300000000000004,12.6,0.89225
Impartial Anonymous Culture (IAC),4,100,92,8,8,1000,Bottom,k-Median-Shapley,20.5,1.3,0.94825
Impartial Anonymous Culture (IAC),5,100,92,8,8,1000,Cutoff,Evaluative Voting,76.9,76.9,0.8461999999999902
Impartial Anonymous Culture (IAC),5,100,92,8,8,1000,Cutoff,k-Median Rule,47.4,47.4,0.9011999999999937
Impartial Anonymous Culture (IAC),5,100,92,8,8,1000,Cutoff,k-Median-Shapley,32.7,32.300000000000004,0.934399999999995
Impartial Anonymous Culture (IAC),5,100,92,8,8,1000,Bottom,Evaluative Voting,31.7,31.7,0.9365999999999948
Impartial Anonymous Culture (IAC),5,100,92,8,8,1000,Bottom,k-Median Rule,41.4,22.5,0.9119999999999945
Impartial Anonymous Culture (IAC),5,100,92,8,8,1000,Bottom,k-Median-Shapley,19.8,5.800000000000001,0.9595999999999969
Impartial Anonymous Culture (IAC),6,100,92,8,8,1000,Cutoff,Evaluative Voting,64.60000000000001,64.60000000000001,0.8923333333333413
Impartial Anonymous Culture (IAC),6,100,92,8,8,1000,Cutoff,k-Median Rule,42.4,42.4,0.9293333333333385
Impartial Anonymous Culture (IAC),6,100,92,8,8,1000,Cutoff,k-Median-Shapley,27.0,27.0,0.9550000000000028
Impartial Anonymous Culture (IAC),6,100,92,8,8,1000,Bottom,Evaluative Voting,64.60000000000001,64.60000000000001,0.8923333333333413
Impartial Anonymous Culture (IAC),6,100,92,8,8,1000,Bottom,k-Median Rule,42.4,42.4,0.9293333333333385
Impartial Anonymous Culture (IAC),6,100,92,8,8,1000,Bottom,k-Median-Shapley,27.0,27.0,0.9550000000000028
Impartial Anonymous Culture (IAC),2,100,91,9,9,1000,Cutoff,Evaluative Voting,82.69999999999999,82.69999999999999,0.5865
Impartial Anonymous Culture (IAC),2,100,91,9,9,1000,Cutoff,k-Median Rule,51.7,51.7,0.725
Impartial Anonymous Culture (IAC),2,100,91,9,9,1000,Cutoff,k-Median-Shapley,31.8,30.9,0.84
Impartial Anonymous Culture (IAC),2,100,91,9,9,1000,Bottom,Evaluative Voting,0.8,0.8,0.996
Impartial Anonymous Culture (IAC),2,100,91,9,9,1000,Bottom,k-Median Rule,38.3,2.8000000000000003,0.797
Impartial Anonymous Culture (IAC),2,100,91,9,9,1000,Bottom,k-Median-Shapley,17.0,0.0,0.9145
Impartial Anonymous Culture (IAC),3,100,91,9,9,1000,Cutoff,Evaluative Voting,89.4,89.4,0.7019999999999953
Impartial Anonymous Culture (IAC),3,100,91,9,9,1000,Cutoff,k-Median Rule,57.99999999999999,57.99999999999999,0.7926666666666623
Impartial Anonymous Culture (IAC),3,100,91,9,9,1000,Cutoff,k-Median-Shapley,39.800000000000004,37.6,0.8666666666666619
Impartial Anonymous Culture (IAC),3,100,91,9,9,1000,Bottom,Evaluative Voting,4.2,4.2,0.9859999999999993
Impartial Anonymous Culture (IAC),3,100,91,9,9,1000,Bottom,k-Median Rule,45.7,7.000000000000001,0.8346666666666633
Impartial Anonymous Culture (IAC),3,100,91,9,9,1000,Bottom,k-Median-Shapley,21.5,0.4,0.9279999999999964
Impartial Anonymous Culture (IAC),4,100,91,9,9,1000,Cutoff,Evaluative Voting,88.0,88.0,0.78
Impartial Anonymous Culture (IAC),4,100,91,9,9,1000,Cutoff,k-Median Rule,56.699999999999996,56.699999999999996,0.84925
Impartial Anonymous Culture (IAC),4,100,91,9,9,1000,Cutoff,k-Median-Shapley,40.0,38.9,0.8995
Impartial Anonymous Culture (IAC),4,100,91,9,9,1000,Bottom,Evaluative Voting,15.6,15.6,0.961
Impartial Anonymous Culture (IAC),4,100,91,9,9,1000,Bottom,k-Median Rule,46.400000000000006,13.0,0.8735
Impartial Anonymous Culture (IAC),4,100,91,9,9,1000,Bottom,k-Median-Shapley,21.7,1.4000000000000001,0.9455
Impartial Anonymous Culture (IAC),5,100,91,9,9,1000,Cutoff,Evaluative Voting,81.3,81.3,0.8373999999999897
Impartial Anonymous Culture (IAC),5,100,91,9,9,1000,Cutoff,k-Median Rule,53.0,53.0,0.8887999999999933
Impartial Anonymous Culture (IAC),5,100,91,9,9,1000,Cutoff,k-Median-Shapley,35.699999999999996,35.199999999999996,0.9285999999999949
Impartial Anonymous Culture (IAC),5,100,91,9,9,1000,Bottom,Evaluative Voting,37.8,37.8,0.924399999999994
Impartial Anonymous Culture (IAC),5,100,91,9,9,1000,Bottom,k-Median Rule,47.599999999999994,24.099999999999998,0.8975999999999935
Impartial Anonymous Culture (IAC),5,100,91,9,9,1000,Bottom,k-Median-Shapley,21.7,6.7,0.9559999999999969
Impartial Anonymous Culture (IAC),6,100,91,9,9,1000,Cutoff,Evaluative Voting,70.3,70.3,0.8828333333333419
Impartial Anonymous Culture (IAC),6,100,91,9,9,1000,Cutoff,k-Median Rule,45.9,45.9,0.9235000000000052
Impartial Anonymous Culture (IAC),6,100,91,9,9,1000,Cutoff,k-Median-Shapley,29.4,29.4,0.9510000000000034
Impartial Anonymous Culture (IAC),6,100,91,9,9,1000,Bottom,Evaluative Voting,70.3,70.3,0.8828333333333419
Impartial Anonymous Culture (IAC),6,100,91,9,9,1000,Bottom,k-Median Rule,45.9,45.9,0.9235000000000052
Impartial Anonymous Culture (IAC),6,100,91,9,9,1000,Bottom,k-Median-Shapley,29.4,29.4,0.9510000000000034
Impartial Anonymous Culture (IAC),2,100,90,10,10,1000,Cutoff,Evaluative Voting,86.4,86.4,0.568
Impartial Anonymous Culture (IAC),2,100,90,10,10,1000,Cutoff,k-Median Rule,54.300000000000004,54.300000000000004,0.7105
Impartial Anonymous Culture (IAC),2,100,90,10,10,1000,Cutoff,k-Median-Shapley,34.599999999999994,33.1,0.827
Impartial Anonymous Culture (IAC),2,100,90,10,10,1000,Bottom,Evaluative Voting,1.2,1.2,0.994
Impartial Anonymous Culture (IAC),2,100,90,10,10,1000,Bottom,k-Median Rule,37.9,4.3,0.798
Impartial Anonymous Culture (IAC),2,100,90,10,10,1000,Bottom,k-Median-Shapley,18.3,0.0,0.9085
Impartial Anonymous Culture (IAC),3,100,90,10,10,1000,Cutoff,Evaluative Voting,91.8,91.8,0.693999999999996
Impartial Anonymous Culture (IAC),3,100,90,10,10,1000,Cutoff,k-Median Rule,60.0,60.0,0.787666666666662
Impartial Anonymous Culture (IAC),3,100,90,10,10,1000,Cutoff,k-Median-Shapley,41.0,39.5,0.8619999999999958
Impartial Anonymous Culture (IAC),3,100,90,10,10,1000,Bottom,Evaluative Voting,7.000000000000001,7.000000000000001,0.9766666666666657
Impartial Anonymous Culture (IAC),3,100,90,10,10,1000,Bottom,k-Median Rule,45.300000000000004,9.8,0.8359999999999966
Impartial Anonymous Culture (IAC),3,100,90,10,10,1000,Bottom,k-Median-Shapley,21.4,0.6,0.928666666666663
Impartial Anonymous Culture (IAC),4,100,90,10,10,1000,Cutoff,Evaluative Voting,90.4,90.4,0.774
Impartial Anonymous Culture (IAC),4,100,90,10,10,1000,Cutoff,k-Median Rule,60.199999999999996,60.199999999999996,0.84075
Impartial Anonymous Culture (IAC),4,100,90,10,10,1000,Cutoff,k-Median-Shapley,42.8,41.5,0.8915
Impartial Anonymous Culture (IAC),4,100,90,10,10,1000,Bottom,Evaluative Voting,21.5,21.5,0.94625
Impartial Anonymous Culture (IAC),4,100,90,10,10,1000,Bottom,k-Median Rule,49.5,17.299999999999997,0.864
Impartial Anonymous Culture (IAC),4,100,90,10,10,1000,Bottom,k-Median-Shapley,23.0,2.0,0.941
Impartial Anonymous Culture (IAC),5,100,90,10,10,1000,Cutoff,Evaluative Voting,86.0,86.0,0.8279999999999894
Impartial Anonymous Culture (IAC),5,100,90,10,10,1000,Cutoff,k-Median Rule,56.599999999999994,56.599999999999994,0.8823999999999923
Impartial Anonymous Culture (IAC),5,100,90,10,10,1000,Cutoff,k-Median-Shapley,37.6,36.9,0.9245999999999941
Impartial Anonymous Culture (IAC),5,100,90,10,10,1000,Bottom,Evaluative Voting,44.1,44.1,0.9117999999999932
Impartial Anonymous Culture (IAC),5,100,90,10,10,1000,Bottom,k-Median Rule,51.5,29.099999999999998,0.8899999999999929
Impartial Anonymous Culture (IAC),5,100,90,10,10,1000,Bottom,k-Median-Shapley,22.900000000000002,8.7,0.9533999999999966
Impartial Anonymous Culture (IAC),6,100,90,10,10,1000,Cutoff,Evaluative Voting,76.4,76.4,0.8726666666666756
Impartial Anonymous Culture (IAC),6,100,90,10,10,1000,Cutoff,k-Median Rule,50.3,50.3,0.9161666666666726
Impartial Anonymous Culture (IAC),6,100,90,10,10,1000,Cutoff,k-Median-Shapley,31.3,31.3,0.9478333333333369
Impartial Anonymous Culture (IAC),6,100,90,10,10,1000,Bottom,Evaluative Voting,76.4,76.4,0.8726666666666756
Impartial Anonymous Culture (IAC),6,100,90,10,10,1000,Bottom,k-Median Rule,50.3,50.3,0.9161666666666726
Impartial Anonymous Culture (IAC),6,100,90,10,10,1000,Bottom,k-Median-Shapley,31.3,31.3,0.9478333333333369
Impartial Anonymous Culture (IAC),2,100,89,11,11,1000,Cutoff,Evaluative Voting,90.0,90.0,0.55
Impartial Anonymous Culture (IAC),2,100,89,11,11,1000,Cutoff,k-Median Rule,59.5,59.5,0.677
Impartial Anonymous Culture (IAC),2,100,89,11,11,1000,Cutoff,k-Median-Shapley,37.8,36.3,0.8105
Impartial Anonymous Culture (IAC),2,100,89,11,11,1000,Bottom,Evaluative Voting,1.7999999999999998,1.7999999999999998,0.991
Impartial Anonymous Culture (IAC),2,100,89,11,11,1000,Bottom,k-Median Rule,44.3,5.6000000000000005,0.7605
Impartial Anonymous Culture (IAC),2,100,89,11,11,1000,Bottom,k-Median-Shapley,19.400000000000002,0.1,0.902
Impartial Anonymous Culture (IAC),3,100,89,11,11,1000,Cutoff,Evaluative Voting,94.3,94.3,0.6856666666666629
Impartial Anonymous Culture (IAC),3,100,89,11,11,1000,Cutoff,k-Median Rule,65.0,65.0,0.7653333333333288
Impartial Anonymous Culture (IAC),3,100,89,11,11,1000,Cutoff,k-Median-Shapley,45.4,44.3,0.8466666666666623
Impartial Anonymous Culture (IAC),3,100,89,11,11,1000,Bottom,Evaluative Voting,10.299999999999999,10.299999999999999,0.9656666666666656
Impartial Anonymous Culture (IAC),3,100,89,11,11,1000,Bottom,k-Median Rule,51.5,11.5,0.8103333333333298
Impartial Anonymous Culture (IAC),3,100,89,11,11,1000,Bottom,k-Median-Shapley,24.3,0.7000000000000001,0.9186666666666632
Impartial Anonymous Culture (IAC),4,100,89,11,11,1000,Cutoff,Evaluative Voting,93.30000000000001,93.30000000000001,0.76675
Impartial Anonymous Culture (IAC),4,100,89,11,11,1000,Cutoff,k-Median Rule,65.3,65.3,0.82375
Impartial Anonymous Culture (IAC),4,100,89,11,11,1000,Cutoff,k-Median-Shapley,46.5,45.5,0.88275
Impartial Anonymous Culture (IAC),4,100,89,11,11,1000,Bottom,Evaluative Voting,26.1,26.1,0.93475
Impartial Anonymous Culture (IAC),4,100,89,11,11,1000,Bottom,k-Median Rule,54.400000000000006,20.200000000000003,0.848
Impartial Anonymous Culture (IAC),4,100,89,11,11,1000,Bottom,k-Median-Shapley,25.8,2.7,0.93425
Impartial Anonymous Culture (IAC),5,100,89,11,11,1000,Cutoff,Evaluative Voting,89.2,89.2,0.8215999999999893
Impartial Anonymous Culture (IAC),5,100,89,11,11,1000,Cutoff,k-Median Rule,61.4,61.4,0.8707999999999924
Impartial Anonymous Culture (IAC),5,100,89,11,11,1000,Cutoff,k-Median-Shapley,40.5,40.1,0.9181999999999941
Impartial Anonymous Culture (IAC),5,100,89,11,11,1000,Bottom,Evaluative Voting,49.3,49.3,0.9013999999999923
Impartial Anonymous Culture (IAC),5,100,89,11,11,1000,Bottom,k-Median Rule,55.2,31.900000000000002,0.8807999999999935
Impartial Anonymous Culture (IAC),5,100,89,11,11,1000,Bottom,k-Median-Shapley,25.5,9.9,0.9479999999999967
Impartial Anonymous Culture (IAC),6,100,89,11,11,1000,Cutoff,Evaluative Voting,80.30000000000001,80.30000000000001,0.8661666666666759
Impartial Anonymous Culture (IAC),6,100,89,11,11,1000,Cutoff,k-Median Rule,53.900000000000006,53.900000000000006,0.9101666666666726
Impartial Anonymous Culture (IAC),6,100,89,11,11,1000,Cutoff,k-Median-Shapley,34.2,34.2,0.9430000000000041
Impartial Anonymous Culture (IAC),6,100,89,11,11,1000,Bottom,Evaluative Voting,80.30000000000001,80.30000000000001,0.8661666666666759
Impartial Anonymous Culture (IAC),6,100,89,11,11,1000,Bottom,k-Median Rule,53.900000000000006,53.900000000000006,0.9101666666666726
Impartial Anonymous Culture (IAC),6,100,89,11,11,1000,Bottom,k-Median-Shapley,34.2,34.2,0.9430000000000041
Impartial Anonymous Culture (IAC),2,100,88,12,12,1000,Cutoff,Evaluative Voting,92.30000000000001,92.30000000000001,0.5385
Impartial Anonymous Culture (IAC),2,100,88,12,12,1000,Cutoff,k-Median Rule,62.1,62.1,0.6675
Impartial Anonymous Culture (IAC),2,100,88,12,12,1000,Cutoff,k-Median-Shapley,40.2,38.9,0.7985
Impartial Anonymous Culture (IAC),2,100,88,12,12,1000,Bottom,Evaluative Voting,3.9,3.9,0.9805
Impartial Anonymous Culture (IAC),2,100,88,12,12,1000,Bottom,k-Median Rule,45.5,6.6000000000000005,0.7565
Impartial Anonymous Culture (IAC),2,100,88,12,12,1000,Bottom,k-Median-Shapley,21.2,0.0,0.894
Impartial Anonymous Culture (IAC),3,100,88,12,12,1000,Cutoff,Evaluative Voting,96.39999999999999,96.39999999999999,0.6786666666666632
Impartial Anonymous Culture (IAC),3,100,88,12,12,1000,Cutoff,k-Median Rule,67.4,67.4,0.7589999999999952
Impartial Anonymous Culture (IAC),3,100,88,12,12,1000,Cutoff,k-Median-Shapley,47.9,46.7,0.8393333333333287
Impartial Anonymous Culture (IAC),3,100,88,12,12,1000,Bottom,Evaluative Voting,14.899999999999999,14.899999999999999,0.9503333333333316
Impartial Anonymous Culture (IAC),3,100,88,12,12,1000,Bottom,k-Median Rule,51.4,13.200000000000001,0.8116666666666629
Impartial Anonymous Culture (IAC),3,100,88,12,12,1000,Bottom,k-Median-Shapley,25.1,1.0,0.9159999999999965
Impartial Anonymous Culture (IAC),4,100,88,12,12,1000,Cutoff,Evaluative Voting,94.3,94.3,0.76425
Impartial Anonymous Culture (IAC),4,100,88,12,12,1000,Cutoff,k-Median Rule,69.19999999999999,69.19999999999999,0.8155
Impartial Anonymous Culture (IAC),4,100,88,12,12,1000,Cutoff,k-Median-Shapley,49.9,48.6,0.87375
Impartial Anonymous Culture (IAC),4,100,88,12,12,1000,Bottom,Evaluative Voting,31.7,31.7,0.92075
Impartial Anonymous Culture (IAC),4,100,88,12,12,1000,Bottom,k-Median Rule,57.99999999999999,22.7,0.83925
Impartial Anonymous Culture (IAC),4,100,88,12,12,1000,Bottom,k-Median-Shapley,25.8,3.2,0.934
Impartial Anonymous Culture (IAC),5,100,88,12,12,1000,Cutoff,Evaluative Voting,92.0,92.0,0.8159999999999893
Impartial Anonymous Culture (IAC),5,100,88,12,12,1000,Cutoff,k-Median Rule,66.10000000000001,66.10000000000001,0.8625999999999923
Impartial Anonymous Culture (IAC),5,100,88,12,12,1000,Cutoff,k-Median-Shapley,44.3,43.7,0.9105999999999935
Impartial Anonymous Culture (IAC),5,100,88,12,12,1000,Bottom,Evaluative Voting,55.00000000000001,55.00000000000001,0.8899999999999916
Impartial Anonymous Culture (IAC),5,100,88,12,12,1000,Bottom,k-Median Rule,58.4,35.3,0.8733999999999934
Impartial Anonymous Culture (IAC),5,100,88,12,12,1000,Bottom,k-Median-Shapley,25.3,10.7,0.9481999999999968
Impartial Anonymous Culture (IAC),6,100,88,12,12,1000,Cutoff,Evaluative Voting,84.39999999999999,84.39999999999999,0.8593333333333425
Impartial Anonymous Culture (IAC),6,100,88,12,12,1000,Cutoff,k-Median Rule,58.8,58.8,0.9020000000000062
Impartial Anonymous Culture (IAC),6,100,88,12,12,1000,Cutoff,k-Median-Shapley,35.8,35.8,0.9403333333333374
Impartial Anonymous Culture (IAC),6,100,88,12,12,1000,Bottom,Evaluative Voting,84.39999999999999,84.39999999999999,0.8593333333333425
Impartial Anonymous Culture (IAC),6,100,88,12,12,1000,Bottom,k-Median Rule,58.8,58.8,0.9020000000000062
Impartial Anonymous Culture (IAC),6,100,88,12,12,1000,Bottom,k-Median-Shapley,35.8,35.8,0.9403333333333374
Impartial Anonymous Culture (IAC),2,100,87,13,13,1000,Cutoff,Evaluative Voting,94.3,94.3,0.5285
Impartial Anonymous Culture (IAC),2,100,87,13,13,1000,Cutoff,k-Median Rule,66.7,66.7,0.637
Impartial Anonymous Culture (IAC),2,100,87,13,13,1000,Cutoff,k-Median-Shapley,42.9,41.699999999999996,0.7845
Impartial Anonymous Culture (IAC),2,100,87,13,13,1000,Bottom,Evaluative Voting,6.1,6.1,0.9695
Impartial Anonymous Culture (IAC),2,100,87,13,13,1000,Bottom,k-Median Rule,50.1,7.8,0.728
Impartial Anonymous Culture (IAC),2,100,87,13,13,1000,Bottom,k-Median-Shapley,19.1,0.0,0.9045
Impartial Anonymous Culture (IAC),3,100,87,13,13,1000,Cutoff,Evaluative Voting,97.39999999999999,97.39999999999999,0.6753333333333298
Impartial Anonymous Culture (IAC),3,100,87,13,13,1000,Cutoff,k-Median Rule,72.0,72.0,0.734999999999996
Impartial Anonymous Culture (IAC),3,100,87,13,13,1000,Cutoff,k-Median-Shapley,51.6,49.8,0.826999999999995
Impartial Anonymous Culture (IAC),3,100,87,13,13,1000,Bottom,Evaluative Voting,19.5,19.5,0.9349999999999975
Impartial Anonymous Culture (IAC),3,100,87,13,13,1000,Bottom,k-Median Rule,56.8,14.499999999999998,0.7876666666666626
Impartial Anonymous Culture (IAC),3,100,87,13,13,1000,Bottom,k-Median-Shapley,26.200000000000003,0.8,0.91233333333333
Impartial Anonymous Culture (IAC),4,100,87,13,13,1000,Cutoff,Evaluative Voting,96.0,96.0,0.76
Impartial Anonymous Culture (IAC),4,100,87,13,13,1000,Cutoff,k-Median Rule,73.4,73.4,0.79725
Impartial Anonymous Culture (IAC),4,100,87,13,13,1000,Cutoff,k-Median-Shapley,52.2,51.2,0.8675
Impartial Anonymous Culture (IAC),4,100,87,13,13,1000,Bottom,Evaluative Voting,37.6,37.6,0.906
Impartial Anonymous Culture (IAC),4,100,87,13,13,1000,Bottom,k-Median Rule,62.2,24.6,0.823
Impartial Anonymous Culture (IAC),4,100,87,13,13,1000,Bottom,k-Median-Shapley,27.800000000000004,4.1000000000000005,0.9285
Impartial Anonymous Culture (IAC),5,100,87,13,13,1000,Cutoff,Evaluative Voting,94.1,94.1,0.8117999999999892
Impartial Anonymous Culture (IAC),5,100,87,13,13,1000,Cutoff,k-Median Rule,70.0,70.0,0.8513999999999926
Impartial Anonymous Culture (IAC),5,100,87,13,13,1000,Cutoff,k-Median-Shapley,48.5,48.3,0.9021999999999936
Impartial Anonymous Culture (IAC),5,100,87,13,13,1000,Bottom,Evaluative Voting,61.7,61.7,0.8765999999999913
Impartial Anonymous Culture (IAC),5,100,87,13,13,1000,Bottom,k-Median Rule,62.5,37.8,0.8607999999999933
Impartial Anonymous Culture (IAC),5,100,87,13,13,1000,Bottom,k-Median-Shapley,29.099999999999998,12.5,0.9397999999999961
Impartial Anonymous Culture (IAC),6,100,87,13,13,1000,Cutoff,Evaluative Voting,87.3,87.3,0.8545000000000095
Impartial Anonymous Culture (IAC),6,100,87,13,13,1000,Cutoff,k-Median Rule,63.4,63.4,0.89433333333334
Impartial Anonymous Culture (IAC),6,100,87,13,13,1000,Cutoff,k-Median-Shapley,38.5,38.5,0.9358333333333377
Impartial Anonymous Culture (IAC),6,100,87,13,13,1000,Bottom,Evaluative Voting,87.3,87.3,0.8545000000000095
Impartial Anonymous Culture (IAC),6,100,87,13,13,1000,Bottom,k-Median Rule,63.4,63.4,0.89433333333334
Impartial Anonymous Culture (IAC),6,100,87,13,13,1000,Bottom,k-Median-Shapley,38.5,38.5,0.9358333333333377
Impartial Anonymous Culture (IAC),2,100,86,14,14,1000,Cutoff,Evaluative Voting,95.7,95.7,0.5215
Impartial Anonymous Culture (IAC),2,100,86,14,14,1000,Cutoff,k-Median Rule,69.1,69.1,0.6255
Impartial Anonymous Culture (IAC),2,100,86,14,14,1000,Cutoff,k-Median-Shapley,45.9,44.5,0.769
Impartial Anonymous Culture (IAC),2,100,86,14,14,1000,Bottom,Evaluative Voting,8.799999999999999,8.799999999999999,0.956
Impartial Anonymous Culture (IAC),2,100,86,14,14,1000,Bottom,k-Median Rule,49.8,9.2,0.73
Impartial Anonymous Culture (IAC),2,100,86,14,14,1000,Bottom,k-Median-Shapley,22.3,0.1,0.8885
Impartial Anonymous Culture (IAC),3,100,86,14,14,1000,Cutoff,Evaluative Voting,98.8,98.8,0.6706666666666635
Impartial Anonymous Culture (IAC),3,100,86,14,14,1000,Cutoff,k-Median Rule,74.3,74.3,0.72633333333333
Impartial Anonymous Culture (IAC),3,100,86,14,14,1000,Cutoff,k-Median-Shapley,54.900000000000006,53.6,0.8153333333333284
Impartial Anonymous Culture (IAC),3,100,86,14,14,1000,Bottom,Evaluative Voting,24.2,24.2,0.9193333333333301
Impartial Anonymous Culture (IAC),3,100,86,14,14,1000,Bottom,k-Median Rule,58.9,18.2,0.7779999999999965
Impartial Anonymous Culture (IAC),3,100,86,14,14,1000,Bottom,k-Median-Shapley,27.200000000000003,0.8999999999999999,0.9086666666666632
Impartial Anonymous Culture (IAC),4,100,86,14,14,1000,Cutoff,Evaluative Voting,97.3,97.3,0.75675
Impartial Anonymous Culture (IAC),4,100,86,14,14,1000,Cutoff,k-Median Rule,75.5,75.5,0.78975
Impartial Anonymous Culture (IAC),4,100,86,14,14,1000,Cutoff,k-Median-Shapley,55.7,55.1,0.85925
Impartial Anonymous Culture (IAC),4,100,86,14,14,1000,Bottom,Evaluative Voting,42.6,42.6,0.8935
Impartial Anonymous Culture (IAC),4,100,86,14,14,1000,Bottom,k-Median Rule,64.60000000000001,29.099999999999998,0.81425
Impartial Anonymous Culture (IAC),4,100,86,14,14,1000,Bottom,k-Median-Shapley,29.5,4.1000000000000005,0.9245
Impartial Anonymous Culture (IAC),5,100,86,14,14,1000,Cutoff,Evaluative Voting,95.89999999999999,95.89999999999999,0.8081999999999889
Impartial Anonymous Culture (IAC),5,100,86,14,14,1000,Cutoff,k-Median Rule,72.89999999999999,72.89999999999999,0.8451999999999921
Impartial Anonymous Culture (IAC),5,100,86,14,14,1000,Cutoff,k-Median-Shapley,51.1,50.6,0.8971999999999931
Impartial Anonymous Culture (IAC),5,100,86,14,14,1000,Bottom,Evaluative Voting,67.5,67.5,0.8649999999999907
Impartial Anonymous Culture (IAC),5,100,86,14,14,1000,Bottom,k-Median Rule,66.10000000000001,43.3,0.8509999999999937
Impartial Anonymous Culture (IAC),5,100,86,14,14,1000,Bottom,k-Median-Shapley,29.599999999999998,14.399999999999999,0.9389999999999961
Impartial Anonymous Culture (IAC),6,100,86,14,14,1000,Cutoff,Evaluative Voting,89.3,89.3,0.8511666666666764
Impartial Anonymous Culture (IAC),6,100,86,14,14,1000,Cutoff,k-Median Rule,66.8,66.8,0.8886666666666737
Impartial Anonymous Culture (IAC),6,100,86,14,14,1000,Cutoff,k-Median-Shapley,41.4,41.4,0.9310000000000046
Impartial Anonymous Culture (IAC),6,100,86,14,14,1000,Bottom,Evaluative Voting,89.3,89.3,0.8511666666666764
Impartial Anonymous Culture (IAC),6,100,86,14,14,1000,Bottom,k-Median Rule,66.8,66.8,0.8886666666666737
Impartial Anonymous Culture (IAC),6,100,86,14,14,1000,Bottom,k-Median-Shapley,41.4,41.4,0.9310000000000046
Impartial Anonymous Culture (IAC),2,100,85,15,15,1000,Cutoff,Evaluative Voting,97.3,97.3,0.5135
Impartial Anonymous Culture (IAC),2,100,85,15,15,1000,Cutoff,k-Median Rule,73.4,73.4,0.6035
Impartial Anonymous Culture (IAC),2,100,85,15,15,1000,Cutoff,k-Median-Shapley,47.9,47.099999999999994,0.7595
Impartial Anonymous Culture (IAC),2,100,85,15,15,1000,Bottom,Evaluative Voting,11.200000000000001,11.200000000000001,0.944
Impartial Anonymous Culture (IAC),2,100,85,15,15,1000,Bottom,k-Median Rule,53.300000000000004,10.100000000000001,0.711
Impartial Anonymous Culture (IAC),2,100,85,15,15,1000,Bottom,k-Median-Shapley,23.599999999999998,0.1,0.882
Impartial Anonymous Culture (IAC),3,100,85,15,15,1000,Cutoff,Evaluative Voting,98.9,98.9,0.6703333333333303
Impartial Anonymous Culture (IAC),3,100,85,15,15,1000,Cutoff,k-Median Rule,79.5,79.5,0.7026666666666638
Impartial Anonymous Culture (IAC),3,100,85,15,15,1000,Cutoff,k-Median-Shapley,57.099999999999994,55.50000000000001,0.8086666666666616
Impartial Anonymous Culture (IAC),3,100,85,15,15,1000,Bottom,Evaluative Voting,29.599999999999998,29.599999999999998,0.9013333333333297
Impartial Anonymous Culture (IAC),3,100,85,15,15,1000,Bottom,k-Median Rule,62.8,19.7,0.7569999999999975
Impartial Anonymous Culture (IAC),3,100,85,15,15,1000,Bottom,k-Median-Shapley,28.4,1.3,0.9039999999999966
Impartial Anonymous Culture (IAC),4,100,85,15,15,1000,Cutoff,Evaluative Voting,98.5,98.5,0.75375
Impartial Anonymous Culture (IAC),4,100,85,15,15,1000,Cutoff,k-Median Rule,80.10000000000001,80.10000000000001,0.7735
Impartial Anonymous Culture (IAC),4,100,85,15,15,1000,Cutoff,k-Median-Shapley,58.3,57.599999999999994,0.8525
Impartial Anonymous Culture (IAC),4,100,85,15,15,1000,Bottom,Evaluative Voting,48.9,48.9,0.87775
Impartial Anonymous Culture (IAC),4,100,85,15,15,1000,Bottom,k-Median Rule,68.89999999999999,31.900000000000002,0.79775
Impartial Anonymous Culture (IAC),4,100,85,15,15,1000,Bottom,k-Median-Shapley,29.9,4.9,0.9235
Impartial Anonymous Culture (IAC),5,100,85,15,15,1000,Cutoff,Evaluative Voting,96.89999999999999,96.89999999999999,0.8061999999999888
Impartial Anonymous Culture (IAC),5,100,85,15,15,1000,Cutoff,k-Median Rule,76.8,76.8,0.8351999999999917
Impartial Anonymous Culture (IAC),5,100,85,15,15,1000,Cutoff,k-Median-Shapley,53.7,53.400000000000006,0.8919999999999922
Impartial Anonymous Culture (IAC),5,100,85,15,15,1000,Bottom,Evaluative Voting,74.1,74.1,0.85179999999999
Impartial Anonymous Culture (IAC),5,100,85,15,15,1000,Bottom,k-Median Rule,69.39999999999999,45.7,0.8407999999999937
Impartial Anonymous Culture (IAC),5,100,85,15,15,1000,Bottom,k-Median-Shapley,30.3,16.6,0.937399999999996
Impartial Anonymous Culture (IAC),6,100,85,15,15,1000,Cutoff,Evaluative Voting,92.9,92.9,0.8451666666666764
Impartial Anonymous Culture (IAC),6,100,85,15,15,1000,Cutoff,k-Median Rule,69.69999999999999,69.69999999999999,0.8838333333333405
Impartial Anonymous Culture (IAC),6,100,85,15,15,1000,Cutoff,k-Median-Shapley,43.1,43.1,0.9281666666666716
Impartial Anonymous Culture (IAC),6,100,85,15,15,1000,Bottom,Evaluative Voting,92.9,92.9,0.8451666666666764
Impartial Anonymous Culture (IAC),6,100,85,15,15,1000,Bottom,k-Median Rule,69.69999999999999,69.69999999999999,0.8838333333333405
Impartial Anonymous Culture (IAC),6,100,85,15,15,1000,Bottom,k-Median-Shapley,43.1,43.1,0.9281666666666716
Impartial Anonymous Culture (IAC),2,100,84,16,16,1000,Cutoff,Evaluative Voting,98.2,98.2,0.509
Impartial Anonymous Culture (IAC),2,100,84,16,16,1000,Cutoff,k-Median Rule,74.9,74.9,0.5925
Impartial Anonymous Culture (IAC),2,100,84,16,16,1000,Cutoff,k-Median-Shapley,49.1,48.4,0.7525
Impartial Anonymous Culture (IAC),2,100,84,16,16,1000,Bottom,Evaluative Voting,15.4,15.4,0.923
Impartial Anonymous Culture (IAC),2,100,84,16,16,1000,Bottom,k-Median Rule,55.7,13.3,0.693
Impartial Anonymous Culture (IAC),2,100,84,16,16,1000,Bottom,k-Median-Shapley,24.3,0.1,0.877
Impartial Anonymous Culture (IAC),3,100,84,16,16,1000,Cutoff,Evaluative Voting,99.2,99.2,0.6693333333333303
Impartial Anonymous Culture (IAC),3,100,84,16,16,1000,Cutoff,k-Median Rule,81.3,81.3,0.6943333333333306
Impartial Anonymous Culture (IAC),3,100,84,16,16,1000,Cutoff,k-Median-Shapley,60.099999999999994,59.0,0.7966666666666617
Impartial Anonymous Culture (IAC),3,100,84,16,16,1000,Bottom,Evaluative Voting,34.5,34.5,0.8849999999999959
Impartial Anonymous Culture (IAC),3,100,84,16,16,1000,Bottom,k-Median Rule,64.0,23.7,0.7516666666666639
Impartial Anonymous Culture (IAC),3,100,84,16,16,1000,Bottom,k-Median-Shapley,29.4,1.6,0.8996666666666635
Impartial Anonymous Culture (IAC),4,100,84,16,16,1000,Cutoff,Evaluative Voting,99.2,99.2,0.752
Impartial Anonymous Culture (IAC),4,100,84,16,16,1000,Cutoff,k-Median Rule,82.1,82.1,0.7665
Impartial Anonymous Culture (IAC),4,100,84,16,16,1000,Cutoff,k-Median-Shapley,61.1,60.199999999999996,0.84575
Impartial Anonymous Culture (IAC),4,100,84,16,16,1000,Bottom,Evaluative Voting,55.7,55.7,0.86075
Impartial Anonymous Culture (IAC),4,100,84,16,16,1000,Bottom,k-Median Rule,70.39999999999999,35.8,0.78875
Impartial Anonymous Culture (IAC),4,100,84,16,16,1000,Bottom,k-Median-Shapley,29.7,6.0,0.92325
Impartial Anonymous Culture (IAC),5,100,84,16,16,1000,Cutoff,Evaluative Voting,97.89999999999999,97.89999999999999,0.8041999999999888
Impartial Anonymous Culture (IAC),5,100,84,16,16,1000,Cutoff,k-Median Rule,78.3,78.3,0.8315999999999917
Impartial Anonymous Culture (IAC),5,100,84,16,16,1000,Cutoff,k-Median-Shapley,55.50000000000001,55.400000000000006,0.8881999999999918
Impartial Anonymous Culture (IAC),5,100,84,16,16,1000,Bottom,Evaluative Voting,80.0,80.0,0.8399999999999895
Impartial Anonymous Culture (IAC),5,100,84,16,16,1000,Bottom,k-Median Rule,72.0,50.6,0.8325999999999941
Impartial Anonymous Culture (IAC),5,100,84,16,16,1000,Bottom,k-Median-Shapley,31.8,17.7,0.9337999999999955
Impartial Anonymous Culture (IAC),6,100,84,16,16,1000,Cutoff,Evaluative Voting,94.89999999999999,94.89999999999999,0.8418333333333433
Impartial Anonymous Culture (IAC),6,100,84,16,16,1000,Cutoff,k-Median Rule,72.89999999999999,72.89999999999999,0.8785000000000074
Impartial Anonymous Culture (IAC),6,100,84,16,16,1000,Cutoff,k-Median-Shapley,46.5,46.5,0.9225000000000054
Impartial Anonymous Culture (IAC),6,100,84,16,16,1000,Bottom,Evaluative Voting,94.89999999999999,94.89999999999999,0.8418333333333433
Impartial Anonymous Culture (IAC),6,100,84,16,16,1000,Bottom,k-Median Rule,72.89999999999999,72.89999999999999,0.8785000000000074
Impartial Anonymous Culture (IAC),6,100,84,16,16,1000,Bottom,k-Median-Shapley,46.5,46.5,0.9225000000000054
Impartial Anonymous Culture (IAC),2,100,83,17,17,1000,Cutoff,Evaluative Voting,98.6,98.6,0.507
Impartial Anonymous Culture (IAC),2,100,83,17,17,1000,Cutoff,k-Median Rule,78.2,78.2,0.568
Impartial Anonymous Culture (IAC),2,100,83,17,17,1000,Cutoff,k-Median-Shapley,51.5,50.8,0.7405
Impartial Anonymous Culture (IAC),2,100,83,17,17,1000,Bottom,Evaluative Voting,18.8,18.8,0.906
Impartial Anonymous Culture (IAC),2,100,83,17,17,1000,Bottom,k-Median Rule,59.5,14.2,0.667
Impartial Anonymous Culture (IAC),2,100,83,17,17,1000,Bottom,k-Median-Shapley,25.1,0.2,0.873
Impartial Anonymous Culture (IAC),3,100,83,17,17,1000,Cutoff,Evaluative Voting,99.6,99.6,0.6679999999999969
Impartial Anonymous Culture (IAC),3,100,83,17,17,1000,Cutoff,k-Median Rule,84.6,84.6,0.6756666666666649
Impartial Anonymous Culture (IAC),3,100,83,17,17,1000,Cutoff,k-Median-Shapley,62.3,61.1,0.7896666666666616
Impartial Anonymous Culture (IAC),3,100,83,17,17,1000,Bottom,Evaluative Voting,40.400000000000006,40.400000000000006,0.8653333333333291
Impartial Anonymous Culture (IAC),3,100,83,17,17,1000,Bottom,k-Median Rule,67.7,25.900000000000002,0.7306666666666646
Impartial Anonymous Culture (IAC),3,100,83,17,17,1000,Bottom,k-Median-Shapley,28.999999999999996,2.1999999999999997,0.9016666666666636
Impartial Anonymous Culture (IAC),4,100,83,17,17,1000,Cutoff,Evaluative Voting,99.3,99.3,0.75175
Impartial Anonymous Culture (IAC),4,100,83,17,17,1000,Cutoff,k-Median Rule,84.5,84.5,0.75475
Impartial Anonymous Culture (IAC),4,100,83,17,17,1000,Cutoff,k-Median-Shapley,63.0,62.1,0.84025
Impartial Anonymous Culture (IAC),4,100,83,17,17,1000,Bottom,Evaluative Voting,62.3,62.3,0.84425
Impartial Anonymous Culture (IAC),4,100,83,17,17,1000,Bottom,k-Median Rule,73.9,39.300000000000004,0.77475
Impartial Anonymous Culture (IAC),4,100,83,17,17,1000,Bottom,k-Median-Shapley,31.2,6.2,0.91825
Impartial Anonymous Culture (IAC),5,100,83,17,17,1000,Cutoff,Evaluative Voting,98.3,98.3,0.8033999999999888
Impartial Anonymous Culture (IAC),5,100,83,17,17,1000,Cutoff,k-Median Rule,81.6,81.6,0.8213999999999921
Impartial Anonymous Culture (IAC),5,100,83,17,17,1000,Cutoff,k-Median-Shapley,58.8,58.5,0.8819999999999922
Impartial Anonymous Culture (IAC),5,100,83,17,17,1000,Bottom,Evaluative Voting,82.5,82.5,0.8349999999999894
Impartial Anonymous Culture (IAC),5,100,83,17,17,1000,Bottom,k-Median Rule,75.6,54.400000000000006,0.8215999999999948
Impartial Anonymous Culture (IAC),5,100,83,17,17,1000,Bottom,k-Median-Shapley,34.599999999999994,19.6,0.9279999999999948
Impartial Anonymous Culture (IAC),6,100,83,17,17,1000,Cutoff,Evaluative Voting,96.0,96.0,0.8400000000000098
Impartial Anonymous Culture (IAC),6,100,83,17,17,1000,Cutoff,k-Median Rule,76.1,76.1,0.8731666666666743
Impartial Anonymous Culture (IAC),6,100,83,17,17,1000,Cutoff,k-Median-Shapley,49.0,49.0,0.918333333333339
Impartial Anonymous Culture (IAC),6,100,83,17,17,1000,Bottom,Evaluative Voting,96.0,96.0,0.8400000000000098
Impartial Anonymous Culture (IAC),6,100,83,17,17,1000,Bottom,k-Median Rule,76.1,76.1,0.8731666666666743
Impartial Anonymous Culture (IAC),6,100,83,17,17,1000,Bottom,k-Median-Shapley,49.0,49.0,0.918333333333339
Impartial Anonymous Culture (IAC),2,100,82,18,18,1000,Cutoff,Evaluative Voting,98.9,98.9,0.5055
Impartial Anonymous Culture (IAC),2,100,82,18,18,1000,Cutoff,k-Median Rule,80.10000000000001,80.10000000000001,0.5545
Impartial Anonymous Culture (IAC),2,100,82,18,18,1000,Cutoff,k-Median-Shapley,53.5,52.800000000000004,0.7315
Impartial Anonymous Culture (IAC),2,100,82,18,18,1000,Bottom,Evaluative Voting,23.799999999999997,23.799999999999997,0.881
Impartial Anonymous Culture (IAC),2,100,82,18,18,1000,Bottom,k-Median Rule,61.199999999999996,16.6,0.655
Impartial Anonymous Culture (IAC),2,100,82,18,18,1000,Bottom,k-Median-Shapley,26.0,0.3,0.869
Impartial Anonymous Culture (IAC),3,100,82,18,18,1000,Cutoff,Evaluative Voting,100.0,100.0,0.6666666666666636
Impartial Anonymous Culture (IAC),3,100,82,18,18,1000,Cutoff,k-Median Rule,87.3,87.3,0.6649999999999987
Impartial Anonymous Culture (IAC),3,100,82,18,18,1000,Cutoff,k-Median-Shapley,63.4,62.9,0.7853333333333283
Impartial Anonymous Culture (IAC),3,100,82,18,18,1000,Bottom,Evaluative Voting,47.3,47.3,0.8423333333333288
Impartial Anonymous Culture (IAC),3,100,82,18,18,1000,Bottom,k-Median Rule,70.0,29.2,0.7179999999999981
Impartial Anonymous Culture (IAC),3,100,82,18,18,1000,Bottom,k-Median-Shapley,32.2,2.8000000000000003,0.8909999999999961
Impartial Anonymous Culture (IAC),4,100,82,18,18,1000,Cutoff,Evaluative Voting,99.5,99.5,0.75125
Impartial Anonymous Culture (IAC),4,100,82,18,18,1000,Cutoff,k-Median Rule,85.7,85.7,0.75275
Impartial Anonymous Culture (IAC),4,100,82,18,18,1000,Cutoff,k-Median-Shapley,66.2,65.4,0.832
Impartial Anonymous Culture (IAC),4,100,82,18,18,1000,Bottom,Evaluative Voting,68.5,68.5,0.82875
Impartial Anonymous Culture (IAC),4,100,82,18,18,1000,Bottom,k-Median Rule,75.0,43.8,0.76925
Impartial Anonymous Culture (IAC),4,100,82,18,18,1000,Bottom,k-Median-Shapley,31.8,7.3,0.91675
Impartial Anonymous Culture (IAC),5,100,82,18,18,1000,Cutoff,Evaluative Voting,99.0,99.0,0.8019999999999887
Impartial Anonymous Culture (IAC),5,100,82,18,18,1000,Cutoff,k-Median Rule,83.39999999999999,83.39999999999999,0.817999999999992
Impartial Anonymous Culture (IAC),5,100,82,18,18,1000,Cutoff,k-Median-Shapley,60.6,60.4,0.8777999999999924
Impartial Anonymous Culture (IAC),5,100,82,18,18,1000,Bottom,Evaluative Voting,87.1,87.1,0.8257999999999892
Impartial Anonymous Culture (IAC),5,100,82,18,18,1000,Bottom,k-Median Rule,78.3,59.5,0.8155999999999941
Impartial Anonymous Culture (IAC),5,100,82,18,18,1000,Bottom,k-Median-Shapley,34.4,20.9,0.927799999999995
Impartial Anonymous Culture (IAC),6,100,82,18,18,1000,Cutoff,Evaluative Voting,96.89999999999999,96.89999999999999,0.8385000000000099
Impartial Anonymous Culture (IAC),6,100,82,18,18,1000,Cutoff,k-Median Rule,79.0,79.0,0.8683333333333415
Impartial Anonymous Culture (IAC),6,100,82,18,18,1000,Cutoff,k-Median-Shapley,50.9,50.9,0.9151666666666725
Impartial Anonymous Culture (IAC),6,100,82,18,18,1000,Bottom,Evaluative Voting,96.89999999999999,96.89999999999999,0.8385000000000099
Impartial Anonymous Culture (IAC),6,100,82,18,18,1000,Bottom,k-Median Rule,79.0,79.0,0.8683333333333415
Impartial Anonymous Culture (IAC),6,100,82,18,18,1000,Bottom,k-Median-Shapley,50.9,50.9,0.9151666666666725
Impartial Anonymous Culture (IAC),2,100,81,19,19,1000,Cutoff,Evaluative Voting,99.5,99.5,0.5025
Impartial Anonymous Culture (IAC),2,100,81,19,19,1000,Cutoff,k-Median Rule,83.6,83.6,0.5325
Impartial Anonymous Culture (IAC),2,100,81,19,19,1000,Cutoff,k-Median-Shapley,56.699999999999996,55.800000000000004,0.714
Impartial Anonymous Culture (IAC),2,100,81,19,19,1000,Bottom,Evaluative Voting,30.5,30.5,0.8475
Impartial Anonymous Culture (IAC),2,100,81,19,19,1000,Bottom,k-Median Rule,64.0,18.5,0.6365
Impartial Anonymous Culture (IAC),2,100,81,19,19,1000,Bottom,k-Median-Shapley,25.5,0.4,0.871
Impartial Anonymous Culture (IAC),3,100,81,19,19,1000,Cutoff,Evaluative Voting,100.0,100.0,0.6666666666666636
Impartial Anonymous Culture (IAC),3,100,81,19,19,1000,Cutoff,k-Median Rule,89.9,89.9,0.6479999999999988
Impartial Anonymous Culture (IAC),3,100,81,19,19,1000,Cutoff,k-Median-Shapley,66.4,65.8,0.7749999999999949
Impartial Anonymous Culture (IAC),3,100,81,19,19,1000,Bottom,Evaluative Voting,53.300000000000004,53.300000000000004,0.8223333333333286
Impartial Anonymous Culture (IAC),3,100,81,19,19,1000,Bottom,k-Median Rule,72.2,31.1,0.7039999999999982
Impartial Anonymous Culture (IAC),3,100,81,19,19,1000,Bottom,k-Median-Shapley,33.0,2.7,0.8876666666666624
Impartial Anonymous Culture (IAC),4,100,81,19,19,1000,Cutoff,Evaluative Voting,99.7,99.7,0.75075
Impartial Anonymous Culture (IAC),4,100,81,19,19,1000,Cutoff,k-Median Rule,88.4,88.4,0.74125
Impartial Anonymous Culture (IAC),4,100,81,19,19,1000,Cutoff,k-Median-Shapley,68.60000000000001,67.80000000000001,0.82525
Impartial Anonymous Culture (IAC),4,100,81,19,19,1000,Bottom,Evaluative Voting,74.4,74.4,0.814
Impartial Anonymous Culture (IAC),4,100,81,19,19,1000,Bottom,k-Median Rule,78.0,46.6,0.75275
Impartial Anonymous Culture (IAC),4,100,81,19,19,1000,Bottom,k-Median-Shapley,34.599999999999994,8.5,0.90825
Impartial Anonymous Culture (IAC),5,100,81,19,19,1000,Cutoff,Evaluative Voting,99.4,99.4,0.8011999999999889
Impartial Anonymous Culture (IAC),5,100,81,19,19,1000,Cutoff,k-Median Rule,86.7,86.7,0.8087999999999922
Impartial Anonymous Culture (IAC),5,100,81,19,19,1000,Cutoff,k-Median-Shapley,64.3,63.7,0.8695999999999922
Impartial Anonymous Culture (IAC),5,100,81,19,19,1000,Bottom,Evaluative Voting,89.8,89.8,0.820399999999989
Impartial Anonymous Culture (IAC),5,100,81,19,19,1000,Bottom,k-Median Rule,81.0,63.0,0.8071999999999946
Impartial Anonymous Culture (IAC),5,100,81,19,19,1000,Bottom,k-Median-Shapley,38.5,23.400000000000002,0.918799999999995
Impartial Anonymous Culture (IAC),6,100,81,19,19,1000,Cutoff,Evaluative Voting,97.7,97.7,0.8371666666666766
Impartial Anonymous Culture (IAC),6,100,81,19,19,1000,Cutoff,k-Median Rule,81.2,81.2,0.8646666666666749
Impartial Anonymous Culture (IAC),6,100,81,19,19,1000,Cutoff,k-Median-Shapley,53.5,53.5,0.9108333333333397
Impartial Anonymous Culture (IAC),6,100,81,19,19,1000,Bottom,Evaluative Voting,97.7,97.7,0.8371666666666766
Impartial Anonymous Culture (IAC),6,100,81,19,19,1000,Bottom,k-Median Rule,81.2,81.2,0.8646666666666749
Impartial Anonymous Culture (IAC),6,100,81,19,19,1000,Bottom,k-Median-Shapley,53.5,53.5,0.9108333333333397
Impartial Anonymous Culture (IAC),2,100,80,20,20,1000,Cutoff,Evaluative Voting,99.8,99.8,0.501
Impartial Anonymous Culture (IAC),2,100,80,20,20,1000,Cutoff,k-Median Rule,84.6,84.6,0.5315
Impartial Anonymous Culture (IAC),2,100,80,20,20,1000,Cutoff,k-Median-Shapley,59.699999999999996,58.9,0.6975
Impartial Anonymous Culture (IAC),2,100,80,20,20,1000,Bottom,Evaluative Voting,37.4,37.4,0.813
Impartial Anonymous Culture (IAC),2,100,80,20,20,1000,Bottom,k-Median Rule,65.2,22.5,0.631
Impartial Anonymous Culture (IAC),2,100,80,20,20,1000,Bottom,k-Median-Shapley,25.2,0.6,0.8735
Impartial Anonymous Culture (IAC),3,100,80,20,20,1000,Cutoff,Evaluative Voting,100.0,100.0,0.6666666666666636
Impartial Anonymous Culture (IAC),3,100,80,20,20,1000,Cutoff,k-Median Rule,89.9,89.9,0.6506666666666656
Impartial Anonymous Culture (IAC),3,100,80,20,20,1000,Cutoff,k-Median-Shapley,68.4,68.10000000000001,0.7683333333333281
Impartial Anonymous Culture (IAC),3,100,80,20,20,1000,Bottom,Evaluative Voting,61.0,61.0,0.7966666666666619
Impartial Anonymous Culture (IAC),3,100,80,20,20,1000,Bottom,k-Median Rule,73.6,35.5,0.6983333333333321
Impartial Anonymous Culture (IAC),3,100,80,20,20,1000,Bottom,k-Median-Shapley,33.0,3.4000000000000004,0.887333333333329
Impartial Anonymous Culture (IAC),4,100,80,20,20,1000,Cutoff,Evaluative Voting,99.8,99.8,0.7505
Impartial Anonymous Culture (IAC),4,100,80,20,20,1000,Cutoff,k-Median Rule,89.60000000000001,89.60000000000001,0.739
Impartial Anonymous Culture (IAC),4,100,80,20,20,1000,Cutoff,k-Median-Shapley,70.6,69.69999999999999,0.821
Impartial Anonymous Culture (IAC),4,100,80,20,20,1000,Bottom,Evaluative Voting,79.7,79.7,0.80075
Impartial Anonymous Culture (IAC),4,100,80,20,20,1000,Bottom,k-Median Rule,79.60000000000001,51.0,0.75
Impartial Anonymous Culture (IAC),4,100,80,20,20,1000,Bottom,k-Median-Shapley,35.8,10.100000000000001,0.90675
Impartial Anonymous Culture (IAC),5,100,80,20,20,1000,Cutoff,Evaluative Voting,99.7,99.7,0.8005999999999888
Impartial Anonymous Culture (IAC),5,100,80,20,20,1000,Cutoff,k-Median Rule,88.1,88.1,0.8059999999999924
Impartial Anonymous Culture (IAC),5,100,80,20,20,1000,Cutoff,k-Median-Shapley,66.8,66.3,0.864599999999992
Impartial Anonymous Culture (IAC),5,100,80,20,20,1000,Bottom,Evaluative Voting,92.80000000000001,92.80000000000001,0.8143999999999891
Impartial Anonymous Culture (IAC),5,100,80,20,20,1000,Bottom,k-Median Rule,82.5,67.30000000000001,0.8039999999999947
Impartial Anonymous Culture (IAC),5,100,80,20,20,1000,Bottom,k-Median-Shapley,41.0,26.200000000000003,0.913399999999995
Impartial Anonymous Culture (IAC),6,100,80,20,20,1000,Cutoff,Evaluative Voting,98.2,98.2,0.8363333333333433
Impartial Anonymous Culture (IAC),6,100,80,20,20,1000,Cutoff,k-Median Rule,84.0,84.0,0.8600000000000086
Impartial Anonymous Culture (IAC),6,100,80,20,20,1000,Cutoff,k-Median-Shapley,56.49999999999999,56.49999999999999,0.9058333333333399
Impartial Anonymous Culture (IAC),6,100,80,20,20,1000,Bottom,Evaluative Voting,98.2,98.2,0.8363333333333433
Impartial Anonymous Culture (IAC),6,100,80,20,20,1000,Bottom,k-Median Rule,84.0,84.0,0.8600000000000086
Impartial Anonymous Culture (IAC),6,100,80,20,20,1000,Bottom,k-Median-Shapley,56.49999999999999,56.49999999999999,0.9058333333333399
Impartial Anonymous Culture (IAC),2,100,79,21,21,1000,Cutoff,Evaluative Voting,99.8,99.8,0.501
Impartial Anonymous Culture (IAC),2,100,79,21,21,1000,Cutoff,k-Median Rule,86.8,86.8,0.51
Impartial Anonymous Culture (IAC),2,100,79,21,21,1000,Cutoff,k-Median-Shapley,62.4,61.5,0.6835
Impartial Anonymous Culture (IAC),2,100,79,21,21,1000,Bottom,Evaluative Voting,44.800000000000004,44.800000000000004,0.776
Impartial Anonymous Culture (IAC),2,100,79,21,21,1000,Bottom,k-Median Rule,68.5,25.3,0.6005
Impartial Anonymous Culture (IAC),2,100,79,21,21,1000,Bottom,k-Median-Shapley,27.400000000000002,0.8,0.861
Impartial Anonymous Culture (IAC),3,100,79,21,21,1000,Cutoff,Evaluative Voting,100.0,100.0,0.6666666666666636
Impartial Anonymous Culture (IAC),3,100,79,21,21,1000,Cutoff,k-Median Rule,92.30000000000001,92.30000000000001,0.6333333333333327
Impartial Anonymous Culture (IAC),3,100,79,21,21,1000,Cutoff,k-Median-Shapley,71.7,71.1,0.7566666666666616
Impartial Anonymous Culture (IAC),3,100,79,21,21,1000,Bottom,Evaluative Voting,67.60000000000001,67.60000000000001,0.7746666666666621
Impartial Anonymous Culture (IAC),3,100,79,21,21,1000,Bottom,k-Median Rule,76.9,38.800000000000004,0.6766666666666661
Impartial Anonymous Culture (IAC),3,100,79,21,21,1000,Bottom,k-Median-Shapley,37.7,4.2,0.8709999999999954
Impartial Anonymous Culture (IAC),4,100,79,21,21,1000,Cutoff,Evaluative Voting,99.8,99.8,0.7505
Impartial Anonymous Culture (IAC),4,100,79,21,21,1000,Cutoff,k-Median Rule,92.60000000000001,92.60000000000001,0.72575
Impartial Anonymous Culture (IAC),4,100,79,21,21,1000,Cutoff,k-Median-Shapley,72.1,71.5,0.81675
Impartial Anonymous Culture (IAC),4,100,79,21,21,1000,Bottom,Evaluative Voting,84.2,84.2,0.7895
Impartial Anonymous Culture (IAC),4,100,79,21,21,1000,Bottom,k-Median Rule,82.5,54.7,0.73575
Impartial Anonymous Culture (IAC),4,100,79,21,21,1000,Bottom,k-Median-Shapley,38.3,11.799999999999999,0.89875
Impartial Anonymous Culture (IAC),5,100,79,21,21,1000,Cutoff,Evaluative Voting,99.8,99.8,0.8003999999999887
Impartial Anonymous Culture (IAC),5,100,79,21,21,1000,Cutoff,k-Median Rule,90.4,90.4,0.7975999999999924
Impartial Anonymous Culture (IAC),5,100,79,21,21,1000,Cutoff,k-Median-Shapley,69.3,68.5,0.8597999999999916
Impartial Anonymous Culture (IAC),5,100,79,21,21,1000,Bottom,Evaluative Voting,95.0,95.0,0.809999999999989
Impartial Anonymous Culture (IAC),5,100,79,21,21,1000,Bottom,k-Median Rule,84.7,70.39999999999999,0.7953999999999956
Impartial Anonymous Culture (IAC),5,100,79,21,21,1000,Bottom,k-Median-Shapley,43.3,28.199999999999996,0.9085999999999946
Impartial Anonymous Culture (IAC),6,100,79,21,21,1000,Cutoff,Evaluative Voting,98.6,98.6,0.8356666666666767
Impartial Anonymous Culture (IAC),6,100,79,21,21,1000,Cutoff,k-Median Rule,86.1,86.1,0.8565000000000087
Impartial Anonymous Culture (IAC),6,100,79,21,21,1000,Cutoff,k-Median-Shapley,60.4,60.4,0.8993333333333402
Impartial Anonymous Culture (IAC),6,100,79,21,21,1000,Bottom,Evaluative Voting,98.6,98.6,0.8356666666666767
Impartial Anonymous Culture (IAC),6,100,79,21,21,1000,Bottom,k-Median Rule,86.1,86.1,0.8565000000000087
Impartial Anonymous Culture (IAC),6,100,79,21,21,1000,Bottom,k-Median-Shapley,60.4,60.4,0.8993333333333402
Impartial Anonymous Culture (IAC),2,100,78,22,22,1000,Cutoff,Evaluative Voting,99.8,99.8,0.501
Impartial Anonymous Culture (IAC),2,100,78,22,22,1000,Cutoff,k-Median Rule,87.2,87.2,0.507
Impartial Anonymous Culture (IAC),2,100,78,22,22,1000,Cutoff,k-Median-Shapley,64.60000000000001,64.2,0.6735
Impartial Anonymous Culture (IAC),2,100,78,22,22,1000,Bottom,Evaluative Voting,50.7,50.7,0.7465
Impartial Anonymous Culture (IAC),2,100,78,22,22,1000,Bottom,k-Median Rule,68.8,30.0,0.6
Impartial Anonymous Culture (IAC),2,100,78,22,22,1000,Bottom,k-Median-Shapley,29.299999999999997,1.0,0.852
Impartial Anonymous Culture (IAC),3,100,78,22,22,1000,Cutoff,Evaluative Voting,100.0,100.0,0.6666666666666636
Impartial Anonymous Culture (IAC),3,100,78,22,22,1000,Cutoff,k-Median Rule,92.80000000000001,92.80000000000001,0.6309999999999996
Impartial Anonymous Culture (IAC),3,100,78,22,22,1000,Cutoff,k-Median-Shapley,72.5,72.1,0.7536666666666615
Impartial Anonymous Culture (IAC),3,100,78,22,22,1000,Bottom,Evaluative Voting,73.6,73.6,0.7546666666666616
Impartial Anonymous Culture (IAC),3,100,78,22,22,1000,Bottom,k-Median Rule,78.2,44.4,0.6713333333333329
Impartial Anonymous Culture (IAC),3,100,78,22,22,1000,Bottom,k-Median-Shapley,35.099999999999994,4.5,0.8789999999999961
Impartial Anonymous Culture (IAC),4,100,78,22,22,1000,Cutoff,Evaluative Voting,99.8,99.8,0.7505
Impartial Anonymous Culture (IAC),4,100,78,22,22,1000,Cutoff,k-Median Rule,92.9,92.9,0.7255
Impartial Anonymous Culture (IAC),4,100,78,22,22,1000,Cutoff,k-Median-Shapley,74.5,73.8,0.81075
Impartial Anonymous Culture (IAC),4,100,78,22,22,1000,Bottom,Evaluative Voting,88.4,88.4,0.779
Impartial Anonymous Culture (IAC),4,100,78,22,22,1000,Bottom,k-Median Rule,83.39999999999999,58.9,0.73075
Impartial Anonymous Culture (IAC),4,100,78,22,22,1000,Bottom,k-Median-Shapley,40.8,13.900000000000002,0.8935
Impartial Anonymous Culture (IAC),5,100,78,22,22,1000,Cutoff,Evaluative Voting,100.0,100.0,0.7999999999999887
Impartial Anonymous Culture (IAC),5,100,78,22,22,1000,Cutoff,k-Median Rule,92.10000000000001,92.10000000000001,0.7951999999999925
Impartial Anonymous Culture (IAC),5,100,78,22,22,1000,Cutoff,k-Median-Shapley,70.3,70.0,0.8575999999999919
Impartial Anonymous Culture (IAC),5,100,78,22,22,1000,Bottom,Evaluative Voting,96.2,96.2,0.8075999999999888
Impartial Anonymous Culture (IAC),5,100,78,22,22,1000,Bottom,k-Median Rule,86.4,74.2,0.7909999999999953
Impartial Anonymous Culture (IAC),5,100,78,22,22,1000,Bottom,k-Median-Shapley,44.9,31.4,0.9037999999999948
Impartial Anonymous Culture (IAC),6,100,78,22,22,1000,Cutoff,Evaluative Voting,99.2,99.2,0.8346666666666767
Impartial Anonymous Culture (IAC),6,100,78,22,22,1000,Cutoff,k-Median Rule,88.4,88.4,0.8526666666666756
Impartial Anonymous Culture (IAC),6,100,78,22,22,1000,Cutoff,k-Median-Shapley,63.6,63.6,0.8940000000000071
Impartial Anonymous Culture (IAC),6,100,78,22,22,1000,Bottom,Evaluative Voting,99.2,99.2,0.8346666666666767
Impartial Anonymous Culture (IAC),6,100,78,22,22,1000,Bottom,k-Median Rule,88.4,88.4,0.8526666666666756
Impartial Anonymous Culture (IAC),6,100,78,22,22,1000,Bottom,k-Median-Shapley,63.6,63.6,0.8940000000000071
Impartial Anonymous Culture (IAC),2,100,77,23,23,1000,Cutoff,Evaluative Voting,99.9,99.9,0.5005
Impartial Anonymous Culture (IAC),2,100,77,23,23,1000,Cutoff,k-Median Rule,89.5,89.5,0.4875
Impartial Anonymous Culture (IAC),2,100,77,23,23,1000,Cutoff,k-Median-Shapley,67.5,66.9,0.659
Impartial Anonymous Culture (IAC),2,100,77,23,23,1000,Bottom,Evaluative Voting,58.699999999999996,58.699999999999996,0.7065
Impartial Anonymous Culture (IAC),2,100,77,23,23,1000,Bottom,k-Median Rule,71.89999999999999,33.0,0.5755
Impartial Anonymous Culture (IAC),2,100,77,23,23,1000,Bottom,k-Median-Shapley,27.6,1.2,0.86
Impartial Anonymous Culture (IAC),3,100,77,23,23,1000,Cutoff,Evaluative Voting,100.0,100.0,0.6666666666666636
Impartial Anonymous Culture (IAC),3,100,77,23,23,1000,Cutoff,k-Median Rule,94.6,94.6,0.615666666666667
Impartial Anonymous Culture (IAC),3,100,77,23,23,1000,Cutoff,k-Median-Shapley,75.1,74.8,0.7436666666666616
Impartial Anonymous Culture (IAC),3,100,77,23,23,1000,Bottom,Evaluative Voting,78.60000000000001,78.60000000000001,0.7379999999999953
Impartial Anonymous Culture (IAC),3,100,77,23,23,1000,Bottom,k-Median Rule,81.10000000000001,48.0,0.6509999999999996
Impartial Anonymous Culture (IAC),3,100,77,23,23,1000,Bottom,k-Median-Shapley,37.0,5.800000000000001,0.8713333333333292
Impartial Anonymous Culture (IAC),4,100,77,23,23,1000,Cutoff,Evaluative Voting,100.0,100.0,0.75
Impartial Anonymous Culture (IAC),4,100,77,23,23,1000,Cutoff,k-Median Rule,94.5,94.5,0.7115
Impartial Anonymous Culture (IAC),4,100,77,23,23,1000,Cutoff,k-Median-Shapley,77.0,76.5,0.80225
Impartial Anonymous Culture (IAC),4,100,77,23,23,1000,Bottom,Evaluative Voting,91.5,91.5,0.77125
Impartial Anonymous Culture (IAC),4,100,77,23,23,1000,Bottom,k-Median Rule,85.8,62.1,0.715
Impartial Anonymous Culture (IAC),4,100,77,23,23,1000,Bottom,k-Median-Shapley,43.2,15.6,0.88625
Impartial Anonymous Culture (IAC),5,100,77,23,23,1000,Cutoff,Evaluative Voting,100.0,100.0,0.7999999999999887
Impartial Anonymous Culture (IAC),5,100,77,23,23,1000,Cutoff,k-Median Rule,92.7,92.7,0.7899999999999928
Impartial Anonymous Culture (IAC),5,100,77,23,23,1000,Cutoff,k-Median-Shapley,73.3,72.89999999999999,0.8515999999999914
Impartial Anonymous Culture (IAC),5,100,77,23,23,1000,Bottom,Evaluative Voting,97.39999999999999,97.39999999999999,0.8051999999999888
Impartial Anonymous Culture (IAC),5,100,77,23,23,1000,Bottom,k-Median Rule,88.9,76.9,0.7797999999999958
Impartial Anonymous Culture (IAC),5,100,77,23,23,1000,Bottom,k-Median-Shapley,45.800000000000004,32.0,0.9017999999999938
Impartial Anonymous Culture (IAC),6,100,77,23,23,1000,Cutoff,Evaluative Voting,99.2,99.2,0.8346666666666767
Impartial Anonymous Culture (IAC),6,100,77,23,23,1000,Cutoff,k-Median Rule,89.60000000000001,89.60000000000001,0.8506666666666757
Impartial Anonymous Culture (IAC),6,100,77,23,23,1000,Cutoff,k-Median-Shapley,65.2,65.2,0.8913333333333409
Impartial Anonymous Culture (IAC),6,100,77,23,23,1000,Bottom,Evaluative Voting,99.2,99.2,0.8346666666666767
Impartial Anonymous Culture (IAC),6,100,77,23,23,1000,Bottom,k-Median Rule,89.60000000000001,89.60000000000001,0.8506666666666757
Impartial Anonymous Culture (IAC),6,100,77,23,23,1000,Bottom,k-Median-Shapley,65.2,65.2,0.8913333333333409
Impartial Anonymous Culture (IAC),2,100,76,24,24,1000,Cutoff,Evaluative Voting,99.9,99.9,0.5005
Impartial Anonymous Culture (IAC),2,100,76,24,24,1000,Cutoff,k-Median Rule,90.8,90.8,0.4805
Impartial Anonymous Culture (IAC),2,100,76,24,24,1000,Cutoff,k-Median-Shapley,69.39999999999999,69.0,0.6465
Impartial Anonymous Culture (IAC),2,100,76,24,24,1000,Bottom,Evaluative Voting,64.4,64.4,0.678
Impartial Anonymous Culture (IAC),2,100,76,24,24,1000,Bottom,k-Median Rule,72.5,36.1,0.571
Impartial Anonymous Culture (IAC),2,100,76,24,24,1000,Bottom,k-Median-Shapley,30.7,1.6,0.8435
Impartial Anonymous Culture (IAC),3,100,76,24,24,1000,Cutoff,Evaluative Voting,100.0,100.0,0.6666666666666636
Impartial Anonymous Culture (IAC),3,100,76,24,24,1000,Cutoff,k-Median Rule,95.39999999999999,95.39999999999999,0.6126666666666669
Impartial Anonymous Culture (IAC),3,100,76,24,24,1000,Cutoff,k-Median-Shapley,78.2,77.7,0.7333333333333284
Impartial Anonymous Culture (IAC),3,100,76,24,24,1000,Bottom,Evaluative Voting,83.1,83.1,0.7229999999999951
Impartial Anonymous Culture (IAC),3,100,76,24,24,1000,Bottom,k-Median Rule,82.19999999999999,51.2,0.645333333333333
Impartial Anonymous Culture (IAC),3,100,76,24,24,1000,Bottom,k-Median-Shapley,37.0,6.1,0.8726666666666624
Impartial Anonymous Culture (IAC),4,100,76,24,24,1000,Cutoff,Evaluative Voting,100.0,100.0,0.75
Impartial Anonymous Culture (IAC),4,100,76,24,24,1000,Cutoff,k-Median Rule,94.5,94.5,0.7125
Impartial Anonymous Culture (IAC),4,100,76,24,24,1000,Cutoff,k-Median-Shapley,78.7,78.5,0.7985
Impartial Anonymous Culture (IAC),4,100,76,24,24,1000,Bottom,Evaluative Voting,94.19999999999999,94.19999999999999,0.7645
Impartial Anonymous Culture (IAC),4,100,76,24,24,1000,Bottom,k-Median Rule,85.9,65.3,0.71225
Impartial Anonymous Culture (IAC),4,100,76,24,24,1000,Bottom,k-Median-Shapley,42.1,16.7,0.88825
Impartial Anonymous Culture (IAC),5,100,76,24,24,1000,Cutoff,Evaluative Voting,100.0,100.0,0.7999999999999887
Impartial Anonymous Culture (IAC),5,100,76,24,24,1000,Cutoff,k-Median Rule,93.8,93.8,0.787599999999993
Impartial Anonymous Culture (IAC),5,100,76,24,24,1000,Cutoff,k-Median-Shapley,76.4,76.1,0.8451999999999908
Impartial Anonymous Culture (IAC),5,100,76,24,24,1000,Bottom,Evaluative Voting,98.4,98.4,0.8031999999999889
Impartial Anonymous Culture (IAC),5,100,76,24,24,1000,Bottom,k-Median Rule,89.9,79.10000000000001,0.7771999999999961
Impartial Anonymous Culture (IAC),5,100,76,24,24,1000,Bottom,k-Median-Shapley,48.8,36.5,0.8961999999999937
Impartial Anonymous Culture (IAC),6,100,76,24,24,1000,Cutoff,Evaluative Voting,99.6,99.6,0.83400000000001
Impartial Anonymous Culture (IAC),6,100,76,24,24,1000,Cutoff,k-Median Rule,91.3,91.3,0.8478333333333425
Impartial Anonymous Culture (IAC),6,100,76,24,24,1000,Cutoff,k-Median-Shapley,67.30000000000001,67.30000000000001,0.8878333333333407
Impartial Anonymous Culture (IAC),6,100,76,24,24,1000,Bottom,Evaluative Voting,99.6,99.6,0.83400000000001
Impartial Anonymous Culture (IAC),6,100,76,24,24,1000,Bottom,k-Median Rule,91.3,91.3,0.8478333333333425
Impartial Anonymous Culture (IAC),6,100,76,24,24,1000,Bottom,k-Median-Shapley,67.30000000000001,67.30000000000001,0.8878333333333407
Impartial Anonymous Culture (IAC),2,100,75,25,25,1000,Cutoff,Evaluative Voting,100.0,100.0,0.5
Impartial Anonymous Culture (IAC),2,100,75,25,25,1000,Cutoff,k-Median Rule,91.7,91.7,0.4695
Impartial Anonymous Culture (IAC),2,100,75,25,25,1000,Cutoff,k-Median-Shapley,70.7,69.89999999999999,0.642
Impartial Anonymous Culture (IAC),2,100,75,25,25,1000,Bottom,Evaluative Voting,69.6,69.6,0.652
Impartial Anonymous Culture (IAC),2,100,75,25,25,1000,Bottom,k-Median Rule,73.8,39.5,0.5565
Impartial Anonymous Culture (IAC),2,100,75,25,25,1000,Bottom,k-Median-Shapley,30.0,1.5,0.8485
Impartial Anonymous Culture (IAC),3,100,75,25,25,1000,Cutoff,Evaluative Voting,100.0,100.0,0.6666666666666636
Impartial Anonymous Culture (IAC),3,100,75,25,25,1000,Cutoff,k-Median Rule,96.8,96.8,0.6003333333333342
Impartial Anonymous Culture (IAC),3,100,75,25,25,1000,Cutoff,k-Median-Shapley,81.0,80.5,0.7213333333333284
Impartial Anonymous Culture (IAC),3,100,75,25,25,1000,Bottom,Evaluative Voting,87.2,87.2,0.7093333333333289
Impartial Anonymous Culture (IAC),3,100,75,25,25,1000,Bottom,k-Median Rule,84.1,55.900000000000006,0.6309999999999999
Impartial Anonymous Culture (IAC),3,100,75,25,25,1000,Bottom,k-Median-Shapley,38.9,6.5,0.8646666666666623
Impartial Anonymous Culture (IAC),4,100,75,25,25,1000,Cutoff,Evaluative Voting,100.0,100.0,0.75
Impartial Anonymous Culture (IAC),4,100,75,25,25,1000,Cutoff,k-Median Rule,95.89999999999999,95.89999999999999,0.7015
Impartial Anonymous Culture (IAC),4,100,75,25,25,1000,Cutoff,k-Median-Shapley,80.4,79.80000000000001,0.79325
Impartial Anonymous Culture (IAC),4,100,75,25,25,1000,Bottom,Evaluative Voting,96.0,96.0,0.76
Impartial Anonymous Culture (IAC),4,100,75,25,25,1000,Bottom,k-Median Rule,88.6,69.1,0.70025
Impartial Anonymous Culture (IAC),4,100,75,25,25,1000,Bottom,k-Median-Shapley,44.9,18.9,0.8805
Impartial Anonymous Culture (IAC),5,100,75,25,25,1000,Cutoff,Evaluative Voting,100.0,100.0,0.7999999999999887
Impartial Anonymous Culture (IAC),5,100,75,25,25,1000,Cutoff,k-Median Rule,95.19999999999999,95.19999999999999,0.7793999999999939
Impartial Anonymous Culture (IAC),5,100,75,25,25,1000,Cutoff,k-Median-Shapley,79.7,79.4,0.8383999999999902
Impartial Anonymous Culture (IAC),5,100,75,25,25,1000,Bottom,Evaluative Voting,99.0,99.0,0.8019999999999888
Impartial Anonymous Culture (IAC),5,100,75,25,25,1000,Bottom,k-Median Rule,91.8,81.6,0.7691999999999966
Impartial Anonymous Culture (IAC),5,100,75,25,25,1000,Bottom,k-Median-Shapley,52.300000000000004,39.7,0.8865999999999938
Impartial Anonymous Culture (IAC),6,100,75,25,25,1000,Cutoff,Evaluative Voting,99.9,99.9,0.8335000000000099
Impartial Anonymous Culture (IAC),6,100,75,25,25,1000,Cutoff,k-Median Rule,92.60000000000001,92.60000000000001,0.8456666666666761
Impartial Anonymous Culture (IAC),6,100,75,25,25,1000,Cutoff,k-Median-Shapley,70.1,70.1,0.8831666666666743
Impartial Anonymous Culture (IAC),6,100,75,25,25,1000,Bottom,Evaluative Voting,99.9,99.9,0.8335000000000099
Impartial Anonymous Culture (IAC),6,100,75,25,25,1000,Bottom,k-Median Rule,92.60000000000001,92.60000000000001,0.8456666666666761
Impartial Anonymous Culture (IAC),6,100,75,25,25,1000,Bottom,k-Median-Shapley,70.1,70.1,0.8831666666666743
Impartial Anonymous Culture (IAC),2,100,74,26,26,1000,Cutoff,Evaluative Voting,100.0,100.0,0.5
Impartial Anonymous Culture (IAC),2,100,74,26,26,1000,Cutoff,k-Median Rule,92.80000000000001,92.80000000000001,0.4595
Impartial Anonymous Culture (IAC),2,100,74,26,26,1000,Cutoff,k-Median-Shapley,73.4,72.7,0.6275
Impartial Anonymous Culture (IAC),2,100,74,26,26,1000,Bottom,Evaluative Voting,75.6,75.6,0.622
Impartial Anonymous Culture (IAC),2,100,74,26,26,1000,Bottom,k-Median Rule,75.3,43.4,0.5415
Impartial Anonymous Culture (IAC),2,100,74,26,26,1000,Bottom,k-Median-Shapley,32.0,2.5,0.838
Impartial Anonymous Culture (IAC),3,100,74,26,26,1000,Cutoff,Evaluative Voting,100.0,100.0,0.6666666666666636
Impartial Anonymous Culture (IAC),3,100,74,26,26,1000,Cutoff,k-Median Rule,97.2,97.2,0.5953333333333345
Impartial Anonymous Culture (IAC),3,100,74,26,26,1000,Cutoff,k-Median-Shapley,82.89999999999999,82.6,0.7166666666666621
Impartial Anonymous Culture (IAC),3,100,74,26,26,1000,Bottom,Evaluative Voting,91.8,91.8,0.6939999999999961
Impartial Anonymous Culture (IAC),3,100,74,26,26,1000,Bottom,k-Median Rule,85.39999999999999,60.199999999999996,0.6226666666666664
Impartial Anonymous Culture (IAC),3,100,74,26,26,1000,Bottom,k-Median-Shapley,40.8,8.799999999999999,0.8583333333333288
Impartial Anonymous Culture (IAC),4,100,74,26,26,1000,Cutoff,Evaluative Voting,100.0,100.0,0.75
Impartial Anonymous Culture (IAC),4,100,74,26,26,1000,Cutoff,k-Median Rule,96.89999999999999,96.89999999999999,0.7005
Impartial Anonymous Culture (IAC),4,100,74,26,26,1000,Cutoff,k-Median-Shapley,84.0,83.6,0.785
Impartial Anonymous Culture (IAC),4,100,74,26,26,1000,Bottom,Evaluative Voting,96.89999999999999,96.89999999999999,0.75775
Impartial Anonymous Culture (IAC),4,100,74,26,26,1000,Bottom,k-Median Rule,91.10000000000001,72.89999999999999,0.69375
Impartial Anonymous Culture (IAC),4,100,74,26,26,1000,Bottom,k-Median-Shapley,47.3,21.5,0.87425
Impartial Anonymous Culture (IAC),5,100,74,26,26,1000,Cutoff,Evaluative Voting,100.0,100.0,0.7999999999999887
Impartial Anonymous Culture (IAC),5,100,74,26,26,1000,Cutoff,k-Median Rule,96.5,96.5,0.7779999999999937
Impartial Anonymous Culture (IAC),5,100,74,26,26,1000,Cutoff,k-Median-Shapley,81.10000000000001,80.9,0.8347999999999907
Impartial Anonymous Culture (IAC),5,100,74,26,26,1000,Bottom,Evaluative Voting,99.3,99.3,0.8013999999999888
Impartial Anonymous Culture (IAC),5,100,74,26,26,1000,Bottom,k-Median Rule,93.2,84.6,0.7627999999999971
Impartial Anonymous Culture (IAC),5,100,74,26,26,1000,Bottom,k-Median-Shapley,55.2,42.5,0.8809999999999929
Impartial Anonymous Culture (IAC),6,100,74,26,26,1000,Cutoff,Evaluative Voting,100.0,100.0,0.8333333333333433
Impartial Anonymous Culture (IAC),6,100,74,26,26,1000,Cutoff,k-Median Rule,94.1,94.1,0.8431666666666764
Impartial Anonymous Culture (IAC),6,100,74,26,26,1000,Cutoff,k-Median-Shapley,73.6,73.6,0.8773333333333414
Impartial Anonymous Culture (IAC),6,100,74,26,26,1000,Bottom,Evaluative Voting,100.0,100.0,0.8333333333333433
Impartial Anonymous Culture (IAC),6,100,74,26,26,1000,Bottom,k-Median Rule,94.1,94.1,0.8431666666666764
Impartial Anonymous Culture (IAC),6,100,74,26,26,1000,Bottom,k-Median-Shapley,73.6,73.6,0.8773333333333414
Impartial Anonymous Culture (IAC),2,100,73,27,27,1000,Cutoff,Evaluative Voting,100.0,100.0,0.5
Impartial Anonymous Culture (IAC),2,100,73,27,27,1000,Cutoff,k-Median Rule,94.6,94.6,0.442
Impartial Anonymous Culture (IAC),2,100,73,27,27,1000,Cutoff,k-Median-Shapley,75.2,74.5,0.617
Impartial Anonymous Culture (IAC),2,100,73,27,27,1000,Bottom,Evaluative Voting,81.3,81.3,0.5935
Impartial Anonymous Culture (IAC),2,100,73,27,27,1000,Bottom,k-Median Rule,78.60000000000001,46.5,0.5215
Impartial Anonymous Culture (IAC),2,100,73,27,27,1000,Bottom,k-Median-Shapley,35.199999999999996,2.8000000000000003,0.819
Impartial Anonymous Culture (IAC),3,100,73,27,27,1000,Cutoff,Evaluative Voting,100.0,100.0,0.6666666666666636
Impartial Anonymous Culture (IAC),3,100,73,27,27,1000,Cutoff,k-Median Rule,97.89999999999999,97.89999999999999,0.5863333333333342
Impartial Anonymous Culture (IAC),3,100,73,27,27,1000,Cutoff,k-Median-Shapley,84.3,83.8,0.7086666666666622
Impartial Anonymous Culture (IAC),3,100,73,27,27,1000,Bottom,Evaluative Voting,93.8,93.8,0.6873333333333295
Impartial Anonymous Culture (IAC),3,100,73,27,27,1000,Bottom,k-Median Rule,87.1,64.1,0.6039999999999999
Impartial Anonymous Culture (IAC),3,100,73,27,27,1000,Bottom,k-Median-Shapley,42.4,9.6,0.8493333333333287
Impartial Anonymous Culture (IAC),4,100,73,27,27,1000,Cutoff,Evaluative Voting,100.0,100.0,0.75
Impartial Anonymous Culture (IAC),4,100,73,27,27,1000,Cutoff,k-Median Rule,97.89999999999999,97.89999999999999,0.69275
Impartial Anonymous Culture (IAC),4,100,73,27,27,1000,Cutoff,k-Median-Shapley,85.6,85.3,0.78
Impartial Anonymous Culture (IAC),4,100,73,27,27,1000,Bottom,Evaluative Voting,97.89999999999999,97.89999999999999,0.75525
Impartial Anonymous Culture (IAC),4,100,73,27,27,1000,Bottom,k-Median Rule,91.8,76.1,0.685
Impartial Anonymous Culture (IAC),4,100,73,27,27,1000,Bottom,k-Median-Shapley,48.9,24.3,0.86825
Impartial Anonymous Culture (IAC),5,100,73,27,27,1000,Cutoff,Evaluative Voting,100.0,100.0,0.7999999999999887
Impartial Anonymous Culture (IAC),5,100,73,27,27,1000,Cutoff,k-Median Rule,97.7,97.7,0.7723999999999943
Impartial Anonymous Culture (IAC),5,100,73,27,27,1000,Cutoff,k-Median-Shapley,82.19999999999999,82.1,0.8317999999999905
Impartial Anonymous Culture (IAC),5,100,73,27,27,1000,Bottom,Evaluative Voting,99.7,99.7,0.8005999999999888
Impartial Anonymous Culture (IAC),5,100,73,27,27,1000,Bottom,k-Median Rule,94.69999999999999,87.3,0.7561999999999977
Impartial Anonymous Culture (IAC),5,100,73,27,27,1000,Bottom,k-Median-Shapley,59.199999999999996,45.9,0.8739999999999928
Impartial Anonymous Culture (IAC),6,100,73,27,27,1000,Cutoff,Evaluative Voting,100.0,100.0,0.8333333333333433
Impartial Anonymous Culture (IAC),6,100,73,27,27,1000,Cutoff,k-Median Rule,95.0,95.0,0.8416666666666764
Impartial Anonymous Culture (IAC),6,100,73,27,27,1000,Cutoff,k-Median-Shapley,76.6,76.6,0.8723333333333421
Impartial Anonymous Culture (IAC),6,100,73,27,27,1000,Bottom,Evaluative Voting,100.0,100.0,0.8333333333333433
Impartial Anonymous Culture (IAC),6,100,73,27,27,1000,Bottom,k-Median Rule,95.0,95.0,0.8416666666666764
Impartial Anonymous Culture (IAC),6,100,73,27,27,1000,Bottom,k-Median-Shapley,76.6,76.6,0.8723333333333421
Impartial Anonymous Culture (IAC),2,100,72,28,28,1000,Cutoff,Evaluative Voting,100.0,100.0,0.5
Impartial Anonymous Culture (IAC),2,100,72,28,28,1000,Cutoff,k-Median Rule,95.3,95.3,0.4355
Impartial Anonymous Culture (IAC),2,100,72,28,28,1000,Cutoff,k-Median-Shapley,77.7,76.6,0.604
Impartial Anonymous Culture (IAC),2,100,72,28,28,1000,Bottom,Evaluative Voting,85.6,85.6,0.572
Impartial Anonymous Culture (IAC),2,100,72,28,28,1000,Bottom,k-Median Rule,80.10000000000001,50.6,0.503
Impartial Anonymous Culture (IAC),2,100,72,28,28,1000,Bottom,k-Median-Shapley,37.0,3.2,0.8105
Impartial Anonymous Culture (IAC),3,100,72,28,28,1000,Cutoff,Evaluative Voting,100.0,100.0,0.6666666666666636
Impartial Anonymous Culture (IAC),3,100,72,28,28,1000,Cutoff,k-Median Rule,98.3,98.3,0.5810000000000013
Impartial Anonymous Culture (IAC),3,100,72,28,28,1000,Cutoff,k-Median-Shapley,86.0,85.5,0.7023333333333289
Impartial Anonymous Culture (IAC),3,100,72,28,28,1000,Bottom,Evaluative Voting,95.7,95.7,0.6809999999999966
Impartial Anonymous Culture (IAC),3,100,72,28,28,1000,Bottom,k-Median Rule,88.9,68.2,0.5903333333333334
Impartial Anonymous Culture (IAC),3,100,72,28,28,1000,Bottom,k-Median-Shapley,43.6,11.700000000000001,0.845333333333329
Impartial Anonymous Culture (IAC),4,100,72,28,28,1000,Cutoff,Evaluative Voting,100.0,100.0,0.75
Impartial Anonymous Culture (IAC),4,100,72,28,28,1000,Cutoff,k-Median Rule,97.89999999999999,97.89999999999999,0.69025
Impartial Anonymous Culture (IAC),4,100,72,28,28,1000,Cutoff,k-Median-Shapley,87.4,87.0,0.77475
Impartial Anonymous Culture (IAC),4,100,72,28,28,1000,Bottom,Evaluative Voting,98.6,98.6,0.7535
Impartial Anonymous Culture (IAC),4,100,72,28,28,1000,Bottom,k-Median Rule,93.4,79.7,0.67275
Impartial Anonymous Culture (IAC),4,100,72,28,28,1000,Bottom,k-Median-Shapley,52.1,27.800000000000004,0.859
Impartial Anonymous Culture (IAC),5,100,72,28,28,1000,Cutoff,Evaluative Voting,100.0,100.0,0.7999999999999887
Impartial Anonymous Culture (IAC),5,100,72,28,28,1000,Cutoff,k-Median Rule,98.1,98.1,0.7705999999999943
Impartial Anonymous Culture (IAC),5,100,72,28,28,1000,Cutoff,k-Median-Shapley,84.6,84.6,0.8271999999999903
Impartial Anonymous Culture (IAC),5,100,72,28,28,1000,Bottom,Evaluative Voting,99.9,99.9,0.8001999999999888
Impartial Anonymous Culture (IAC),5,100,72,28,28,1000,Bottom,k-Median Rule,95.0,89.4,0.7543999999999974
Impartial Anonymous Culture (IAC),5,100,72,28,28,1000,Bottom,k-Median-Shapley,61.4,48.6,0.8685999999999927
Impartial Anonymous Culture (IAC),6,100,72,28,28,1000,Cutoff,Evaluative Voting,100.0,100.0,0.8333333333333433
Impartial Anonymous Culture (IAC),6,100,72,28,28,1000,Cutoff,k-Median Rule,95.89999999999999,95.89999999999999,0.8401666666666765
Impartial Anonymous Culture (IAC),6,100,72,28,28,1000,Cutoff,k-Median-Shapley,78.7,78.7,0.868833333333342
Impartial Anonymous Culture (IAC),6,100,72,28,28,1000,Bottom,Evaluative Voting,100.0,100.0,0.8333333333333433
Impartial Anonymous Culture (IAC),6,100,72,28,28,1000,Bottom,k-Median Rule,95.89999999999999,95.89999999999999,0.8401666666666765
Impartial Anonymous Culture (IAC),6,100,72,28,28,1000,Bottom,k-Median-Shapley,78.7,78.7,0.868833333333342
Impartial Anonymous Culture (IAC),2,100,71,29,29,1000,Cutoff,Evaluative Voting,100.0,100.0,0.5
Impartial Anonymous Culture (IAC),2,100,71,29,29,1000,Cutoff,k-Median Rule,96.5,96.5,0.422
Impartial Anonymous Culture (IAC),2,100,71,29,29,1000,Cutoff,k-Median-Shapley,78.0,77.3,0.602
Impartial Anonymous Culture (IAC),2,100,71,29,29,1000,Bottom,Evaluative Voting,89.4,89.4,0.553
Impartial Anonymous Culture (IAC),2,100,71,29,29,1000,Bottom,k-Median Rule,82.6,54.2,0.481
Impartial Anonymous Culture (IAC),2,100,71,29,29,1000,Bottom,k-Median-Shapley,35.8,4.6,0.816
Impartial Anonymous Culture (IAC),3,100,71,29,29,1000,Cutoff,Evaluative Voting,100.0,100.0,0.6666666666666636
Impartial Anonymous Culture (IAC),3,100,71,29,29,1000,Cutoff,k-Median Rule,98.5,98.5,0.5740000000000011
Impartial Anonymous Culture (IAC),3,100,71,29,29,1000,Cutoff,k-Median-Shapley,88.1,87.5,0.6929999999999962
Impartial Anonymous Culture (IAC),3,100,71,29,29,1000,Bottom,Evaluative Voting,97.2,97.2,0.6759999999999967
Impartial Anonymous Culture (IAC),3,100,71,29,29,1000,Bottom,k-Median Rule,90.0,71.7,0.5783333333333338
Impartial Anonymous Culture (IAC),3,100,71,29,29,1000,Bottom,k-Median-Shapley,45.4,12.9,0.8383333333333286
Impartial Anonymous Culture (IAC),4,100,71,29,29,1000,Cutoff,Evaluative Voting,100.0,100.0,0.75
Impartial Anonymous Culture (IAC),4,100,71,29,29,1000,Cutoff,k-Median Rule,98.3,98.3,0.6845
Impartial Anonymous Culture (IAC),4,100,71,29,29,1000,Cutoff,k-Median-Shapley,89.1,89.0,0.76975
Impartial Anonymous Culture (IAC),4,100,71,29,29,1000,Bottom,Evaluative Voting,99.5,99.5,0.75125
Impartial Anonymous Culture (IAC),4,100,71,29,29,1000,Bottom,k-Median Rule,95.0,82.3,0.6645
Impartial Anonymous Culture (IAC),4,100,71,29,29,1000,Bottom,k-Median-Shapley,55.00000000000001,31.5,0.8495
Impartial Anonymous Culture (IAC),5,100,71,29,29,1000,Cutoff,Evaluative Voting,100.0,100.0,0.7999999999999887
Impartial Anonymous Culture (IAC),5,100,71,29,29,1000,Cutoff,k-Median Rule,98.1,98.1,0.7677999999999946
Impartial Anonymous Culture (IAC),5,100,71,29,29,1000,Cutoff,k-Median-Shapley,87.1,87.1,0.8207999999999904
Impartial Anonymous Culture (IAC),5,100,71,29,29,1000,Bottom,Evaluative Voting,100.0,100.0,0.7999999999999887
Impartial Anonymous Culture (IAC),5,100,71,29,29,1000,Bottom,k-Median Rule,95.89999999999999,90.9,0.7493999999999981
Impartial Anonymous Culture (IAC),5,100,71,29,29,1000,Bottom,k-Median-Shapley,63.800000000000004,52.7,0.8619999999999932
Impartial Anonymous Culture (IAC),6,100,71,29,29,1000,Cutoff,Evaluative Voting,100.0,100.0,0.8333333333333433
Impartial Anonymous Culture (IAC),6,100,71,29,29,1000,Cutoff,k-Median Rule,96.6,96.6,0.8390000000000098
Impartial Anonymous Culture (IAC),6,100,71,29,29,1000,Cutoff,k-Median-Shapley,81.3,81.3,0.8645000000000094
Impartial Anonymous Culture (IAC),6,100,71,29,29,1000,Bottom,Evaluative Voting,100.0,100.0,0.8333333333333433
Impartial Anonymous Culture (IAC),6,100,71,29,29,1000,Bottom,k-Median Rule,96.6,96.6,0.8390000000000098
Impartial Anonymous Culture (IAC),6,100,71,29,29,1000,Bottom,k-Median-Shapley,81.3,81.3,0.8645000000000094
Impartial Anonymous Culture (IAC),2,100,70,30,30,1000,Cutoff,Evaluative Voting,100.0,100.0,0.5
Impartial Anonymous Culture (IAC),2,100,70,30,30,1000,Cutoff,k-Median Rule,97.5,97.5,0.4155
Impartial Anonymous Culture (IAC),2,100,70,30,30,1000,Cutoff,k-Median-Shapley,80.9,80.4,0.587
Impartial Anonymous Culture (IAC),2,100,70,30,30,1000,Bottom,Evaluative Voting,92.4,92.4,0.538
Impartial Anonymous Culture (IAC),2,100,70,30,30,1000,Bottom,k-Median Rule,84.8,59.099999999999994,0.466
Impartial Anonymous Culture (IAC),2,100,70,30,30,1000,Bottom,k-Median-Shapley,39.4,6.2,0.799
Impartial Anonymous Culture (IAC),3,100,70,30,30,1000,Cutoff,Evaluative Voting,100.0,100.0,0.6666666666666636
Impartial Anonymous Culture (IAC),3,100,70,30,30,1000,Cutoff,k-Median Rule,99.0,99.0,0.5736666666666675
Impartial Anonymous Culture (IAC),3,100,70,30,30,1000,Cutoff,k-Median-Shapley,90.10000000000001,89.7,0.6869999999999964
Impartial Anonymous Culture (IAC),3,100,70,30,30,1000,Bottom,Evaluative Voting,98.6,98.6,0.6713333333333302
Impartial Anonymous Culture (IAC),3,100,70,30,30,1000,Bottom,k-Median Rule,91.3,75.2,0.5720000000000006
Impartial Anonymous Culture (IAC),3,100,70,30,30,1000,Bottom,k-Median-Shapley,49.0,15.4,0.8263333333333285
Impartial Anonymous Culture (IAC),4,100,70,30,30,1000,Cutoff,Evaluative Voting,100.0,100.0,0.75
Impartial Anonymous Culture (IAC),4,100,70,30,30,1000,Cutoff,k-Median Rule,98.7,98.7,0.6855
Impartial Anonymous Culture (IAC),4,100,70,30,30,1000,Cutoff,k-Median-Shapley,90.10000000000001,89.7,0.76675
Impartial Anonymous Culture (IAC),4,100,70,30,30,1000,Bottom,Evaluative Voting,99.8,99.8,0.7505
Impartial Anonymous Culture (IAC),4,100,70,30,30,1000,Bottom,k-Median Rule,95.5,85.6,0.66175
Impartial Anonymous Culture (IAC),4,100,70,30,30,1000,Bottom,k-Median-Shapley,57.99999999999999,34.599999999999994,0.83875
Impartial Anonymous Culture (IAC),5,100,70,30,30,1000,Cutoff,Evaluative Voting,100.0,100.0,0.7999999999999887
Impartial Anonymous Culture (IAC),5,100,70,30,30,1000,Cutoff,k-Median Rule,98.6,98.6,0.7673999999999945
Impartial Anonymous Culture (IAC),5,100,70,30,30,1000,Cutoff,k-Median-Shapley,89.2,89.1,0.8181999999999902
Impartial Anonymous Culture (IAC),5,100,70,30,30,1000,Bottom,Evaluative Voting,100.0,100.0,0.7999999999999887
Impartial Anonymous Culture (IAC),5,100,70,30,30,1000,Bottom,k-Median Rule,97.3,93.30000000000001,0.7451999999999981
Impartial Anonymous Culture (IAC),5,100,70,30,30,1000,Bottom,k-Median-Shapley,66.2,56.99999999999999,0.856399999999993
Impartial Anonymous Culture (IAC),6,100,70,30,30,1000,Cutoff,Evaluative Voting,100.0,100.0,0.8333333333333433
Impartial Anonymous Culture (IAC),6,100,70,30,30,1000,Cutoff,k-Median Rule,97.6,97.6,0.8373333333333431
Impartial Anonymous Culture (IAC),6,100,70,30,30,1000,Cutoff,k-Median-Shapley,83.7,83.7,0.8605000000000088
Impartial Anonymous Culture (IAC),6,100,70,30,30,1000,Bottom,Evaluative Voting,100.0,100.0,0.8333333333333433
Impartial Anonymous Culture (IAC),6,100,70,30,30,1000,Bottom,k-Median Rule,97.6,97.6,0.8373333333333431
Impartial Anonymous Culture (IAC),6,100,70,30,30,1000,Bottom,k-Median-Shapley,83.7,83.7,0.8605000000000088
Impartial Anonymous Culture (IAC),2,100,69,31,31,1000,Cutoff,Evaluative Voting,100.0,100.0,0.5
Impartial Anonymous Culture (IAC),2,100,69,31,31,1000,Cutoff,k-Median Rule,98.1,98.1,0.404
Impartial Anonymous Culture (IAC),2,100,69,31,31,1000,Cutoff,k-Median-Shapley,82.69999999999999,82.19999999999999,0.5765
Impartial Anonymous Culture (IAC),2,100,69,31,31,1000,Bottom,Evaluative Voting,94.89999999999999,94.89999999999999,0.5255
Impartial Anonymous Culture (IAC),2,100,69,31,31,1000,Bottom,k-Median Rule,88.0,63.7,0.4385
Impartial Anonymous Culture (IAC),2,100,69,31,31,1000,Bottom,k-Median-Shapley,41.0,7.3,0.7865
Impartial Anonymous Culture (IAC),3,100,69,31,31,1000,Cutoff,Evaluative Voting,100.0,100.0,0.6666666666666636
Impartial Anonymous Culture (IAC),3,100,69,31,31,1000,Cutoff,k-Median Rule,99.2,99.2,0.5596666666666682
Impartial Anonymous Culture (IAC),3,100,69,31,31,1000,Cutoff,k-Median-Shapley,91.7,91.2,0.6796666666666632
Impartial Anonymous Culture (IAC),3,100,69,31,31,1000,Bottom,Evaluative Voting,99.3,99.3,0.668999999999997
Impartial Anonymous Culture (IAC),3,100,69,31,31,1000,Bottom,k-Median Rule,92.60000000000001,78.9,0.5533333333333343
Impartial Anonymous Culture (IAC),3,100,69,31,31,1000,Bottom,k-Median-Shapley,53.5,18.7,0.8079999999999953
Impartial Anonymous Culture (IAC),4,100,69,31,31,1000,Cutoff,Evaluative Voting,100.0,100.0,0.75
Impartial Anonymous Culture (IAC),4,100,69,31,31,1000,Cutoff,k-Median Rule,98.9,98.9,0.6785
Impartial Anonymous Culture (IAC),4,100,69,31,31,1000,Cutoff,k-Median-Shapley,91.8,91.3,0.7625
Impartial Anonymous Culture (IAC),4,100,69,31,31,1000,Bottom,Evaluative Voting,100.0,100.0,0.75
Impartial Anonymous Culture (IAC),4,100,69,31,31,1000,Bottom,k-Median Rule,95.89999999999999,88.7,0.64625
Impartial Anonymous Culture (IAC),4,100,69,31,31,1000,Bottom,k-Median-Shapley,62.0,38.5,0.8275
Impartial Anonymous Culture (IAC),5,100,69,31,31,1000,Cutoff,Evaluative Voting,100.0,100.0,0.7999999999999887
Impartial Anonymous Culture (IAC),5,100,69,31,31,1000,Cutoff,k-Median Rule,99.0,99.0,0.7615999999999954
Impartial Anonymous Culture (IAC),5,100,69,31,31,1000,Cutoff,k-Median-Shapley,90.60000000000001,90.4,0.8137999999999903
Impartial Anonymous Culture (IAC),5,100,69,31,31,1000,Bottom,Evaluative Voting,100.0,100.0,0.7999999999999887
Impartial Anonymous Culture (IAC),5,100,69,31,31,1000,Bottom,k-Median Rule,98.2,94.89999999999999,0.743199999999998
Impartial Anonymous Culture (IAC),5,100,69,31,31,1000,Bottom,k-Median-Shapley,70.3,60.4,0.8471999999999926
Impartial Anonymous Culture (IAC),6,100,69,31,31,1000,Cutoff,Evaluative Voting,100.0,100.0,0.8333333333333433
Impartial Anonymous Culture (IAC),6,100,69,31,31,1000,Cutoff,k-Median Rule,98.1,98.1,0.8365000000000098
Impartial Anonymous Culture (IAC),6,100,69,31,31,1000,Cutoff,k-Median-Shapley,84.6,84.6,0.8590000000000092
Impartial Anonymous Culture (IAC),6,100,69,31,31,1000,Bottom,Evaluative Voting,100.0,100.0,0.8333333333333433
Impartial Anonymous Culture (IAC),6,100,69,31,31,1000,Bottom,k-Median Rule,98.1,98.1,0.8365000000000098
Impartial Anonymous Culture (IAC),6,100,69,31,31,1000,Bottom,k-Median-Shapley,84.6,84.6,0.8590000000000092
Impartial Anonymous Culture (IAC),2,100,68,32,32,1000,Cutoff,Evaluative Voting,100.0,100.0,0.5
Impartial Anonymous Culture (IAC),2,100,68,32,32,1000,Cutoff,k-Median Rule,98.4,98.4,0.399
Impartial Anonymous Culture (IAC),2,100,68,32,32,1000,Cutoff,k-Median-Shapley,85.2,84.6,0.563
Impartial Anonymous Culture (IAC),2,100,68,32,32,1000,Bottom,Evaluative Voting,97.39999999999999,97.39999999999999,0.513
Impartial Anonymous Culture (IAC),2,100,68,32,32,1000,Bottom,k-Median Rule,89.4,68.10000000000001,0.4225
Impartial Anonymous Culture (IAC),2,100,68,32,32,1000,Bottom,k-Median-Shapley,42.199999999999996,9.8,0.7815
Impartial Anonymous Culture (IAC),3,100,68,32,32,1000,Cutoff,Evaluative Voting,100.0,100.0,0.6666666666666636
Impartial Anonymous Culture (IAC),3,100,68,32,32,1000,Cutoff,k-Median Rule,99.5,99.5,0.5613333333333348
Impartial Anonymous Culture (IAC),3,100,68,32,32,1000,Cutoff,k-Median-Shapley,92.60000000000001,92.10000000000001,0.6776666666666631
Impartial Anonymous Culture (IAC),3,100,68,32,32,1000,Bottom,Evaluative Voting,99.8,99.8,0.6673333333333303
Impartial Anonymous Culture (IAC),3,100,68,32,32,1000,Bottom,k-Median Rule,94.3,82.19999999999999,0.5456666666666673
Impartial Anonymous Culture (IAC),3,100,68,32,32,1000,Bottom,k-Median-Shapley,56.39999999999999,23.5,0.7966666666666619
Impartial Anonymous Culture (IAC),4,100,68,32,32,1000,Cutoff,Evaluative Voting,100.0,100.0,0.75
Impartial Anonymous Culture (IAC),4,100,68,32,32,1000,Cutoff,k-Median Rule,99.1,99.1,0.6735
Impartial Anonymous Culture (IAC),4,100,68,32,32,1000,Cutoff,k-Median-Shapley,92.4,92.2,0.75725
Impartial Anonymous Culture (IAC),4,100,68,32,32,1000,Bottom,Evaluative Voting,100.0,100.0,0.75
Impartial Anonymous Culture (IAC),4,100,68,32,32,1000,Bottom,k-Median Rule,97.3,91.2,0.6385
Impartial Anonymous Culture (IAC),4,100,68,32,32,1000,Bottom,k-Median-Shapley,63.1,41.4,0.82175
Impartial Anonymous Culture (IAC),5,100,68,32,32,1000,Cutoff,Evaluative Voting,100.0,100.0,0.7999999999999887
Impartial Anonymous Culture (IAC),5,100,68,32,32,1000,Cutoff,k-Median Rule,99.0,99.0,0.7597999999999956
Impartial Anonymous Culture (IAC),5,100,68,32,32,1000,Cutoff,k-Median-Shapley,91.60000000000001,91.4,0.81259999999999
Impartial Anonymous Culture (IAC),5,100,68,32,32,1000,Bottom,Evaluative Voting,100.0,100.0,0.7999999999999887
Impartial Anonymous Culture (IAC),5,100,68,32,32,1000,Bottom,k-Median Rule,98.4,96.1,0.7379999999999993
Impartial Anonymous Culture (IAC),5,100,68,32,32,1000,Bottom,k-Median-Shapley,72.89999999999999,64.8,0.8379999999999932
Impartial Anonymous Culture (IAC),6,100,68,32,32,1000,Cutoff,Evaluative Voting,100.0,100.0,0.8333333333333433
Impartial Anonymous Culture (IAC),6,100,68,32,32,1000,Cutoff,k-Median Rule,98.5,98.5,0.8358333333333431
Impartial Anonymous Culture (IAC),6,100,68,32,32,1000,Cutoff,k-Median-Shapley,87.8,87.8,0.8536666666666765
Impartial Anonymous Culture (IAC),6,100,68,32,32,1000,Bottom,Evaluative Voting,100.0,100.0,0.8333333333333433
Impartial Anonymous Culture (IAC),6,100,68,32,32,1000,Bottom,k-Median Rule,98.5,98.5,0.8358333333333431
Impartial Anonymous Culture (IAC),6,100,68,32,32,1000,Bottom,k-Median-Shapley,87.8,87.8,0.8536666666666765
Impartial Anonymous Culture (IAC),2,100,67,33,33,1000,Cutoff,Evaluative Voting,100.0,100.0,0.5
Impartial Anonymous Culture (IAC),2,100,67,33,33,1000,Cutoff,k-Median Rule,98.9,98.9,0.3885
Impartial Anonymous Culture (IAC),2,100,67,33,33,1000,Cutoff,k-Median-Shapley,87.6,87.3,0.5505
Impartial Anonymous Culture (IAC),2,100,67,33,33,1000,Bottom,Evaluative Voting,98.4,98.4,0.508
Impartial Anonymous Culture (IAC),2,100,67,33,33,1000,Bottom,k-Median Rule,91.9,74.1,0.398
Impartial Anonymous Culture (IAC),2,100,67,33,33,1000,Bottom,k-Median-Shapley,44.6,12.1,0.766
Impartial Anonymous Culture (IAC),3,100,67,33,33,1000,Cutoff,Evaluative Voting,100.0,100.0,0.6666666666666636
Impartial Anonymous Culture (IAC),3,100,67,33,33,1000,Cutoff,k-Median Rule,99.6,99.6,0.5480000000000015
Impartial Anonymous Culture (IAC),3,100,67,33,33,1000,Cutoff,k-Median-Shapley,93.4,93.10000000000001,0.6729999999999965
Impartial Anonymous Culture (IAC),3,100,67,33,33,1000,Bottom,Evaluative Voting,99.9,99.9,0.666999999999997
Impartial Anonymous Culture (IAC),3,100,67,33,33,1000,Bottom,k-Median Rule,96.1,85.2,0.5213333333333338
Impartial Anonymous Culture (IAC),3,100,67,33,33,1000,Bottom,k-Median-Shapley,58.4,26.700000000000003,0.7856666666666621
Impartial Anonymous Culture (IAC),4,100,67,33,33,1000,Cutoff,Evaluative Voting,100.0,100.0,0.75
Impartial Anonymous Culture (IAC),4,100,67,33,33,1000,Cutoff,k-Median Rule,99.5,99.5,0.66625
Impartial Anonymous Culture (IAC),4,100,67,33,33,1000,Cutoff,k-Median-Shapley,93.8,93.60000000000001,0.755
Impartial Anonymous Culture (IAC),4,100,67,33,33,1000,Bottom,Evaluative Voting,100.0,100.0,0.75
Impartial Anonymous Culture (IAC),4,100,67,33,33,1000,Bottom,k-Median Rule,98.0,93.2,0.63125
Impartial Anonymous Culture (IAC),4,100,67,33,33,1000,Bottom,k-Median-Shapley,67.10000000000001,45.800000000000004,0.80775
Impartial Anonymous Culture (IAC),5,100,67,33,33,1000,Cutoff,Evaluative Voting,100.0,100.0,0.7999999999999887
Impartial Anonymous Culture (IAC),5,100,67,33,33,1000,Cutoff,k-Median Rule,99.3,99.3,0.7557999999999966
Impartial Anonymous Culture (IAC),5,100,67,33,33,1000,Cutoff,k-Median-Shapley,93.10000000000001,92.9,0.8087999999999904
Impartial Anonymous Culture (IAC),5,100,67,33,33,1000,Bottom,Evaluative Voting,100.0,100.0,0.7999999999999887
Impartial Anonymous Culture (IAC),5,100,67,33,33,1000,Bottom,k-Median Rule,98.8,96.89999999999999,0.7318000000000002
Impartial Anonymous Culture (IAC),5,100,67,33,33,1000,Bottom,k-Median-Shapley,75.6,67.60000000000001,0.8335999999999932
Impartial Anonymous Culture (IAC),6,100,67,33,33,1000,Cutoff,Evaluative Voting,100.0,100.0,0.8333333333333433
Impartial Anonymous Culture (IAC),6,100,67,33,33,1000,Cutoff,k-Median Rule,98.8,98.8,0.835333333333343
Impartial Anonymous Culture (IAC),6,100,67,33,33,1000,Cutoff,k-Median-Shapley,89.2,89.2,0.8513333333333429
Impartial Anonymous Culture (IAC),6,100,67,33,33,1000,Bottom,Evaluative Voting,100.0,100.0,0.8333333333333433
Impartial Anonymous Culture (IAC),6,100,67,33,33,1000,Bottom,k-Median Rule,98.8,98.8,0.835333333333343
Impartial Anonymous Culture (IAC),6,100,67,33,33,1000,Bottom,k-Median-Shapley,89.2,89.2,0.8513333333333429
Impartial Anonymous Culture (IAC),2,100,66,34,34,1000,Cutoff,Evaluative Voting,100.0,100.0,0.5
Impartial Anonymous Culture (IAC),2,100,66,34,34,1000,Cutoff,k-Median Rule,98.9,98.9,0.3865
Impartial Anonymous Culture (IAC),2,100,66,34,34,1000,Cutoff,k-Median-Shapley,89.5,89.4,0.5395
Impartial Anonymous Culture (IAC),2,100,66,34,34,1000,Bottom,Evaluative Voting,99.2,99.2,0.504
Impartial Anonymous Culture (IAC),2,100,66,34,34,1000,Bottom,k-Median Rule,93.30000000000001,78.7,0.3835
Impartial Anonymous Culture (IAC),2,100,66,34,34,1000,Bottom,k-Median-Shapley,46.300000000000004,12.9,0.757
Impartial Anonymous Culture (IAC),3,100,66,34,34,1000,Cutoff,Evaluative Voting,100.0,100.0,0.6666666666666636
Impartial Anonymous Culture (IAC),3,100,66,34,34,1000,Cutoff,k-Median Rule,99.6,99.6,0.5470000000000016
Impartial Anonymous Culture (IAC),3,100,66,34,34,1000,Cutoff,k-Median-Shapley,93.8,93.5,0.6733333333333303
Impartial Anonymous Culture (IAC),3,100,66,34,34,1000,Bottom,Evaluative Voting,99.9,99.9,0.666999999999997
Impartial Anonymous Culture (IAC),3,100,66,34,34,1000,Bottom,k-Median Rule,96.7,88.0,0.5166666666666669
Impartial Anonymous Culture (IAC),3,100,66,34,34,1000,Bottom,k-Median-Shapley,59.9,30.4,0.7806666666666623
Impartial Anonymous Culture (IAC),4,100,66,34,34,1000,Cutoff,Evaluative Voting,100.0,100.0,0.75
Impartial Anonymous Culture (IAC),4,100,66,34,34,1000,Cutoff,k-Median Rule,99.6,99.6,0.66525
Impartial Anonymous Culture (IAC),4,100,66,34,34,1000,Cutoff,k-Median-Shapley,95.8,95.8,0.7485
Impartial Anonymous Culture (IAC),4,100,66,34,34,1000,Bottom,Evaluative Voting,100.0,100.0,0.75
Impartial Anonymous Culture (IAC),4,100,66,34,34,1000,Bottom,k-Median Rule,98.6,94.69999999999999,0.628
Impartial Anonymous Culture (IAC),4,100,66,34,34,1000,Bottom,k-Median-Shapley,70.39999999999999,50.6,0.8
Impartial Anonymous Culture (IAC),5,100,66,34,34,1000,Cutoff,Evaluative Voting,100.0,100.0,0.7999999999999887
Impartial Anonymous Culture (IAC),5,100,66,34,34,1000,Cutoff,k-Median Rule,99.4,99.4,0.7541999999999965
Impartial Anonymous Culture (IAC),5,100,66,34,34,1000,Cutoff,k-Median-Shapley,94.6,94.5,0.8057999999999902
Impartial Anonymous Culture (IAC),5,100,66,34,34,1000,Bottom,Evaluative Voting,100.0,100.0,0.7999999999999887
Impartial Anonymous Culture (IAC),5,100,66,34,34,1000,Bottom,k-Median Rule,98.9,97.8,0.7304000000000002
Impartial Anonymous Culture (IAC),5,100,66,34,34,1000,Bottom,k-Median-Shapley,78.4,72.0,0.8267999999999928
Impartial Anonymous Culture (IAC),6,100,66,34,34,1000,Cutoff,Evaluative Voting,100.0,100.0,0.8333333333333433
Impartial Anonymous Culture (IAC),6,100,66,34,34,1000,Cutoff,k-Median Rule,99.2,99.2,0.8346666666666765
Impartial Anonymous Culture (IAC),6,100,66,34,34,1000,Cutoff,k-Median-Shapley,91.10000000000001,91.10000000000001,0.8481666666666762
Impartial Anonymous Culture (IAC),6,100,66,34,34,1000,Bottom,Evaluative Voting,100.0,100.0,0.8333333333333433
Impartial Anonymous Culture (IAC),6,100,66,34,34,1000,Bottom,k-Median Rule,99.2,99.2,0.8346666666666765
Impartial Anonymous Culture (IAC),6,100,66,34,34,1000,Bottom,k-Median-Shapley,91.10000000000001,91.10000000000001,0.8481666666666762
Impartial Anonymous Culture (IAC),2,100,65,35,35,1000,Cutoff,Evaluative Voting,100.0,100.0,0.5
Impartial Anonymous Culture (IAC),2,100,65,35,35,1000,Cutoff,k-Median Rule,99.1,99.1,0.371
Impartial Anonymous Culture (IAC),2,100,65,35,35,1000,Cutoff,k-Median-Shapley,90.60000000000001,90.2,0.5325
Impartial Anonymous Culture (IAC),2,100,65,35,35,1000,Bottom,Evaluative Voting,99.4,99.4,0.503
Impartial Anonymous Culture (IAC),2,100,65,35,35,1000,Bottom,k-Median Rule,94.5,82.3,0.364
Impartial Anonymous Culture (IAC),2,100,65,35,35,1000,Bottom,k-Median-Shapley,49.5,16.900000000000002,0.738
Impartial Anonymous Culture (IAC),3,100,65,35,35,1000,Cutoff,Evaluative Voting,100.0,100.0,0.6666666666666636
Impartial Anonymous Culture (IAC),3,100,65,35,35,1000,Cutoff,k-Median Rule,99.7,99.7,0.5343333333333351
Impartial Anonymous Culture (IAC),3,100,65,35,35,1000,Cutoff,k-Median-Shapley,94.89999999999999,94.5,0.6629999999999974
Impartial Anonymous Culture (IAC),3,100,65,35,35,1000,Bottom,Evaluative Voting,100.0,100.0,0.6666666666666636
Impartial Anonymous Culture (IAC),3,100,65,35,35,1000,Bottom,k-Median Rule,97.39999999999999,90.5,0.5010000000000003
Impartial Anonymous Culture (IAC),3,100,65,35,35,1000,Bottom,k-Median-Shapley,64.8,35.699999999999996,0.7579999999999963
Impartial Anonymous Culture (IAC),4,100,65,35,35,1000,Cutoff,Evaluative Voting,100.0,100.0,0.75
Impartial Anonymous Culture (IAC),4,100,65,35,35,1000,Cutoff,k-Median Rule,99.6,99.6,0.6545
Impartial Anonymous Culture (IAC),4,100,65,35,35,1000,Cutoff,k-Median-Shapley,96.0,96.0,0.74525
Impartial Anonymous Culture (IAC),4,100,65,35,35,1000,Bottom,Evaluative Voting,100.0,100.0,0.75
Impartial Anonymous Culture (IAC),4,100,65,35,35,1000,Bottom,k-Median Rule,99.0,96.0,0.61425
Impartial Anonymous Culture (IAC),4,100,65,35,35,1000,Bottom,k-Median-Shapley,74.5,56.699999999999996,0.78475
Impartial Anonymous Culture (IAC),5,100,65,35,35,1000,Cutoff,Evaluative Voting,100.0,100.0,0.7999999999999887
Impartial Anonymous Culture (IAC),5,100,65,35,35,1000,Cutoff,k-Median Rule,99.7,99.7,0.7499999999999969
Impartial Anonymous Culture (IAC),5,100,65,35,35,1000,Cutoff,k-Median-Shapley,95.7,95.6,0.80059999999999
Impartial Anonymous Culture (IAC),5,100,65,35,35,1000,Bottom,Evaluative Voting,100.0,100.0,0.7999999999999887
Impartial Anonymous Culture (IAC),5,100,65,35,35,1000,Bottom,k-Median Rule,99.2,98.2,0.7248000000000008
Impartial Anonymous Culture (IAC),5,100,65,35,35,1000,Bottom,k-Median-Shapley,81.0,76.2,0.8185999999999931
Impartial Anonymous Culture (IAC),6,100,65,35,35,1000,Cutoff,Evaluative Voting,100.0,100.0,0.8333333333333433
Impartial Anonymous Culture (IAC),6,100,65,35,35,1000,Cutoff,k-Median Rule,99.3,99.3,0.8345000000000099
Impartial Anonymous Culture (IAC),6,100,65,35,35,1000,Cutoff,k-Median-Shapley,92.10000000000001,92.10000000000001,0.8465000000000097
Impartial Anonymous Culture (IAC),6,100,65,35,35,1000,Bottom,Evaluative Voting,100.0,100.0,0.8333333333333433
Impartial Anonymous Culture (IAC),6,100,65,35,35,1000,Bottom,k-Median Rule,99.3,99.3,0.8345000000000099
Impartial Anonymous Culture (IAC),6,100,65,35,35,1000,Bottom,k-Median-Shapley,92.10000000000001,92.10000000000001,0.8465000000000097
Impartial Anonymous Culture (IAC),2,100,64,36,36,1000,Cutoff,Evaluative Voting,100.0,100.0,0.5
Impartial Anonymous Culture (IAC),2,100,64,36,36,1000,Cutoff,k-Median Rule,99.7,99.7,0.3655
Impartial Anonymous Culture (IAC),2,100,64,36,36,1000,Cutoff,k-Median-Shapley,93.5,93.30000000000001,0.5155
Impartial Anonymous Culture (IAC),2,100,64,36,36,1000,Bottom,Evaluative Voting,99.9,99.9,0.5005
Impartial Anonymous Culture (IAC),2,100,64,36,36,1000,Bottom,k-Median Rule,95.7,85.7,0.3525
Impartial Anonymous Culture (IAC),2,100,64,36,36,1000,Bottom,k-Median-Shapley,52.7,21.5,0.7195
Impartial Anonymous Culture (IAC),3,100,64,36,36,1000,Cutoff,Evaluative Voting,100.0,100.0,0.6666666666666636
Impartial Anonymous Culture (IAC),3,100,64,36,36,1000,Cutoff,k-Median Rule,99.8,99.8,0.532333333333335
Impartial Anonymous Culture (IAC),3,100,64,36,36,1000,Cutoff,k-Median-Shapley,96.89999999999999,96.5,0.6573333333333309
Impartial Anonymous Culture (IAC),3,100,64,36,36,1000,Bottom,Evaluative Voting,100.0,100.0,0.6666666666666636
Impartial Anonymous Culture (IAC),3,100,64,36,36,1000,Bottom,k-Median Rule,98.4,92.9,0.49433333333333324
Impartial Anonymous Culture (IAC),3,100,64,36,36,1000,Bottom,k-Median-Shapley,68.30000000000001,40.0,0.7463333333333292
Impartial Anonymous Culture (IAC),4,100,64,36,36,1000,Cutoff,Evaluative Voting,100.0,100.0,0.75
Impartial Anonymous Culture (IAC),4,100,64,36,36,1000,Cutoff,k-Median Rule,99.8,99.8,0.6545
Impartial Anonymous Culture (IAC),4,100,64,36,36,1000,Cutoff,k-Median-Shapley,96.5,96.5,0.74175
Impartial Anonymous Culture (IAC),4,100,64,36,36,1000,Bottom,Evaluative Voting,100.0,100.0,0.75
Impartial Anonymous Culture (IAC),4,100,64,36,36,1000,Bottom,k-Median Rule,99.2,97.2,0.611
Impartial Anonymous Culture (IAC),4,100,64,36,36,1000,Bottom,k-Median-Shapley,75.7,59.8,0.7785
Impartial Anonymous Culture (IAC),5,100,64,36,36,1000,Cutoff,Evaluative Voting,100.0,100.0,0.7999999999999887
Impartial Anonymous Culture (IAC),5,100,64,36,36,1000,Cutoff,k-Median Rule,99.8,99.8,0.747799999999997
Impartial Anonymous Culture (IAC),5,100,64,36,36,1000,Cutoff,k-Median-Shapley,96.2,96.2,0.8001999999999903
Impartial Anonymous Culture (IAC),5,100,64,36,36,1000,Bottom,Evaluative Voting,100.0,100.0,0.7999999999999887
Impartial Anonymous Culture (IAC),5,100,64,36,36,1000,Bottom,k-Median Rule,99.4,98.9,0.7250000000000004
Impartial Anonymous Culture (IAC),5,100,64,36,36,1000,Bottom,k-Median-Shapley,83.2,78.2,0.811799999999993
Impartial Anonymous Culture (IAC),6,100,64,36,36,1000,Cutoff,Evaluative Voting,100.0,100.0,0.8333333333333433
Impartial Anonymous Culture (IAC),6,100,64,36,36,1000,Cutoff,k-Median Rule,99.6,99.6,0.83400000000001
Impartial Anonymous Culture (IAC),6,100,64,36,36,1000,Cutoff,k-Median-Shapley,93.30000000000001,93.30000000000001,0.8445000000000097
Impartial Anonymous Culture (IAC),6,100,64,36,36,1000,Bottom,Evaluative Voting,100.0,100.0,0.8333333333333433
Impartial Anonymous Culture (IAC),6,100,64,36,36,1000,Bottom,k-Median Rule,99.6,99.6,0.83400000000001
Impartial Anonymous Culture (IAC),6,100,64,36,36,1000,Bottom,k-Median-Shapley,93.30000000000001,93.30000000000001,0.8445000000000097
Impartial Anonymous Culture (IAC),2,100,63,37,37,1000,Cutoff,Evaluative Voting,100.0,100.0,0.5
Impartial Anonymous Culture (IAC),2,100,63,37,37,1000,Cutoff,k-Median Rule,99.7,99.7,0.361
Impartial Anonymous Culture (IAC),2,100,63,37,37,1000,Cutoff,k-Median-Shapley,92.60000000000001,92.5,0.5195
Impartial Anonymous Culture (IAC),2,100,63,37,37,1000,Bottom,Evaluative Voting,99.9,99.9,0.5005
Impartial Anonymous Culture (IAC),2,100,63,37,37,1000,Bottom,k-Median Rule,96.8,88.8,0.339
Impartial Anonymous Culture (IAC),2,100,63,37,37,1000,Bottom,k-Median-Shapley,56.8,25.2,0.6995
Impartial Anonymous Culture (IAC),3,100,63,37,37,1000,Cutoff,Evaluative Voting,100.0,100.0,0.6666666666666636
Impartial Anonymous Culture (IAC),3,100,63,37,37,1000,Cutoff,k-Median Rule,99.8,99.8,0.5266666666666681
Impartial Anonymous Culture (IAC),3,100,63,37,37,1000,Cutoff,k-Median-Shapley,97.1,96.89999999999999,0.6546666666666648
Impartial Anonymous Culture (IAC),3,100,63,37,37,1000,Bottom,Evaluative Voting,100.0,100.0,0.6666666666666636
Impartial Anonymous Culture (IAC),3,100,63,37,37,1000,Bottom,k-Median Rule,98.5,94.89999999999999,0.4873333333333335
Impartial Anonymous Culture (IAC),3,100,63,37,37,1000,Bottom,k-Median-Shapley,70.1,46.0,0.7326666666666632
Impartial Anonymous Culture (IAC),4,100,63,37,37,1000,Cutoff,Evaluative Voting,100.0,100.0,0.75
Impartial Anonymous Culture (IAC),4,100,63,37,37,1000,Cutoff,k-Median Rule,100.0,100.0,0.6445
Impartial Anonymous Culture (IAC),4,100,63,37,37,1000,Cutoff,k-Median-Shapley,98.0,97.89999999999999,0.73675
Impartial Anonymous Culture (IAC),4,100,63,37,37,1000,Bottom,Evaluative Voting,100.0,100.0,0.75
Impartial Anonymous Culture (IAC),4,100,63,37,37,1000,Bottom,k-Median Rule,99.5,98.2,0.601
Impartial Anonymous Culture (IAC),4,100,63,37,37,1000,Bottom,k-Median-Shapley,80.10000000000001,65.10000000000001,0.7625
Impartial Anonymous Culture (IAC),5,100,63,37,37,1000,Cutoff,Evaluative Voting,100.0,100.0,0.7999999999999887
Impartial Anonymous Culture (IAC),5,100,63,37,37,1000,Cutoff,k-Median Rule,100.0,100.0,0.7441999999999974
Impartial Anonymous Culture (IAC),5,100,63,37,37,1000,Cutoff,k-Median-Shapley,97.2,97.2,0.7983999999999898
Impartial Anonymous Culture (IAC),5,100,63,37,37,1000,Bottom,Evaluative Voting,100.0,100.0,0.7999999999999887
Impartial Anonymous Culture (IAC),5,100,63,37,37,1000,Bottom,k-Median Rule,99.8,99.6,0.718800000000001
Impartial Anonymous Culture (IAC),5,100,63,37,37,1000,Bottom,k-Median-Shapley,86.9,82.3,0.8035999999999932
Impartial Anonymous Culture (IAC),6,100,63,37,37,1000,Cutoff,Evaluative Voting,100.0,100.0,0.8333333333333433
Impartial Anonymous Culture (IAC),6,100,63,37,37,1000,Cutoff,k-Median Rule,99.8,99.8,0.8336666666666767
Impartial Anonymous Culture (IAC),6,100,63,37,37,1000,Cutoff,k-Median-Shapley,94.19999999999999,94.19999999999999,0.8430000000000096
Impartial Anonymous Culture (IAC),6,100,63,37,37,1000,Bottom,Evaluative Voting,100.0,100.0,0.8333333333333433
Impartial Anonymous Culture (IAC),6,100,63,37,37,1000,Bottom,k-Median Rule,99.8,99.8,0.8336666666666767
Impartial Anonymous Culture (IAC),6,100,63,37,37,1000,Bottom,k-Median-Shapley,94.19999999999999,94.19999999999999,0.8430000000000096
Impartial Anonymous Culture (IAC),2,100,62,38,38,1000,Cutoff,Evaluative Voting,100.0,100.0,0.5
Impartial Anonymous Culture (IAC),2,100,62,38,38,1000,Cutoff,k-Median Rule,99.8,99.8,0.349
Impartial Anonymous Culture (IAC),2,100,62,38,38,1000,Cutoff,k-Median-Shapley,94.6,94.3,0.5035
Impartial Anonymous Culture (IAC),2,100,62,38,38,1000,Bottom,Evaluative Voting,99.9,99.9,0.5005
Impartial Anonymous Culture (IAC),2,100,62,38,38,1000,Bottom,k-Median Rule,97.39999999999999,91.4,0.329
Impartial Anonymous Culture (IAC),2,100,62,38,38,1000,Bottom,k-Median-Shapley,59.199999999999996,30.3,0.68
Impartial Anonymous Culture (IAC),3,100,62,38,38,1000,Cutoff,Evaluative Voting,100.0,100.0,0.6666666666666636
Impartial Anonymous Culture (IAC),3,100,62,38,38,1000,Cutoff,k-Median Rule,100.0,100.0,0.5200000000000018
Impartial Anonymous Culture (IAC),3,100,62,38,38,1000,Cutoff,k-Median-Shapley,97.7,97.6,0.6503333333333317
Impartial Anonymous Culture (IAC),3,100,62,38,38,1000,Bottom,Evaluative Voting,100.0,100.0,0.6666666666666636
Impartial Anonymous Culture (IAC),3,100,62,38,38,1000,Bottom,k-Median Rule,98.8,96.6,0.48033333333333345
Impartial Anonymous Culture (IAC),3,100,62,38,38,1000,Bottom,k-Median-Shapley,73.6,50.3,0.7156666666666635
Impartial Anonymous Culture (IAC),4,100,62,38,38,1000,Cutoff,Evaluative Voting,100.0,100.0,0.75
Impartial Anonymous Culture (IAC),4,100,62,38,38,1000,Cutoff,k-Median Rule,100.0,100.0,0.64325
Impartial Anonymous Culture (IAC),4,100,62,38,38,1000,Cutoff,k-Median-Shapley,97.89999999999999,97.89999999999999,0.7375
Impartial Anonymous Culture (IAC),4,100,62,38,38,1000,Bottom,Evaluative Voting,100.0,100.0,0.75
Impartial Anonymous Culture (IAC),4,100,62,38,38,1000,Bottom,k-Median Rule,99.8,99.1,0.59925
Impartial Anonymous Culture (IAC),4,100,62,38,38,1000,Bottom,k-Median-Shapley,82.69999999999999,70.0,0.75275
Impartial Anonymous Culture (IAC),5,100,62,38,38,1000,Cutoff,Evaluative Voting,100.0,100.0,0.7999999999999887
Impartial Anonymous Culture (IAC),5,100,62,38,38,1000,Cutoff,k-Median Rule,100.0,100.0,0.7423999999999975
Impartial Anonymous Culture (IAC),5,100,62,38,38,1000,Cutoff,k-Median-Shapley,97.8,97.8,0.7969999999999902
Impartial Anonymous Culture (IAC),5,100,62,38,38,1000,Bottom,Evaluative Voting,100.0,100.0,0.7999999999999887
Impartial Anonymous Culture (IAC),5,100,62,38,38,1000,Bottom,k-Median Rule,100.0,100.0,0.718200000000001
Impartial Anonymous Culture (IAC),5,100,62,38,38,1000,Bottom,k-Median-Shapley,90.0,85.8,0.7945999999999932
Impartial Anonymous Culture (IAC),6,100,62,38,38,1000,Cutoff,Evaluative Voting,100.0,100.0,0.8333333333333433
Impartial Anonymous Culture (IAC),6,100,62,38,38,1000,Cutoff,k-Median Rule,100.0,100.0,0.8333333333333433
Impartial Anonymous Culture (IAC),6,100,62,38,38,1000,Cutoff,k-Median-Shapley,95.5,95.5,0.8408333333333432
Impartial Anonymous Culture (IAC),6,100,62,38,38,1000,Bottom,Evaluative Voting,100.0,100.0,0.8333333333333433
Impartial Anonymous Culture (IAC),6,100,62,38,38,1000,Bottom,k-Median Rule,100.0,100.0,0.8333333333333433
Impartial Anonymous Culture (IAC),6,100,62,38,38,1000,Bottom,k-Median-Shapley,95.5,95.5,0.8408333333333432
Impartial Anonymous Culture (IAC),2,100,61,39,39,1000,Cutoff,Evaluative Voting,100.0,100.0,0.5
Impartial Anonymous Culture (IAC),2,100,61,39,39,1000,Cutoff,k-Median Rule,100.0,100.0,0.3375
Impartial Anonymous Culture (IAC),2,100,61,39,39,1000,Cutoff,k-Median-Shapley,95.1,94.89999999999999,0.497
Impartial Anonymous Culture (IAC),2,100,61,39,39,1000,Bottom,Evaluative Voting,100.0,100.0,0.5
Impartial Anonymous Culture (IAC),2,100,61,39,39,1000,Bottom,k-Median Rule,97.89999999999999,92.9,0.3155
Impartial Anonymous Culture (IAC),2,100,61,39,39,1000,Bottom,k-Median-Shapley,63.6,35.4,0.648
Impartial Anonymous Culture (IAC),3,100,61,39,39,1000,Cutoff,Evaluative Voting,100.0,100.0,0.6666666666666636
Impartial Anonymous Culture (IAC),3,100,61,39,39,1000,Cutoff,k-Median Rule,100.0,100.0,0.5073333333333344
Impartial Anonymous Culture (IAC),3,100,61,39,39,1000,Cutoff,k-Median-Shapley,98.2,98.2,0.6463333333333318
Impartial Anonymous Culture (IAC),3,100,61,39,39,1000,Bottom,Evaluative Voting,100.0,100.0,0.6666666666666636
Impartial Anonymous Culture (IAC),3,100,61,39,39,1000,Bottom,k-Median Rule,99.6,98.0,0.46699999999999964
Impartial Anonymous Culture (IAC),3,100,61,39,39,1000,Bottom,k-Median-Shapley,76.6,55.7,0.7036666666666636
Impartial Anonymous Culture (IAC),4,100,61,39,39,1000,Cutoff,Evaluative Voting,100.0,100.0,0.75
Impartial Anonymous Culture (IAC),4,100,61,39,39,1000,Cutoff,k-Median Rule,100.0,100.0,0.637
Impartial Anonymous Culture (IAC),4,100,61,39,39,1000,Cutoff,k-Median-Shapley,98.4,98.3,0.73325
Impartial Anonymous Culture (IAC),4,100,61,39,39,1000,Bottom,Evaluative Voting,100.0,100.0,0.75
Impartial Anonymous Culture (IAC),4,100,61,39,39,1000,Bottom,k-Median Rule,99.8,99.2,0.59
Impartial Anonymous Culture (IAC),4,100,61,39,39,1000,Bottom,k-Median-Shapley,84.89999999999999,75.7,0.74075
Impartial Anonymous Culture (IAC),5,100,61,39,39,1000,Cutoff,Evaluative Voting,100.0,100.0,0.7999999999999887
Impartial Anonymous Culture (IAC),5,100,61,39,39,1000,Cutoff,k-Median Rule,100.0,100.0,0.739799999999998
Impartial Anonymous Culture (IAC),5,100,61,39,39,1000,Cutoff,k-Median-Shapley,98.3,98.3,0.7941999999999901
Impartial Anonymous Culture (IAC),5,100,61,39,39,1000,Bottom,Evaluative Voting,100.0,100.0,0.7999999999999887
Impartial Anonymous Culture (IAC),5,100,61,39,39,1000,Bottom,k-Median Rule,100.0,100.0,0.7134000000000014
Impartial Anonymous Culture (IAC),5,100,61,39,39,1000,Bottom,k-Median-Shapley,92.7,89.7,0.7885999999999934
Impartial Anonymous Culture (IAC),6,100,61,39,39,1000,Cutoff,Evaluative Voting,100.0,100.0,0.8333333333333433
Impartial Anonymous Culture (IAC),6,100,61,39,39,1000,Cutoff,k-Median Rule,100.0,100.0,0.8333333333333433
Impartial Anonymous Culture (IAC),6,100,61,39,39,1000,Cutoff,k-Median-Shapley,96.1,96.1,0.8398333333333433
Impartial Anonymous Culture (IAC),6,100,61,39,39,1000,Bottom,Evaluative Voting,100.0,100.0,0.8333333333333433
Impartial Anonymous Culture (IAC),6,100,61,39,39,1000,Bottom,k-Median Rule,100.0,100.0,0.8333333333333433
Impartial Anonymous Culture (IAC),6,100,61,39,39,1000,Bottom,k-Median-Shapley,96.1,96.1,0.8398333333333433
Impartial Anonymous Culture (IAC),2,100,60,40,40,1000,Cutoff,Evaluative Voting,100.0,100.0,0.5
Impartial Anonymous Culture (IAC),2,100,60,40,40,1000,Cutoff,k-Median Rule,100.0,100.0,0.33
Impartial Anonymous Culture (IAC),2,100,60,40,40,1000,Cutoff,k-Median-Shapley,96.2,96.0,0.488
Impartial Anonymous Culture (IAC),2,100,60,40,40,1000,Bottom,Evaluative Voting,100.0,100.0,0.5
Impartial Anonymous Culture (IAC),2,100,60,40,40,1000,Bottom,k-Median Rule,98.4,95.6,0.3075
Impartial Anonymous Culture (IAC),2,100,60,40,40,1000,Bottom,k-Median-Shapley,66.8,41.8,0.626
Impartial Anonymous Culture (IAC),3,100,60,40,40,1000,Cutoff,Evaluative Voting,100.0,100.0,0.6666666666666636
Impartial Anonymous Culture (IAC),3,100,60,40,40,1000,Cutoff,k-Median Rule,100.0,100.0,0.5070000000000006
Impartial Anonymous Culture (IAC),3,100,60,40,40,1000,Cutoff,k-Median-Shapley,98.7,98.7,0.638999999999999
Impartial Anonymous Culture (IAC),3,100,60,40,40,1000,Bottom,Evaluative Voting,100.0,100.0,0.6666666666666636
Impartial Anonymous Culture (IAC),3,100,60,40,40,1000,Bottom,k-Median Rule,99.5,98.5,0.46166666666666567
Impartial Anonymous Culture (IAC),3,100,60,40,40,1000,Bottom,k-Median-Shapley,81.10000000000001,62.9,0.6796666666666644
Impartial Anonymous Culture (IAC),4,100,60,40,40,1000,Cutoff,Evaluative Voting,100.0,100.0,0.75
Impartial Anonymous Culture (IAC),4,100,60,40,40,1000,Cutoff,k-Median Rule,100.0,100.0,0.63375
Impartial Anonymous Culture (IAC),4,100,60,40,40,1000,Cutoff,k-Median-Shapley,99.0,99.0,0.73075
Impartial Anonymous Culture (IAC),4,100,60,40,40,1000,Bottom,Evaluative Voting,100.0,100.0,0.75
Impartial Anonymous Culture (IAC),4,100,60,40,40,1000,Bottom,k-Median Rule,99.9,99.5,0.58975
Impartial Anonymous Culture (IAC),4,100,60,40,40,1000,Bottom,k-Median-Shapley,88.6,80.60000000000001,0.73
Impartial Anonymous Culture (IAC),5,100,60,40,40,1000,Cutoff,Evaluative Voting,100.0,100.0,0.7999999999999887
Impartial Anonymous Culture (IAC),5,100,60,40,40,1000,Cutoff,k-Median Rule,100.0,100.0,0.7389999999999984
Impartial Anonymous Culture (IAC),5,100,60,40,40,1000,Cutoff,k-Median-Shapley,99.0,99.0,0.7927999999999903
Impartial Anonymous Culture (IAC),5,100,60,40,40,1000,Bottom,Evaluative Voting,100.0,100.0,0.7999999999999887
Impartial Anonymous Culture (IAC),5,100,60,40,40,1000,Bottom,k-Median Rule,100.0,100.0,0.7108000000000018
Impartial Anonymous Culture (IAC),5,100,60,40,40,1000,Bottom,k-Median-Shapley,94.8,92.60000000000001,0.7833999999999931
Impartial Anonymous Culture (IAC),6,100,60,40,40,1000,Cutoff,Evaluative Voting,100.0,100.0,0.8333333333333433
Impartial Anonymous Culture (IAC),6,100,60,40,40,1000,Cutoff,k-Median Rule,100.0,100.0,0.8333333333333433
Impartial Anonymous Culture (IAC),6,100,60,40,40,1000,Cutoff,k-Median-Shapley,97.2,97.2,0.8380000000000098
Impartial Anonymous Culture (IAC),6,100,60,40,40,1000,Bottom,Evaluative Voting,100.0,100.0,0.8333333333333433
Impartial Anonymous Culture (IAC),6,100,60,40,40,1000,Bottom,k-Median Rule,100.0,100.0,0.8333333333333433
Impartial Anonymous Culture (IAC),6,100,60,40,40,1000,Bottom,k-Median-Shapley,97.2,97.2,0.8380000000000098
Impartial Anonymous Culture (IAC),2,100,59,41,41,1000,Cutoff,Evaluative Voting,100.0,100.0,0.5
Impartial Anonymous Culture (IAC),2,100,59,41,41,1000,Cutoff,k-Median Rule,100.0,100.0,0.3205
Impartial Anonymous Culture (IAC),2,100,59,41,41,1000,Cutoff,k-Median-Shapley,97.1,96.89999999999999,0.4785
Impartial Anonymous Culture (IAC),2,100,59,41,41,1000,Bottom,Evaluative Voting,100.0,100.0,0.5
Impartial Anonymous Culture (IAC),2,100,59,41,41,1000,Bottom,k-Median Rule,99.1,96.5,0.2955
Impartial Anonymous Culture (IAC),2,100,59,41,41,1000,Bottom,k-Median-Shapley,72.89999999999999,48.5,0.5865
Impartial Anonymous Culture (IAC),3,100,59,41,41,1000,Cutoff,Evaluative Voting,100.0,100.0,0.6666666666666636
Impartial Anonymous Culture (IAC),3,100,59,41,41,1000,Cutoff,k-Median Rule,100.0,100.0,0.4976666666666671
Impartial Anonymous Culture (IAC),3,100,59,41,41,1000,Cutoff,k-Median-Shapley,99.0,98.9,0.6326666666666658
Impartial Anonymous Culture (IAC),3,100,59,41,41,1000,Bottom,Evaluative Voting,100.0,100.0,0.6666666666666636
Impartial Anonymous Culture (IAC),3,100,59,41,41,1000,Bottom,k-Median Rule,99.8,99.2,0.45433333333333265
Impartial Anonymous Culture (IAC),3,100,59,41,41,1000,Bottom,k-Median-Shapley,83.6,67.30000000000001,0.6573333333333322
Impartial Anonymous Culture (IAC),4,100,59,41,41,1000,Cutoff,Evaluative Voting,100.0,100.0,0.75
Impartial Anonymous Culture (IAC),4,100,59,41,41,1000,Cutoff,k-Median Rule,100.0,100.0,0.6265
Impartial Anonymous Culture (IAC),4,100,59,41,41,1000,Cutoff,k-Median-Shapley,98.9,98.7,0.728
Impartial Anonymous Culture (IAC),4,100,59,41,41,1000,Bottom,Evaluative Voting,100.0,100.0,0.75
Impartial Anonymous Culture (IAC),4,100,59,41,41,1000,Bottom,k-Median Rule,100.0,99.9,0.582
Impartial Anonymous Culture (IAC),4,100,59,41,41,1000,Bottom,k-Median-Shapley,90.7,83.7,0.7175
Impartial Anonymous Culture (IAC),5,100,59,41,41,1000,Cutoff,Evaluative Voting,100.0,100.0,0.7999999999999887
Impartial Anonymous Culture (IAC),5,100,59,41,41,1000,Cutoff,k-Median Rule,100.0,100.0,0.7363999999999989
Impartial Anonymous Culture (IAC),5,100,59,41,41,1000,Cutoff,k-Median-Shapley,99.4,99.4,0.7919999999999905
Impartial Anonymous Culture (IAC),5,100,59,41,41,1000,Bottom,Evaluative Voting,100.0,100.0,0.7999999999999887
Impartial Anonymous Culture (IAC),5,100,59,41,41,1000,Bottom,k-Median Rule,100.0,100.0,0.7088000000000017
Impartial Anonymous Culture (IAC),5,100,59,41,41,1000,Bottom,k-Median-Shapley,95.6,93.10000000000001,0.7759999999999944
Impartial Anonymous Culture (IAC),6,100,59,41,41,1000,Cutoff,Evaluative Voting,100.0,100.0,0.8333333333333433
Impartial Anonymous Culture (IAC),6,100,59,41,41,1000,Cutoff,k-Median Rule,100.0,100.0,0.8333333333333433
Impartial Anonymous Culture (IAC),6,100,59,41,41,1000,Cutoff,k-Median-Shapley,97.6,97.6,0.8373333333333429
Impartial Anonymous Culture (IAC),6,100,59,41,41,1000,Bottom,Evaluative Voting,100.0,100.0,0.8333333333333433
Impartial Anonymous Culture (IAC),6,100,59,41,41,1000,Bottom,k-Median Rule,100.0,100.0,0.8333333333333433
Impartial Anonymous Culture (IAC),6,100,59,41,41,1000,Bottom,k-Median-Shapley,97.6,97.6,0.8373333333333429
Impartial Anonymous Culture (IAC),2,100,58,42,42,1000,Cutoff,Evaluative Voting,100.0,100.0,0.5
Impartial Anonymous Culture (IAC),2,100,58,42,42,1000,Cutoff,k-Median Rule,100.0,100.0,0.321
Impartial Anonymous Culture (IAC),2,100,58,42,42,1000,Cutoff,k-Median-Shapley,97.89999999999999,97.8,0.4735
Impartial Anonymous Culture (IAC),2,100,58,42,42,1000,Bottom,Evaluative Voting,100.0,100.0,0.5
Impartial Anonymous Culture (IAC),2,100,58,42,42,1000,Bottom,k-Median Rule,99.6,97.5,0.2915
Impartial Anonymous Culture (IAC),2,100,58,42,42,1000,Bottom,k-Median-Shapley,77.0,55.50000000000001,0.5605
Impartial Anonymous Culture (IAC),3,100,58,42,42,1000,Cutoff,Evaluative Voting,100.0,100.0,0.6666666666666636
Impartial Anonymous Culture (IAC),3,100,58,42,42,1000,Cutoff,k-Median Rule,100.0,100.0,0.49133333333333346
Impartial Anonymous Culture (IAC),3,100,58,42,42,1000,Cutoff,k-Median-Shapley,99.2,99.1,0.6299999999999999
Impartial Anonymous Culture (IAC),3,100,58,42,42,1000,Bottom,Evaluative Voting,100.0,100.0,0.6666666666666636
Impartial Anonymous Culture (IAC),3,100,58,42,42,1000,Bottom,k-Median Rule,100.0,99.7,0.44933333333333203
Impartial Anonymous Culture (IAC),3,100,58,42,42,1000,Bottom,k-Median-Shapley,86.4,73.0,0.6436666666666667
Impartial Anonymous Culture (IAC),4,100,58,42,42,1000,Cutoff,Evaluative Voting,100.0,100.0,0.75
Impartial Anonymous Culture (IAC),4,100,58,42,42,1000,Cutoff,k-Median Rule,100.0,100.0,0.61825
Impartial Anonymous Culture (IAC),4,100,58,42,42,1000,Cutoff,k-Median-Shapley,99.4,99.4,0.725
Impartial Anonymous Culture (IAC),4,100,58,42,42,1000,Bottom,Evaluative Voting,100.0,100.0,0.75
Impartial Anonymous Culture (IAC),4,100,58,42,42,1000,Bottom,k-Median Rule,100.0,100.0,0.58275
Impartial Anonymous Culture (IAC),4,100,58,42,42,1000,Bottom,k-Median-Shapley,93.30000000000001,89.3,0.70275
Impartial Anonymous Culture (IAC),5,100,58,42,42,1000,Cutoff,Evaluative Voting,100.0,100.0,0.7999999999999887
Impartial Anonymous Culture (IAC),5,100,58,42,42,1000,Cutoff,k-Median Rule,100.0,100.0,0.7337999999999997
Impartial Anonymous Culture (IAC),5,100,58,42,42,1000,Cutoff,k-Median-Shapley,99.5,99.5,0.7881999999999911
Impartial Anonymous Culture (IAC),5,100,58,42,42,1000,Bottom,Evaluative Voting,100.0,100.0,0.7999999999999887
Impartial Anonymous Culture (IAC),5,100,58,42,42,1000,Bottom,k-Median Rule,100.0,100.0,0.7086000000000017
Impartial Anonymous Culture (IAC),5,100,58,42,42,1000,Bottom,k-Median-Shapley,98.0,96.5,0.7721999999999938
Impartial Anonymous Culture (IAC),6,100,58,42,42,1000,Cutoff,Evaluative Voting,100.0,100.0,0.8333333333333433
Impartial Anonymous Culture (IAC),6,100,58,42,42,1000,Cutoff,k-Median Rule,100.0,100.0,0.8333333333333433
Impartial Anonymous Culture (IAC),6,100,58,42,42,1000,Cutoff,k-Median-Shapley,98.6,98.6,0.8356666666666764
Impartial Anonymous Culture (IAC),6,100,58,42,42,1000,Bottom,Evaluative Voting,100.0,100.0,0.8333333333333433
Impartial Anonymous Culture (IAC),6,100,58,42,42,1000,Bottom,k-Median Rule,100.0,100.0,0.8333333333333433
Impartial Anonymous Culture (IAC),6,100,58,42,42,1000,Bottom,k-Median-Shapley,98.6,98.6,0.8356666666666764
Impartial Anonymous Culture (IAC),2,100,57,43,43,1000,Cutoff,Evaluative Voting,100.0,100.0,0.5
Impartial Anonymous Culture (IAC),2,100,57,43,43,1000,Cutoff,k-Median Rule,100.0,100.0,0.311
Impartial Anonymous Culture (IAC),2,100,57,43,43,1000,Cutoff,k-Median-Shapley,98.1,97.89999999999999,0.459
Impartial Anonymous Culture (IAC),2,100,57,43,43,1000,Bottom,Evaluative Voting,100.0,100.0,0.5
Impartial Anonymous Culture (IAC),2,100,57,43,43,1000,Bottom,k-Median Rule,99.6,98.7,0.2765
Impartial Anonymous Culture (IAC),2,100,57,43,43,1000,Bottom,k-Median-Shapley,81.6,63.3,0.528
Impartial Anonymous Culture (IAC),3,100,57,43,43,1000,Cutoff,Evaluative Voting,100.0,100.0,0.6666666666666636
Impartial Anonymous Culture (IAC),3,100,57,43,43,1000,Cutoff,k-Median Rule,100.0,100.0,0.4780000000000003
Impartial Anonymous Culture (IAC),3,100,57,43,43,1000,Cutoff,k-Median-Shapley,99.5,99.4,0.6213333333333334
Impartial Anonymous Culture (IAC),3,100,57,43,43,1000,Bottom,Evaluative Voting,100.0,100.0,0.6666666666666636
Impartial Anonymous Culture (IAC),3,100,57,43,43,1000,Bottom,k-Median Rule,100.0,99.8,0.4379999999999993
Impartial Anonymous Culture (IAC),3,100,57,43,43,1000,Bottom,k-Median-Shapley,91.10000000000001,80.0,0.6109999999999997
Impartial Anonymous Culture (IAC),4,100,57,43,43,1000,Cutoff,Evaluative Voting,100.0,100.0,0.75
Impartial Anonymous Culture (IAC),4,100,57,43,43,1000,Cutoff,k-Median Rule,100.0,100.0,0.6085
Impartial Anonymous Culture (IAC),4,100,57,43,43,1000,Cutoff,k-Median-Shapley,99.4,99.4,0.71925
Impartial Anonymous Culture (IAC),4,100,57,43,43,1000,Bottom,Evaluative Voting,100.0,100.0,0.75
Impartial Anonymous Culture (IAC),4,100,57,43,43,1000,Bottom,k-Median Rule,100.0,100.0,0.5755
Impartial Anonymous Culture (IAC),4,100,57,43,43,1000,Bottom,k-Median-Shapley,95.8,91.9,0.694
Impartial Anonymous Culture (IAC),5,100,57,43,43,1000,Cutoff,Evaluative Voting,100.0,100.0,0.7999999999999887
Impartial Anonymous Culture (IAC),5,100,57,43,43,1000,Cutoff,k-Median Rule,100.0,100.0,0.7262000000000003
Impartial Anonymous Culture (IAC),5,100,57,43,43,1000,Cutoff,k-Median-Shapley,99.5,99.5,0.7863999999999913
Impartial Anonymous Culture (IAC),5,100,57,43,43,1000,Bottom,Evaluative Voting,100.0,100.0,0.7999999999999887
Impartial Anonymous Culture (IAC),5,100,57,43,43,1000,Bottom,k-Median Rule,100.0,100.0,0.7040000000000023
Impartial Anonymous Culture (IAC),5,100,57,43,43,1000,Bottom,k-Median-Shapley,98.9,98.0,0.764599999999995
Impartial Anonymous Culture (IAC),6,100,57,43,43,1000,Cutoff,Evaluative Voting,100.0,100.0,0.8333333333333433
Impartial Anonymous Culture (IAC),6,100,57,43,43,1000,Cutoff,k-Median Rule,100.0,100.0,0.8333333333333433
Impartial Anonymous Culture (IAC),6,100,57,43,43,1000,Cutoff,k-Median-Shapley,99.2,99.2,0.8346666666666765
Impartial Anonymous Culture (IAC),6,100,57,43,43,1000,Bottom,Evaluative Voting,100.0,100.0,0.8333333333333433
Impartial Anonymous Culture (IAC),6,100,57,43,43,1000,Bottom,k-Median Rule,100.0,100.0,0.8333333333333433
Impartial Anonymous Culture (IAC),6,100,57,43,43,1000,Bottom,k-Median-Shapley,99.2,99.2,0.8346666666666765
Impartial Anonymous Culture (IAC),2,100,56,44,44,1000,Cutoff,Evaluative Voting,100.0,100.0,0.5
Impartial Anonymous Culture (IAC),2,100,56,44,44,1000,Cutoff,k-Median Rule,100.0,100.0,0.305
Impartial Anonymous Culture (IAC),2,100,56,44,44,1000,Cutoff,k-Median-Shapley,98.8,98.6,0.455
Impartial Anonymous Culture (IAC),2,100,56,44,44,1000,Bottom,Evaluative Voting,100.0,100.0,0.5
Impartial Anonymous Culture (IAC),2,100,56,44,44,1000,Bottom,k-Median Rule,99.7,99.5,0.27
Impartial Anonymous Culture (IAC),2,100,56,44,44,1000,Bottom,k-Median-Shapley,85.5,71.7,0.4985
Impartial Anonymous Culture (IAC),3,100,56,44,44,1000,Cutoff,Evaluative Voting,100.0,100.0,0.6666666666666636
Impartial Anonymous Culture (IAC),3,100,56,44,44,1000,Cutoff,k-Median Rule,100.0,100.0,0.470333333333333
Impartial Anonymous Culture (IAC),3,100,56,44,44,1000,Cutoff,k-Median-Shapley,99.5,99.5,0.6153333333333331
Impartial Anonymous Culture (IAC),3,100,56,44,44,1000,Bottom,Evaluative Voting,100.0,100.0,0.6666666666666636
Impartial Anonymous Culture (IAC),3,100,56,44,44,1000,Bottom,k-Median Rule,100.0,99.9,0.4369999999999989
Impartial Anonymous Culture (IAC),3,100,56,44,44,1000,Bottom,k-Median-Shapley,94.5,87.2,0.5896666666666669
Impartial Anonymous Culture (IAC),4,100,56,44,44,1000,Cutoff,Evaluative Voting,100.0,100.0,0.75
Impartial Anonymous Culture (IAC),4,100,56,44,44,1000,Cutoff,k-Median Rule,100.0,100.0,0.60225
Impartial Anonymous Culture (IAC),4,100,56,44,44,1000,Cutoff,k-Median-Shapley,99.9,99.9,0.7125
Impartial Anonymous Culture (IAC),4,100,56,44,44,1000,Bottom,Evaluative Voting,100.0,100.0,0.75
Impartial Anonymous Culture (IAC),4,100,56,44,44,1000,Bottom,k-Median Rule,100.0,100.0,0.57
Impartial Anonymous Culture (IAC),4,100,56,44,44,1000,Bottom,k-Median-Shapley,97.0,94.89999999999999,0.6775
Impartial Anonymous Culture (IAC),5,100,56,44,44,1000,Cutoff,Evaluative Voting,100.0,100.0,0.7999999999999887
Impartial Anonymous Culture (IAC),5,100,56,44,44,1000,Cutoff,k-Median Rule,100.0,100.0,0.7206000000000009
Impartial Anonymous Culture (IAC),5,100,56,44,44,1000,Cutoff,k-Median-Shapley,99.8,99.8,0.7839999999999914
Impartial Anonymous Culture (IAC),5,100,56,44,44,1000,Bottom,Evaluative Voting,100.0,100.0,0.7999999999999887
Impartial Anonymous Culture (IAC),5,100,56,44,44,1000,Bottom,k-Median Rule,100.0,100.0,0.7030000000000024
Impartial Anonymous Culture (IAC),5,100,56,44,44,1000,Bottom,k-Median-Shapley,99.5,98.8,0.7603999999999953
Impartial Anonymous Culture (IAC),6,100,56,44,44,1000,Cutoff,Evaluative Voting,100.0,100.0,0.8333333333333433
Impartial Anonymous Culture (IAC),6,100,56,44,44,1000,Cutoff,k-Median Rule,100.0,100.0,0.8333333333333433
Impartial Anonymous Culture (IAC),6,100,56,44,44,1000,Cutoff,k-Median-Shapley,99.6,99.6,0.8340000000000097
Impartial Anonymous Culture (IAC),6,100,56,44,44,1000,Bottom,Evaluative Voting,100.0,100.0,0.8333333333333433
Impartial Anonymous Culture (IAC),6,100,56,44,44,1000,Bottom,k-Median Rule,100.0,100.0,0.8333333333333433
Impartial Anonymous Culture (IAC),6,100,56,44,44,1000,Bottom,k-Median-Shapley,99.6,99.6,0.8340000000000097
Impartial Anonymous Culture (IAC),2,100,55,45,45,1000,Cutoff,Evaluative Voting,100.0,100.0,0.5
Impartial Anonymous Culture (IAC),2,100,55,45,45,1000,Cutoff,k-Median Rule,100.0,100.0,0.2915
Impartial Anonymous Culture (IAC),2,100,55,45,45,1000,Cutoff,k-Median-Shapley,99.2,99.2,0.4435
Impartial Anonymous Culture (IAC),2,100,55,45,45,1000,Bottom,Evaluative Voting,100.0,100.0,0.5
Impartial Anonymous Culture (IAC),2,100,55,45,45,1000,Bottom,k-Median Rule,99.9,99.8,0.251
Impartial Anonymous Culture (IAC),2,100,55,45,45,1000,Bottom,k-Median-Shapley,89.8,80.30000000000001,0.46
Impartial Anonymous Culture (IAC),3,100,55,45,45,1000,Cutoff,Evaluative Voting,100.0,100.0,0.6666666666666636
Impartial Anonymous Culture (IAC),3,100,55,45,45,1000,Cutoff,k-Median Rule,100.0,100.0,0.4579999999999997
Impartial Anonymous Culture (IAC),3,100,55,45,45,1000,Cutoff,k-Median-Shapley,99.9,99.9,0.6073333333333337
Impartial Anonymous Culture (IAC),3,100,55,45,45,1000,Bottom,Evaluative Voting,100.0,100.0,0.6666666666666636
Impartial Anonymous Culture (IAC),3,100,55,45,45,1000,Bottom,k-Median Rule,100.0,99.9,0.42766666666666575
Impartial Anonymous Culture (IAC),3,100,55,45,45,1000,Bottom,k-Median-Shapley,95.89999999999999,91.10000000000001,0.5693333333333347
Impartial Anonymous Culture (IAC),4,100,55,45,45,1000,Cutoff,Evaluative Voting,100.0,100.0,0.75
Impartial Anonymous Culture (IAC),4,100,55,45,45,1000,Cutoff,k-Median Rule,100.0,100.0,0.59625
Impartial Anonymous Culture (IAC),4,100,55,45,45,1000,Cutoff,k-Median-Shapley,99.8,99.8,0.709
Impartial Anonymous Culture (IAC),4,100,55,45,45,1000,Bottom,Evaluative Voting,100.0,100.0,0.75
Impartial Anonymous Culture (IAC),4,100,55,45,45,1000,Bottom,k-Median Rule,100.0,100.0,0.56675
Impartial Anonymous Culture (IAC),4,100,55,45,45,1000,Bottom,k-Median-Shapley,98.0,97.0,0.67275
Impartial Anonymous Culture (IAC),5,100,55,45,45,1000,Cutoff,Evaluative Voting,100.0,100.0,0.7999999999999887
Impartial Anonymous Culture (IAC),5,100,55,45,45,1000,Cutoff,k-Median Rule,100.0,100.0,0.7154000000000019
Impartial Anonymous Culture (IAC),5,100,55,45,45,1000,Cutoff,k-Median-Shapley,100.0,100.0,0.7795999999999921
Impartial Anonymous Culture (IAC),5,100,55,45,45,1000,Bottom,Evaluative Voting,100.0,100.0,0.7999999999999887
Impartial Anonymous Culture (IAC),5,100,55,45,45,1000,Bottom,k-Median Rule,100.0,100.0,0.7036000000000026
Impartial Anonymous Culture (IAC),5,100,55,45,45,1000,Bottom,k-Median-Shapley,99.7,99.3,0.7563999999999955
Impartial Anonymous Culture (IAC),6,100,55,45,45,1000,Cutoff,Evaluative Voting,100.0,100.0,0.8333333333333433
Impartial Anonymous Culture (IAC),6,100,55,45,45,1000,Cutoff,k-Median Rule,100.0,100.0,0.8333333333333433
Impartial Anonymous Culture (IAC),6,100,55,45,45,1000,Cutoff,k-Median-Shapley,99.8,99.8,0.8336666666666765
Impartial Anonymous Culture (IAC),6,100,55,45,45,1000,Bottom,Evaluative Voting,100.0,100.0,0.8333333333333433
Impartial Anonymous Culture (IAC),6,100,55,45,45,1000,Bottom,k-Median Rule,100.0,100.0,0.8333333333333433
Impartial Anonymous Culture (IAC),6,100,55,45,45,1000,Bottom,k-Median-Shapley,99.8,99.8,0.8336666666666765
Impartial Anonymous Culture (IAC),2,100,54,46,46,1000,Cutoff,Evaluative Voting,100.0,100.0,0.5
Impartial Anonymous Culture (IAC),2,100,54,46,46,1000,Cutoff,k-Median Rule,100.0,100.0,0.276
Impartial Anonymous Culture (IAC),2,100,54,46,46,1000,Cutoff,k-Median-Shapley,99.4,99.3,0.4375
Impartial Anonymous Culture (IAC),2,100,54,46,46,1000,Bottom,Evaluative Voting,100.0,100.0,0.5
Impartial Anonymous Culture (IAC),2,100,54,46,46,1000,Bottom,k-Median Rule,99.9,99.8,0.2495
Impartial Anonymous Culture (IAC),2,100,54,46,46,1000,Bottom,k-Median-Shapley,93.4,86.8,0.4275
Impartial Anonymous Culture (IAC),3,100,54,46,46,1000,Cutoff,Evaluative Voting,100.0,100.0,0.6666666666666636
Impartial Anonymous Culture (IAC),3,100,54,46,46,1000,Cutoff,k-Median Rule,100.0,100.0,0.45166666666666616
Impartial Anonymous Culture (IAC),3,100,54,46,46,1000,Cutoff,k-Median-Shapley,100.0,100.0,0.5940000000000006
Impartial Anonymous Culture (IAC),3,100,54,46,46,1000,Bottom,Evaluative Voting,100.0,100.0,0.6666666666666636
Impartial Anonymous Culture (IAC),3,100,54,46,46,1000,Bottom,k-Median Rule,100.0,100.0,0.4219999999999989
Impartial Anonymous Culture (IAC),3,100,54,46,46,1000,Bottom,k-Median-Shapley,98.2,94.8,0.5560000000000008
Impartial Anonymous Culture (IAC),4,100,54,46,46,1000,Cutoff,Evaluative Voting,100.0,100.0,0.75
Impartial Anonymous Culture (IAC),4,100,54,46,46,1000,Cutoff,k-Median Rule,100.0,100.0,0.5855
Impartial Anonymous Culture (IAC),4,100,54,46,46,1000,Cutoff,k-Median-Shapley,100.0,100.0,0.70175
Impartial Anonymous Culture (IAC),4,100,54,46,46,1000,Bottom,Evaluative Voting,100.0,100.0,0.75
Impartial Anonymous Culture (IAC),4,100,54,46,46,1000,Bottom,k-Median Rule,100.0,100.0,0.56425
Impartial Anonymous Culture (IAC),4,100,54,46,46,1000,Bottom,k-Median-Shapley,99.0,98.3,0.66325
Impartial Anonymous Culture (IAC),5,100,54,46,46,1000,Cutoff,Evaluative Voting,100.0,100.0,0.7999999999999887
Impartial Anonymous Culture (IAC),5,100,54,46,46,1000,Cutoff,k-Median Rule,100.0,100.0,0.7092000000000022
Impartial Anonymous Culture (IAC),5,100,54,46,46,1000,Cutoff,k-Median-Shapley,99.9,99.9,0.7771999999999929
Impartial Anonymous Culture (IAC),5,100,54,46,46,1000,Bottom,Evaluative Voting,100.0,100.0,0.7999999999999887
Impartial Anonymous Culture (IAC),5,100,54,46,46,1000,Bottom,k-Median Rule,100.0,100.0,0.6980000000000035
Impartial Anonymous Culture (IAC),5,100,54,46,46,1000,Bottom,k-Median-Shapley,99.8,99.6,0.7507999999999967
Impartial Anonymous Culture (IAC),6,100,54,46,46,1000,Cutoff,Evaluative Voting,100.0,100.0,0.8333333333333433
Impartial Anonymous Culture (IAC),6,100,54,46,46,1000,Cutoff,k-Median Rule,100.0,100.0,0.8333333333333433
Impartial Anonymous Culture (IAC),6,100,54,46,46,1000,Cutoff,k-Median-Shapley,100.0,100.0,0.8333333333333433
Impartial Anonymous Culture (IAC),6,100,54,46,46,1000,Bottom,Evaluative Voting,100.0,100.0,0.8333333333333433
Impartial Anonymous Culture (IAC),6,100,54,46,46,1000,Bottom,k-Median Rule,100.0,100.0,0.8333333333333433
Impartial Anonymous Culture (IAC),6,100,54,46,46,1000,Bottom,k-Median-Shapley,100.0,100.0,0.8333333333333433
Impartial Anonymous Culture (IAC),2,100,53,47,47,1000,Cutoff,Evaluative Voting,100.0,100.0,0.5
Impartial Anonymous Culture (IAC),2,100,53,47,47,1000,Cutoff,k-Median Rule,100.0,100.0,0.269
Impartial Anonymous Culture (IAC),2,100,53,47,47,1000,Cutoff,k-Median-Shapley,99.7,99.7,0.4215
Impartial Anonymous Culture (IAC),2,100,53,47,47,1000,Bottom,Evaluative Voting,100.0,100.0,0.5
Impartial Anonymous Culture (IAC),2,100,53,47,47,1000,Bottom,k-Median Rule,99.9,99.9,0.2445
Impartial Anonymous Culture (IAC),2,100,53,47,47,1000,Bottom,k-Median-Shapley,96.39999999999999,92.4,0.401
Impartial Anonymous Culture (IAC),3,100,53,47,47,1000,Cutoff,Evaluative Voting,100.0,100.0,0.6666666666666636
Impartial Anonymous Culture (IAC),3,100,53,47,47,1000,Cutoff,k-Median Rule,100.0,100.0,0.4403333333333329
Impartial Anonymous Culture (IAC),3,100,53,47,47,1000,Cutoff,k-Median-Shapley,100.0,100.0,0.5823333333333345
Impartial Anonymous Culture (IAC),3,100,53,47,47,1000,Bottom,Evaluative Voting,100.0,100.0,0.6666666666666636
Impartial Anonymous Culture (IAC),3,100,53,47,47,1000,Bottom,k-Median Rule,100.0,100.0,0.41833333333333245
Impartial Anonymous Culture (IAC),3,100,53,47,47,1000,Bottom,k-Median-Shapley,99.1,97.5,0.5360000000000013
Impartial Anonymous Culture (IAC),4,100,53,47,47,1000,Cutoff,Evaluative Voting,100.0,100.0,0.75
Impartial Anonymous Culture (IAC),4,100,53,47,47,1000,Cutoff,k-Median Rule,100.0,100.0,0.577
Impartial Anonymous Culture (IAC),4,100,53,47,47,1000,Cutoff,k-Median-Shapley,100.0,100.0,0.69375
Impartial Anonymous Culture (IAC),4,100,53,47,47,1000,Bottom,Evaluative Voting,100.0,100.0,0.75
Impartial Anonymous Culture (IAC),4,100,53,47,47,1000,Bottom,k-Median Rule,100.0,100.0,0.56525
Impartial Anonymous Culture (IAC),4,100,53,47,47,1000,Bottom,k-Median-Shapley,99.4,99.4,0.6485
Impartial Anonymous Culture (IAC),5,100,53,47,47,1000,Cutoff,Evaluative Voting,100.0,100.0,0.7999999999999887
Impartial Anonymous Culture (IAC),5,100,53,47,47,1000,Cutoff,k-Median Rule,100.0,100.0,0.7056000000000023
Impartial Anonymous Culture (IAC),5,100,53,47,47,1000,Cutoff,k-Median-Shapley,100.0,100.0,0.7713999999999936
Impartial Anonymous Culture (IAC),5,100,53,47,47,1000,Bottom,Evaluative Voting,100.0,100.0,0.7999999999999887
Impartial Anonymous Culture (IAC),5,100,53,47,47,1000,Bottom,k-Median Rule,100.0,100.0,0.6966000000000035
Impartial Anonymous Culture (IAC),5,100,53,47,47,1000,Bottom,k-Median-Shapley,100.0,99.9,0.7435999999999979
Impartial Anonymous Culture (IAC),6,100,53,47,47,1000,Cutoff,Evaluative Voting,100.0,100.0,0.8333333333333433
Impartial Anonymous Culture (IAC),6,100,53,47,47,1000,Cutoff,k-Median Rule,100.0,100.0,0.8333333333333433
Impartial Anonymous Culture (IAC),6,100,53,47,47,1000,Cutoff,k-Median-Shapley,100.0,100.0,0.8333333333333433
Impartial Anonymous Culture (IAC),6,100,53,47,47,1000,Bottom,Evaluative Voting,100.0,100.0,0.8333333333333433
Impartial Anonymous Culture (IAC),6,100,53,47,47,1000,Bottom,k-Median Rule,100.0,100.0,0.8333333333333433
Impartial Anonymous Culture (IAC),6,100,53,47,47,1000,Bottom,k-Median-Shapley,100.0,100.0,0.8333333333333433
Impartial Anonymous Culture (IAC),2,100,52,48,48,1000,Cutoff,Evaluative Voting,100.0,100.0,0.5
Impartial Anonymous Culture (IAC),2,100,52,48,48,1000,Cutoff,k-Median Rule,100.0,100.0,0.2675
Impartial Anonymous Culture (IAC),2,100,52,48,48,1000,Cutoff,k-Median-Shapley,99.8,99.8,0.394
Impartial Anonymous Culture (IAC),2,100,52,48,48,1000,Bottom,Evaluative Voting,100.0,100.0,0.5
Impartial Anonymous Culture (IAC),2,100,52,48,48,1000,Bottom,k-Median Rule,100.0,100.0,0.2455
Impartial Anonymous Culture (IAC),2,100,52,48,48,1000,Bottom,k-Median-Shapley,98.6,97.39999999999999,0.355
Impartial Anonymous Culture (IAC),3,100,52,48,48,1000,Cutoff,Evaluative Voting,100.0,100.0,0.6666666666666636
Impartial Anonymous Culture (IAC),3,100,52,48,48,1000,Cutoff,k-Median Rule,100.0,100.0,0.4369999999999997
Impartial Anonymous Culture (IAC),3,100,52,48,48,1000,Cutoff,k-Median-Shapley,100.0,99.9,0.5563333333333352
Impartial Anonymous Culture (IAC),3,100,52,48,48,1000,Bottom,Evaluative Voting,100.0,100.0,0.6666666666666636
Impartial Anonymous Culture (IAC),3,100,52,48,48,1000,Bottom,k-Median Rule,100.0,100.0,0.41966666666666586
Impartial Anonymous Culture (IAC),3,100,52,48,48,1000,Bottom,k-Median-Shapley,99.8,99.3,0.5113333333333343
Impartial Anonymous Culture (IAC),4,100,52,48,48,1000,Cutoff,Evaluative Voting,100.0,100.0,0.75
Impartial Anonymous Culture (IAC),4,100,52,48,48,1000,Cutoff,k-Median Rule,100.0,100.0,0.5705
Impartial Anonymous Culture (IAC),4,100,52,48,48,1000,Cutoff,k-Median-Shapley,100.0,100.0,0.67125
Impartial Anonymous Culture (IAC),4,100,52,48,48,1000,Bottom,Evaluative Voting,100.0,100.0,0.75
Impartial Anonymous Culture (IAC),4,100,52,48,48,1000,Bottom,k-Median Rule,100.0,100.0,0.56475
Impartial Anonymous Culture (IAC),4,100,52,48,48,1000,Bottom,k-Median-Shapley,99.8,99.8,0.62925
Impartial Anonymous Culture (IAC),5,100,52,48,48,1000,Cutoff,Evaluative Voting,100.0,100.0,0.7999999999999887
Impartial Anonymous Culture (IAC),5,100,52,48,48,1000,Cutoff,k-Median Rule,100.0,100.0,0.7006000000000036
Impartial Anonymous Culture (IAC),5,100,52,48,48,1000,Cutoff,k-Median-Shapley,100.0,100.0,0.7623999999999949
Impartial Anonymous Culture (IAC),5,100,52,48,48,1000,Bottom,Evaluative Voting,100.0,100.0,0.7999999999999887
Impartial Anonymous Culture (IAC),5,100,52,48,48,1000,Bottom,k-Median Rule,100.0,100.0,0.6952000000000037
Impartial Anonymous Culture (IAC),5,100,52,48,48,1000,Bottom,k-Median-Shapley,100.0,100.0,0.7293999999999997
Impartial Anonymous Culture (IAC),6,100,52,48,48,1000,Cutoff,Evaluative Voting,100.0,100.0,0.8333333333333433
Impartial Anonymous Culture (IAC),6,100,52,48,48,1000,Cutoff,k-Median Rule,100.0,100.0,0.8333333333333433
Impartial Anonymous Culture (IAC),6,100,52,48,48,1000,Cutoff,k-Median-Shapley,100.0,100.0,0.8333333333333433
Impartial Anonymous Culture (IAC),6,100,52,48,48,1000,Bottom,Evaluative Voting,100.0,100.0,0.8333333333333433
Impartial Anonymous Culture (IAC),6,100,52,48,48,1000,Bottom,k-Median Rule,100.0,100.0,0.8333333333333433
Impartial Anonymous Culture (IAC),6,100,52,48,48,1000,Bottom,k-Median-Shapley,100.0,100.0,0.8333333333333433
Impartial Anonymous Culture (IAC),2,100,51,49,49,1000,Cutoff,Evaluative Voting,100.0,100.0,0.5
Impartial Anonymous Culture (IAC),2,100,51,49,49,1000,Cutoff,k-Median Rule,100.0,100.0,0.2485
Impartial Anonymous Culture (IAC),2,100,51,49,49,1000,Cutoff,k-Median-Shapley,100.0,100.0,0.343
Impartial Anonymous Culture (IAC),2,100,51,49,49,1000,Bottom,Evaluative Voting,100.0,100.0,0.5
Impartial Anonymous Culture (IAC),2,100,51,49,49,1000,Bottom,k-Median Rule,100.0,100.0,0.237
Impartial Anonymous Culture (IAC),2,100,51,49,49,1000,Bottom,k-Median-Shapley,99.8,99.4,0.3025
Impartial Anonymous Culture (IAC),3,100,51,49,49,1000,Cutoff,Evaluative Voting,100.0,100.0,0.6666666666666636
Impartial Anonymous Culture (IAC),3,100,51,49,49,1000,Cutoff,k-Median Rule,100.0,100.0,0.42566666666666547
Impartial Anonymous Culture (IAC),3,100,51,49,49,1000,Cutoff,k-Median-Shapley,100.0,100.0,0.5176666666666678
Impartial Anonymous Culture (IAC),3,100,51,49,49,1000,Bottom,Evaluative Voting,100.0,100.0,0.6666666666666636
Impartial Anonymous Culture (IAC),3,100,51,49,49,1000,Bottom,k-Median Rule,100.0,100.0,0.4166666666666654
Impartial Anonymous Culture (IAC),3,100,51,49,49,1000,Bottom,k-Median-Shapley,99.9,99.9,0.46633333333333266
Impartial Anonymous Culture (IAC),4,100,51,49,49,1000,Cutoff,Evaluative Voting,100.0,100.0,0.75
Impartial Anonymous Culture (IAC),4,100,51,49,49,1000,Cutoff,k-Median Rule,100.0,100.0,0.566
Impartial Anonymous Culture (IAC),4,100,51,49,49,1000,Cutoff,k-Median-Shapley,100.0,100.0,0.64825
Impartial Anonymous Culture (IAC),4,100,51,49,49,1000,Bottom,Evaluative Voting,100.0,100.0,0.75
Impartial Anonymous Culture (IAC),4,100,51,49,49,1000,Bottom,k-Median Rule,100.0,100.0,0.5625
Impartial Anonymous Culture (IAC),4,100,51,49,49,1000,Bottom,k-Median-Shapley,100.0,100.0,0.6065
Impartial Anonymous Culture (IAC),5,100,51,49,49,1000,Cutoff,Evaluative Voting,100.0,100.0,0.7999999999999887
Impartial Anonymous Culture (IAC),5,100,51,49,49,1000,Cutoff,k-Median Rule,100.0,100.0,0.6992000000000035
Impartial Anonymous Culture (IAC),5,100,51,49,49,1000,Cutoff,k-Median-Shapley,100.0,100.0,0.7513999999999964
Impartial Anonymous Culture (IAC),5,100,51,49,49,1000,Bottom,Evaluative Voting,100.0,100.0,0.7999999999999887
Impartial Anonymous Culture (IAC),5,100,51,49,49,1000,Bottom,k-Median Rule,100.0,100.0,0.6964000000000035
Impartial Anonymous Culture (IAC),5,100,51,49,49,1000,Bottom,k-Median-Shapley,100.0,100.0,0.7182000000000011
Impartial Anonymous Culture (IAC),6,100,51,49,49,1000,Cutoff,Evaluative Voting,100.0,100.0,0.8333333333333433
Impartial Anonymous Culture (IAC),6,100,51,49,49,1000,Cutoff,k-Median Rule,100.0,100.0,0.8333333333333433
Impartial Anonymous Culture (IAC),6,100,51,49,49,1000,Cutoff,k-Median-Shapley,100.0,100.0,0.8333333333333433
Impartial Anonymous Culture (IAC),6,100,51,49,49,1000,Bottom,Evaluative Voting,100.0,100.0,0.8333333333333433
Impartial Anonymous Culture (IAC),6,100,51,49,49,1000,Bottom,k-Median Rule,100.0,100.0,0.8333333333333433
Impartial Anonymous Culture (IAC),6,100,51,49,49,1000,Bottom,k-Median-Shapley,100.0,100.0,0.8333333333333433
Polya Urn (alpha=0.2),2,100,99,1,1,1000,Cutoff,Evaluative Voting,14.099999999999998,14.099999999999998,0.9295
Polya Urn (alpha=0.2),2,100,99,1,1,1000,Cutoff,k-Median Rule,9.8,9.8,0.9505
Polya Urn (alpha=0.2),2,100,99,1,1,1000,Cutoff,k-Median-Shapley,9.4,7.7,0.9515
Polya Urn (alpha=0.2),2,100,99,1,1,1000,Bottom,Evaluative Voting,0.0,0.0,1.0
Polya Urn (alpha=0.2),2,100,99,1,1,1000,Bottom,k-Median Rule,9.8,0.0,0.9505
Polya Urn (alpha=0.2),2,100,99,1,1,1000,Bottom,k-Median-Shapley,9.1,0.1,0.9525
Polya Urn (alpha=0.2),3,100,99,1,1,1000,Cutoff,Evaluative Voting,14.399999999999999,14.399999999999999,0.9519999999999978
Polya Urn (alpha=0.2),3,100,99,1,1,1000,Cutoff,k-Median Rule,11.3,11.3,0.9623333333333316
Polya Urn (alpha=0.2),3,100,99,1,1,1000,Cutoff,k-Median-Shapley,11.1,9.5,0.961333333333332
Polya Urn (alpha=0.2),3,100,99,1,1,1000,Bottom,Evaluative Voting,0.0,0.0,1.0
Polya Urn (alpha=0.2),3,100,99,1,1,1000,Bottom,k-Median Rule,11.200000000000001,0.0,0.9626666666666649
Polya Urn (alpha=0.2),3,100,99,1,1,1000,Bottom,k-Median-Shapley,10.4,0.1,0.9639999999999987
Polya Urn (alpha=0.2),4,100,99,1,1,1000,Cutoff,Evaluative Voting,16.0,16.0,0.96
Polya Urn (alpha=0.2),4,100,99,1,1,1000,Cutoff,k-Median Rule,10.4,10.4,0.97325
Polya Urn (alpha=0.2),4,100,99,1,1,1000,Cutoff,k-Median-Shapley,11.5,9.2,0.9705
Polya Urn (alpha=0.2),4,100,99,1,1,1000,Bottom,Evaluative Voting,0.0,0.0,1.0
Polya Urn (alpha=0.2),4,100,99,1,1,1000,Bottom,k-Median Rule,10.0,0.0,0.97425
Polya Urn (alpha=0.2),4,100,99,1,1,1000,Bottom,k-Median-Shapley,10.6,0.7000000000000001,0.9725
Polya Urn (alpha=0.2),5,100,99,1,1,1000,Cutoff,Evaluative Voting,15.7,15.7,0.9685999999999969
Polya Urn (alpha=0.2),5,100,99,1,1,1000,Cutoff,k-Median Rule,8.4,8.4,0.9831999999999982
Polya Urn (alpha=0.2),5,100,99,1,1,1000,Cutoff,k-Median-Shapley,10.9,9.3,0.977599999999998
Polya Urn (alpha=0.2),5,100,99,1,1,1000,Bottom,Evaluative Voting,0.6,0.6,0.9987999999999999
Polya Urn (alpha=0.2),5,100,99,1,1,1000,Bottom,k-Median Rule,8.3,0.0,0.9833999999999983
Polya Urn (alpha=0.2),5,100,99,1,1,1000,Bottom,k-Median-Shapley,10.100000000000001,2.0,0.979399999999998
Polya Urn (alpha=0.2),6,100,99,1,1,1000,Cutoff,Evaluative Voting,8.799999999999999,8.799999999999999,0.9853333333333346
Polya Urn (alpha=0.2),6,100,99,1,1,1000,Cutoff,k-Median Rule,5.6000000000000005,5.6000000000000005,0.9906666666666675
Polya Urn (alpha=0.2),6,100,99,1,1,1000,Cutoff,k-Median-Shapley,5.8999999999999995,5.8999999999999995,0.9901666666666674
Polya Urn (alpha=0.2),6,100,99,1,1,1000,Bottom,Evaluative Voting,8.799999999999999,8.799999999999999,0.9853333333333346
Polya Urn (alpha=0.2),6,100,99,1,1,1000,Bottom,k-Median Rule,5.6000000000000005,5.6000000000000005,0.9906666666666675
Polya Urn (alpha=0.2),6,100,99,1,1,1000,Bottom,k-Median-Shapley,5.8999999999999995,5.8999999999999995,0.9901666666666674
Polya Urn (alpha=0.2),2,100,98,2,2,1000,Cutoff,Evaluative Voting,26.0,26.0,0.87
Polya Urn (alpha=0.2),2,100,98,2,2,1000,Cutoff,k-Median Rule,10.7,10.7,0.9455
Polya Urn (alpha=0.2),2,100,98,2,2,1000,Cutoff,k-Median-Shapley,11.4,9.1,0.9425
Polya Urn (alpha=0.2),2,100,98,2,2,1000,Bottom,Evaluative Voting,0.0,0.0,1.0
Polya Urn (alpha=0.2),2,100,98,2,2,1000,Bottom,k-Median Rule,8.6,0.8999999999999999,0.956
Polya Urn (alpha=0.2),2,100,98,2,2,1000,Bottom,k-Median-Shapley,10.0,0.2,0.949
Polya Urn (alpha=0.2),3,100,98,2,2,1000,Cutoff,Evaluative Voting,27.700000000000003,27.700000000000003,0.9076666666666633
Polya Urn (alpha=0.2),3,100,98,2,2,1000,Cutoff,k-Median Rule,12.3,12.3,0.9586666666666651
Polya Urn (alpha=0.2),3,100,98,2,2,1000,Cutoff,k-Median-Shapley,14.799999999999999,12.7,0.9496666666666645
Polya Urn (alpha=0.2),3,100,98,2,2,1000,Bottom,Evaluative Voting,0.0,0.0,1.0
Polya Urn (alpha=0.2),3,100,98,2,2,1000,Bottom,k-Median Rule,11.0,2.1,0.9629999999999985
Polya Urn (alpha=0.2),3,100,98,2,2,1000,Bottom,k-Median-Shapley,11.3,0.4,0.9613333333333317
Polya Urn (alpha=0.2),4,100,98,2,2,1000,Cutoff,Evaluative Voting,29.9,29.9,0.92525
Polya Urn (alpha=0.2),4,100,98,2,2,1000,Cutoff,k-Median Rule,13.200000000000001,13.200000000000001,0.96625
Polya Urn (alpha=0.2),4,100,98,2,2,1000,Cutoff,k-Median-Shapley,14.499999999999998,12.8,0.96275
Polya Urn (alpha=0.2),4,100,98,2,2,1000,Bottom,Evaluative Voting,0.1,0.1,0.99975
Polya Urn (alpha=0.2),4,100,98,2,2,1000,Bottom,k-Median Rule,12.8,3.5999999999999996,0.96725
Polya Urn (alpha=0.2),4,100,98,2,2,1000,Bottom,k-Median-Shapley,11.700000000000001,0.6,0.96975
Polya Urn (alpha=0.2),5,100,98,2,2,1000,Cutoff,Evaluative Voting,28.299999999999997,28.299999999999997,0.9433999999999951
Polya Urn (alpha=0.2),5,100,98,2,2,1000,Cutoff,k-Median Rule,12.8,12.8,0.9741999999999975
Polya Urn (alpha=0.2),5,100,98,2,2,1000,Cutoff,k-Median-Shapley,14.7,13.5,0.9699999999999975
Polya Urn (alpha=0.2),5,100,98,2,2,1000,Bottom,Evaluative Voting,2.0,2.0,0.9959999999999996
Polya Urn (alpha=0.2),5,100,98,2,2,1000,Bottom,k-Median Rule,13.200000000000001,5.4,0.9733999999999977
Polya Urn (alpha=0.2),5,100,98,2,2,1000,Bottom,k-Median-Shapley,11.600000000000001,2.0,0.9761999999999977
Polya Urn (alpha=0.2),6,100,98,2,2,1000,Cutoff,Evaluative Voting,19.5,19.5,0.967500000000003
Polya Urn (alpha=0.2),6,100,98,2,2,1000,Cutoff,k-Median Rule,13.100000000000001,13.100000000000001,0.9781666666666685
Polya Urn (alpha=0.2),6,100,98,2,2,1000,Cutoff,k-Median-Shapley,9.1,9.1,0.9848333333333347
Polya Urn (alpha=0.2),6,100,98,2,2,1000,Bottom,Evaluative Voting,19.5,19.5,0.967500000000003
Polya Urn (alpha=0.2),6,100,98,2,2,1000,Bottom,k-Median Rule,13.100000000000001,13.100000000000001,0.9781666666666685
Polya Urn (alpha=0.2),6,100,98,2,2,1000,Bottom,k-Median-Shapley,9.1,9.1,0.9848333333333347
Polya Urn (alpha=0.2),2,100,97,3,3,1000,Cutoff,Evaluative Voting,37.8,37.8,0.811
Polya Urn (alpha=0.2),2,100,97,3,3,1000,Cutoff,k-Median Rule,18.7,18.7,0.9055
Polya Urn (alpha=0.2),2,100,97,3,3,1000,Cutoff,k-Median-Shapley,19.7,14.799999999999999,0.899
Polya Urn (alpha=0.2),2,100,97,3,3,1000,Bottom,Evaluative Voting,0.0,0.0,1.0
Polya Urn (alpha=0.2),2,100,97,3,3,1000,Bottom,k-Median Rule,16.3,1.0999999999999999,0.9175
Polya Urn (alpha=0.2),2,100,97,3,3,1000,Bottom,k-Median-Shapley,17.8,0.4,0.9075
Polya Urn (alpha=0.2),3,100,97,3,3,1000,Cutoff,Evaluative Voting,39.0,39.0,0.8699999999999957
Polya Urn (alpha=0.2),3,100,97,3,3,1000,Cutoff,k-Median Rule,22.1,22.1,0.9243333333333306
Polya Urn (alpha=0.2),3,100,97,3,3,1000,Cutoff,k-Median-Shapley,23.1,18.3,0.9199999999999972
Polya Urn (alpha=0.2),3,100,97,3,3,1000,Bottom,Evaluative Voting,0.0,0.0,1.0
Polya Urn (alpha=0.2),3,100,97,3,3,1000,Bottom,k-Median Rule,19.8,1.9,0.9319999999999973
Polya Urn (alpha=0.2),3,100,97,3,3,1000,Bottom,k-Median-Shapley,19.8,0.7000000000000001,0.9313333333333309
Polya Urn (alpha=0.2),4,100,97,3,3,1000,Cutoff,Evaluative Voting,43.4,43.4,0.8915
Polya Urn (alpha=0.2),4,100,97,3,3,1000,Cutoff,k-Median Rule,23.200000000000003,23.200000000000003,0.9385
Polya Urn (alpha=0.2),4,100,97,3,3,1000,Cutoff,k-Median-Shapley,22.2,18.0,0.94075
Polya Urn (alpha=0.2),4,100,97,3,3,1000,Bottom,Evaluative Voting,0.6,0.6,0.9985
Polya Urn (alpha=0.2),4,100,97,3,3,1000,Bottom,k-Median Rule,21.5,3.3000000000000003,0.9425
Polya Urn (alpha=0.2),4,100,97,3,3,1000,Bottom,k-Median-Shapley,18.7,1.6,0.94975
Polya Urn (alpha=0.2),5,100,97,3,3,1000,Cutoff,Evaluative Voting,38.9,38.9,0.9221999999999941
Polya Urn (alpha=0.2),5,100,97,3,3,1000,Cutoff,k-Median Rule,21.099999999999998,21.099999999999998,0.9569999999999967
Polya Urn (alpha=0.2),5,100,97,3,3,1000,Cutoff,k-Median-Shapley,22.900000000000002,20.7,0.9523999999999959
Polya Urn (alpha=0.2),5,100,97,3,3,1000,Bottom,Evaluative Voting,5.7,5.7,0.988599999999999
Polya Urn (alpha=0.2),5,100,97,3,3,1000,Bottom,k-Median Rule,20.8,5.6000000000000005,0.9575999999999962
Polya Urn (alpha=0.2),5,100,97,3,3,1000,Bottom,k-Median-Shapley,20.1,4.0,0.9577999999999964
Polya Urn (alpha=0.2),6,100,97,3,3,1000,Cutoff,Evaluative Voting,27.800000000000004,27.800000000000004,0.9536666666666707
Polya Urn (alpha=0.2),6,100,97,3,3,1000,Cutoff,k-Median Rule,18.7,18.7,0.9688333333333359
Polya Urn (alpha=0.2),6,100,97,3,3,1000,Cutoff,k-Median-Shapley,14.399999999999999,14.399999999999999,0.9760000000000018
Polya Urn (alpha=0.2),6,100,97,3,3,1000,Bottom,Evaluative Voting,27.800000000000004,27.800000000000004,0.9536666666666707
Polya Urn (alpha=0.2),6,100,97,3,3,1000,Bottom,k-Median Rule,18.7,18.7,0.9688333333333359
Polya Urn (alpha=0.2),6,100,97,3,3,1000,Bottom,k-Median-Shapley,14.399999999999999,14.399999999999999,0.9760000000000018
Polya Urn (alpha=0.2),2,100,96,4,4,1000,Cutoff,Evaluative Voting,47.4,47.4,0.763
Polya Urn (alpha=0.2),2,100,96,4,4,1000,Cutoff,k-Median Rule,20.5,20.5,0.8945
Polya Urn (alpha=0.2),2,100,96,4,4,1000,Cutoff,k-Median-Shapley,19.0,15.299999999999999,0.902
Polya Urn (alpha=0.2),2,100,96,4,4,1000,Bottom,Evaluative Voting,0.0,0.0,1.0
Polya Urn (alpha=0.2),2,100,96,4,4,1000,Bottom,k-Median Rule,16.6,1.6,0.9145
Polya Urn (alpha=0.2),2,100,96,4,4,1000,Bottom,k-Median-Shapley,16.0,0.5,0.917
Polya Urn (alpha=0.2),3,100,96,4,4,1000,Cutoff,Evaluative Voting,49.3,49.3,0.8356666666666624
Polya Urn (alpha=0.2),3,100,96,4,4,1000,Cutoff,k-Median Rule,24.2,24.2,0.9166666666666641
Polya Urn (alpha=0.2),3,100,96,4,4,1000,Cutoff,k-Median-Shapley,25.1,21.2,0.9126666666666639
Polya Urn (alpha=0.2),3,100,96,4,4,1000,Bottom,Evaluative Voting,0.0,0.0,1.0
Polya Urn (alpha=0.2),3,100,96,4,4,1000,Bottom,k-Median Rule,20.3,3.5000000000000004,0.9293333333333309
Polya Urn (alpha=0.2),3,100,96,4,4,1000,Bottom,k-Median-Shapley,19.0,0.8,0.9333333333333312
Polya Urn (alpha=0.2),4,100,96,4,4,1000,Cutoff,Evaluative Voting,52.2,52.2,0.8695
Polya Urn (alpha=0.2),4,100,96,4,4,1000,Cutoff,k-Median Rule,25.5,25.5,0.9335
Polya Urn (alpha=0.2),4,100,96,4,4,1000,Cutoff,k-Median-Shapley,23.5,19.2,0.9375
Polya Urn (alpha=0.2),4,100,96,4,4,1000,Bottom,Evaluative Voting,1.9,1.9,0.99525
Polya Urn (alpha=0.2),4,100,96,4,4,1000,Bottom,k-Median Rule,22.7,6.5,0.9405
Polya Urn (alpha=0.2),4,100,96,4,4,1000,Bottom,k-Median-Shapley,19.0,2.1,0.94925
Polya Urn (alpha=0.2),5,100,96,4,4,1000,Cutoff,Evaluative Voting,47.5,47.5,0.9049999999999927
Polya Urn (alpha=0.2),5,100,96,4,4,1000,Cutoff,k-Median Rule,26.200000000000003,26.200000000000003,0.9467999999999958
Polya Urn (alpha=0.2),5,100,96,4,4,1000,Cutoff,k-Median-Shapley,25.6,23.200000000000003,0.9467999999999958
Polya Urn (alpha=0.2),5,100,96,4,4,1000,Bottom,Evaluative Voting,8.6,8.6,0.9827999999999986
Polya Urn (alpha=0.2),5,100,96,4,4,1000,Bottom,k-Median Rule,23.9,10.299999999999999,0.9513999999999958
Polya Urn (alpha=0.2),5,100,96,4,4,1000,Bottom,k-Median-Shapley,20.7,5.2,0.9559999999999967
Polya Urn (alpha=0.2),6,100,96,4,4,1000,Cutoff,Evaluative Voting,35.4,35.4,0.9410000000000049
Polya Urn (alpha=0.2),6,100,96,4,4,1000,Cutoff,k-Median Rule,23.599999999999998,23.599999999999998,0.9606666666666697
Polya Urn (alpha=0.2),6,100,96,4,4,1000,Cutoff,k-Median-Shapley,16.8,16.8,0.9720000000000022
Polya Urn (alpha=0.2),6,100,96,4,4,1000,Bottom,Evaluative Voting,35.4,35.4,0.9410000000000049
Polya Urn (alpha=0.2),6,100,96,4,4,1000,Bottom,k-Median Rule,23.599999999999998,23.599999999999998,0.9606666666666697
Polya Urn (alpha=0.2),6,100,96,4,4,1000,Bottom,k-Median-Shapley,16.8,16.8,0.9720000000000022
Polya Urn (alpha=0.2),2,100,95,5,5,1000,Cutoff,Evaluative Voting,54.900000000000006,54.900000000000006,0.7255
Polya Urn (alpha=0.2),2,100,95,5,5,1000,Cutoff,k-Median Rule,28.199999999999996,28.199999999999996,0.8565
Polya Urn (alpha=0.2),2,100,95,5,5,1000,Cutoff,k-Median-Shapley,26.5,19.7,0.8625
Polya Urn (alpha=0.2),2,100,95,5,5,1000,Bottom,Evaluative Voting,0.0,0.0,1.0
Polya Urn (alpha=0.2),2,100,95,5,5,1000,Bottom,k-Median Rule,23.799999999999997,1.5,0.879
Polya Urn (alpha=0.2),2,100,95,5,5,1000,Bottom,k-Median-Shapley,23.1,0.6,0.879
Polya Urn (alpha=0.2),3,100,95,5,5,1000,Cutoff,Evaluative Voting,57.199999999999996,57.199999999999996,0.8093333333333289
Polya Urn (alpha=0.2),3,100,95,5,5,1000,Cutoff,k-Median Rule,32.0,32.0,0.8899999999999967
Polya Urn (alpha=0.2),3,100,95,5,5,1000,Cutoff,k-Median-Shapley,31.3,25.4,0.8886666666666632
Polya Urn (alpha=0.2),3,100,95,5,5,1000,Bottom,Evaluative Voting,0.3,0.3,0.999
Polya Urn (alpha=0.2),3,100,95,5,5,1000,Bottom,k-Median Rule,28.4,3.5999999999999996,0.9019999999999966
Polya Urn (alpha=0.2),3,100,95,5,5,1000,Bottom,k-Median-Shapley,26.200000000000003,1.0999999999999999,0.907999999999997
Polya Urn (alpha=0.2),4,100,95,5,5,1000,Cutoff,Evaluative Voting,62.0,62.0,0.845
Polya Urn (alpha=0.2),4,100,95,5,5,1000,Cutoff,k-Median Rule,33.300000000000004,33.300000000000004,0.91225
Polya Urn (alpha=0.2),4,100,95,5,5,1000,Cutoff,k-Median-Shapley,30.7,23.9,0.91825
Polya Urn (alpha=0.2),4,100,95,5,5,1000,Bottom,Evaluative Voting,3.1,3.1,0.99225
Polya Urn (alpha=0.2),4,100,95,5,5,1000,Bottom,k-Median Rule,29.299999999999997,6.5,0.92225
Polya Urn (alpha=0.2),4,100,95,5,5,1000,Bottom,k-Median-Shapley,26.5,3.4000000000000004,0.92875
Polya Urn (alpha=0.2),5,100,95,5,5,1000,Cutoff,Evaluative Voting,56.49999999999999,56.49999999999999,0.886999999999992
Polya Urn (alpha=0.2),5,100,95,5,5,1000,Cutoff,k-Median Rule,32.2,32.2,0.9335999999999952
Polya Urn (alpha=0.2),5,100,95,5,5,1000,Cutoff,k-Median-Shapley,32.300000000000004,29.7,0.931599999999995
Polya Urn (alpha=0.2),5,100,95,5,5,1000,Bottom,Evaluative Voting,13.0,13.0,0.9739999999999978
Polya Urn (alpha=0.2),5,100,95,5,5,1000,Bottom,k-Median Rule,29.9,11.700000000000001,0.9379999999999954
Polya Urn (alpha=0.2),5,100,95,5,5,1000,Bottom,k-Median-Shapley,28.1,7.7,0.939199999999996
Polya Urn (alpha=0.2),6,100,95,5,5,1000,Cutoff,Evaluative Voting,42.5,42.5,0.9291666666666724
Polya Urn (alpha=0.2),6,100,95,5,5,1000,Cutoff,k-Median Rule,28.4,28.4,0.9526666666666702
Polya Urn (alpha=0.2),6,100,95,5,5,1000,Cutoff,k-Median-Shapley,21.4,21.4,0.9643333333333358
Polya Urn (alpha=0.2),6,100,95,5,5,1000,Bottom,Evaluative Voting,42.5,42.5,0.9291666666666724
Polya Urn (alpha=0.2),6,100,95,5,5,1000,Bottom,k-Median Rule,28.4,28.4,0.9526666666666702
Polya Urn (alpha=0.2),6,100,95,5,5,1000,Bottom,k-Median-Shapley,21.4,21.4,0.9643333333333358
Polya Urn (alpha=0.2),2,100,94,6,6,1000,Cutoff,Evaluative Voting,62.4,62.4,0.688
Polya Urn (alpha=0.2),2,100,94,6,6,1000,Cutoff,k-Median Rule,31.4,31.4,0.839
Polya Urn (alpha=0.2),2,100,94,6,6,1000,Cutoff,k-Median-Shapley,29.599999999999998,24.2,0.848
Polya Urn (alpha=0.2),2,100,94,6,6,1000,Bottom,Evaluative Voting,0.1,0.1,0.9995
Polya Urn (alpha=0.2),2,100,94,6,6,1000,Bottom,k-Median Rule,25.2,2.1999999999999997,0.8705
Polya Urn (alpha=0.2),2,100,94,6,6,1000,Bottom,k-Median-Shapley,25.5,0.5,0.8685
Polya Urn (alpha=0.2),3,100,94,6,6,1000,Cutoff,Evaluative Voting,65.4,65.4,0.7819999999999955
Polya Urn (alpha=0.2),3,100,94,6,6,1000,Cutoff,k-Median Rule,36.0,36.0,0.8739999999999968
Polya Urn (alpha=0.2),3,100,94,6,6,1000,Cutoff,k-Median-Shapley,33.7,27.6,0.8826666666666636
Polya Urn (alpha=0.2),3,100,94,6,6,1000,Bottom,Evaluative Voting,0.7000000000000001,0.7000000000000001,0.9976666666666666
Polya Urn (alpha=0.2),3,100,94,6,6,1000,Bottom,k-Median Rule,31.4,5.5,0.8899999999999966
Polya Urn (alpha=0.2),3,100,94,6,6,1000,Bottom,k-Median-Shapley,28.000000000000004,1.0999999999999999,0.9029999999999976
Polya Urn (alpha=0.2),4,100,94,6,6,1000,Cutoff,Evaluative Voting,69.69999999999999,69.69999999999999,0.82575
Polya Urn (alpha=0.2),4,100,94,6,6,1000,Cutoff,k-Median Rule,37.3,37.3,0.90175
Polya Urn (alpha=0.2),4,100,94,6,6,1000,Cutoff,k-Median-Shapley,32.800000000000004,26.0,0.9145
Polya Urn (alpha=0.2),4,100,94,6,6,1000,Bottom,Evaluative Voting,4.5,4.5,0.98875
Polya Urn (alpha=0.2),4,100,94,6,6,1000,Bottom,k-Median Rule,33.4,9.6,0.91125
Polya Urn (alpha=0.2),4,100,94,6,6,1000,Bottom,k-Median-Shapley,27.400000000000002,3.4000000000000004,0.92825
Polya Urn (alpha=0.2),5,100,94,6,6,1000,Cutoff,Evaluative Voting,65.60000000000001,65.60000000000001,0.8687999999999909
Polya Urn (alpha=0.2),5,100,94,6,6,1000,Cutoff,k-Median Rule,35.9,35.9,0.9251999999999945
Polya Urn (alpha=0.2),5,100,94,6,6,1000,Cutoff,k-Median-Shapley,36.4,32.800000000000004,0.9243999999999942
Polya Urn (alpha=0.2),5,100,94,6,6,1000,Bottom,Evaluative Voting,17.7,17.7,0.9645999999999969
Polya Urn (alpha=0.2),5,100,94,6,6,1000,Bottom,k-Median Rule,32.800000000000004,15.6,0.9311999999999949
Polya Urn (alpha=0.2),5,100,94,6,6,1000,Bottom,k-Median-Shapley,30.3,9.6,0.9357999999999953
Polya Urn (alpha=0.2),6,100,94,6,6,1000,Cutoff,Evaluative Voting,51.5,51.5,0.9141666666666732
Polya Urn (alpha=0.2),6,100,94,6,6,1000,Cutoff,k-Median Rule,32.5,32.5,0.9458333333333377
Polya Urn (alpha=0.2),6,100,94,6,6,1000,Cutoff,k-Median-Shapley,24.099999999999998,24.099999999999998,0.9598333333333361
Polya Urn (alpha=0.2),6,100,94,6,6,1000,Bottom,Evaluative Voting,51.5,51.5,0.9141666666666732
Polya Urn (alpha=0.2),6,100,94,6,6,1000,Bottom,k-Median Rule,32.5,32.5,0.9458333333333377
Polya Urn (alpha=0.2),6,100,94,6,6,1000,Bottom,k-Median-Shapley,24.099999999999998,24.099999999999998,0.9598333333333361
Polya Urn (alpha=0.2),2,100,93,7,7,1000,Cutoff,Evaluative Voting,68.89999999999999,68.89999999999999,0.6555
Polya Urn (alpha=0.2),2,100,93,7,7,1000,Cutoff,k-Median Rule,37.9,37.9,0.804
Polya Urn (alpha=0.2),2,100,93,7,7,1000,Cutoff,k-Median-Shapley,32.800000000000004,26.200000000000003,0.83
Polya Urn (alpha=0.2),2,100,93,7,7,1000,Bottom,Evaluative Voting,0.4,0.4,0.998
Polya Urn (alpha=0.2),2,100,93,7,7,1000,Bottom,k-Median Rule,31.4,2.8000000000000003,0.8375
Polya Urn (alpha=0.2),2,100,93,7,7,1000,Bottom,k-Median-Shapley,28.7,0.6,0.8505
Polya Urn (alpha=0.2),3,100,93,7,7,1000,Cutoff,Evaluative Voting,73.4,73.4,0.7553333333333289
Polya Urn (alpha=0.2),3,100,93,7,7,1000,Cutoff,k-Median Rule,44.800000000000004,44.800000000000004,0.8429999999999965
Polya Urn (alpha=0.2),3,100,93,7,7,1000,Cutoff,k-Median-Shapley,38.1,31.5,0.8653333333333297
Polya Urn (alpha=0.2),3,100,93,7,7,1000,Bottom,Evaluative Voting,1.0999999999999999,1.0999999999999999,0.9963333333333333
Polya Urn (alpha=0.2),3,100,93,7,7,1000,Bottom,k-Median Rule,38.1,6.1,0.8663333333333296
Polya Urn (alpha=0.2),3,100,93,7,7,1000,Bottom,k-Median-Shapley,32.5,1.7999999999999998,0.8856666666666638
Polya Urn (alpha=0.2),4,100,93,7,7,1000,Cutoff,Evaluative Voting,74.5,74.5,0.81375
Polya Urn (alpha=0.2),4,100,93,7,7,1000,Cutoff,k-Median Rule,45.0,45.0,0.8795
Polya Urn (alpha=0.2),4,100,93,7,7,1000,Cutoff,k-Median-Shapley,36.6,28.7,0.90375
Polya Urn (alpha=0.2),4,100,93,7,7,1000,Bottom,Evaluative Voting,7.1,7.1,0.98225
Polya Urn (alpha=0.2),4,100,93,7,7,1000,Bottom,k-Median Rule,39.900000000000006,10.0,0.89175
Polya Urn (alpha=0.2),4,100,93,7,7,1000,Bottom,k-Median-Shapley,30.3,4.8,0.91975
Polya Urn (alpha=0.2),5,100,93,7,7,1000,Cutoff,Evaluative Voting,70.7,70.7,0.8585999999999906
Polya Urn (alpha=0.2),5,100,93,7,7,1000,Cutoff,k-Median Rule,43.1,43.1,0.9095999999999936
Polya Urn (alpha=0.2),5,100,93,7,7,1000,Cutoff,k-Median-Shapley,41.5,37.7,0.9125999999999935
Polya Urn (alpha=0.2),5,100,93,7,7,1000,Bottom,Evaluative Voting,24.2,24.2,0.9515999999999959
Polya Urn (alpha=0.2),5,100,93,7,7,1000,Bottom,k-Median Rule,39.6,17.599999999999998,0.9161999999999939
Polya Urn (alpha=0.2),5,100,93,7,7,1000,Bottom,k-Median-Shapley,34.599999999999994,11.5,0.9257999999999947
Polya Urn (alpha=0.2),6,100,93,7,7,1000,Cutoff,Evaluative Voting,58.599999999999994,58.599999999999994,0.9023333333333406
Polya Urn (alpha=0.2),6,100,93,7,7,1000,Cutoff,k-Median Rule,37.0,37.0,0.938333333333338
Polya Urn (alpha=0.2),6,100,93,7,7,1000,Cutoff,k-Median-Shapley,28.799999999999997,28.799999999999997,0.952000000000003
Polya Urn (alpha=0.2),6,100,93,7,7,1000,Bottom,Evaluative Voting,58.599999999999994,58.599999999999994,0.9023333333333406
Polya Urn (alpha=0.2),6,100,93,7,7,1000,Bottom,k-Median Rule,37.0,37.0,0.938333333333338
Polya Urn (alpha=0.2),6,100,93,7,7,1000,Bottom,k-Median-Shapley,28.799999999999997,28.799999999999997,0.952000000000003
Polya Urn (alpha=0.2),2,100,92,8,8,1000,Cutoff,Evaluative Voting,74.8,74.8,0.626
Polya Urn (alpha=0.2),2,100,92,8,8,1000,Cutoff,k-Median Rule,41.6,41.6,0.783
Polya Urn (alpha=0.2),2,100,92,8,8,1000,Cutoff,k-Median-Shapley,36.4,29.799999999999997,0.8095
Polya Urn (alpha=0.2),2,100,92,8,8,1000,Bottom,Evaluative Voting,0.4,0.4,0.998
Polya Urn (alpha=0.2),2,100,92,8,8,1000,Bottom,k-Median Rule,32.9,3.6999999999999997,0.828
Polya Urn (alpha=0.2),2,100,92,8,8,1000,Bottom,k-Median-Shapley,29.9,0.6,0.842
Polya Urn (alpha=0.2),3,100,92,8,8,1000,Cutoff,Evaluative Voting,79.5,79.5,0.7349999999999954
Polya Urn (alpha=0.2),3,100,92,8,8,1000,Cutoff,k-Median Rule,46.400000000000006,46.400000000000006,0.8369999999999963
Polya Urn (alpha=0.2),3,100,92,8,8,1000,Cutoff,k-Median-Shapley,39.7,32.6,0.8613333333333291
Polya Urn (alpha=0.2),3,100,92,8,8,1000,Bottom,Evaluative Voting,2.4,2.4,0.9919999999999997
Polya Urn (alpha=0.2),3,100,92,8,8,1000,Bottom,k-Median Rule,38.800000000000004,7.7,0.8643333333333295
Polya Urn (alpha=0.2),3,100,92,8,8,1000,Bottom,k-Median-Shapley,32.1,2.1,0.8883333333333301
Polya Urn (alpha=0.2),4,100,92,8,8,1000,Cutoff,Evaluative Voting,78.4,78.4,0.804
Polya Urn (alpha=0.2),4,100,92,8,8,1000,Cutoff,k-Median Rule,47.199999999999996,47.199999999999996,0.87375
Polya Urn (alpha=0.2),4,100,92,8,8,1000,Cutoff,k-Median-Shapley,39.1,31.900000000000002,0.89675
Polya Urn (alpha=0.2),4,100,92,8,8,1000,Bottom,Evaluative Voting,10.299999999999999,10.299999999999999,0.97425
Polya Urn (alpha=0.2),4,100,92,8,8,1000,Bottom,k-Median Rule,41.9,12.5,0.8865
Polya Urn (alpha=0.2),4,100,92,8,8,1000,Bottom,k-Median-Shapley,31.1,5.1,0.91725
Polya Urn (alpha=0.2),5,100,92,8,8,1000,Cutoff,Evaluative Voting,76.0,76.0,0.8479999999999901
Polya Urn (alpha=0.2),5,100,92,8,8,1000,Cutoff,k-Median Rule,46.0,46.0,0.9043999999999932
Polya Urn (alpha=0.2),5,100,92,8,8,1000,Cutoff,k-Median-Shapley,42.3,38.2,0.9111999999999932
Polya Urn (alpha=0.2),5,100,92,8,8,1000,Bottom,Evaluative Voting,30.3,30.3,0.9393999999999948
Polya Urn (alpha=0.2),5,100,92,8,8,1000,Bottom,k-Median Rule,41.099999999999994,21.3,0.9129999999999941
Polya Urn (alpha=0.2),5,100,92,8,8,1000,Bottom,k-Median-Shapley,34.1,12.0,0.9267999999999953
Polya Urn (alpha=0.2),6,100,92,8,8,1000,Cutoff,Evaluative Voting,63.6,63.6,0.894000000000008
Polya Urn (alpha=0.2),6,100,92,8,8,1000,Cutoff,k-Median Rule,40.2,40.2,0.933000000000005
Polya Urn (alpha=0.2),6,100,92,8,8,1000,Cutoff,k-Median-Shapley,32.0,32.0,0.9466666666666699
Polya Urn (alpha=0.2),6,100,92,8,8,1000,Bottom,Evaluative Voting,63.6,63.6,0.894000000000008
Polya Urn (alpha=0.2),6,100,92,8,8,1000,Bottom,k-Median Rule,40.2,40.2,0.933000000000005
Polya Urn (alpha=0.2),6,100,92,8,8,1000,Bottom,k-Median-Shapley,32.0,32.0,0.9466666666666699
Polya Urn (alpha=0.2),2,100,91,9,9,1000,Cutoff,Evaluative Voting,79.5,79.5,0.6025
Polya Urn (alpha=0.2),2,100,91,9,9,1000,Cutoff,k-Median Rule,47.599999999999994,47.599999999999994,0.75
Polya Urn (alpha=0.2),2,100,91,9,9,1000,Cutoff,k-Median-Shapley,41.3,33.0,0.7825
Polya Urn (alpha=0.2),2,100,91,9,9,1000,Bottom,Evaluative Voting,0.7000000000000001,0.7000000000000001,0.9965
Polya Urn (alpha=0.2),2,100,91,9,9,1000,Bottom,k-Median Rule,37.7,4.1000000000000005,0.801
Polya Urn (alpha=0.2),2,100,91,9,9,1000,Bottom,k-Median-Shapley,34.2,0.7000000000000001,0.818
Polya Urn (alpha=0.2),3,100,91,9,9,1000,Cutoff,Evaluative Voting,83.89999999999999,83.89999999999999,0.720333333333329
Polya Urn (alpha=0.2),3,100,91,9,9,1000,Cutoff,k-Median Rule,52.900000000000006,52.900000000000006,0.8096666666666631
Polya Urn (alpha=0.2),3,100,91,9,9,1000,Cutoff,k-Median-Shapley,44.7,34.300000000000004,0.8413333333333292
Polya Urn (alpha=0.2),3,100,91,9,9,1000,Bottom,Evaluative Voting,4.9,4.9,0.9836666666666658
Polya Urn (alpha=0.2),3,100,91,9,9,1000,Bottom,k-Median Rule,44.9,8.4,0.8389999999999965
Polya Urn (alpha=0.2),3,100,91,9,9,1000,Bottom,k-Median-Shapley,37.0,3.0,0.8683333333333301
Polya Urn (alpha=0.2),4,100,91,9,9,1000,Cutoff,Evaluative Voting,83.1,83.1,0.79225
Polya Urn (alpha=0.2),4,100,91,9,9,1000,Cutoff,k-Median Rule,53.7,53.7,0.853
Polya Urn (alpha=0.2),4,100,91,9,9,1000,Cutoff,k-Median-Shapley,44.2,35.9,0.882
Polya Urn (alpha=0.2),4,100,91,9,9,1000,Bottom,Evaluative Voting,13.700000000000001,13.700000000000001,0.96575
Polya Urn (alpha=0.2),4,100,91,9,9,1000,Bottom,k-Median Rule,47.3,14.399999999999999,0.86825
Polya Urn (alpha=0.2),4,100,91,9,9,1000,Bottom,k-Median-Shapley,37.5,6.9,0.9
Polya Urn (alpha=0.2),5,100,91,9,9,1000,Cutoff,Evaluative Voting,80.30000000000001,80.30000000000001,0.8393999999999898
Polya Urn (alpha=0.2),5,100,91,9,9,1000,Cutoff,k-Median Rule,50.8,50.8,0.891999999999993
Polya Urn (alpha=0.2),5,100,91,9,9,1000,Cutoff,k-Median-Shapley,45.7,40.9,0.9031999999999931
Polya Urn (alpha=0.2),5,100,91,9,9,1000,Bottom,Evaluative Voting,37.0,37.0,0.9259999999999939
Polya Urn (alpha=0.2),5,100,91,9,9,1000,Bottom,k-Median Rule,47.3,24.6,0.8969999999999941
Polya Urn (alpha=0.2),5,100,91,9,9,1000,Bottom,k-Median-Shapley,37.2,14.7,0.9199999999999949
Polya Urn (alpha=0.2),6,100,91,9,9,1000,Cutoff,Evaluative Voting,69.3,69.3,0.8845000000000083
Polya Urn (alpha=0.2),6,100,91,9,9,1000,Cutoff,k-Median Rule,46.1,46.1,0.9231666666666722
Polya Urn (alpha=0.2),6,100,91,9,9,1000,Cutoff,k-Median-Shapley,36.199999999999996,36.199999999999996,0.9396666666666703
Polya Urn (alpha=0.2),6,100,91,9,9,1000,Bottom,Evaluative Voting,69.3,69.3,0.8845000000000083
Polya Urn (alpha=0.2),6,100,91,9,9,1000,Bottom,k-Median Rule,46.1,46.1,0.9231666666666722
Polya Urn (alpha=0.2),6,100,91,9,9,1000,Bottom,k-Median-Shapley,36.199999999999996,36.199999999999996,0.9396666666666703
Polya Urn (alpha=0.2),2,100,90,10,10,1000,Cutoff,Evaluative Voting,83.39999999999999,83.39999999999999,0.583
Polya Urn (alpha=0.2),2,100,90,10,10,1000,Cutoff,k-Median Rule,50.4,50.4,0.733
Polya Urn (alpha=0.2),2,100,90,10,10,1000,Cutoff,k-Median-Shapley,42.1,33.2,0.7795
Polya Urn (alpha=0.2),2,100,90,10,10,1000,Bottom,Evaluative Voting,1.2,1.2,0.994
Polya Urn (alpha=0.2),2,100,90,10,10,1000,Bottom,k-Median Rule,38.9,5.2,0.7925
Polya Urn (alpha=0.2),2,100,90,10,10,1000,Bottom,k-Median-Shapley,33.900000000000006,0.5,0.821
Polya Urn (alpha=0.2),3,100,90,10,10,1000,Cutoff,Evaluative Voting,88.9,88.9,0.7036666666666627
Polya Urn (alpha=0.2),3,100,90,10,10,1000,Cutoff,k-Median Rule,54.800000000000004,54.800000000000004,0.8019999999999966
Polya Urn (alpha=0.2),3,100,90,10,10,1000,Cutoff,k-Median-Shapley,47.9,37.1,0.831333333333329
Polya Urn (alpha=0.2),3,100,90,10,10,1000,Bottom,Evaluative Voting,6.4,6.4,0.9786666666666655
Polya Urn (alpha=0.2),3,100,90,10,10,1000,Bottom,k-Median Rule,46.800000000000004,11.799999999999999,0.8306666666666632
Polya Urn (alpha=0.2),3,100,90,10,10,1000,Bottom,k-Median-Shapley,39.7,3.1,0.8606666666666631
Polya Urn (alpha=0.2),4,100,90,10,10,1000,Cutoff,Evaluative Voting,86.3,86.3,0.78425
Polya Urn (alpha=0.2),4,100,90,10,10,1000,Cutoff,k-Median Rule,55.7,55.7,0.849
Polya Urn (alpha=0.2),4,100,90,10,10,1000,Cutoff,k-Median-Shapley,45.300000000000004,37.1,0.87825
Polya Urn (alpha=0.2),4,100,90,10,10,1000,Bottom,Evaluative Voting,18.5,18.5,0.95375
Polya Urn (alpha=0.2),4,100,90,10,10,1000,Bottom,k-Median Rule,48.9,18.9,0.86375
Polya Urn (alpha=0.2),4,100,90,10,10,1000,Bottom,k-Median-Shapley,37.8,7.8,0.89775
Polya Urn (alpha=0.2),5,100,90,10,10,1000,Cutoff,Evaluative Voting,84.89999999999999,84.89999999999999,0.8301999999999897
Polya Urn (alpha=0.2),5,100,90,10,10,1000,Cutoff,k-Median Rule,54.300000000000004,54.300000000000004,0.8849999999999925
Polya Urn (alpha=0.2),5,100,90,10,10,1000,Cutoff,k-Median-Shapley,47.3,42.6,0.9001999999999926
Polya Urn (alpha=0.2),5,100,90,10,10,1000,Bottom,Evaluative Voting,43.5,43.5,0.9129999999999932
Polya Urn (alpha=0.2),5,100,90,10,10,1000,Bottom,k-Median Rule,50.9,29.599999999999998,0.8899999999999937
Polya Urn (alpha=0.2),5,100,90,10,10,1000,Bottom,k-Median-Shapley,38.5,16.0,0.9165999999999944
Polya Urn (alpha=0.2),6,100,90,10,10,1000,Cutoff,Evaluative Voting,74.3,74.3,0.8761666666666752
Polya Urn (alpha=0.2),6,100,90,10,10,1000,Cutoff,k-Median Rule,50.5,50.5,0.9158333333333397
Polya Urn (alpha=0.2),6,100,90,10,10,1000,Cutoff,k-Median-Shapley,38.0,38.0,0.9366666666666705
Polya Urn (alpha=0.2),6,100,90,10,10,1000,Bottom,Evaluative Voting,74.3,74.3,0.8761666666666752
Polya Urn (alpha=0.2),6,100,90,10,10,1000,Bottom,k-Median Rule,50.5,50.5,0.9158333333333397
Polya Urn (alpha=0.2),6,100,90,10,10,1000,Bottom,k-Median-Shapley,38.0,38.0,0.9366666666666705
Polya Urn (alpha=0.2),2,100,89,11,11,1000,Cutoff,Evaluative Voting,88.1,88.1,0.5595
Polya Urn (alpha=0.2),2,100,89,11,11,1000,Cutoff,k-Median Rule,54.900000000000006,54.900000000000006,0.705
Polya Urn (alpha=0.2),2,100,89,11,11,1000,Cutoff,k-Median-Shapley,45.6,35.8,0.76
Polya Urn (alpha=0.2),2,100,89,11,11,1000,Bottom,Evaluative Voting,2.1,2.1,0.9895
Polya Urn (alpha=0.2),2,100,89,11,11,1000,Bottom,k-Median Rule,43.1,5.3,0.7685
Polya Urn (alpha=0.2),2,100,89,11,11,1000,Bottom,k-Median-Shapley,37.3,1.0,0.8005
Polya Urn (alpha=0.2),3,100,89,11,11,1000,Cutoff,Evaluative Voting,91.8,91.8,0.693999999999996
Polya Urn (alpha=0.2),3,100,89,11,11,1000,Cutoff,k-Median Rule,60.0,60.0,0.7796666666666632
Polya Urn (alpha=0.2),3,100,89,11,11,1000,Cutoff,k-Median-Shapley,50.6,39.7,0.8183333333333294
Polya Urn (alpha=0.2),3,100,89,11,11,1000,Bottom,Evaluative Voting,8.5,8.5,0.9716666666666652
Polya Urn (alpha=0.2),3,100,89,11,11,1000,Bottom,k-Median Rule,53.0,12.2,0.8063333333333295
Polya Urn (alpha=0.2),3,100,89,11,11,1000,Bottom,k-Median-Shapley,41.099999999999994,4.0,0.8523333333333297
Polya Urn (alpha=0.2),4,100,89,11,11,1000,Cutoff,Evaluative Voting,89.5,89.5,0.77625
Polya Urn (alpha=0.2),4,100,89,11,11,1000,Cutoff,k-Median Rule,60.699999999999996,60.699999999999996,0.83125
Polya Urn (alpha=0.2),4,100,89,11,11,1000,Cutoff,k-Median-Shapley,48.5,39.900000000000006,0.86675
Polya Urn (alpha=0.2),4,100,89,11,11,1000,Bottom,Evaluative Voting,23.400000000000002,23.400000000000002,0.9415
Polya Urn (alpha=0.2),4,100,89,11,11,1000,Bottom,k-Median Rule,54.400000000000006,20.3,0.845
Polya Urn (alpha=0.2),4,100,89,11,11,1000,Bottom,k-Median-Shapley,40.0,8.3,0.8895
Polya Urn (alpha=0.2),5,100,89,11,11,1000,Cutoff,Evaluative Voting,88.4,88.4,0.8231999999999894
Polya Urn (alpha=0.2),5,100,89,11,11,1000,Cutoff,k-Median Rule,59.4,59.4,0.8721999999999928
Polya Urn (alpha=0.2),5,100,89,11,11,1000,Cutoff,k-Median-Shapley,50.3,45.1,0.8933999999999924
Polya Urn (alpha=0.2),5,100,89,11,11,1000,Bottom,Evaluative Voting,49.3,49.3,0.9013999999999924
Polya Urn (alpha=0.2),5,100,89,11,11,1000,Bottom,k-Median Rule,54.900000000000006,31.7,0.8789999999999938
Polya Urn (alpha=0.2),5,100,89,11,11,1000,Bottom,k-Median-Shapley,41.5,17.599999999999998,0.910199999999994
Polya Urn (alpha=0.2),6,100,89,11,11,1000,Cutoff,Evaluative Voting,78.2,78.2,0.8696666666666754
Polya Urn (alpha=0.2),6,100,89,11,11,1000,Cutoff,k-Median Rule,54.2,54.2,0.9096666666666736
Polya Urn (alpha=0.2),6,100,89,11,11,1000,Cutoff,k-Median-Shapley,40.8,40.8,0.9320000000000043
Polya Urn (alpha=0.2),6,100,89,11,11,1000,Bottom,Evaluative Voting,78.2,78.2,0.8696666666666754
Polya Urn (alpha=0.2),6,100,89,11,11,1000,Bottom,k-Median Rule,54.2,54.2,0.9096666666666736
Polya Urn (alpha=0.2),6,100,89,11,11,1000,Bottom,k-Median-Shapley,40.8,40.8,0.9320000000000043
Polya Urn (alpha=0.2),2,100,88,12,12,1000,Cutoff,Evaluative Voting,91.2,91.2,0.544
Polya Urn (alpha=0.2),2,100,88,12,12,1000,Cutoff,k-Median Rule,57.4,57.4,0.6935
Polya Urn (alpha=0.2),2,100,88,12,12,1000,Cutoff,k-Median-Shapley,46.400000000000006,37.2,0.7555
Polya Urn (alpha=0.2),2,100,88,12,12,1000,Bottom,Evaluative Voting,3.1,3.1,0.9845
Polya Urn (alpha=0.2),2,100,88,12,12,1000,Bottom,k-Median Rule,44.6,7.3999999999999995,0.7625
Polya Urn (alpha=0.2),2,100,88,12,12,1000,Bottom,k-Median-Shapley,38.2,0.8999999999999999,0.798
Polya Urn (alpha=0.2),3,100,88,12,12,1000,Cutoff,Evaluative Voting,93.5,93.5,0.6883333333333294
Polya Urn (alpha=0.2),3,100,88,12,12,1000,Cutoff,k-Median Rule,62.6,62.6,0.7686666666666626
Polya Urn (alpha=0.2),3,100,88,12,12,1000,Cutoff,k-Median-Shapley,52.5,42.199999999999996,0.8133333333333294
Polya Urn (alpha=0.2),3,100,88,12,12,1000,Bottom,Evaluative Voting,11.600000000000001,11.600000000000001,0.9613333333333318
Polya Urn (alpha=0.2),3,100,88,12,12,1000,Bottom,k-Median Rule,54.0,15.1,0.79933333333333
Polya Urn (alpha=0.2),3,100,88,12,12,1000,Bottom,k-Median-Shapley,42.6,4.0,0.8476666666666632
Polya Urn (alpha=0.2),4,100,88,12,12,1000,Cutoff,Evaluative Voting,92.4,92.4,0.769
Polya Urn (alpha=0.2),4,100,88,12,12,1000,Cutoff,k-Median Rule,63.6,63.6,0.8255
Polya Urn (alpha=0.2),4,100,88,12,12,1000,Cutoff,k-Median-Shapley,49.6,41.099999999999994,0.86425
Polya Urn (alpha=0.2),4,100,88,12,12,1000,Bottom,Evaluative Voting,29.4,29.4,0.9265
Polya Urn (alpha=0.2),4,100,88,12,12,1000,Bottom,k-Median Rule,56.2,24.0,0.8425
Polya Urn (alpha=0.2),4,100,88,12,12,1000,Bottom,k-Median-Shapley,39.900000000000006,7.9,0.89025
Polya Urn (alpha=0.2),5,100,88,12,12,1000,Cutoff,Evaluative Voting,91.5,91.5,0.8169999999999892
Polya Urn (alpha=0.2),5,100,88,12,12,1000,Cutoff,k-Median Rule,62.4,62.4,0.8659999999999923
Polya Urn (alpha=0.2),5,100,88,12,12,1000,Cutoff,k-Median-Shapley,51.800000000000004,46.800000000000004,0.8907999999999925
Polya Urn (alpha=0.2),5,100,88,12,12,1000,Bottom,Evaluative Voting,56.39999999999999,56.39999999999999,0.8871999999999917
Polya Urn (alpha=0.2),5,100,88,12,12,1000,Bottom,k-Median Rule,57.99999999999999,36.6,0.870999999999994
Polya Urn (alpha=0.2),5,100,88,12,12,1000,Bottom,k-Median-Shapley,42.9,18.099999999999998,0.906999999999994
Polya Urn (alpha=0.2),6,100,88,12,12,1000,Cutoff,Evaluative Voting,81.89999999999999,81.89999999999999,0.8635000000000087
Polya Urn (alpha=0.2),6,100,88,12,12,1000,Cutoff,k-Median Rule,57.9,57.9,0.9035000000000071
Polya Urn (alpha=0.2),6,100,88,12,12,1000,Cutoff,k-Median-Shapley,41.699999999999996,41.699999999999996,0.9305000000000047
Polya Urn (alpha=0.2),6,100,88,12,12,1000,Bottom,Evaluative Voting,81.89999999999999,81.89999999999999,0.8635000000000087
Polya Urn (alpha=0.2),6,100,88,12,12,1000,Bottom,k-Median Rule,57.9,57.9,0.9035000000000071
Polya Urn (alpha=0.2),6,100,88,12,12,1000,Bottom,k-Median-Shapley,41.699999999999996,41.699999999999996,0.9305000000000047
Polya Urn (alpha=0.2),2,100,87,13,13,1000,Cutoff,Evaluative Voting,92.60000000000001,92.60000000000001,0.537
Polya Urn (alpha=0.2),2,100,87,13,13,1000,Cutoff,k-Median Rule,62.3,62.3,0.666
Polya Urn (alpha=0.2),2,100,87,13,13,1000,Cutoff,k-Median-Shapley,49.8,39.1,0.735
Polya Urn (alpha=0.2),2,100,87,13,13,1000,Bottom,Evaluative Voting,4.6,4.6,0.977
Polya Urn (alpha=0.2),2,100,87,13,13,1000,Bottom,k-Median Rule,49.3,8.7,0.736
Polya Urn (alpha=0.2),2,100,87,13,13,1000,Bottom,k-Median-Shapley,42.199999999999996,1.3,0.7735
Polya Urn (alpha=0.2),3,100,87,13,13,1000,Cutoff,Evaluative Voting,95.19999999999999,95.19999999999999,0.6826666666666629
Polya Urn (alpha=0.2),3,100,87,13,13,1000,Cutoff,k-Median Rule,67.30000000000001,67.30000000000001,0.7466666666666628
Polya Urn (alpha=0.2),3,100,87,13,13,1000,Cutoff,k-Median-Shapley,55.300000000000004,43.5,0.801666666666663
Polya Urn (alpha=0.2),3,100,87,13,13,1000,Bottom,Evaluative Voting,16.0,16.0,0.9466666666666648
Polya Urn (alpha=0.2),3,100,87,13,13,1000,Bottom,k-Median Rule,58.099999999999994,16.8,0.7779999999999966
Polya Urn (alpha=0.2),3,100,87,13,13,1000,Bottom,k-Median-Shapley,44.7,3.9,0.8389999999999964
Polya Urn (alpha=0.2),4,100,87,13,13,1000,Cutoff,Evaluative Voting,94.1,94.1,0.76475
Polya Urn (alpha=0.2),4,100,87,13,13,1000,Cutoff,k-Median Rule,68.0,68.0,0.808
Polya Urn (alpha=0.2),4,100,87,13,13,1000,Cutoff,k-Median-Shapley,54.2,44.4,0.85075
Polya Urn (alpha=0.2),4,100,87,13,13,1000,Bottom,Evaluative Voting,35.9,35.9,0.91025
Polya Urn (alpha=0.2),4,100,87,13,13,1000,Bottom,k-Median Rule,59.9,26.200000000000003,0.8235
Polya Urn (alpha=0.2),4,100,87,13,13,1000,Bottom,k-Median-Shapley,42.9,9.5,0.8805
Polya Urn (alpha=0.2),5,100,87,13,13,1000,Cutoff,Evaluative Voting,93.30000000000001,93.30000000000001,0.813399999999989
Polya Urn (alpha=0.2),5,100,87,13,13,1000,Cutoff,k-Median Rule,67.30000000000001,67.30000000000001,0.8513999999999929
Polya Urn (alpha=0.2),5,100,87,13,13,1000,Cutoff,k-Median-Shapley,55.2,50.4,0.8811999999999922
Polya Urn (alpha=0.2),5,100,87,13,13,1000,Bottom,Evaluative Voting,62.7,62.7,0.8745999999999912
Polya Urn (alpha=0.2),5,100,87,13,13,1000,Bottom,k-Median Rule,62.2,39.900000000000006,0.8571999999999945
Polya Urn (alpha=0.2),5,100,87,13,13,1000,Bottom,k-Median-Shapley,46.1,21.6,0.898399999999994
Polya Urn (alpha=0.2),6,100,87,13,13,1000,Cutoff,Evaluative Voting,85.8,85.8,0.8570000000000088
Polya Urn (alpha=0.2),6,100,87,13,13,1000,Cutoff,k-Median Rule,61.4,61.4,0.897666666666674
Polya Urn (alpha=0.2),6,100,87,13,13,1000,Cutoff,k-Median-Shapley,45.2,45.2,0.9246666666666717
Polya Urn (alpha=0.2),6,100,87,13,13,1000,Bottom,Evaluative Voting,85.8,85.8,0.8570000000000088
Polya Urn (alpha=0.2),6,100,87,13,13,1000,Bottom,k-Median Rule,61.4,61.4,0.897666666666674
Polya Urn (alpha=0.2),6,100,87,13,13,1000,Bottom,k-Median-Shapley,45.2,45.2,0.9246666666666717
Polya Urn (alpha=0.2),2,100,86,14,14,1000,Cutoff,Evaluative Voting,94.6,94.6,0.527
Polya Urn (alpha=0.2),2,100,86,14,14,1000,Cutoff,k-Median Rule,64.5,64.5,0.6535
Polya Urn (alpha=0.2),2,100,86,14,14,1000,Cutoff,k-Median-Shapley,51.6,39.800000000000004,0.724
Polya Urn (alpha=0.2),2,100,86,14,14,1000,Bottom,Evaluative Voting,6.9,6.9,0.9655
Polya Urn (alpha=0.2),2,100,86,14,14,1000,Bottom,k-Median Rule,51.0,11.5,0.726
Polya Urn (alpha=0.2),2,100,86,14,14,1000,Bottom,k-Median-Shapley,42.199999999999996,1.7999999999999998,0.7725
Polya Urn (alpha=0.2),3,100,86,14,14,1000,Cutoff,Evaluative Voting,96.8,96.8,0.6773333333333297
Polya Urn (alpha=0.2),3,100,86,14,14,1000,Cutoff,k-Median Rule,69.89999999999999,69.89999999999999,0.7376666666666628
Polya Urn (alpha=0.2),3,100,86,14,14,1000,Cutoff,k-Median-Shapley,55.50000000000001,44.4,0.7976666666666632
Polya Urn (alpha=0.2),3,100,86,14,14,1000,Bottom,Evaluative Voting,19.400000000000002,19.400000000000002,0.9353333333333308
Polya Urn (alpha=0.2),3,100,86,14,14,1000,Bottom,k-Median Rule,59.5,20.4,0.7699999999999964
Polya Urn (alpha=0.2),3,100,86,14,14,1000,Bottom,k-Median-Shapley,46.5,4.6,0.8309999999999966
Polya Urn (alpha=0.2),4,100,86,14,14,1000,Cutoff,Evaluative Voting,96.3,96.3,0.75925
Polya Urn (alpha=0.2),4,100,86,14,14,1000,Cutoff,k-Median Rule,71.0,71.0,0.8015
Polya Urn (alpha=0.2),4,100,86,14,14,1000,Cutoff,k-Median-Shapley,57.199999999999996,47.599999999999994,0.84125
Polya Urn (alpha=0.2),4,100,86,14,14,1000,Bottom,Evaluative Voting,42.6,42.6,0.8935
Polya Urn (alpha=0.2),4,100,86,14,14,1000,Bottom,k-Median Rule,61.9,31.4,0.81975
Polya Urn (alpha=0.2),4,100,86,14,14,1000,Bottom,k-Median-Shapley,45.6,10.299999999999999,0.87275
Polya Urn (alpha=0.2),5,100,86,14,14,1000,Cutoff,Evaluative Voting,94.8,94.8,0.810399999999989
Polya Urn (alpha=0.2),5,100,86,14,14,1000,Cutoff,k-Median Rule,70.1,70.1,0.8455999999999926
Polya Urn (alpha=0.2),5,100,86,14,14,1000,Cutoff,k-Median-Shapley,58.599999999999994,53.5,0.8739999999999921
Polya Urn (alpha=0.2),5,100,86,14,14,1000,Bottom,Evaluative Voting,67.4,67.4,0.8651999999999908
Polya Urn (alpha=0.2),5,100,86,14,14,1000,Bottom,k-Median Rule,65.3,44.9,0.8499999999999946
Polya Urn (alpha=0.2),5,100,86,14,14,1000,Bottom,k-Median-Shapley,47.3,22.8,0.8949999999999942
Polya Urn (alpha=0.2),6,100,86,14,14,1000,Cutoff,Evaluative Voting,88.4,88.4,0.8526666666666753
Polya Urn (alpha=0.2),6,100,86,14,14,1000,Cutoff,k-Median Rule,64.8,64.8,0.8920000000000075
Polya Urn (alpha=0.2),6,100,86,14,14,1000,Cutoff,k-Median-Shapley,47.8,47.8,0.9203333333333388
Polya Urn (alpha=0.2),6,100,86,14,14,1000,Bottom,Evaluative Voting,88.4,88.4,0.8526666666666753
Polya Urn (alpha=0.2),6,100,86,14,14,1000,Bottom,k-Median Rule,64.8,64.8,0.8920000000000075
Polya Urn (alpha=0.2),6,100,86,14,14,1000,Bottom,k-Median-Shapley,47.8,47.8,0.9203333333333388
Polya Urn (alpha=0.2),2,100,85,15,15,1000,Cutoff,Evaluative Voting,96.1,96.1,0.5195
Polya Urn (alpha=0.2),2,100,85,15,15,1000,Cutoff,k-Median Rule,69.5,69.5,0.6225
Polya Urn (alpha=0.2),2,100,85,15,15,1000,Cutoff,k-Median-Shapley,54.300000000000004,41.199999999999996,0.7095
Polya Urn (alpha=0.2),2,100,85,15,15,1000,Bottom,Evaluative Voting,9.9,9.9,0.9505
Polya Urn (alpha=0.2),2,100,85,15,15,1000,Bottom,k-Median Rule,55.800000000000004,12.6,0.6975
Polya Urn (alpha=0.2),2,100,85,15,15,1000,Bottom,k-Median-Shapley,44.6,2.3,0.7605
Polya Urn (alpha=0.2),3,100,85,15,15,1000,Cutoff,Evaluative Voting,98.2,98.2,0.6726666666666633
Polya Urn (alpha=0.2),3,100,85,15,15,1000,Cutoff,k-Median Rule,73.8,73.8,0.7183333333333296
Polya Urn (alpha=0.2),3,100,85,15,15,1000,Cutoff,k-Median-Shapley,59.599999999999994,48.1,0.779666666666663
Polya Urn (alpha=0.2),3,100,85,15,15,1000,Bottom,Evaluative Voting,24.4,24.4,0.9186666666666635
Polya Urn (alpha=0.2),3,100,85,15,15,1000,Bottom,k-Median Rule,64.1,22.400000000000002,0.7486666666666635
Polya Urn (alpha=0.2),3,100,85,15,15,1000,Bottom,k-Median-Shapley,49.8,5.5,0.8163333333333298
Polya Urn (alpha=0.2),4,100,85,15,15,1000,Cutoff,Evaluative Voting,97.7,97.7,0.75575
Polya Urn (alpha=0.2),4,100,85,15,15,1000,Cutoff,k-Median Rule,76.3,76.3,0.782
Polya Urn (alpha=0.2),4,100,85,15,15,1000,Cutoff,k-Median-Shapley,58.199999999999996,48.699999999999996,0.83575
Polya Urn (alpha=0.2),4,100,85,15,15,1000,Bottom,Evaluative Voting,48.8,48.8,0.878
Polya Urn (alpha=0.2),4,100,85,15,15,1000,Bottom,k-Median Rule,67.7,33.300000000000004,0.7985
Polya Urn (alpha=0.2),4,100,85,15,15,1000,Bottom,k-Median-Shapley,48.5,12.3,0.86225
Polya Urn (alpha=0.2),5,100,85,15,15,1000,Cutoff,Evaluative Voting,96.2,96.2,0.807599999999989
Polya Urn (alpha=0.2),5,100,85,15,15,1000,Cutoff,k-Median Rule,73.8,73.8,0.834799999999993
Polya Urn (alpha=0.2),5,100,85,15,15,1000,Cutoff,k-Median-Shapley,60.4,55.00000000000001,0.8687999999999924
Polya Urn (alpha=0.2),5,100,85,15,15,1000,Bottom,Evaluative Voting,71.1,71.1,0.8577999999999902
Polya Urn (alpha=0.2),5,100,85,15,15,1000,Bottom,k-Median Rule,69.0,47.5,0.8387999999999949
Polya Urn (alpha=0.2),5,100,85,15,15,1000,Bottom,k-Median-Shapley,49.5,26.3,0.8893999999999943
Polya Urn (alpha=0.2),6,100,85,15,15,1000,Cutoff,Evaluative Voting,90.5,90.5,0.8491666666666756
Polya Urn (alpha=0.2),6,100,85,15,15,1000,Cutoff,k-Median Rule,68.2,68.2,0.8863333333333412
Polya Urn (alpha=0.2),6,100,85,15,15,1000,Cutoff,k-Median-Shapley,52.2,52.2,0.9130000000000059
Polya Urn (alpha=0.2),6,100,85,15,15,1000,Bottom,Evaluative Voting,90.5,90.5,0.8491666666666756
Polya Urn (alpha=0.2),6,100,85,15,15,1000,Bottom,k-Median Rule,68.2,68.2,0.8863333333333412
Polya Urn (alpha=0.2),6,100,85,15,15,1000,Bottom,k-Median-Shapley,52.2,52.2,0.9130000000000059
Polya Urn (alpha=0.2),2,100,84,16,16,1000,Cutoff,Evaluative Voting,97.2,97.2,0.514
Polya Urn (alpha=0.2),2,100,84,16,16,1000,Cutoff,k-Median Rule,71.2,71.2,0.6145
Polya Urn (alpha=0.2),2,100,84,16,16,1000,Cutoff,k-Median-Shapley,55.900000000000006,43.8,0.7015
Polya Urn (alpha=0.2),2,100,84,16,16,1000,Bottom,Evaluative Voting,12.5,12.5,0.9375
Polya Urn (alpha=0.2),2,100,84,16,16,1000,Bottom,k-Median Rule,56.8,15.0,0.6915
Polya Urn (alpha=0.2),2,100,84,16,16,1000,Bottom,k-Median-Shapley,45.6,2.7,0.7555
Polya Urn (alpha=0.2),3,100,84,16,16,1000,Cutoff,Evaluative Voting,98.8,98.8,0.6706666666666634
Polya Urn (alpha=0.2),3,100,84,16,16,1000,Cutoff,k-Median Rule,76.0,76.0,0.7136666666666628
Polya Urn (alpha=0.2),3,100,84,16,16,1000,Cutoff,k-Median-Shapley,61.199999999999996,49.3,0.7746666666666631
Polya Urn (alpha=0.2),3,100,84,16,16,1000,Bottom,Evaluative Voting,30.0,30.0,0.8999999999999969
Polya Urn (alpha=0.2),3,100,84,16,16,1000,Bottom,k-Median Rule,66.2,26.3,0.7419999999999966
Polya Urn (alpha=0.2),3,100,84,16,16,1000,Bottom,k-Median-Shapley,49.6,5.8999999999999995,0.8169999999999966
Polya Urn (alpha=0.2),4,100,84,16,16,1000,Cutoff,Evaluative Voting,98.3,98.3,0.75425
Polya Urn (alpha=0.2),4,100,84,16,16,1000,Cutoff,k-Median Rule,78.7,78.7,0.777
Polya Urn (alpha=0.2),4,100,84,16,16,1000,Cutoff,k-Median-Shapley,59.3,50.3,0.83375
Polya Urn (alpha=0.2),4,100,84,16,16,1000,Bottom,Evaluative Voting,54.300000000000004,54.300000000000004,0.86425
Polya Urn (alpha=0.2),4,100,84,16,16,1000,Bottom,k-Median Rule,69.6,37.7,0.7935
Polya Urn (alpha=0.2),4,100,84,16,16,1000,Bottom,k-Median-Shapley,47.599999999999994,12.1,0.865
Polya Urn (alpha=0.2),5,100,84,16,16,1000,Cutoff,Evaluative Voting,97.2,97.2,0.8055999999999889
Polya Urn (alpha=0.2),5,100,84,16,16,1000,Cutoff,k-Median Rule,77.8,77.8,0.8271999999999927
Polya Urn (alpha=0.2),5,100,84,16,16,1000,Cutoff,k-Median-Shapley,61.9,56.89999999999999,0.8651999999999922
Polya Urn (alpha=0.2),5,100,84,16,16,1000,Bottom,Evaluative Voting,76.5,76.5,0.8469999999999901
Polya Urn (alpha=0.2),5,100,84,16,16,1000,Bottom,k-Median Rule,73.0,51.9,0.8297999999999949
Polya Urn (alpha=0.2),5,100,84,16,16,1000,Bottom,k-Median-Shapley,51.2,28.1,0.8853999999999942
Polya Urn (alpha=0.2),6,100,84,16,16,1000,Cutoff,Evaluative Voting,93.10000000000001,93.10000000000001,0.8448333333333427
Polya Urn (alpha=0.2),6,100,84,16,16,1000,Cutoff,k-Median Rule,72.1,72.1,0.8798333333333415
Polya Urn (alpha=0.2),6,100,84,16,16,1000,Cutoff,k-Median-Shapley,54.7,54.7,0.9088333333333394
Polya Urn (alpha=0.2),6,100,84,16,16,1000,Bottom,Evaluative Voting,93.10000000000001,93.10000000000001,0.8448333333333427
Polya Urn (alpha=0.2),6,100,84,16,16,1000,Bottom,k-Median Rule,72.1,72.1,0.8798333333333415
Polya Urn (alpha=0.2),6,100,84,16,16,1000,Bottom,k-Median-Shapley,54.7,54.7,0.9088333333333394
Polya Urn (alpha=0.2),2,100,83,17,17,1000,Cutoff,Evaluative Voting,97.89999999999999,97.89999999999999,0.5105
Polya Urn (alpha=0.2),2,100,83,17,17,1000,Cutoff,k-Median Rule,75.5,75.5,0.5855
Polya Urn (alpha=0.2),2,100,83,17,17,1000,Cutoff,k-Median-Shapley,57.8,44.9,0.6855
Polya Urn (alpha=0.2),2,100,83,17,17,1000,Bottom,Evaluative Voting,16.400000000000002,16.400000000000002,0.918
Polya Urn (alpha=0.2),2,100,83,17,17,1000,Bottom,k-Median Rule,61.4,16.6,0.6625
Polya Urn (alpha=0.2),2,100,83,17,17,1000,Bottom,k-Median-Shapley,47.699999999999996,3.5000000000000004,0.7405
Polya Urn (alpha=0.2),3,100,83,17,17,1000,Cutoff,Evaluative Voting,98.9,98.9,0.6703333333333302
Polya Urn (alpha=0.2),3,100,83,17,17,1000,Cutoff,k-Median Rule,80.2,80.2,0.6903333333333301
Polya Urn (alpha=0.2),3,100,83,17,17,1000,Cutoff,k-Median-Shapley,63.2,51.6,0.7629999999999961
Polya Urn (alpha=0.2),3,100,83,17,17,1000,Bottom,Evaluative Voting,35.9,35.9,0.8803333333333299
Polya Urn (alpha=0.2),3,100,83,17,17,1000,Bottom,k-Median Rule,70.7,28.1,0.7196666666666638
Polya Urn (alpha=0.2),3,100,83,17,17,1000,Bottom,k-Median-Shapley,52.400000000000006,8.1,0.8039999999999967
Polya Urn (alpha=0.2),4,100,83,17,17,1000,Cutoff,Evaluative Voting,98.6,98.6,0.7535
Polya Urn (alpha=0.2),4,100,83,17,17,1000,Cutoff,k-Median Rule,82.89999999999999,82.89999999999999,0.7625
Polya Urn (alpha=0.2),4,100,83,17,17,1000,Cutoff,k-Median-Shapley,62.5,53.5,0.82325
Polya Urn (alpha=0.2),4,100,83,17,17,1000,Bottom,Evaluative Voting,60.099999999999994,60.099999999999994,0.84975
Polya Urn (alpha=0.2),4,100,83,17,17,1000,Bottom,k-Median Rule,74.0,41.5,0.77425
Polya Urn (alpha=0.2),4,100,83,17,17,1000,Bottom,k-Median-Shapley,51.5,15.8,0.8555
Polya Urn (alpha=0.2),5,100,83,17,17,1000,Cutoff,Evaluative Voting,97.89999999999999,97.89999999999999,0.8041999999999889
Polya Urn (alpha=0.2),5,100,83,17,17,1000,Cutoff,k-Median Rule,80.80000000000001,80.80000000000001,0.8183999999999928
Polya Urn (alpha=0.2),5,100,83,17,17,1000,Cutoff,k-Median-Shapley,64.8,58.8,0.8581999999999924
Polya Urn (alpha=0.2),5,100,83,17,17,1000,Bottom,Evaluative Voting,80.80000000000001,80.80000000000001,0.8383999999999898
Polya Urn (alpha=0.2),5,100,83,17,17,1000,Bottom,k-Median Rule,75.9,55.7,0.8221999999999952
Polya Urn (alpha=0.2),5,100,83,17,17,1000,Bottom,k-Median-Shapley,55.00000000000001,32.300000000000004,0.8761999999999941
Polya Urn (alpha=0.2),6,100,83,17,17,1000,Cutoff,Evaluative Voting,95.39999999999999,95.39999999999999,0.8410000000000097
Polya Urn (alpha=0.2),6,100,83,17,17,1000,Cutoff,k-Median Rule,75.7,75.7,0.8738333333333418
Polya Urn (alpha=0.2),6,100,83,17,17,1000,Cutoff,k-Median-Shapley,59.0,59.0,0.9016666666666734
Polya Urn (alpha=0.2),6,100,83,17,17,1000,Bottom,Evaluative Voting,95.39999999999999,95.39999999999999,0.8410000000000097
Polya Urn (alpha=0.2),6,100,83,17,17,1000,Bottom,k-Median Rule,75.7,75.7,0.8738333333333418
Polya Urn (alpha=0.2),6,100,83,17,17,1000,Bottom,k-Median-Shapley,59.0,59.0,0.9016666666666734
Polya Urn (alpha=0.2),2,100,82,18,18,1000,Cutoff,Evaluative Voting,98.2,98.2,0.509
Polya Urn (alpha=0.2),2,100,82,18,18,1000,Cutoff,k-Median Rule,78.3,78.3,0.5705
Polya Urn (alpha=0.2),2,100,82,18,18,1000,Cutoff,k-Median-Shapley,58.599999999999994,46.800000000000004,0.682
Polya Urn (alpha=0.2),2,100,82,18,18,1000,Bottom,Evaluative Voting,21.099999999999998,21.099999999999998,0.8945
Polya Urn (alpha=0.2),2,100,82,18,18,1000,Bottom,k-Median Rule,63.7,19.3,0.6485
Polya Urn (alpha=0.2),2,100,82,18,18,1000,Bottom,k-Median-Shapley,48.3,4.3,0.7385
Polya Urn (alpha=0.2),3,100,82,18,18,1000,Cutoff,Evaluative Voting,99.2,99.2,0.6693333333333302
Polya Urn (alpha=0.2),3,100,82,18,18,1000,Cutoff,k-Median Rule,82.39999999999999,82.39999999999999,0.6833333333333305
Polya Urn (alpha=0.2),3,100,82,18,18,1000,Cutoff,k-Median-Shapley,62.9,51.300000000000004,0.7646666666666626
Polya Urn (alpha=0.2),3,100,82,18,18,1000,Bottom,Evaluative Voting,42.1,42.1,0.859666666666663
Polya Urn (alpha=0.2),3,100,82,18,18,1000,Bottom,k-Median Rule,72.3,32.0,0.7109999999999975
Polya Urn (alpha=0.2),3,100,82,18,18,1000,Bottom,k-Median-Shapley,52.300000000000004,8.3,0.80533333333333
Polya Urn (alpha=0.2),4,100,82,18,18,1000,Cutoff,Evaluative Voting,99.0,99.0,0.7525
Polya Urn (alpha=0.2),4,100,82,18,18,1000,Cutoff,k-Median Rule,83.7,83.7,0.75775
Polya Urn (alpha=0.2),4,100,82,18,18,1000,Cutoff,k-Median-Shapley,64.1,54.2,0.81975
Polya Urn (alpha=0.2),4,100,82,18,18,1000,Bottom,Evaluative Voting,66.2,66.2,0.8345
Polya Urn (alpha=0.2),4,100,82,18,18,1000,Bottom,k-Median Rule,75.3,45.7,0.7675
Polya Urn (alpha=0.2),4,100,82,18,18,1000,Bottom,k-Median-Shapley,53.2,16.5,0.84875
Polya Urn (alpha=0.2),5,100,82,18,18,1000,Cutoff,Evaluative Voting,98.5,98.5,0.8029999999999887
Polya Urn (alpha=0.2),5,100,82,18,18,1000,Cutoff,k-Median Rule,82.19999999999999,82.19999999999999,0.8149999999999931
Polya Urn (alpha=0.2),5,100,82,18,18,1000,Cutoff,k-Median-Shapley,67.30000000000001,61.7,0.8535999999999921
Polya Urn (alpha=0.2),5,100,82,18,18,1000,Bottom,Evaluative Voting,84.39999999999999,84.39999999999999,0.8311999999999897
Polya Urn (alpha=0.2),5,100,82,18,18,1000,Bottom,k-Median Rule,77.7,60.0,0.8157999999999954
Polya Urn (alpha=0.2),5,100,82,18,18,1000,Bottom,k-Median-Shapley,56.00000000000001,32.800000000000004,0.8741999999999943
Polya Urn (alpha=0.2),6,100,82,18,18,1000,Cutoff,Evaluative Voting,96.3,96.3,0.8395000000000098
Polya Urn (alpha=0.2),6,100,82,18,18,1000,Cutoff,k-Median Rule,78.5,78.5,0.8691666666666752
Polya Urn (alpha=0.2),6,100,82,18,18,1000,Cutoff,k-Median-Shapley,60.8,60.8,0.8986666666666735
Polya Urn (alpha=0.2),6,100,82,18,18,1000,Bottom,Evaluative Voting,96.3,96.3,0.8395000000000098
Polya Urn (alpha=0.2),6,100,82,18,18,1000,Bottom,k-Median Rule,78.5,78.5,0.8691666666666752
Polya Urn (alpha=0.2),6,100,82,18,18,1000,Bottom,k-Median-Shapley,60.8,60.8,0.8986666666666735
Polya Urn (alpha=0.2),2,100,81,19,19,1000,Cutoff,Evaluative Voting,98.8,98.8,0.506
Polya Urn (alpha=0.2),2,100,81,19,19,1000,Cutoff,k-Median Rule,81.2,81.2,0.55
Polya Urn (alpha=0.2),2,100,81,19,19,1000,Cutoff,k-Median-Shapley,60.099999999999994,47.199999999999996,0.671
Polya Urn (alpha=0.2),2,100,81,19,19,1000,Bottom,Evaluative Voting,26.5,26.5,0.8675
Polya Urn (alpha=0.2),2,100,81,19,19,1000,Bottom,k-Median Rule,66.0,22.1,0.6295
Polya Urn (alpha=0.2),2,100,81,19,19,1000,Bottom,k-Median-Shapley,50.3,4.5,0.7235
Polya Urn (alpha=0.2),3,100,81,19,19,1000,Cutoff,Evaluative Voting,99.3,99.3,0.6689999999999969
Polya Urn (alpha=0.2),3,100,81,19,19,1000,Cutoff,k-Median Rule,85.5,85.5,0.6663333333333312
Polya Urn (alpha=0.2),3,100,81,19,19,1000,Cutoff,k-Median-Shapley,66.8,53.5,0.7486666666666625
Polya Urn (alpha=0.2),3,100,81,19,19,1000,Bottom,Evaluative Voting,48.199999999999996,48.199999999999996,0.8393333333333294
Polya Urn (alpha=0.2),3,100,81,19,19,1000,Bottom,k-Median Rule,74.9,34.699999999999996,0.6953333333333312
Polya Urn (alpha=0.2),3,100,81,19,19,1000,Bottom,k-Median-Shapley,55.1,9.6,0.7913333333333303
Polya Urn (alpha=0.2),4,100,81,19,19,1000,Cutoff,Evaluative Voting,99.2,99.2,0.752
Polya Urn (alpha=0.2),4,100,81,19,19,1000,Cutoff,k-Median Rule,87.2,87.2,0.742
Polya Urn (alpha=0.2),4,100,81,19,19,1000,Cutoff,k-Median-Shapley,67.9,57.49999999999999,0.8065
Polya Urn (alpha=0.2),4,100,81,19,19,1000,Bottom,Evaluative Voting,71.3,71.3,0.82175
Polya Urn (alpha=0.2),4,100,81,19,19,1000,Bottom,k-Median Rule,78.5,48.9,0.749
Polya Urn (alpha=0.2),4,100,81,19,19,1000,Bottom,k-Median-Shapley,56.00000000000001,18.8,0.8385
Polya Urn (alpha=0.2),5,100,81,19,19,1000,Cutoff,Evaluative Voting,99.1,99.1,0.8017999999999889
Polya Urn (alpha=0.2),5,100,81,19,19,1000,Cutoff,k-Median Rule,86.1,86.1,0.8045999999999931
Polya Urn (alpha=0.2),5,100,81,19,19,1000,Cutoff,k-Median-Shapley,68.89999999999999,62.9,0.8485999999999922
Polya Urn (alpha=0.2),5,100,81,19,19,1000,Bottom,Evaluative Voting,87.6,87.6,0.8247999999999895
Polya Urn (alpha=0.2),5,100,81,19,19,1000,Bottom,k-Median Rule,80.80000000000001,62.7,0.8043999999999958
Polya Urn (alpha=0.2),5,100,81,19,19,1000,Bottom,k-Median-Shapley,59.5,36.3,0.8655999999999942
Polya Urn (alpha=0.2),6,100,81,19,19,1000,Cutoff,Evaluative Voting,97.5,97.5,0.8375000000000098
Polya Urn (alpha=0.2),6,100,81,19,19,1000,Cutoff,k-Median Rule,81.0,81.0,0.8650000000000089
Polya Urn (alpha=0.2),6,100,81,19,19,1000,Cutoff,k-Median-Shapley,64.1,64.1,0.8931666666666739
Polya Urn (alpha=0.2),6,100,81,19,19,1000,Bottom,Evaluative Voting,97.5,97.5,0.8375000000000098
Polya Urn (alpha=0.2),6,100,81,19,19,1000,Bottom,k-Median Rule,81.0,81.0,0.8650000000000089
Polya Urn (alpha=0.2),6,100,81,19,19,1000,Bottom,k-Median-Shapley,64.1,64.1,0.8931666666666739
Polya Urn (alpha=0.2),2,100,80,20,20,1000,Cutoff,Evaluative Voting,99.2,99.2,0.504
Polya Urn (alpha=0.2),2,100,80,20,20,1000,Cutoff,k-Median Rule,82.69999999999999,82.69999999999999,0.5425
Polya Urn (alpha=0.2),2,100,80,20,20,1000,Cutoff,k-Median-Shapley,61.5,48.6,0.66
Polya Urn (alpha=0.2),2,100,80,20,20,1000,Bottom,Evaluative Voting,31.3,31.3,0.8435
Polya Urn (alpha=0.2),2,100,80,20,20,1000,Bottom,k-Median Rule,67.0,24.4,0.6225
Polya Urn (alpha=0.2),2,100,80,20,20,1000,Bottom,k-Median-Shapley,49.4,4.1000000000000005,0.729
Polya Urn (alpha=0.2),3,100,80,20,20,1000,Cutoff,Evaluative Voting,99.6,99.6,0.6679999999999968
Polya Urn (alpha=0.2),3,100,80,20,20,1000,Cutoff,k-Median Rule,87.5,87.5,0.6596666666666645
Polya Urn (alpha=0.2),3,100,80,20,20,1000,Cutoff,k-Median-Shapley,68.0,54.800000000000004,0.7423333333333298
Polya Urn (alpha=0.2),3,100,80,20,20,1000,Bottom,Evaluative Voting,54.900000000000006,54.900000000000006,0.816999999999996
Polya Urn (alpha=0.2),3,100,80,20,20,1000,Bottom,k-Median Rule,77.3,38.7,0.6839999999999979
Polya Urn (alpha=0.2),3,100,80,20,20,1000,Bottom,k-Median-Shapley,54.400000000000006,9.6,0.7899999999999968
Polya Urn (alpha=0.2),4,100,80,20,20,1000,Cutoff,Evaluative Voting,99.3,99.3,0.75175
Polya Urn (alpha=0.2),4,100,80,20,20,1000,Cutoff,k-Median Rule,88.9,88.9,0.738
Polya Urn (alpha=0.2),4,100,80,20,20,1000,Cutoff,k-Median-Shapley,70.7,61.1,0.7985
Polya Urn (alpha=0.2),4,100,80,20,20,1000,Bottom,Evaluative Voting,76.0,76.0,0.81
Polya Urn (alpha=0.2),4,100,80,20,20,1000,Bottom,k-Median Rule,79.9,53.300000000000004,0.74325
Polya Urn (alpha=0.2),4,100,80,20,20,1000,Bottom,k-Median-Shapley,56.49999999999999,19.6,0.83625
Polya Urn (alpha=0.2),5,100,80,20,20,1000,Cutoff,Evaluative Voting,99.5,99.5,0.8009999999999887
Polya Urn (alpha=0.2),5,100,80,20,20,1000,Cutoff,k-Median Rule,87.6,87.6,0.8017999999999931
Polya Urn (alpha=0.2),5,100,80,20,20,1000,Cutoff,k-Median-Shapley,70.1,64.5,0.8455999999999924
Polya Urn (alpha=0.2),5,100,80,20,20,1000,Bottom,Evaluative Voting,90.0,90.0,0.8199999999999892
Polya Urn (alpha=0.2),5,100,80,20,20,1000,Bottom,k-Median Rule,82.89999999999999,67.10000000000001,0.7973999999999959
Polya Urn (alpha=0.2),5,100,80,20,20,1000,Bottom,k-Median-Shapley,59.5,37.3,0.8641999999999942
Polya Urn (alpha=0.2),6,100,80,20,20,1000,Cutoff,Evaluative Voting,97.8,97.8,0.8370000000000098
Polya Urn (alpha=0.2),6,100,80,20,20,1000,Cutoff,k-Median Rule,83.6,83.6,0.8606666666666756
Polya Urn (alpha=0.2),6,100,80,20,20,1000,Cutoff,k-Median-Shapley,65.60000000000001,65.60000000000001,0.8906666666666743
Polya Urn (alpha=0.2),6,100,80,20,20,1000,Bottom,Evaluative Voting,97.8,97.8,0.8370000000000098
Polya Urn (alpha=0.2),6,100,80,20,20,1000,Bottom,k-Median Rule,83.6,83.6,0.8606666666666756
Polya Urn (alpha=0.2),6,100,80,20,20,1000,Bottom,k-Median-Shapley,65.60000000000001,65.60000000000001,0.8906666666666743
Polya Urn (alpha=0.2),2,100,79,21,21,1000,Cutoff,Evaluative Voting,99.4,99.4,0.503
Polya Urn (alpha=0.2),2,100,79,21,21,1000,Cutoff,k-Median Rule,86.0,86.0,0.518
Polya Urn (alpha=0.2),2,100,79,21,21,1000,Cutoff,k-Median-Shapley,63.7,50.8,0.6455
Polya Urn (alpha=0.2),2,100,79,21,21,1000,Bottom,Evaluative Voting,37.4,37.4,0.813
Polya Urn (alpha=0.2),2,100,79,21,21,1000,Bottom,k-Median Rule,70.7,26.8,0.5955
Polya Urn (alpha=0.2),2,100,79,21,21,1000,Bottom,k-Median-Shapley,51.2,5.0,0.717
Polya Urn (alpha=0.2),3,100,79,21,21,1000,Cutoff,Evaluative Voting,99.8,99.8,0.6673333333333303
Polya Urn (alpha=0.2),3,100,79,21,21,1000,Cutoff,k-Median Rule,89.8,89.8,0.6413333333333321
Polya Urn (alpha=0.2),3,100,79,21,21,1000,Cutoff,k-Median-Shapley,71.0,57.3,0.7283333333333302
Polya Urn (alpha=0.2),3,100,79,21,21,1000,Bottom,Evaluative Voting,63.0,63.0,0.7899999999999956
Polya Urn (alpha=0.2),3,100,79,21,21,1000,Bottom,k-Median Rule,79.80000000000001,41.199999999999996,0.668333333333332
Polya Urn (alpha=0.2),3,100,79,21,21,1000,Bottom,k-Median-Shapley,56.599999999999994,11.0,0.7826666666666638
Polya Urn (alpha=0.2),4,100,79,21,21,1000,Cutoff,Evaluative Voting,99.5,99.5,0.75125
Polya Urn (alpha=0.2),4,100,79,21,21,1000,Cutoff,k-Median Rule,90.60000000000001,90.60000000000001,0.72725
Polya Urn (alpha=0.2),4,100,79,21,21,1000,Cutoff,k-Median-Shapley,73.1,63.2,0.79075
Polya Urn (alpha=0.2),4,100,79,21,21,1000,Bottom,Evaluative Voting,81.3,81.3,0.79675
Polya Urn (alpha=0.2),4,100,79,21,21,1000,Bottom,k-Median Rule,82.39999999999999,55.900000000000006,0.7305
Polya Urn (alpha=0.2),4,100,79,21,21,1000,Bottom,k-Median-Shapley,60.699999999999996,21.8,0.82275
Polya Urn (alpha=0.2),5,100,79,21,21,1000,Cutoff,Evaluative Voting,99.5,99.5,0.8009999999999887
Polya Urn (alpha=0.2),5,100,79,21,21,1000,Cutoff,k-Median Rule,89.2,89.2,0.7949999999999934
Polya Urn (alpha=0.2),5,100,79,21,21,1000,Cutoff,k-Median-Shapley,71.7,65.10000000000001,0.8407999999999926
Polya Urn (alpha=0.2),5,100,79,21,21,1000,Bottom,Evaluative Voting,92.60000000000001,92.60000000000001,0.8147999999999889
Polya Urn (alpha=0.2),5,100,79,21,21,1000,Bottom,k-Median Rule,84.1,70.0,0.7927999999999958
Polya Urn (alpha=0.2),5,100,79,21,21,1000,Bottom,k-Median-Shapley,64.2,41.0,0.8537999999999937
Polya Urn (alpha=0.2),6,100,79,21,21,1000,Cutoff,Evaluative Voting,98.1,98.1,0.8365000000000098
Polya Urn (alpha=0.2),6,100,79,21,21,1000,Cutoff,k-Median Rule,85.8,85.8,0.857000000000009
Polya Urn (alpha=0.2),6,100,79,21,21,1000,Cutoff,k-Median-Shapley,68.0,68.0,0.8866666666666745
Polya Urn (alpha=0.2),6,100,79,21,21,1000,Bottom,Evaluative Voting,98.1,98.1,0.8365000000000098
Polya Urn (alpha=0.2),6,100,79,21,21,1000,Bottom,k-Median Rule,85.8,85.8,0.857000000000009
Polya Urn (alpha=0.2),6,100,79,21,21,1000,Bottom,k-Median-Shapley,68.0,68.0,0.8866666666666745
Polya Urn (alpha=0.2),2,100,78,22,22,1000,Cutoff,Evaluative Voting,99.4,99.4,0.503
Polya Urn (alpha=0.2),2,100,78,22,22,1000,Cutoff,k-Median Rule,87.1,87.1,0.5105
Polya Urn (alpha=0.2),2,100,78,22,22,1000,Cutoff,k-Median-Shapley,64.4,51.300000000000004,0.6415
Polya Urn (alpha=0.2),2,100,78,22,22,1000,Bottom,Evaluative Voting,43.1,43.1,0.7845
Polya Urn (alpha=0.2),2,100,78,22,22,1000,Bottom,k-Median Rule,72.2,31.6,0.585
Polya Urn (alpha=0.2),2,100,78,22,22,1000,Bottom,k-Median-Shapley,52.2,5.800000000000001,0.7105
Polya Urn (alpha=0.2),3,100,78,22,22,1000,Cutoff,Evaluative Voting,99.9,99.9,0.6669999999999969
Polya Urn (alpha=0.2),3,100,78,22,22,1000,Cutoff,k-Median Rule,90.5,90.5,0.639999999999999
Polya Urn (alpha=0.2),3,100,78,22,22,1000,Cutoff,k-Median-Shapley,72.1,58.699999999999996,0.7263333333333304
Polya Urn (alpha=0.2),3,100,78,22,22,1000,Bottom,Evaluative Voting,69.39999999999999,69.39999999999999,0.768666666666662
Polya Urn (alpha=0.2),3,100,78,22,22,1000,Bottom,k-Median Rule,80.60000000000001,46.300000000000004,0.6579999999999985
Polya Urn (alpha=0.2),3,100,78,22,22,1000,Bottom,k-Median-Shapley,58.199999999999996,12.3,0.7729999999999969
Polya Urn (alpha=0.2),4,100,78,22,22,1000,Cutoff,Evaluative Voting,99.7,99.7,0.75075
Polya Urn (alpha=0.2),4,100,78,22,22,1000,Cutoff,k-Median Rule,91.4,91.4,0.72275
Polya Urn (alpha=0.2),4,100,78,22,22,1000,Cutoff,k-Median-Shapley,73.5,63.9,0.788
Polya Urn (alpha=0.2),4,100,78,22,22,1000,Bottom,Evaluative Voting,84.3,84.3,0.78925
Polya Urn (alpha=0.2),4,100,78,22,22,1000,Bottom,k-Median Rule,83.1,59.4,0.728
Polya Urn (alpha=0.2),4,100,78,22,22,1000,Bottom,k-Median-Shapley,60.5,24.099999999999998,0.822
Polya Urn (alpha=0.2),5,100,78,22,22,1000,Cutoff,Evaluative Voting,99.8,99.8,0.8003999999999887
Polya Urn (alpha=0.2),5,100,78,22,22,1000,Cutoff,k-Median Rule,90.60000000000001,90.60000000000001,0.7921999999999931
Polya Urn (alpha=0.2),5,100,78,22,22,1000,Cutoff,k-Median-Shapley,74.7,68.5,0.8325999999999931
Polya Urn (alpha=0.2),5,100,78,22,22,1000,Bottom,Evaluative Voting,94.19999999999999,94.19999999999999,0.8115999999999889
Polya Urn (alpha=0.2),5,100,78,22,22,1000,Bottom,k-Median Rule,86.0,73.1,0.7855999999999963
Polya Urn (alpha=0.2),5,100,78,22,22,1000,Bottom,k-Median-Shapley,64.9,43.2,0.8493999999999943
Polya Urn (alpha=0.2),6,100,78,22,22,1000,Cutoff,Evaluative Voting,98.2,98.2,0.8363333333333431
Polya Urn (alpha=0.2),6,100,78,22,22,1000,Cutoff,k-Median Rule,87.7,87.7,0.8538333333333424
Polya Urn (alpha=0.2),6,100,78,22,22,1000,Cutoff,k-Median-Shapley,69.8,69.8,0.8836666666666747
Polya Urn (alpha=0.2),6,100,78,22,22,1000,Bottom,Evaluative Voting,98.2,98.2,0.8363333333333431
Polya Urn (alpha=0.2),6,100,78,22,22,1000,Bottom,k-Median Rule,87.7,87.7,0.8538333333333424
Polya Urn (alpha=0.2),6,100,78,22,22,1000,Bottom,k-Median-Shapley,69.8,69.8,0.8836666666666747
Polya Urn (alpha=0.2),2,100,77,23,23,1000,Cutoff,Evaluative Voting,99.4,99.4,0.503
Polya Urn (alpha=0.2),2,100,77,23,23,1000,Cutoff,k-Median Rule,89.5,89.5,0.4895
Polya Urn (alpha=0.2),2,100,77,23,23,1000,Cutoff,k-Median-Shapley,68.0,53.6,0.6225
Polya Urn (alpha=0.2),2,100,77,23,23,1000,Bottom,Evaluative Voting,50.8,50.8,0.746
Polya Urn (alpha=0.2),2,100,77,23,23,1000,Bottom,k-Median Rule,74.8,33.6,0.565
Polya Urn (alpha=0.2),2,100,77,23,23,1000,Bottom,k-Median-Shapley,56.00000000000001,7.7,0.687
Polya Urn (alpha=0.2),3,100,77,23,23,1000,Cutoff,Evaluative Voting,99.9,99.9,0.6669999999999969
Polya Urn (alpha=0.2),3,100,77,23,23,1000,Cutoff,k-Median Rule,92.2,92.2,0.6256666666666663
Polya Urn (alpha=0.2),3,100,77,23,23,1000,Cutoff,k-Median-Shapley,75.7,61.5,0.7066666666666646
Polya Urn (alpha=0.2),3,100,77,23,23,1000,Bottom,Evaluative Voting,74.3,74.3,0.7523333333333283
Polya Urn (alpha=0.2),3,100,77,23,23,1000,Bottom,k-Median Rule,82.6,48.699999999999996,0.6433333333333324
Polya Urn (alpha=0.2),3,100,77,23,23,1000,Bottom,k-Median-Shapley,60.4,14.7,0.759333333333331
Polya Urn (alpha=0.2),4,100,77,23,23,1000,Cutoff,Evaluative Voting,100.0,100.0,0.75
Polya Urn (alpha=0.2),4,100,77,23,23,1000,Cutoff,k-Median Rule,93.0,93.0,0.71025
Polya Urn (alpha=0.2),4,100,77,23,23,1000,Cutoff,k-Median-Shapley,75.6,64.7,0.77925
Polya Urn (alpha=0.2),4,100,77,23,23,1000,Bottom,Evaluative Voting,87.6,87.6,0.781
Polya Urn (alpha=0.2),4,100,77,23,23,1000,Bottom,k-Median Rule,85.3,62.0,0.713
Polya Urn (alpha=0.2),4,100,77,23,23,1000,Bottom,k-Median-Shapley,64.1,27.800000000000004,0.8075
Polya Urn (alpha=0.2),5,100,77,23,23,1000,Cutoff,Evaluative Voting,99.8,99.8,0.8003999999999887
Polya Urn (alpha=0.2),5,100,77,23,23,1000,Cutoff,k-Median Rule,91.7,91.7,0.7857999999999937
Polya Urn (alpha=0.2),5,100,77,23,23,1000,Cutoff,k-Median-Shapley,76.9,69.89999999999999,0.826599999999993
Polya Urn (alpha=0.2),5,100,77,23,23,1000,Bottom,Evaluative Voting,96.0,96.0,0.8079999999999887
Polya Urn (alpha=0.2),5,100,77,23,23,1000,Bottom,k-Median Rule,87.5,76.2,0.7787999999999969
Polya Urn (alpha=0.2),5,100,77,23,23,1000,Bottom,k-Median-Shapley,67.80000000000001,46.800000000000004,0.8413999999999946
Polya Urn (alpha=0.2),6,100,77,23,23,1000,Cutoff,Evaluative Voting,99.1,99.1,0.8348333333333433
Polya Urn (alpha=0.2),6,100,77,23,23,1000,Cutoff,k-Median Rule,89.9,89.9,0.850166666666676
Polya Urn (alpha=0.2),6,100,77,23,23,1000,Cutoff,k-Median-Shapley,72.7,72.7,0.8788333333333416
Polya Urn (alpha=0.2),6,100,77,23,23,1000,Bottom,Evaluative Voting,99.1,99.1,0.8348333333333433
Polya Urn (alpha=0.2),6,100,77,23,23,1000,Bottom,k-Median Rule,89.9,89.9,0.850166666666676
Polya Urn (alpha=0.2),6,100,77,23,23,1000,Bottom,k-Median-Shapley,72.7,72.7,0.8788333333333416
Polya Urn (alpha=0.2),2,100,76,24,24,1000,Cutoff,Evaluative Voting,99.6,99.6,0.502
Polya Urn (alpha=0.2),2,100,76,24,24,1000,Cutoff,k-Median Rule,89.7,89.7,0.4875
Polya Urn (alpha=0.2),2,100,76,24,24,1000,Cutoff,k-Median-Shapley,68.5,54.2,0.613
Polya Urn (alpha=0.2),2,100,76,24,24,1000,Bottom,Evaluative Voting,56.10000000000001,56.10000000000001,0.7195
Polya Urn (alpha=0.2),2,100,76,24,24,1000,Bottom,k-Median Rule,75.9,36.5,0.5595
Polya Urn (alpha=0.2),2,100,76,24,24,1000,Bottom,k-Median-Shapley,55.00000000000001,8.1,0.691
Polya Urn (alpha=0.2),3,100,76,24,24,1000,Cutoff,Evaluative Voting,99.9,99.9,0.6669999999999969
Polya Urn (alpha=0.2),3,100,76,24,24,1000,Cutoff,k-Median Rule,92.60000000000001,92.60000000000001,0.6203333333333336
Polya Urn (alpha=0.2),3,100,76,24,24,1000,Cutoff,k-Median-Shapley,75.9,62.9,0.7039999999999977
Polya Urn (alpha=0.2),3,100,76,24,24,1000,Bottom,Evaluative Voting,78.60000000000001,78.60000000000001,0.7379999999999947
Polya Urn (alpha=0.2),3,100,76,24,24,1000,Bottom,k-Median Rule,83.89999999999999,52.6,0.631333333333333
Polya Urn (alpha=0.2),3,100,76,24,24,1000,Bottom,k-Median-Shapley,61.9,16.6,0.7526666666666642
Polya Urn (alpha=0.2),4,100,76,24,24,1000,Cutoff,Evaluative Voting,100.0,100.0,0.75
Polya Urn (alpha=0.2),4,100,76,24,24,1000,Cutoff,k-Median Rule,93.89999999999999,93.89999999999999,0.70975
Polya Urn (alpha=0.2),4,100,76,24,24,1000,Cutoff,k-Median-Shapley,75.9,64.7,0.778
Polya Urn (alpha=0.2),4,100,76,24,24,1000,Bottom,Evaluative Voting,90.3,90.3,0.77425
Polya Urn (alpha=0.2),4,100,76,24,24,1000,Bottom,k-Median Rule,86.8,66.3,0.70525
Polya Urn (alpha=0.2),4,100,76,24,24,1000,Bottom,k-Median-Shapley,63.4,29.4,0.8075
Polya Urn (alpha=0.2),5,100,76,24,24,1000,Cutoff,Evaluative Voting,99.8,99.8,0.8003999999999887
Polya Urn (alpha=0.2),5,100,76,24,24,1000,Cutoff,k-Median Rule,93.30000000000001,93.30000000000001,0.7833999999999933
Polya Urn (alpha=0.2),5,100,76,24,24,1000,Cutoff,k-Median-Shapley,78.7,72.89999999999999,0.821999999999993
Polya Urn (alpha=0.2),5,100,76,24,24,1000,Bottom,Evaluative Voting,96.8,96.8,0.8063999999999888
Polya Urn (alpha=0.2),5,100,76,24,24,1000,Bottom,k-Median Rule,90.2,79.9,0.7707999999999969
Polya Urn (alpha=0.2),5,100,76,24,24,1000,Bottom,k-Median-Shapley,68.2,48.699999999999996,0.8369999999999942
Polya Urn (alpha=0.2),6,100,76,24,24,1000,Cutoff,Evaluative Voting,99.3,99.3,0.83450000000001
Polya Urn (alpha=0.2),6,100,76,24,24,1000,Cutoff,k-Median Rule,91.8,91.8,0.8470000000000095
Polya Urn (alpha=0.2),6,100,76,24,24,1000,Cutoff,k-Median-Shapley,73.9,73.9,0.8768333333333415
Polya Urn (alpha=0.2),6,100,76,24,24,1000,Bottom,Evaluative Voting,99.3,99.3,0.83450000000001
Polya Urn (alpha=0.2),6,100,76,24,24,1000,Bottom,k-Median Rule,91.8,91.8,0.8470000000000095
Polya Urn (alpha=0.2),6,100,76,24,24,1000,Bottom,k-Median-Shapley,73.9,73.9,0.8768333333333415
Polya Urn (alpha=0.2),2,100,75,25,25,1000,Cutoff,Evaluative Voting,100.0,100.0,0.5
Polya Urn (alpha=0.2),2,100,75,25,25,1000,Cutoff,k-Median Rule,91.3,91.3,0.471
Polya Urn (alpha=0.2),2,100,75,25,25,1000,Cutoff,k-Median-Shapley,70.3,54.400000000000006,0.5995
Polya Urn (alpha=0.2),2,100,75,25,25,1000,Bottom,Evaluative Voting,62.0,62.0,0.69
Polya Urn (alpha=0.2),2,100,75,25,25,1000,Bottom,k-Median Rule,78.7,39.6,0.5365
Polya Urn (alpha=0.2),2,100,75,25,25,1000,Bottom,k-Median-Shapley,58.4,7.8,0.6655
Polya Urn (alpha=0.2),3,100,75,25,25,1000,Cutoff,Evaluative Voting,100.0,100.0,0.6666666666666636
Polya Urn (alpha=0.2),3,100,75,25,25,1000,Cutoff,k-Median Rule,93.60000000000001,93.60000000000001,0.6106666666666667
Polya Urn (alpha=0.2),3,100,75,25,25,1000,Cutoff,k-Median-Shapley,78.5,66.7,0.6859999999999982
Polya Urn (alpha=0.2),3,100,75,25,25,1000,Bottom,Evaluative Voting,82.8,82.8,0.7239999999999949
Polya Urn (alpha=0.2),3,100,75,25,25,1000,Bottom,k-Median Rule,85.6,55.60000000000001,0.6179999999999994
Polya Urn (alpha=0.2),3,100,75,25,25,1000,Bottom,k-Median-Shapley,65.2,18.0,0.7373333333333318
Polya Urn (alpha=0.2),4,100,75,25,25,1000,Cutoff,Evaluative Voting,100.0,100.0,0.75
Polya Urn (alpha=0.2),4,100,75,25,25,1000,Cutoff,k-Median Rule,95.7,95.7,0.69875
Polya Urn (alpha=0.2),4,100,75,25,25,1000,Cutoff,k-Median-Shapley,77.60000000000001,66.7,0.771
Polya Urn (alpha=0.2),4,100,75,25,25,1000,Bottom,Evaluative Voting,92.7,92.7,0.76825
Polya Urn (alpha=0.2),4,100,75,25,25,1000,Bottom,k-Median Rule,88.5,68.4,0.69625
Polya Urn (alpha=0.2),4,100,75,25,25,1000,Bottom,k-Median-Shapley,65.4,31.1,0.7995
Polya Urn (alpha=0.2),5,100,75,25,25,1000,Cutoff,Evaluative Voting,99.8,99.8,0.8003999999999887
Polya Urn (alpha=0.2),5,100,75,25,25,1000,Cutoff,k-Median Rule,94.39999999999999,94.39999999999999,0.7791999999999933
Polya Urn (alpha=0.2),5,100,75,25,25,1000,Cutoff,k-Median-Shapley,80.4,74.6,0.8169999999999936
Polya Urn (alpha=0.2),5,100,75,25,25,1000,Bottom,Evaluative Voting,97.7,97.7,0.8045999999999889
Polya Urn (alpha=0.2),5,100,75,25,25,1000,Bottom,k-Median Rule,91.0,81.69999999999999,0.7649999999999972
Polya Urn (alpha=0.2),5,100,75,25,25,1000,Bottom,k-Median-Shapley,69.39999999999999,50.3,0.8327999999999953
Polya Urn (alpha=0.2),6,100,75,25,25,1000,Cutoff,Evaluative Voting,99.4,99.4,0.8343333333333434
Polya Urn (alpha=0.2),6,100,75,25,25,1000,Cutoff,k-Median Rule,92.30000000000001,92.30000000000001,0.8461666666666764
Polya Urn (alpha=0.2),6,100,75,25,25,1000,Cutoff,k-Median-Shapley,75.1,75.1,0.8748333333333417
Polya Urn (alpha=0.2),6,100,75,25,25,1000,Bottom,Evaluative Voting,99.4,99.4,0.8343333333333434
Polya Urn (alpha=0.2),6,100,75,25,25,1000,Bottom,k-Median Rule,92.30000000000001,92.30000000000001,0.8461666666666764
Polya Urn (alpha=0.2),6,100,75,25,25,1000,Bottom,k-Median-Shapley,75.1,75.1,0.8748333333333417
Polya Urn (alpha=0.2),2,100,74,26,26,1000,Cutoff,Evaluative Voting,100.0,100.0,0.5
Polya Urn (alpha=0.2),2,100,74,26,26,1000,Cutoff,k-Median Rule,93.0,93.0,0.4585
Polya Urn (alpha=0.2),2,100,74,26,26,1000,Cutoff,k-Median-Shapley,71.8,56.8,0.59
Polya Urn (alpha=0.2),2,100,74,26,26,1000,Bottom,Evaluative Voting,68.2,68.2,0.659
Polya Urn (alpha=0.2),2,100,74,26,26,1000,Bottom,k-Median Rule,81.5,43.5,0.5135
Polya Urn (alpha=0.2),2,100,74,26,26,1000,Bottom,k-Median-Shapley,58.699999999999996,8.0,0.664
Polya Urn (alpha=0.2),3,100,74,26,26,1000,Cutoff,Evaluative Voting,100.0,100.0,0.6666666666666636
Polya Urn (alpha=0.2),3,100,74,26,26,1000,Cutoff,k-Median Rule,94.69999999999999,94.69999999999999,0.6053333333333338
Polya Urn (alpha=0.2),3,100,74,26,26,1000,Cutoff,k-Median-Shapley,79.4,67.4,0.6849999999999982
Polya Urn (alpha=0.2),3,100,74,26,26,1000,Bottom,Evaluative Voting,85.6,85.6,0.7146666666666618
Polya Urn (alpha=0.2),3,100,74,26,26,1000,Bottom,k-Median Rule,86.4,60.099999999999994,0.6096666666666666
Polya Urn (alpha=0.2),3,100,74,26,26,1000,Bottom,k-Median-Shapley,65.4,20.200000000000003,0.7343333333333315
Polya Urn (alpha=0.2),4,100,74,26,26,1000,Cutoff,Evaluative Voting,100.0,100.0,0.75
Polya Urn (alpha=0.2),4,100,74,26,26,1000,Cutoff,k-Median Rule,95.89999999999999,95.89999999999999,0.69575
Polya Urn (alpha=0.2),4,100,74,26,26,1000,Cutoff,k-Median-Shapley,80.30000000000001,69.5,0.76475
Polya Urn (alpha=0.2),4,100,74,26,26,1000,Bottom,Evaluative Voting,95.1,95.1,0.76225
Polya Urn (alpha=0.2),4,100,74,26,26,1000,Bottom,k-Median Rule,89.9,72.39999999999999,0.68925
Polya Urn (alpha=0.2),4,100,74,26,26,1000,Bottom,k-Median-Shapley,66.9,34.699999999999996,0.7905
Polya Urn (alpha=0.2),5,100,74,26,26,1000,Cutoff,Evaluative Voting,99.8,99.8,0.8003999999999887
Polya Urn (alpha=0.2),5,100,74,26,26,1000,Cutoff,k-Median Rule,94.39999999999999,94.39999999999999,0.7773999999999937
Polya Urn (alpha=0.2),5,100,74,26,26,1000,Cutoff,k-Median-Shapley,81.8,76.6,0.8117999999999936
Polya Urn (alpha=0.2),5,100,74,26,26,1000,Bottom,Evaluative Voting,98.2,98.2,0.8035999999999889
Polya Urn (alpha=0.2),5,100,74,26,26,1000,Bottom,k-Median Rule,91.60000000000001,83.39999999999999,0.7621999999999977
Polya Urn (alpha=0.2),5,100,74,26,26,1000,Bottom,k-Median-Shapley,71.1,53.300000000000004,0.827199999999995
Polya Urn (alpha=0.2),6,100,74,26,26,1000,Cutoff,Evaluative Voting,99.5,99.5,0.8341666666666766
Polya Urn (alpha=0.2),6,100,74,26,26,1000,Cutoff,k-Median Rule,92.9,92.9,0.8451666666666765
Polya Urn (alpha=0.2),6,100,74,26,26,1000,Cutoff,k-Median-Shapley,77.3,77.3,0.8711666666666751
Polya Urn (alpha=0.2),6,100,74,26,26,1000,Bottom,Evaluative Voting,99.5,99.5,0.8341666666666766
Polya Urn (alpha=0.2),6,100,74,26,26,1000,Bottom,k-Median Rule,92.9,92.9,0.8451666666666765
Polya Urn (alpha=0.2),6,100,74,26,26,1000,Bottom,k-Median-Shapley,77.3,77.3,0.8711666666666751
Polya Urn (alpha=0.2),2,100,73,27,27,1000,Cutoff,Evaluative Voting,100.0,100.0,0.5
Polya Urn (alpha=0.2),2,100,73,27,27,1000,Cutoff,k-Median Rule,93.89999999999999,93.89999999999999,0.4465
Polya Urn (alpha=0.2),2,100,73,27,27,1000,Cutoff,k-Median-Shapley,74.0,59.3,0.574
Polya Urn (alpha=0.2),2,100,73,27,27,1000,Bottom,Evaluative Voting,74.4,74.4,0.628
Polya Urn (alpha=0.2),2,100,73,27,27,1000,Bottom,k-Median Rule,82.19999999999999,47.199999999999996,0.5015
Polya Urn (alpha=0.2),2,100,73,27,27,1000,Bottom,k-Median-Shapley,61.7,10.2,0.6425
Polya Urn (alpha=0.2),3,100,73,27,27,1000,Cutoff,Evaluative Voting,100.0,100.0,0.6666666666666636
Polya Urn (alpha=0.2),3,100,73,27,27,1000,Cutoff,k-Median Rule,95.5,95.5,0.5930000000000005
Polya Urn (alpha=0.2),3,100,73,27,27,1000,Cutoff,k-Median-Shapley,81.3,68.60000000000001,0.674666666666665
Polya Urn (alpha=0.2),3,100,73,27,27,1000,Bottom,Evaluative Voting,89.9,89.9,0.7003333333333288
Polya Urn (alpha=0.2),3,100,73,27,27,1000,Bottom,k-Median Rule,88.9,63.800000000000004,0.5906666666666668
Polya Urn (alpha=0.2),3,100,73,27,27,1000,Bottom,k-Median-Shapley,68.0,22.8,0.7229999999999981
Polya Urn (alpha=0.2),4,100,73,27,27,1000,Cutoff,Evaluative Voting,100.0,100.0,0.75
Polya Urn (alpha=0.2),4,100,73,27,27,1000,Cutoff,k-Median Rule,97.2,97.2,0.6865
Polya Urn (alpha=0.2),4,100,73,27,27,1000,Cutoff,k-Median-Shapley,82.39999999999999,73.5,0.75275
Polya Urn (alpha=0.2),4,100,73,27,27,1000,Bottom,Evaluative Voting,96.7,96.7,0.75825
Polya Urn (alpha=0.2),4,100,73,27,27,1000,Bottom,k-Median Rule,91.5,75.2,0.6775
Polya Urn (alpha=0.2),4,100,73,27,27,1000,Bottom,k-Median-Shapley,69.89999999999999,37.3,0.779
Polya Urn (alpha=0.2),5,100,73,27,27,1000,Cutoff,Evaluative Voting,99.8,99.8,0.8003999999999887
Polya Urn (alpha=0.2),5,100,73,27,27,1000,Cutoff,k-Median Rule,95.89999999999999,95.89999999999999,0.7717999999999942
Polya Urn (alpha=0.2),5,100,73,27,27,1000,Cutoff,k-Median-Shapley,82.1,77.8,0.8073999999999948
Polya Urn (alpha=0.2),5,100,73,27,27,1000,Bottom,Evaluative Voting,98.8,98.8,0.8023999999999887
Polya Urn (alpha=0.2),5,100,73,27,27,1000,Bottom,k-Median Rule,93.10000000000001,85.7,0.7553999999999981
Polya Urn (alpha=0.2),5,100,73,27,27,1000,Bottom,k-Median-Shapley,72.39999999999999,56.00000000000001,0.8209999999999961
Polya Urn (alpha=0.2),6,100,73,27,27,1000,Cutoff,Evaluative Voting,99.5,99.5,0.8341666666666766
Polya Urn (alpha=0.2),6,100,73,27,27,1000,Cutoff,k-Median Rule,94.19999999999999,94.19999999999999,0.8430000000000096
Polya Urn (alpha=0.2),6,100,73,27,27,1000,Cutoff,k-Median-Shapley,79.3,79.3,0.867833333333342
Polya Urn (alpha=0.2),6,100,73,27,27,1000,Bottom,Evaluative Voting,99.5,99.5,0.8341666666666766
Polya Urn (alpha=0.2),6,100,73,27,27,1000,Bottom,k-Median Rule,94.19999999999999,94.19999999999999,0.8430000000000096
Polya Urn (alpha=0.2),6,100,73,27,27,1000,Bottom,k-Median-Shapley,79.3,79.3,0.867833333333342
Polya Urn (alpha=0.2),2,100,72,28,28,1000,Cutoff,Evaluative Voting,100.0,100.0,0.5
Polya Urn (alpha=0.2),2,100,72,28,28,1000,Cutoff,k-Median Rule,94.5,94.5,0.4415
Polya Urn (alpha=0.2),2,100,72,28,28,1000,Cutoff,k-Median-Shapley,74.6,60.4,0.5695
Polya Urn (alpha=0.2),2,100,72,28,28,1000,Bottom,Evaluative Voting,79.9,79.9,0.6005
Polya Urn (alpha=0.2),2,100,72,28,28,1000,Bottom,k-Median Rule,83.0,52.2,0.4925
Polya Urn (alpha=0.2),2,100,72,28,28,1000,Bottom,k-Median-Shapley,62.1,12.0,0.642
Polya Urn (alpha=0.2),3,100,72,28,28,1000,Cutoff,Evaluative Voting,100.0,100.0,0.6666666666666636
Polya Urn (alpha=0.2),3,100,72,28,28,1000,Cutoff,k-Median Rule,95.8,95.8,0.5916666666666676
Polya Urn (alpha=0.2),3,100,72,28,28,1000,Cutoff,k-Median-Shapley,82.6,70.19999999999999,0.6669999999999985
Polya Urn (alpha=0.2),3,100,72,28,28,1000,Bottom,Evaluative Voting,92.5,92.5,0.6916666666666624
Polya Urn (alpha=0.2),3,100,72,28,28,1000,Bottom,k-Median Rule,90.4,67.60000000000001,0.5810000000000003
Polya Urn (alpha=0.2),3,100,72,28,28,1000,Bottom,k-Median-Shapley,69.8,25.6,0.7123333333333314
Polya Urn (alpha=0.2),4,100,72,28,28,1000,Cutoff,Evaluative Voting,100.0,100.0,0.75
Polya Urn (alpha=0.2),4,100,72,28,28,1000,Cutoff,k-Median Rule,97.3,97.3,0.68625
Polya Urn (alpha=0.2),4,100,72,28,28,1000,Cutoff,k-Median-Shapley,83.2,74.3,0.74725
Polya Urn (alpha=0.2),4,100,72,28,28,1000,Bottom,Evaluative Voting,97.39999999999999,97.39999999999999,0.7565
Polya Urn (alpha=0.2),4,100,72,28,28,1000,Bottom,k-Median Rule,92.30000000000001,78.3,0.675
Polya Urn (alpha=0.2),4,100,72,28,28,1000,Bottom,k-Median-Shapley,71.3,40.8,0.771
Polya Urn (alpha=0.2),5,100,72,28,28,1000,Cutoff,Evaluative Voting,99.9,99.9,0.8001999999999888
Polya Urn (alpha=0.2),5,100,72,28,28,1000,Cutoff,k-Median Rule,96.6,96.6,0.7691999999999943
Polya Urn (alpha=0.2),5,100,72,28,28,1000,Cutoff,k-Median-Shapley,84.3,79.9,0.7999999999999952
Polya Urn (alpha=0.2),5,100,72,28,28,1000,Bottom,Evaluative Voting,99.2,99.2,0.8015999999999888
Polya Urn (alpha=0.2),5,100,72,28,28,1000,Bottom,k-Median Rule,94.0,87.8,0.7501999999999984
Polya Urn (alpha=0.2),5,100,72,28,28,1000,Bottom,k-Median-Shapley,74.8,59.4,0.815999999999996
Polya Urn (alpha=0.2),6,100,72,28,28,1000,Cutoff,Evaluative Voting,99.7,99.7,0.8338333333333433
Polya Urn (alpha=0.2),6,100,72,28,28,1000,Cutoff,k-Median Rule,95.1,95.1,0.8415000000000098
Polya Urn (alpha=0.2),6,100,72,28,28,1000,Cutoff,k-Median-Shapley,80.60000000000001,80.60000000000001,0.8656666666666755
Polya Urn (alpha=0.2),6,100,72,28,28,1000,Bottom,Evaluative Voting,99.7,99.7,0.8338333333333433
Polya Urn (alpha=0.2),6,100,72,28,28,1000,Bottom,k-Median Rule,95.1,95.1,0.8415000000000098
Polya Urn (alpha=0.2),6,100,72,28,28,1000,Bottom,k-Median-Shapley,80.60000000000001,80.60000000000001,0.8656666666666755
Polya Urn (alpha=0.2),2,100,71,29,29,1000,Cutoff,Evaluative Voting,100.0,100.0,0.5
Polya Urn (alpha=0.2),2,100,71,29,29,1000,Cutoff,k-Median Rule,95.19999999999999,95.19999999999999,0.431
Polya Urn (alpha=0.2),2,100,71,29,29,1000,Cutoff,k-Median-Shapley,75.5,61.9,0.555
Polya Urn (alpha=0.2),2,100,71,29,29,1000,Bottom,Evaluative Voting,84.5,84.5,0.5775
Polya Urn (alpha=0.2),2,100,71,29,29,1000,Bottom,k-Median Rule,85.1,55.7,0.476
Polya Urn (alpha=0.2),2,100,71,29,29,1000,Bottom,k-Median-Shapley,63.7,13.0,0.625
Polya Urn (alpha=0.2),3,100,71,29,29,1000,Cutoff,Evaluative Voting,100.0,100.0,0.6666666666666636
Polya Urn (alpha=0.2),3,100,71,29,29,1000,Cutoff,k-Median Rule,96.8,96.8,0.5763333333333341
Polya Urn (alpha=0.2),3,100,71,29,29,1000,Cutoff,k-Median-Shapley,85.6,72.3,0.6536666666666651
Polya Urn (alpha=0.2),3,100,71,29,29,1000,Bottom,Evaluative Voting,94.1,94.1,0.6863333333333295
Polya Urn (alpha=0.2),3,100,71,29,29,1000,Bottom,k-Median Rule,91.3,69.1,0.5690000000000004
Polya Urn (alpha=0.2),3,100,71,29,29,1000,Bottom,k-Median-Shapley,72.6,27.6,0.6953333333333314
Polya Urn (alpha=0.2),4,100,71,29,29,1000,Cutoff,Evaluative Voting,100.0,100.0,0.75
Polya Urn (alpha=0.2),4,100,71,29,29,1000,Cutoff,k-Median Rule,98.2,98.2,0.67625
Polya Urn (alpha=0.2),4,100,71,29,29,1000,Cutoff,k-Median-Shapley,85.39999999999999,76.6,0.7355
Polya Urn (alpha=0.2),4,100,71,29,29,1000,Bottom,Evaluative Voting,98.0,98.0,0.755
Polya Urn (alpha=0.2),4,100,71,29,29,1000,Bottom,k-Median Rule,93.30000000000001,80.0,0.666
Polya Urn (alpha=0.2),4,100,71,29,29,1000,Bottom,k-Median-Shapley,74.8,43.4,0.7565
Polya Urn (alpha=0.2),5,100,71,29,29,1000,Cutoff,Evaluative Voting,99.9,99.9,0.8001999999999888
Polya Urn (alpha=0.2),5,100,71,29,29,1000,Cutoff,k-Median Rule,97.7,97.7,0.763999999999995
Polya Urn (alpha=0.2),5,100,71,29,29,1000,Cutoff,k-Median-Shapley,85.0,80.2,0.7987999999999946
Polya Urn (alpha=0.2),5,100,71,29,29,1000,Bottom,Evaluative Voting,99.5,99.5,0.8009999999999887
Polya Urn (alpha=0.2),5,100,71,29,29,1000,Bottom,k-Median Rule,95.6,89.0,0.7467999999999982
Polya Urn (alpha=0.2),5,100,71,29,29,1000,Bottom,k-Median-Shapley,78.2,62.7,0.8073999999999961
Polya Urn (alpha=0.2),6,100,71,29,29,1000,Cutoff,Evaluative Voting,99.8,99.8,0.8336666666666767
Polya Urn (alpha=0.2),6,100,71,29,29,1000,Cutoff,k-Median Rule,96.1,96.1,0.8398333333333433
Polya Urn (alpha=0.2),6,100,71,29,29,1000,Cutoff,k-Median-Shapley,82.5,82.5,0.8625000000000094
Polya Urn (alpha=0.2),6,100,71,29,29,1000,Bottom,Evaluative Voting,99.8,99.8,0.8336666666666767
Polya Urn (alpha=0.2),6,100,71,29,29,1000,Bottom,k-Median Rule,96.1,96.1,0.8398333333333433
Polya Urn (alpha=0.2),6,100,71,29,29,1000,Bottom,k-Median-Shapley,82.5,82.5,0.8625000000000094
Polya Urn (alpha=0.2),2,100,70,30,30,1000,Cutoff,Evaluative Voting,100.0,100.0,0.5
Polya Urn (alpha=0.2),2,100,70,30,30,1000,Cutoff,k-Median Rule,96.0,96.0,0.4225
Polya Urn (alpha=0.2),2,100,70,30,30,1000,Cutoff,k-Median-Shapley,76.4,62.9,0.5525
Polya Urn (alpha=0.2),2,100,70,30,30,1000,Bottom,Evaluative Voting,88.7,88.7,0.5565
Polya Urn (alpha=0.2),2,100,70,30,30,1000,Bottom,k-Median Rule,86.6,59.699999999999996,0.4625
Polya Urn (alpha=0.2),2,100,70,30,30,1000,Bottom,k-Median-Shapley,63.800000000000004,14.000000000000002,0.626
Polya Urn (alpha=0.2),3,100,70,30,30,1000,Cutoff,Evaluative Voting,100.0,100.0,0.6666666666666636
Polya Urn (alpha=0.2),3,100,70,30,30,1000,Cutoff,k-Median Rule,97.39999999999999,97.39999999999999,0.5740000000000012
Polya Urn (alpha=0.2),3,100,70,30,30,1000,Cutoff,k-Median-Shapley,86.6,75.1,0.6499999999999992
Polya Urn (alpha=0.2),3,100,70,30,30,1000,Bottom,Evaluative Voting,95.7,95.7,0.6809999999999964
Polya Urn (alpha=0.2),3,100,70,30,30,1000,Bottom,k-Median Rule,92.80000000000001,73.6,0.5533333333333343
Polya Urn (alpha=0.2),3,100,70,30,30,1000,Bottom,k-Median-Shapley,72.2,28.000000000000004,0.6973333333333318
Polya Urn (alpha=0.2),4,100,70,30,30,1000,Cutoff,Evaluative Voting,100.0,100.0,0.75
Polya Urn (alpha=0.2),4,100,70,30,30,1000,Cutoff,k-Median Rule,98.4,98.4,0.67075
Polya Urn (alpha=0.2),4,100,70,30,30,1000,Cutoff,k-Median-Shapley,85.8,76.7,0.7325
Polya Urn (alpha=0.2),4,100,70,30,30,1000,Bottom,Evaluative Voting,98.6,98.6,0.7535
Polya Urn (alpha=0.2),4,100,70,30,30,1000,Bottom,k-Median Rule,94.39999999999999,83.3,0.65775
Polya Urn (alpha=0.2),4,100,70,30,30,1000,Bottom,k-Median-Shapley,73.6,43.1,0.75825
Polya Urn (alpha=0.2),5,100,70,30,30,1000,Cutoff,Evaluative Voting,100.0,100.0,0.7999999999999887
Polya Urn (alpha=0.2),5,100,70,30,30,1000,Cutoff,k-Median Rule,98.2,98.2,0.7617999999999949
Polya Urn (alpha=0.2),5,100,70,30,30,1000,Cutoff,k-Median-Shapley,86.4,82.8,0.7937999999999947
Polya Urn (alpha=0.2),5,100,70,30,30,1000,Bottom,Evaluative Voting,99.6,99.6,0.8007999999999887
Polya Urn (alpha=0.2),5,100,70,30,30,1000,Bottom,k-Median Rule,95.5,90.5,0.7419999999999987
Polya Urn (alpha=0.2),5,100,70,30,30,1000,Bottom,k-Median-Shapley,79.2,64.60000000000001,0.8005999999999965
Polya Urn (alpha=0.2),6,100,70,30,30,1000,Cutoff,Evaluative Voting,100.0,100.0,0.8333333333333433
Polya Urn (alpha=0.2),6,100,70,30,30,1000,Cutoff,k-Median Rule,96.5,96.5,0.8391666666666765
Polya Urn (alpha=0.2),6,100,70,30,30,1000,Cutoff,k-Median-Shapley,84.6,84.6,0.8590000000000092
Polya Urn (alpha=0.2),6,100,70,30,30,1000,Bottom,Evaluative Voting,100.0,100.0,0.8333333333333433
Polya Urn (alpha=0.2),6,100,70,30,30,1000,Bottom,k-Median Rule,96.5,96.5,0.8391666666666765
Polya Urn (alpha=0.2),6,100,70,30,30,1000,Bottom,k-Median-Shapley,84.6,84.6,0.8590000000000092
Polya Urn (alpha=0.2),2,100,69,31,31,1000,Cutoff,Evaluative Voting,100.0,100.0,0.5
Polya Urn (alpha=0.2),2,100,69,31,31,1000,Cutoff,k-Median Rule,96.89999999999999,96.89999999999999,0.4145
Polya Urn (alpha=0.2),2,100,69,31,31,1000,Cutoff,k-Median-Shapley,77.7,63.800000000000004,0.539
Polya Urn (alpha=0.2),2,100,69,31,31,1000,Bottom,Evaluative Voting,92.10000000000001,92.10000000000001,0.5395
Polya Urn (alpha=0.2),2,100,69,31,31,1000,Bottom,k-Median Rule,87.9,63.2,0.447
Polya Urn (alpha=0.2),2,100,69,31,31,1000,Bottom,k-Median-Shapley,66.0,16.3,0.6075
Polya Urn (alpha=0.2),3,100,69,31,31,1000,Cutoff,Evaluative Voting,100.0,100.0,0.6666666666666636
Polya Urn (alpha=0.2),3,100,69,31,31,1000,Cutoff,k-Median Rule,98.1,98.1,0.5663333333333344
Polya Urn (alpha=0.2),3,100,69,31,31,1000,Cutoff,k-Median-Shapley,87.7,75.7,0.6369999999999992
Polya Urn (alpha=0.2),3,100,69,31,31,1000,Bottom,Evaluative Voting,97.1,97.1,0.6763333333333301
Polya Urn (alpha=0.2),3,100,69,31,31,1000,Bottom,k-Median Rule,93.7,76.2,0.5483333333333347
Polya Urn (alpha=0.2),3,100,69,31,31,1000,Bottom,k-Median-Shapley,76.5,30.7,0.6713333333333319
Polya Urn (alpha=0.2),4,100,69,31,31,1000,Cutoff,Evaluative Voting,100.0,100.0,0.75
Polya Urn (alpha=0.2),4,100,69,31,31,1000,Cutoff,k-Median Rule,98.6,98.6,0.66425
Polya Urn (alpha=0.2),4,100,69,31,31,1000,Cutoff,k-Median-Shapley,88.2,78.7,0.72225
Polya Urn (alpha=0.2),4,100,69,31,31,1000,Bottom,Evaluative Voting,98.9,98.9,0.75275
Polya Urn (alpha=0.2),4,100,69,31,31,1000,Bottom,k-Median Rule,95.6,85.7,0.6495
Polya Urn (alpha=0.2),4,100,69,31,31,1000,Bottom,k-Median-Shapley,77.10000000000001,46.6,0.73875
Polya Urn (alpha=0.2),5,100,69,31,31,1000,Cutoff,Evaluative Voting,100.0,100.0,0.7999999999999887
Polya Urn (alpha=0.2),5,100,69,31,31,1000,Cutoff,k-Median Rule,98.4,98.4,0.7579999999999956
Polya Urn (alpha=0.2),5,100,69,31,31,1000,Cutoff,k-Median-Shapley,87.5,84.0,0.789799999999995
Polya Urn (alpha=0.2),5,100,69,31,31,1000,Bottom,Evaluative Voting,99.7,99.7,0.8005999999999888
Polya Urn (alpha=0.2),5,100,69,31,31,1000,Bottom,k-Median Rule,96.5,92.30000000000001,0.7371999999999989
Polya Urn (alpha=0.2),5,100,69,31,31,1000,Bottom,k-Median-Shapley,81.89999999999999,68.7,0.791799999999997
Polya Urn (alpha=0.2),6,100,69,31,31,1000,Cutoff,Evaluative Voting,100.0,100.0,0.8333333333333433
Polya Urn (alpha=0.2),6,100,69,31,31,1000,Cutoff,k-Median Rule,97.2,97.2,0.8380000000000098
Polya Urn (alpha=0.2),6,100,69,31,31,1000,Cutoff,k-Median-Shapley,86.2,86.2,0.856333333333343
Polya Urn (alpha=0.2),6,100,69,31,31,1000,Bottom,Evaluative Voting,100.0,100.0,0.8333333333333433
Polya Urn (alpha=0.2),6,100,69,31,31,1000,Bottom,k-Median Rule,97.2,97.2,0.8380000000000098
Polya Urn (alpha=0.2),6,100,69,31,31,1000,Bottom,k-Median-Shapley,86.2,86.2,0.856333333333343
Polya Urn (alpha=0.2),2,100,68,32,32,1000,Cutoff,Evaluative Voting,100.0,100.0,0.5
Polya Urn (alpha=0.2),2,100,68,32,32,1000,Cutoff,k-Median Rule,97.3,97.3,0.407
Polya Urn (alpha=0.2),2,100,68,32,32,1000,Cutoff,k-Median-Shapley,78.9,65.60000000000001,0.5345
Polya Urn (alpha=0.2),2,100,68,32,32,1000,Bottom,Evaluative Voting,93.4,93.4,0.533
Polya Urn (alpha=0.2),2,100,68,32,32,1000,Bottom,k-Median Rule,89.4,67.7,0.433
Polya Urn (alpha=0.2),2,100,68,32,32,1000,Bottom,k-Median-Shapley,65.9,17.7,0.609
Polya Urn (alpha=0.2),3,100,68,32,32,1000,Cutoff,Evaluative Voting,100.0,100.0,0.6666666666666636
Polya Urn (alpha=0.2),3,100,68,32,32,1000,Cutoff,k-Median Rule,98.5,98.5,0.5613333333333348
Polya Urn (alpha=0.2),3,100,68,32,32,1000,Cutoff,k-Median-Shapley,88.6,77.4,0.6299999999999996
Polya Urn (alpha=0.2),3,100,68,32,32,1000,Bottom,Evaluative Voting,98.1,98.1,0.6729999999999968
Polya Urn (alpha=0.2),3,100,68,32,32,1000,Bottom,k-Median Rule,94.5,80.30000000000001,0.5393333333333356
Polya Urn (alpha=0.2),3,100,68,32,32,1000,Bottom,k-Median-Shapley,77.8,33.7,0.6649999999999988
Polya Urn (alpha=0.2),4,100,68,32,32,1000,Cutoff,Evaluative Voting,100.0,100.0,0.75
Polya Urn (alpha=0.2),4,100,68,32,32,1000,Cutoff,k-Median Rule,99.2,99.2,0.66025
Polya Urn (alpha=0.2),4,100,68,32,32,1000,Cutoff,k-Median-Shapley,89.1,80.10000000000001,0.716
Polya Urn (alpha=0.2),4,100,68,32,32,1000,Bottom,Evaluative Voting,99.0,99.0,0.7525
Polya Urn (alpha=0.2),4,100,68,32,32,1000,Bottom,k-Median Rule,96.5,88.9,0.64075
Polya Urn (alpha=0.2),4,100,68,32,32,1000,Bottom,k-Median-Shapley,78.10000000000001,50.2,0.7305
Polya Urn (alpha=0.2),5,100,68,32,32,1000,Cutoff,Evaluative Voting,100.0,100.0,0.7999999999999887
Polya Urn (alpha=0.2),5,100,68,32,32,1000,Cutoff,k-Median Rule,98.7,98.7,0.7573999999999952
Polya Urn (alpha=0.2),5,100,68,32,32,1000,Cutoff,k-Median-Shapley,89.60000000000001,85.9,0.7823999999999953
Polya Urn (alpha=0.2),5,100,68,32,32,1000,Bottom,Evaluative Voting,99.8,99.8,0.8003999999999887
Polya Urn (alpha=0.2),5,100,68,32,32,1000,Bottom,k-Median Rule,97.0,93.7,0.7331999999999991
Polya Urn (alpha=0.2),5,100,68,32,32,1000,Bottom,k-Median-Shapley,83.3,70.6,0.7841999999999972
Polya Urn (alpha=0.2),6,100,68,32,32,1000,Cutoff,Evaluative Voting,100.0,100.0,0.8333333333333433
Polya Urn (alpha=0.2),6,100,68,32,32,1000,Cutoff,k-Median Rule,97.8,97.8,0.8370000000000098
Polya Urn (alpha=0.2),6,100,68,32,32,1000,Cutoff,k-Median-Shapley,87.1,87.1,0.8548333333333427
Polya Urn (alpha=0.2),6,100,68,32,32,1000,Bottom,Evaluative Voting,100.0,100.0,0.8333333333333433
Polya Urn (alpha=0.2),6,100,68,32,32,1000,Bottom,k-Median Rule,97.8,97.8,0.8370000000000098
Polya Urn (alpha=0.2),6,100,68,32,32,1000,Bottom,k-Median-Shapley,87.1,87.1,0.8548333333333427
Polya Urn (alpha=0.2),2,100,67,33,33,1000,Cutoff,Evaluative Voting,100.0,100.0,0.5
Polya Urn (alpha=0.2),2,100,67,33,33,1000,Cutoff,k-Median Rule,98.2,98.2,0.3955
Polya Urn (alpha=0.2),2,100,67,33,33,1000,Cutoff,k-Median-Shapley,81.39999999999999,68.7,0.5105
Polya Urn (alpha=0.2),2,100,67,33,33,1000,Bottom,Evaluative Voting,95.39999999999999,95.39999999999999,0.523
Polya Urn (alpha=0.2),2,100,67,33,33,1000,Bottom,k-Median Rule,90.9,71.5,0.4185
Polya Urn (alpha=0.2),2,100,67,33,33,1000,Bottom,k-Median-Shapley,68.5,20.7,0.5825
Polya Urn (alpha=0.2),3,100,67,33,33,1000,Cutoff,Evaluative Voting,100.0,100.0,0.6666666666666636
Polya Urn (alpha=0.2),3,100,67,33,33,1000,Cutoff,k-Median Rule,98.8,98.8,0.5480000000000022
Polya Urn (alpha=0.2),3,100,67,33,33,1000,Cutoff,k-Median-Shapley,89.7,77.5,0.6156666666666666
Polya Urn (alpha=0.2),3,100,67,33,33,1000,Bottom,Evaluative Voting,98.7,98.7,0.6709999999999968
Polya Urn (alpha=0.2),3,100,67,33,33,1000,Bottom,k-Median Rule,96.0,83.7,0.5236666666666687
Polya Urn (alpha=0.2),3,100,67,33,33,1000,Bottom,k-Median-Shapley,79.2,36.1,0.6459999999999988
Polya Urn (alpha=0.2),4,100,67,33,33,1000,Cutoff,Evaluative Voting,100.0,100.0,0.75
Polya Urn (alpha=0.2),4,100,67,33,33,1000,Cutoff,k-Median Rule,99.2,99.2,0.65725
Polya Urn (alpha=0.2),4,100,67,33,33,1000,Cutoff,k-Median-Shapley,90.4,81.69999999999999,0.708
Polya Urn (alpha=0.2),4,100,67,33,33,1000,Bottom,Evaluative Voting,99.2,99.2,0.752
Polya Urn (alpha=0.2),4,100,67,33,33,1000,Bottom,k-Median Rule,97.0,90.4,0.63175
Polya Urn (alpha=0.2),4,100,67,33,33,1000,Bottom,k-Median-Shapley,80.60000000000001,53.5,0.718
Polya Urn (alpha=0.2),5,100,67,33,33,1000,Cutoff,Evaluative Voting,100.0,100.0,0.7999999999999887
Polya Urn (alpha=0.2),5,100,67,33,33,1000,Cutoff,k-Median Rule,99.2,99.2,0.7543999999999955
Polya Urn (alpha=0.2),5,100,67,33,33,1000,Cutoff,k-Median-Shapley,91.7,87.9,0.7753999999999959
Polya Urn (alpha=0.2),5,100,67,33,33,1000,Bottom,Evaluative Voting,99.8,99.8,0.8003999999999887
Polya Urn (alpha=0.2),5,100,67,33,33,1000,Bottom,k-Median Rule,97.7,94.6,0.731199999999999
Polya Urn (alpha=0.2),5,100,67,33,33,1000,Bottom,k-Median-Shapley,85.2,73.9,0.7793999999999974
Polya Urn (alpha=0.2),6,100,67,33,33,1000,Cutoff,Evaluative Voting,100.0,100.0,0.8333333333333433
Polya Urn (alpha=0.2),6,100,67,33,33,1000,Cutoff,k-Median Rule,98.6,98.6,0.8356666666666767
Polya Urn (alpha=0.2),6,100,67,33,33,1000,Cutoff,k-Median-Shapley,88.1,88.1,0.8531666666666762
Polya Urn (alpha=0.2),6,100,67,33,33,1000,Bottom,Evaluative Voting,100.0,100.0,0.8333333333333433
Polya Urn (alpha=0.2),6,100,67,33,33,1000,Bottom,k-Median Rule,98.6,98.6,0.8356666666666767
Polya Urn (alpha=0.2),6,100,67,33,33,1000,Bottom,k-Median-Shapley,88.1,88.1,0.8531666666666762
Polya Urn (alpha=0.2),2,100,66,34,34,1000,Cutoff,Evaluative Voting,100.0,100.0,0.5
Polya Urn (alpha=0.2),2,100,66,34,34,1000,Cutoff,k-Median Rule,98.3,98.3,0.3905
Polya Urn (alpha=0.2),2,100,66,34,34,1000,Cutoff,k-Median-Shapley,83.1,69.8,0.5015
Polya Urn (alpha=0.2),2,100,66,34,34,1000,Bottom,Evaluative Voting,96.6,96.6,0.517
Polya Urn (alpha=0.2),2,100,66,34,34,1000,Bottom,k-Median Rule,91.7,75.0,0.4065
Polya Urn (alpha=0.2),2,100,66,34,34,1000,Bottom,k-Median-Shapley,70.1,21.6,0.576
Polya Urn (alpha=0.2),3,100,66,34,34,1000,Cutoff,Evaluative Voting,100.0,100.0,0.6666666666666636
Polya Urn (alpha=0.2),3,100,66,34,34,1000,Cutoff,k-Median Rule,98.8,98.8,0.5453333333333354
Polya Urn (alpha=0.2),3,100,66,34,34,1000,Cutoff,k-Median-Shapley,89.5,80.5,0.6129999999999998
Polya Urn (alpha=0.2),3,100,66,34,34,1000,Bottom,Evaluative Voting,99.1,99.1,0.6696666666666635
Polya Urn (alpha=0.2),3,100,66,34,34,1000,Bottom,k-Median Rule,96.3,86.0,0.519333333333335
Polya Urn (alpha=0.2),3,100,66,34,34,1000,Bottom,k-Median-Shapley,78.9,37.2,0.6473333333333318
Polya Urn (alpha=0.2),4,100,66,34,34,1000,Cutoff,Evaluative Voting,100.0,100.0,0.75
Polya Urn (alpha=0.2),4,100,66,34,34,1000,Cutoff,k-Median Rule,99.1,99.1,0.654
Polya Urn (alpha=0.2),4,100,66,34,34,1000,Cutoff,k-Median-Shapley,91.60000000000001,82.6,0.7045
Polya Urn (alpha=0.2),4,100,66,34,34,1000,Bottom,Evaluative Voting,99.4,99.4,0.7515
Polya Urn (alpha=0.2),4,100,66,34,34,1000,Bottom,k-Median Rule,97.7,92.4,0.6285
Polya Urn (alpha=0.2),4,100,66,34,34,1000,Bottom,k-Median-Shapley,82.39999999999999,56.00000000000001,0.71075
Polya Urn (alpha=0.2),5,100,66,34,34,1000,Cutoff,Evaluative Voting,100.0,100.0,0.7999999999999887
Polya Urn (alpha=0.2),5,100,66,34,34,1000,Cutoff,k-Median Rule,99.4,99.4,0.751999999999996
Polya Urn (alpha=0.2),5,100,66,34,34,1000,Cutoff,k-Median-Shapley,92.9,89.4,0.7725999999999956
Polya Urn (alpha=0.2),5,100,66,34,34,1000,Bottom,Evaluative Voting,99.8,99.8,0.8003999999999887
Polya Urn (alpha=0.2),5,100,66,34,34,1000,Bottom,k-Median Rule,98.2,95.8,0.7261999999999994
Polya Urn (alpha=0.2),5,100,66,34,34,1000,Bottom,k-Median-Shapley,86.8,76.1,0.7723999999999978
Polya Urn (alpha=0.2),6,100,66,34,34,1000,Cutoff,Evaluative Voting,100.0,100.0,0.8333333333333433
Polya Urn (alpha=0.2),6,100,66,34,34,1000,Cutoff,k-Median Rule,99.2,99.2,0.8346666666666767
Polya Urn (alpha=0.2),6,100,66,34,34,1000,Cutoff,k-Median-Shapley,89.3,89.3,0.8511666666666761
Polya Urn (alpha=0.2),6,100,66,34,34,1000,Bottom,Evaluative Voting,100.0,100.0,0.8333333333333433
Polya Urn (alpha=0.2),6,100,66,34,34,1000,Bottom,k-Median Rule,99.2,99.2,0.8346666666666767
Polya Urn (alpha=0.2),6,100,66,34,34,1000,Bottom,k-Median-Shapley,89.3,89.3,0.8511666666666761
Polya Urn (alpha=0.2),2,100,65,35,35,1000,Cutoff,Evaluative Voting,100.0,100.0,0.5
Polya Urn (alpha=0.2),2,100,65,35,35,1000,Cutoff,k-Median Rule,98.6,98.6,0.387
Polya Urn (alpha=0.2),2,100,65,35,35,1000,Cutoff,k-Median-Shapley,85.39999999999999,70.8,0.4885
Polya Urn (alpha=0.2),2,100,65,35,35,1000,Bottom,Evaluative Voting,97.5,97.5,0.5125
Polya Urn (alpha=0.2),2,100,65,35,35,1000,Bottom,k-Median Rule,93.10000000000001,78.2,0.393
Polya Urn (alpha=0.2),2,100,65,35,35,1000,Bottom,k-Median-Shapley,72.7,23.9,0.558
Polya Urn (alpha=0.2),3,100,65,35,35,1000,Cutoff,Evaluative Voting,100.0,100.0,0.6666666666666636
Polya Urn (alpha=0.2),3,100,65,35,35,1000,Cutoff,k-Median Rule,99.1,99.1,0.5406666666666685
Polya Urn (alpha=0.2),3,100,65,35,35,1000,Cutoff,k-Median-Shapley,90.10000000000001,81.5,0.6060000000000006
Polya Urn (alpha=0.2),3,100,65,35,35,1000,Bottom,Evaluative Voting,99.2,99.2,0.6693333333333303
Polya Urn (alpha=0.2),3,100,65,35,35,1000,Bottom,k-Median Rule,97.1,88.9,0.5080000000000013
Polya Urn (alpha=0.2),3,100,65,35,35,1000,Bottom,k-Median-Shapley,81.10000000000001,41.099999999999994,0.629333333333333
Polya Urn (alpha=0.2),4,100,65,35,35,1000,Cutoff,Evaluative Voting,100.0,100.0,0.75
Polya Urn (alpha=0.2),4,100,65,35,35,1000,Cutoff,k-Median Rule,99.5,99.5,0.64675
Polya Urn (alpha=0.2),4,100,65,35,35,1000,Cutoff,k-Median-Shapley,92.2,84.0,0.6985
Polya Urn (alpha=0.2),4,100,65,35,35,1000,Bottom,Evaluative Voting,99.6,99.6,0.751
Polya Urn (alpha=0.2),4,100,65,35,35,1000,Bottom,k-Median Rule,98.4,93.60000000000001,0.6205
Polya Urn (alpha=0.2),4,100,65,35,35,1000,Bottom,k-Median-Shapley,85.3,60.0,0.7005
Polya Urn (alpha=0.2),5,100,65,35,35,1000,Cutoff,Evaluative Voting,100.0,100.0,0.7999999999999887
Polya Urn (alpha=0.2),5,100,65,35,35,1000,Cutoff,k-Median Rule,99.8,99.8,0.749599999999996
Polya Urn (alpha=0.2),5,100,65,35,35,1000,Cutoff,k-Median-Shapley,93.5,90.7,0.7697999999999958
Polya Urn (alpha=0.2),5,100,65,35,35,1000,Bottom,Evaluative Voting,99.9,99.9,0.8001999999999888
Polya Urn (alpha=0.2),5,100,65,35,35,1000,Bottom,k-Median Rule,98.7,96.8,0.7241999999999996
Polya Urn (alpha=0.2),5,100,65,35,35,1000,Bottom,k-Median-Shapley,88.2,78.9,0.7665999999999985
Polya Urn (alpha=0.2),6,100,65,35,35,1000,Cutoff,Evaluative Voting,100.0,100.0,0.8333333333333433
Polya Urn (alpha=0.2),6,100,65,35,35,1000,Cutoff,k-Median Rule,99.2,99.2,0.8346666666666767
Polya Urn (alpha=0.2),6,100,65,35,35,1000,Cutoff,k-Median-Shapley,91.5,91.5,0.8475000000000095
Polya Urn (alpha=0.2),6,100,65,35,35,1000,Bottom,Evaluative Voting,100.0,100.0,0.8333333333333433
Polya Urn (alpha=0.2),6,100,65,35,35,1000,Bottom,k-Median Rule,99.2,99.2,0.8346666666666767
Polya Urn (alpha=0.2),6,100,65,35,35,1000,Bottom,k-Median-Shapley,91.5,91.5,0.8475000000000095
Polya Urn (alpha=0.2),2,100,64,36,36,1000,Cutoff,Evaluative Voting,100.0,100.0,0.5
Polya Urn (alpha=0.2),2,100,64,36,36,1000,Cutoff,k-Median Rule,99.0,99.0,0.382
Polya Urn (alpha=0.2),2,100,64,36,36,1000,Cutoff,k-Median-Shapley,86.7,73.8,0.4805
Polya Urn (alpha=0.2),2,100,64,36,36,1000,Bottom,Evaluative Voting,98.4,98.4,0.508
Polya Urn (alpha=0.2),2,100,64,36,36,1000,Bottom,k-Median Rule,94.3,82.39999999999999,0.38
Polya Urn (alpha=0.2),2,100,64,36,36,1000,Bottom,k-Median-Shapley,72.39999999999999,25.3,0.5535
Polya Urn (alpha=0.2),3,100,64,36,36,1000,Cutoff,Evaluative Voting,100.0,100.0,0.6666666666666636
Polya Urn (alpha=0.2),3,100,64,36,36,1000,Cutoff,k-Median Rule,99.5,99.5,0.5393333333333356
Polya Urn (alpha=0.2),3,100,64,36,36,1000,Cutoff,k-Median-Shapley,91.7,83.1,0.5980000000000008
Polya Urn (alpha=0.2),3,100,64,36,36,1000,Bottom,Evaluative Voting,99.6,99.6,0.667999999999997
Polya Urn (alpha=0.2),3,100,64,36,36,1000,Bottom,k-Median Rule,97.8,91.10000000000001,0.5050000000000011
Polya Urn (alpha=0.2),3,100,64,36,36,1000,Bottom,k-Median-Shapley,81.6,44.2,0.6256666666666666
Polya Urn (alpha=0.2),4,100,64,36,36,1000,Cutoff,Evaluative Voting,100.0,100.0,0.75
Polya Urn (alpha=0.2),4,100,64,36,36,1000,Cutoff,k-Median Rule,99.5,99.5,0.6465
Polya Urn (alpha=0.2),4,100,64,36,36,1000,Cutoff,k-Median-Shapley,93.60000000000001,85.6,0.693
Polya Urn (alpha=0.2),4,100,64,36,36,1000,Bottom,Evaluative Voting,99.8,99.8,0.7505
Polya Urn (alpha=0.2),4,100,64,36,36,1000,Bottom,k-Median Rule,98.8,95.5,0.61875
Polya Urn (alpha=0.2),4,100,64,36,36,1000,Bottom,k-Median-Shapley,85.5,61.7,0.69625
Polya Urn (alpha=0.2),5,100,64,36,36,1000,Cutoff,Evaluative Voting,100.0,100.0,0.7999999999999887
Polya Urn (alpha=0.2),5,100,64,36,36,1000,Cutoff,k-Median Rule,99.8,99.8,0.7475999999999963
Polya Urn (alpha=0.2),5,100,64,36,36,1000,Cutoff,k-Median-Shapley,95.3,93.2,0.7637999999999965
Polya Urn (alpha=0.2),5,100,64,36,36,1000,Bottom,Evaluative Voting,99.9,99.9,0.8001999999999888
Polya Urn (alpha=0.2),5,100,64,36,36,1000,Bottom,k-Median Rule,98.9,97.5,0.7201999999999996
Polya Urn (alpha=0.2),5,100,64,36,36,1000,Bottom,k-Median-Shapley,89.3,80.9,0.7627999999999985
Polya Urn (alpha=0.2),6,100,64,36,36,1000,Cutoff,Evaluative Voting,100.0,100.0,0.8333333333333433
Polya Urn (alpha=0.2),6,100,64,36,36,1000,Cutoff,k-Median Rule,99.2,99.2,0.8346666666666767
Polya Urn (alpha=0.2),6,100,64,36,36,1000,Cutoff,k-Median-Shapley,92.80000000000001,92.80000000000001,0.8453333333333429
Polya Urn (alpha=0.2),6,100,64,36,36,1000,Bottom,Evaluative Voting,100.0,100.0,0.8333333333333433
Polya Urn (alpha=0.2),6,100,64,36,36,1000,Bottom,k-Median Rule,99.2,99.2,0.8346666666666767
Polya Urn (alpha=0.2),6,100,64,36,36,1000,Bottom,k-Median-Shapley,92.80000000000001,92.80000000000001,0.8453333333333429
Polya Urn (alpha=0.2),2,100,63,37,37,1000,Cutoff,Evaluative Voting,100.0,100.0,0.5
Polya Urn (alpha=0.2),2,100,63,37,37,1000,Cutoff,k-Median Rule,99.3,99.3,0.369
Polya Urn (alpha=0.2),2,100,63,37,37,1000,Cutoff,k-Median-Shapley,88.7,75.4,0.4595
Polya Urn (alpha=0.2),2,100,63,37,37,1000,Bottom,Evaluative Voting,98.8,98.8,0.506
Polya Urn (alpha=0.2),2,100,63,37,37,1000,Bottom,k-Median Rule,96.39999999999999,85.6,0.361
Polya Urn (alpha=0.2),2,100,63,37,37,1000,Bottom,k-Median-Shapley,75.5,29.2,0.529
Polya Urn (alpha=0.2),3,100,63,37,37,1000,Cutoff,Evaluative Voting,100.0,100.0,0.6666666666666636
Polya Urn (alpha=0.2),3,100,63,37,37,1000,Cutoff,k-Median Rule,99.9,99.9,0.5276666666666687
Polya Urn (alpha=0.2),3,100,63,37,37,1000,Cutoff,k-Median-Shapley,92.9,84.1,0.5850000000000012
Polya Urn (alpha=0.2),3,100,63,37,37,1000,Bottom,Evaluative Voting,99.7,99.7,0.6676666666666637
Polya Urn (alpha=0.2),3,100,63,37,37,1000,Bottom,k-Median Rule,98.3,93.4,0.49466666666666753
Polya Urn (alpha=0.2),3,100,63,37,37,1000,Bottom,k-Median-Shapley,84.0,49.4,0.6023333333333337
Polya Urn (alpha=0.2),4,100,63,37,37,1000,Cutoff,Evaluative Voting,100.0,100.0,0.75
Polya Urn (alpha=0.2),4,100,63,37,37,1000,Cutoff,k-Median Rule,99.7,99.7,0.639
Polya Urn (alpha=0.2),4,100,63,37,37,1000,Cutoff,k-Median-Shapley,94.1,87.4,0.68075
Polya Urn (alpha=0.2),4,100,63,37,37,1000,Bottom,Evaluative Voting,99.9,99.9,0.75025
Polya Urn (alpha=0.2),4,100,63,37,37,1000,Bottom,k-Median Rule,99.1,96.6,0.60925
Polya Urn (alpha=0.2),4,100,63,37,37,1000,Bottom,k-Median-Shapley,89.0,68.0,0.67575
Polya Urn (alpha=0.2),5,100,63,37,37,1000,Cutoff,Evaluative Voting,100.0,100.0,0.7999999999999887
Polya Urn (alpha=0.2),5,100,63,37,37,1000,Cutoff,k-Median Rule,99.8,99.8,0.7427999999999968
Polya Urn (alpha=0.2),5,100,63,37,37,1000,Cutoff,k-Median-Shapley,95.5,93.4,0.7591999999999972
Polya Urn (alpha=0.2),5,100,63,37,37,1000,Bottom,Evaluative Voting,99.9,99.9,0.8001999999999888
Polya Urn (alpha=0.2),5,100,63,37,37,1000,Bottom,k-Median Rule,99.4,98.3,0.7179999999999997
Polya Urn (alpha=0.2),5,100,63,37,37,1000,Bottom,k-Median-Shapley,91.8,84.2,0.7525999999999998
Polya Urn (alpha=0.2),6,100,63,37,37,1000,Cutoff,Evaluative Voting,100.0,100.0,0.8333333333333433
Polya Urn (alpha=0.2),6,100,63,37,37,1000,Cutoff,k-Median Rule,99.5,99.5,0.8341666666666766
Polya Urn (alpha=0.2),6,100,63,37,37,1000,Cutoff,k-Median-Shapley,93.89999999999999,93.89999999999999,0.8435000000000096
Polya Urn (alpha=0.2),6,100,63,37,37,1000,Bottom,Evaluative Voting,100.0,100.0,0.8333333333333433
Polya Urn (alpha=0.2),6,100,63,37,37,1000,Bottom,k-Median Rule,99.5,99.5,0.8341666666666766
Polya Urn (alpha=0.2),6,100,63,37,37,1000,Bottom,k-Median-Shapley,93.89999999999999,93.89999999999999,0.8435000000000096
Polya Urn (alpha=0.2),2,100,62,38,38,1000,Cutoff,Evaluative Voting,100.0,100.0,0.5
Polya Urn (alpha=0.2),2,100,62,38,38,1000,Cutoff,k-Median Rule,99.4,99.4,0.3705
Polya Urn (alpha=0.2),2,100,62,38,38,1000,Cutoff,k-Median-Shapley,89.60000000000001,76.7,0.4495
Polya Urn (alpha=0.2),2,100,62,38,38,1000,Bottom,Evaluative Voting,99.3,99.3,0.5035
Polya Urn (alpha=0.2),2,100,62,38,38,1000,Bottom,k-Median Rule,96.6,88.5,0.3575
Polya Urn (alpha=0.2),2,100,62,38,38,1000,Bottom,k-Median-Shapley,78.0,33.0,0.5145
Polya Urn (alpha=0.2),3,100,62,38,38,1000,Cutoff,Evaluative Voting,100.0,100.0,0.6666666666666636
Polya Urn (alpha=0.2),3,100,62,38,38,1000,Cutoff,k-Median Rule,100.0,100.0,0.5236666666666688
Polya Urn (alpha=0.2),3,100,62,38,38,1000,Cutoff,k-Median-Shapley,94.3,86.2,0.5706666666666674
Polya Urn (alpha=0.2),3,100,62,38,38,1000,Bottom,Evaluative Voting,100.0,100.0,0.6666666666666636
Polya Urn (alpha=0.2),3,100,62,38,38,1000,Bottom,k-Median Rule,98.7,95.0,0.49066666666666753
Polya Urn (alpha=0.2),3,100,62,38,38,1000,Bottom,k-Median-Shapley,85.39999999999999,53.6,0.5899999999999996
Polya Urn (alpha=0.2),4,100,62,38,38,1000,Cutoff,Evaluative Voting,100.0,100.0,0.75
Polya Urn (alpha=0.2),4,100,62,38,38,1000,Cutoff,k-Median Rule,99.7,99.7,0.6365
Polya Urn (alpha=0.2),4,100,62,38,38,1000,Cutoff,k-Median-Shapley,95.6,89.4,0.671
Polya Urn (alpha=0.2),4,100,62,38,38,1000,Bottom,Evaluative Voting,100.0,100.0,0.75
Polya Urn (alpha=0.2),4,100,62,38,38,1000,Bottom,k-Median Rule,99.1,97.7,0.608
Polya Urn (alpha=0.2),4,100,62,38,38,1000,Bottom,k-Median-Shapley,90.3,70.8,0.6675
Polya Urn (alpha=0.2),5,100,62,38,38,1000,Cutoff,Evaluative Voting,100.0,100.0,0.7999999999999887
Polya Urn (alpha=0.2),5,100,62,38,38,1000,Cutoff,k-Median Rule,99.8,99.8,0.7397999999999971
Polya Urn (alpha=0.2),5,100,62,38,38,1000,Cutoff,k-Median-Shapley,96.5,94.6,0.7535999999999973
Polya Urn (alpha=0.2),5,100,62,38,38,1000,Bottom,Evaluative Voting,100.0,100.0,0.7999999999999887
Polya Urn (alpha=0.2),5,100,62,38,38,1000,Bottom,k-Median Rule,99.6,99.2,0.7140000000000003
Polya Urn (alpha=0.2),5,100,62,38,38,1000,Bottom,k-Median-Shapley,92.9,86.1,0.7499999999999993
Polya Urn (alpha=0.2),6,100,62,38,38,1000,Cutoff,Evaluative Voting,100.0,100.0,0.8333333333333433
Polya Urn (alpha=0.2),6,100,62,38,38,1000,Cutoff,k-Median Rule,99.7,99.7,0.8338333333333433
Polya Urn (alpha=0.2),6,100,62,38,38,1000,Cutoff,k-Median-Shapley,95.1,95.1,0.8415000000000098
Polya Urn (alpha=0.2),6,100,62,38,38,1000,Bottom,Evaluative Voting,100.0,100.0,0.8333333333333433
Polya Urn (alpha=0.2),6,100,62,38,38,1000,Bottom,k-Median Rule,99.7,99.7,0.8338333333333433
Polya Urn (alpha=0.2),6,100,62,38,38,1000,Bottom,k-Median-Shapley,95.1,95.1,0.8415000000000098
Polya Urn (alpha=0.2),2,100,61,39,39,1000,Cutoff,Evaluative Voting,100.0,100.0,0.5
Polya Urn (alpha=0.2),2,100,61,39,39,1000,Cutoff,k-Median Rule,99.6,99.6,0.364
Polya Urn (alpha=0.2),2,100,61,39,39,1000,Cutoff,k-Median-Shapley,91.10000000000001,78.3,0.436
Polya Urn (alpha=0.2),2,100,61,39,39,1000,Bottom,Evaluative Voting,99.8,99.8,0.501
Polya Urn (alpha=0.2),2,100,61,39,39,1000,Bottom,k-Median Rule,97.6,91.0,0.344
Polya Urn (alpha=0.2),2,100,61,39,39,1000,Bottom,k-Median-Shapley,81.10000000000001,37.2,0.488
Polya Urn (alpha=0.2),3,100,61,39,39,1000,Cutoff,Evaluative Voting,100.0,100.0,0.6666666666666636
Polya Urn (alpha=0.2),3,100,61,39,39,1000,Cutoff,k-Median Rule,100.0,100.0,0.5166666666666685
Polya Urn (alpha=0.2),3,100,61,39,39,1000,Cutoff,k-Median-Shapley,94.89999999999999,86.6,0.5616666666666678
Polya Urn (alpha=0.2),3,100,61,39,39,1000,Bottom,Evaluative Voting,100.0,100.0,0.6666666666666636
Polya Urn (alpha=0.2),3,100,61,39,39,1000,Bottom,k-Median Rule,99.1,96.7,0.48200000000000065
Polya Urn (alpha=0.2),3,100,61,39,39,1000,Bottom,k-Median-Shapley,88.2,57.8,0.5719999999999998
Polya Urn (alpha=0.2),4,100,61,39,39,1000,Cutoff,Evaluative Voting,100.0,100.0,0.75
Polya Urn (alpha=0.2),4,100,61,39,39,1000,Cutoff,k-Median Rule,99.7,99.7,0.63075
Polya Urn (alpha=0.2),4,100,61,39,39,1000,Cutoff,k-Median-Shapley,96.5,90.3,0.659
Polya Urn (alpha=0.2),4,100,61,39,39,1000,Bottom,Evaluative Voting,100.0,100.0,0.75
Polya Urn (alpha=0.2),4,100,61,39,39,1000,Bottom,k-Median Rule,99.4,98.4,0.60275
Polya Urn (alpha=0.2),4,100,61,39,39,1000,Bottom,k-Median-Shapley,91.8,75.8,0.65175
Polya Urn (alpha=0.2),5,100,61,39,39,1000,Cutoff,Evaluative Voting,100.0,100.0,0.7999999999999887
Polya Urn (alpha=0.2),5,100,61,39,39,1000,Cutoff,k-Median Rule,99.9,99.9,0.7377999999999973
Polya Urn (alpha=0.2),5,100,61,39,39,1000,Cutoff,k-Median-Shapley,97.3,96.0,0.745599999999998
Polya Urn (alpha=0.2),5,100,61,39,39,1000,Bottom,Evaluative Voting,100.0,100.0,0.7999999999999887
Polya Urn (alpha=0.2),5,100,61,39,39,1000,Bottom,k-Median Rule,99.7,99.3,0.7110000000000007
Polya Urn (alpha=0.2),5,100,61,39,39,1000,Bottom,k-Median-Shapley,94.1,88.4,0.7404000000000004
Polya Urn (alpha=0.2),6,100,61,39,39,1000,Cutoff,Evaluative Voting,100.0,100.0,0.8333333333333433
Polya Urn (alpha=0.2),6,100,61,39,39,1000,Cutoff,k-Median Rule,99.7,99.7,0.8338333333333433
Polya Urn (alpha=0.2),6,100,61,39,39,1000,Cutoff,k-Median-Shapley,96.39999999999999,96.39999999999999,0.8393333333333431
Polya Urn (alpha=0.2),6,100,61,39,39,1000,Bottom,Evaluative Voting,100.0,100.0,0.8333333333333433
Polya Urn (alpha=0.2),6,100,61,39,39,1000,Bottom,k-Median Rule,99.7,99.7,0.8338333333333433
Polya Urn (alpha=0.2),6,100,61,39,39,1000,Bottom,k-Median-Shapley,96.39999999999999,96.39999999999999,0.8393333333333431
Polya Urn (alpha=0.2),2,100,60,40,40,1000,Cutoff,Evaluative Voting,100.0,100.0,0.5
Polya Urn (alpha=0.2),2,100,60,40,40,1000,Cutoff,k-Median Rule,99.8,99.8,0.359
Polya Urn (alpha=0.2),2,100,60,40,40,1000,Cutoff,k-Median-Shapley,91.3,79.5,0.4305
Polya Urn (alpha=0.2),2,100,60,40,40,1000,Bottom,Evaluative Voting,99.9,99.9,0.5005
Polya Urn (alpha=0.2),2,100,60,40,40,1000,Bottom,k-Median Rule,98.5,93.2,0.332
Polya Urn (alpha=0.2),2,100,60,40,40,1000,Bottom,k-Median-Shapley,82.39999999999999,41.8,0.471
Polya Urn (alpha=0.2),3,100,60,40,40,1000,Cutoff,Evaluative Voting,100.0,100.0,0.6666666666666636
Polya Urn (alpha=0.2),3,100,60,40,40,1000,Cutoff,k-Median Rule,100.0,100.0,0.513333333333335
Polya Urn (alpha=0.2),3,100,60,40,40,1000,Cutoff,k-Median-Shapley,96.1,89.2,0.5533333333333341
Polya Urn (alpha=0.2),3,100,60,40,40,1000,Bottom,Evaluative Voting,100.0,100.0,0.6666666666666636
Polya Urn (alpha=0.2),3,100,60,40,40,1000,Bottom,k-Median Rule,99.3,97.8,0.47700000000000015
Polya Urn (alpha=0.2),3,100,60,40,40,1000,Bottom,k-Median-Shapley,89.9,62.3,0.5643333333333329
Polya Urn (alpha=0.2),4,100,60,40,40,1000,Cutoff,Evaluative Voting,100.0,100.0,0.75
Polya Urn (alpha=0.2),4,100,60,40,40,1000,Cutoff,k-Median Rule,99.8,99.8,0.6275
Polya Urn (alpha=0.2),4,100,60,40,40,1000,Cutoff,k-Median-Shapley,97.2,92.0,0.654
Polya Urn (alpha=0.2),4,100,60,40,40,1000,Bottom,Evaluative Voting,100.0,100.0,0.75
Polya Urn (alpha=0.2),4,100,60,40,40,1000,Bottom,k-Median Rule,99.5,98.7,0.6005
Polya Urn (alpha=0.2),4,100,60,40,40,1000,Bottom,k-Median-Shapley,92.9,79.2,0.64425
Polya Urn (alpha=0.2),5,100,60,40,40,1000,Cutoff,Evaluative Voting,100.0,100.0,0.7999999999999887
Polya Urn (alpha=0.2),5,100,60,40,40,1000,Cutoff,k-Median Rule,99.9,99.9,0.7363999999999974
Polya Urn (alpha=0.2),5,100,60,40,40,1000,Cutoff,k-Median-Shapley,97.8,96.6,0.7427999999999981
Polya Urn (alpha=0.2),5,100,60,40,40,1000,Bottom,Evaluative Voting,100.0,100.0,0.7999999999999887
Polya Urn (alpha=0.2),5,100,60,40,40,1000,Bottom,k-Median Rule,99.7,99.4,0.7104000000000005
Polya Urn (alpha=0.2),5,100,60,40,40,1000,Bottom,k-Median-Shapley,95.6,90.4,0.7375999999999999
Polya Urn (alpha=0.2),6,100,60,40,40,1000,Cutoff,Evaluative Voting,100.0,100.0,0.8333333333333433
Polya Urn (alpha=0.2),6,100,60,40,40,1000,Cutoff,k-Median Rule,99.8,99.8,0.8336666666666765
Polya Urn (alpha=0.2),6,100,60,40,40,1000,Cutoff,k-Median-Shapley,96.89999999999999,96.89999999999999,0.8385000000000099
Polya Urn (alpha=0.2),6,100,60,40,40,1000,Bottom,Evaluative Voting,100.0,100.0,0.8333333333333433
Polya Urn (alpha=0.2),6,100,60,40,40,1000,Bottom,k-Median Rule,99.8,99.8,0.8336666666666765
Polya Urn (alpha=0.2),6,100,60,40,40,1000,Bottom,k-Median-Shapley,96.89999999999999,96.89999999999999,0.8385000000000099
Polya Urn (alpha=0.2),2,100,59,41,41,1000,Cutoff,Evaluative Voting,100.0,100.0,0.5
Polya Urn (alpha=0.2),2,100,59,41,41,1000,Cutoff,k-Median Rule,99.9,99.9,0.35
Polya Urn (alpha=0.2),2,100,59,41,41,1000,Cutoff,k-Median-Shapley,91.9,79.4,0.417
Polya Urn (alpha=0.2),2,100,59,41,41,1000,Bottom,Evaluative Voting,99.9,99.9,0.5005
Polya Urn (alpha=0.2),2,100,59,41,41,1000,Bottom,k-Median Rule,99.3,95.1,0.317
Polya Urn (alpha=0.2),2,100,59,41,41,1000,Bottom,k-Median-Shapley,84.8,47.3,0.443
Polya Urn (alpha=0.2),3,100,59,41,41,1000,Cutoff,Evaluative Voting,100.0,100.0,0.6666666666666636
Polya Urn (alpha=0.2),3,100,59,41,41,1000,Cutoff,k-Median Rule,100.0,100.0,0.5060000000000013
Polya Urn (alpha=0.2),3,100,59,41,41,1000,Cutoff,k-Median-Shapley,96.8,89.8,0.5333333333333348
Polya Urn (alpha=0.2),3,100,59,41,41,1000,Bottom,Evaluative Voting,100.0,100.0,0.6666666666666636
Polya Urn (alpha=0.2),3,100,59,41,41,1000,Bottom,k-Median Rule,99.6,98.2,0.4686666666666664
Polya Urn (alpha=0.2),3,100,59,41,41,1000,Bottom,k-Median-Shapley,91.4,66.4,0.5400000000000004
Polya Urn (alpha=0.2),4,100,59,41,41,1000,Cutoff,Evaluative Voting,100.0,100.0,0.75
Polya Urn (alpha=0.2),4,100,59,41,41,1000,Cutoff,k-Median Rule,99.9,99.9,0.62275
Polya Urn (alpha=0.2),4,100,59,41,41,1000,Cutoff,k-Median-Shapley,97.2,92.30000000000001,0.644
Polya Urn (alpha=0.2),4,100,59,41,41,1000,Bottom,Evaluative Voting,100.0,100.0,0.75
Polya Urn (alpha=0.2),4,100,59,41,41,1000,Bottom,k-Median Rule,99.5,98.9,0.596
Polya Urn (alpha=0.2),4,100,59,41,41,1000,Bottom,k-Median-Shapley,95.3,82.69999999999999,0.62925
Polya Urn (alpha=0.2),5,100,59,41,41,1000,Cutoff,Evaluative Voting,100.0,100.0,0.7999999999999887
Polya Urn (alpha=0.2),5,100,59,41,41,1000,Cutoff,k-Median Rule,99.9,99.9,0.733399999999998
Polya Urn (alpha=0.2),5,100,59,41,41,1000,Cutoff,k-Median-Shapley,98.4,97.3,0.7377999999999985
Polya Urn (alpha=0.2),5,100,59,41,41,1000,Bottom,Evaluative Voting,100.0,100.0,0.7999999999999887
Polya Urn (alpha=0.2),5,100,59,41,41,1000,Bottom,k-Median Rule,99.7,99.4,0.7072000000000013
Polya Urn (alpha=0.2),5,100,59,41,41,1000,Bottom,k-Median-Shapley,96.5,92.10000000000001,0.7274000000000003
Polya Urn (alpha=0.2),6,100,59,41,41,1000,Cutoff,Evaluative Voting,100.0,100.0,0.8333333333333433
Polya Urn (alpha=0.2),6,100,59,41,41,1000,Cutoff,k-Median Rule,99.8,99.8,0.8336666666666765
Polya Urn (alpha=0.2),6,100,59,41,41,1000,Cutoff,k-Median-Shapley,97.8,97.8,0.8370000000000098
Polya Urn (alpha=0.2),6,100,59,41,41,1000,Bottom,Evaluative Voting,100.0,100.0,0.8333333333333433
Polya Urn (alpha=0.2),6,100,59,41,41,1000,Bottom,k-Median Rule,99.8,99.8,0.8336666666666765
Polya Urn (alpha=0.2),6,100,59,41,41,1000,Bottom,k-Median-Shapley,97.8,97.8,0.8370000000000098
Polya Urn (alpha=0.2),2,100,58,42,42,1000,Cutoff,Evaluative Voting,100.0,100.0,0.5
Polya Urn (alpha=0.2),2,100,58,42,42,1000,Cutoff,k-Median Rule,99.9,99.9,0.34
Polya Urn (alpha=0.2),2,100,58,42,42,1000,Cutoff,k-Median-Shapley,92.10000000000001,80.80000000000001,0.4035
Polya Urn (alpha=0.2),2,100,58,42,42,1000,Bottom,Evaluative Voting,100.0,100.0,0.5
Polya Urn (alpha=0.2),2,100,58,42,42,1000,Bottom,k-Median Rule,99.7,96.89999999999999,0.302
Polya Urn (alpha=0.2),2,100,58,42,42,1000,Bottom,k-Median-Shapley,85.1,51.5,0.4335
Polya Urn (alpha=0.2),3,100,58,42,42,1000,Cutoff,Evaluative Voting,100.0,100.0,0.6666666666666636
Polya Urn (alpha=0.2),3,100,58,42,42,1000,Cutoff,k-Median Rule,100.0,100.0,0.5056666666666678
Polya Urn (alpha=0.2),3,100,58,42,42,1000,Cutoff,k-Median-Shapley,97.8,92.10000000000001,0.524666666666668
Polya Urn (alpha=0.2),3,100,58,42,42,1000,Bottom,Evaluative Voting,100.0,100.0,0.6666666666666636
Polya Urn (alpha=0.2),3,100,58,42,42,1000,Bottom,k-Median Rule,99.8,98.9,0.46566666666666645
Polya Urn (alpha=0.2),3,100,58,42,42,1000,Bottom,k-Median-Shapley,92.4,70.6,0.5230000000000006
Polya Urn (alpha=0.2),4,100,58,42,42,1000,Cutoff,Evaluative Voting,100.0,100.0,0.75
Polya Urn (alpha=0.2),4,100,58,42,42,1000,Cutoff,k-Median Rule,100.0,100.0,0.61975
Polya Urn (alpha=0.2),4,100,58,42,42,1000,Cutoff,k-Median-Shapley,97.89999999999999,94.0,0.64
Polya Urn (alpha=0.2),4,100,58,42,42,1000,Bottom,Evaluative Voting,100.0,100.0,0.75
Polya Urn (alpha=0.2),4,100,58,42,42,1000,Bottom,k-Median Rule,99.6,99.3,0.588
Polya Urn (alpha=0.2),4,100,58,42,42,1000,Bottom,k-Median-Shapley,95.5,84.8,0.62325
Polya Urn (alpha=0.2),5,100,58,42,42,1000,Cutoff,Evaluative Voting,100.0,100.0,0.7999999999999887
Polya Urn (alpha=0.2),5,100,58,42,42,1000,Cutoff,k-Median Rule,100.0,100.0,0.7315999999999986
Polya Urn (alpha=0.2),5,100,58,42,42,1000,Cutoff,k-Median-Shapley,98.6,97.7,0.737999999999999
Polya Urn (alpha=0.2),5,100,58,42,42,1000,Bottom,Evaluative Voting,100.0,100.0,0.7999999999999887
Polya Urn (alpha=0.2),5,100,58,42,42,1000,Bottom,k-Median Rule,99.8,99.6,0.7056000000000019
Polya Urn (alpha=0.2),5,100,58,42,42,1000,Bottom,k-Median-Shapley,97.1,93.10000000000001,0.7264000000000002
Polya Urn (alpha=0.2),6,100,58,42,42,1000,Cutoff,Evaluative Voting,100.0,100.0,0.8333333333333433
Polya Urn (alpha=0.2),6,100,58,42,42,1000,Cutoff,k-Median Rule,99.8,99.8,0.8336666666666765
Polya Urn (alpha=0.2),6,100,58,42,42,1000,Cutoff,k-Median-Shapley,97.89999999999999,97.89999999999999,0.8368333333333432
Polya Urn (alpha=0.2),6,100,58,42,42,1000,Bottom,Evaluative Voting,100.0,100.0,0.8333333333333433
Polya Urn (alpha=0.2),6,100,58,42,42,1000,Bottom,k-Median Rule,99.8,99.8,0.8336666666666765
Polya Urn (alpha=0.2),6,100,58,42,42,1000,Bottom,k-Median-Shapley,97.89999999999999,97.89999999999999,0.8368333333333432
Polya Urn (alpha=0.2),2,100,57,43,43,1000,Cutoff,Evaluative Voting,100.0,100.0,0.5
Polya Urn (alpha=0.2),2,100,57,43,43,1000,Cutoff,k-Median Rule,100.0,100.0,0.328
Polya Urn (alpha=0.2),2,100,57,43,43,1000,Cutoff,k-Median-Shapley,93.8,84.5,0.373
Polya Urn (alpha=0.2),2,100,57,43,43,1000,Bottom,Evaluative Voting,100.0,100.0,0.5
Polya Urn (alpha=0.2),2,100,57,43,43,1000,Bottom,k-Median Rule,99.7,97.8,0.292
Polya Urn (alpha=0.2),2,100,57,43,43,1000,Bottom,k-Median-Shapley,86.9,56.10000000000001,0.3995
Polya Urn (alpha=0.2),3,100,57,43,43,1000,Cutoff,Evaluative Voting,100.0,100.0,0.6666666666666636
Polya Urn (alpha=0.2),3,100,57,43,43,1000,Cutoff,k-Median Rule,100.0,100.0,0.4963333333333339
Polya Urn (alpha=0.2),3,100,57,43,43,1000,Cutoff,k-Median-Shapley,98.0,93.4,0.5110000000000011
Polya Urn (alpha=0.2),3,100,57,43,43,1000,Bottom,Evaluative Voting,100.0,100.0,0.6666666666666636
Polya Urn (alpha=0.2),3,100,57,43,43,1000,Bottom,k-Median Rule,99.9,99.4,0.45899999999999946
Polya Urn (alpha=0.2),3,100,57,43,43,1000,Bottom,k-Median-Shapley,94.39999999999999,74.8,0.5040000000000006
Polya Urn (alpha=0.2),4,100,57,43,43,1000,Cutoff,Evaluative Voting,100.0,100.0,0.75
Polya Urn (alpha=0.2),4,100,57,43,43,1000,Cutoff,k-Median Rule,100.0,100.0,0.6105
Polya Urn (alpha=0.2),4,100,57,43,43,1000,Cutoff,k-Median-Shapley,98.4,95.0,0.629
Polya Urn (alpha=0.2),4,100,57,43,43,1000,Bottom,Evaluative Voting,100.0,100.0,0.75
Polya Urn (alpha=0.2),4,100,57,43,43,1000,Bottom,k-Median Rule,99.8,99.5,0.58125
Polya Urn (alpha=0.2),4,100,57,43,43,1000,Bottom,k-Median-Shapley,95.89999999999999,87.8,0.614
Polya Urn (alpha=0.2),5,100,57,43,43,1000,Cutoff,Evaluative Voting,100.0,100.0,0.7999999999999887
Polya Urn (alpha=0.2),5,100,57,43,43,1000,Cutoff,k-Median Rule,100.0,100.0,0.7271999999999991
Polya Urn (alpha=0.2),5,100,57,43,43,1000,Cutoff,k-Median-Shapley,99.1,98.4,0.7339999999999999
Polya Urn (alpha=0.2),5,100,57,43,43,1000,Bottom,Evaluative Voting,100.0,100.0,0.7999999999999887
Polya Urn (alpha=0.2),5,100,57,43,43,1000,Bottom,k-Median Rule,100.0,99.9,0.7038000000000021
Polya Urn (alpha=0.2),5,100,57,43,43,1000,Bottom,k-Median-Shapley,98.2,95.1,0.7156000000000018
Polya Urn (alpha=0.2),6,100,57,43,43,1000,Cutoff,Evaluative Voting,100.0,100.0,0.8333333333333433
Polya Urn (alpha=0.2),6,100,57,43,43,1000,Cutoff,k-Median Rule,99.9,99.9,0.8335000000000099
Polya Urn (alpha=0.2),6,100,57,43,43,1000,Cutoff,k-Median-Shapley,98.3,98.3,0.8361666666666765
Polya Urn (alpha=0.2),6,100,57,43,43,1000,Bottom,Evaluative Voting,100.0,100.0,0.8333333333333433
Polya Urn (alpha=0.2),6,100,57,43,43,1000,Bottom,k-Median Rule,99.9,99.9,0.8335000000000099
Polya Urn (alpha=0.2),6,100,57,43,43,1000,Bottom,k-Median-Shapley,98.3,98.3,0.8361666666666765
Polya Urn (alpha=0.2),2,100,56,44,44,1000,Cutoff,Evaluative Voting,100.0,100.0,0.5
Polya Urn (alpha=0.2),2,100,56,44,44,1000,Cutoff,k-Median Rule,100.0,100.0,0.3205
Polya Urn (alpha=0.2),2,100,56,44,44,1000,Cutoff,k-Median-Shapley,95.19999999999999,87.1,0.3545
Polya Urn (alpha=0.2),2,100,56,44,44,1000,Bottom,Evaluative Voting,100.0,100.0,0.5
Polya Urn (alpha=0.2),2,100,56,44,44,1000,Bottom,k-Median Rule,99.8,98.7,0.282
Polya Urn (alpha=0.2),2,100,56,44,44,1000,Bottom,k-Median-Shapley,89.7,61.5,0.3735
Polya Urn (alpha=0.2),3,100,56,44,44,1000,Cutoff,Evaluative Voting,100.0,100.0,0.6666666666666636
Polya Urn (alpha=0.2),3,100,56,44,44,1000,Cutoff,k-Median Rule,100.0,100.0,0.4910000000000003
Polya Urn (alpha=0.2),3,100,56,44,44,1000,Cutoff,k-Median-Shapley,98.6,94.5,0.49666666666666764
Polya Urn (alpha=0.2),3,100,56,44,44,1000,Bottom,Evaluative Voting,100.0,100.0,0.6666666666666636
Polya Urn (alpha=0.2),3,100,56,44,44,1000,Bottom,k-Median Rule,100.0,99.5,0.4549999999999993
Polya Urn (alpha=0.2),3,100,56,44,44,1000,Bottom,k-Median-Shapley,94.39999999999999,78.3,0.4910000000000004
Polya Urn (alpha=0.2),4,100,56,44,44,1000,Cutoff,Evaluative Voting,100.0,100.0,0.75
Polya Urn (alpha=0.2),4,100,56,44,44,1000,Cutoff,k-Median Rule,100.0,100.0,0.60825
Polya Urn (alpha=0.2),4,100,56,44,44,1000,Cutoff,k-Median-Shapley,98.6,96.0,0.62325
Polya Urn (alpha=0.2),4,100,56,44,44,1000,Bottom,Evaluative Voting,100.0,100.0,0.75
Polya Urn (alpha=0.2),4,100,56,44,44,1000,Bottom,k-Median Rule,99.8,99.7,0.578
Polya Urn (alpha=0.2),4,100,56,44,44,1000,Bottom,k-Median-Shapley,96.39999999999999,89.1,0.608
Polya Urn (alpha=0.2),5,100,56,44,44,1000,Cutoff,Evaluative Voting,100.0,100.0,0.7999999999999887
Polya Urn (alpha=0.2),5,100,56,44,44,1000,Cutoff,k-Median Rule,100.0,100.0,0.7259999999999992
Polya Urn (alpha=0.2),5,100,56,44,44,1000,Cutoff,k-Median-Shapley,99.4,98.7,0.7282000000000006
Polya Urn (alpha=0.2),5,100,56,44,44,1000,Bottom,Evaluative Voting,100.0,100.0,0.7999999999999887
Polya Urn (alpha=0.2),5,100,56,44,44,1000,Bottom,k-Median Rule,100.0,99.9,0.7024000000000021
Polya Urn (alpha=0.2),5,100,56,44,44,1000,Bottom,k-Median-Shapley,98.5,96.1,0.7130000000000022
Polya Urn (alpha=0.2),6,100,56,44,44,1000,Cutoff,Evaluative Voting,100.0,100.0,0.8333333333333433
Polya Urn (alpha=0.2),6,100,56,44,44,1000,Cutoff,k-Median Rule,99.9,99.9,0.8335000000000099
Polya Urn (alpha=0.2),6,100,56,44,44,1000,Cutoff,k-Median-Shapley,99.1,99.1,0.8348333333333433
Polya Urn (alpha=0.2),6,100,56,44,44,1000,Bottom,Evaluative Voting,100.0,100.0,0.8333333333333433
Polya Urn (alpha=0.2),6,100,56,44,44,1000,Bottom,k-Median Rule,99.9,99.9,0.8335000000000099
Polya Urn (alpha=0.2),6,100,56,44,44,1000,Bottom,k-Median-Shapley,99.1,99.1,0.8348333333333433
Polya Urn (alpha=0.2),2,100,55,45,45,1000,Cutoff,Evaluative Voting,100.0,100.0,0.5
Polya Urn (alpha=0.2),2,100,55,45,45,1000,Cutoff,k-Median Rule,100.0,100.0,0.307
Polya Urn (alpha=0.2),2,100,55,45,45,1000,Cutoff,k-Median-Shapley,95.39999999999999,89.1,0.3375
Polya Urn (alpha=0.2),2,100,55,45,45,1000,Bottom,Evaluative Voting,100.0,100.0,0.5
Polya Urn (alpha=0.2),2,100,55,45,45,1000,Bottom,k-Median Rule,99.9,99.2,0.268
Polya Urn (alpha=0.2),2,100,55,45,45,1000,Bottom,k-Median-Shapley,91.4,68.10000000000001,0.352
Polya Urn (alpha=0.2),3,100,55,45,45,1000,Cutoff,Evaluative Voting,100.0,100.0,0.6666666666666636
Polya Urn (alpha=0.2),3,100,55,45,45,1000,Cutoff,k-Median Rule,100.0,100.0,0.47999999999999965
Polya Urn (alpha=0.2),3,100,55,45,45,1000,Cutoff,k-Median-Shapley,98.8,95.5,0.48100000000000087
Polya Urn (alpha=0.2),3,100,55,45,45,1000,Bottom,Evaluative Voting,100.0,100.0,0.6666666666666636
Polya Urn (alpha=0.2),3,100,55,45,45,1000,Bottom,k-Median Rule,100.0,99.6,0.4396666666666655
Polya Urn (alpha=0.2),3,100,55,45,45,1000,Bottom,k-Median-Shapley,96.3,83.0,0.4696666666666669
Polya Urn (alpha=0.2),4,100,55,45,45,1000,Cutoff,Evaluative Voting,100.0,100.0,0.75
Polya Urn (alpha=0.2),4,100,55,45,45,1000,Cutoff,k-Median Rule,100.0,100.0,0.6015
Polya Urn (alpha=0.2),4,100,55,45,45,1000,Cutoff,k-Median-Shapley,99.6,97.2,0.6075
Polya Urn (alpha=0.2),4,100,55,45,45,1000,Bottom,Evaluative Voting,100.0,100.0,0.75
Polya Urn (alpha=0.2),4,100,55,45,45,1000,Bottom,k-Median Rule,99.8,99.7,0.5735
Polya Urn (alpha=0.2),4,100,55,45,45,1000,Bottom,k-Median-Shapley,97.8,92.4,0.58675
Polya Urn (alpha=0.2),5,100,55,45,45,1000,Cutoff,Evaluative Voting,100.0,100.0,0.7999999999999887
Polya Urn (alpha=0.2),5,100,55,45,45,1000,Cutoff,k-Median Rule,100.0,100.0,0.7208000000000004
Polya Urn (alpha=0.2),5,100,55,45,45,1000,Cutoff,k-Median-Shapley,99.6,98.9,0.7222000000000012
Polya Urn (alpha=0.2),5,100,55,45,45,1000,Bottom,Evaluative Voting,100.0,100.0,0.7999999999999887
Polya Urn (alpha=0.2),5,100,55,45,45,1000,Bottom,k-Median Rule,100.0,99.9,0.7032000000000026
Polya Urn (alpha=0.2),5,100,55,45,45,1000,Bottom,k-Median-Shapley,98.7,97.2,0.7038000000000033
Polya Urn (alpha=0.2),6,100,55,45,45,1000,Cutoff,Evaluative Voting,100.0,100.0,0.8333333333333433
Polya Urn (alpha=0.2),6,100,55,45,45,1000,Cutoff,k-Median Rule,99.9,99.9,0.8335000000000099
Polya Urn (alpha=0.2),6,100,55,45,45,1000,Cutoff,k-Median-Shapley,99.3,99.3,0.8345000000000099
Polya Urn (alpha=0.2),6,100,55,45,45,1000,Bottom,Evaluative Voting,100.0,100.0,0.8333333333333433
Polya Urn (alpha=0.2),6,100,55,45,45,1000,Bottom,k-Median Rule,99.9,99.9,0.8335000000000099
Polya Urn (alpha=0.2),6,100,55,45,45,1000,Bottom,k-Median-Shapley,99.3,99.3,0.8345000000000099
Polya Urn (alpha=0.2),2,100,54,46,46,1000,Cutoff,Evaluative Voting,100.0,100.0,0.5
Polya Urn (alpha=0.2),2,100,54,46,46,1000,Cutoff,k-Median Rule,100.0,100.0,0.299
Polya Urn (alpha=0.2),2,100,54,46,46,1000,Cutoff,k-Median-Shapley,96.5,90.4,0.327
Polya Urn (alpha=0.2),2,100,54,46,46,1000,Bottom,Evaluative Voting,100.0,100.0,0.5
Polya Urn (alpha=0.2),2,100,54,46,46,1000,Bottom,k-Median Rule,100.0,99.5,0.2625
Polya Urn (alpha=0.2),2,100,54,46,46,1000,Bottom,k-Median-Shapley,93.30000000000001,73.0,0.3335
Polya Urn (alpha=0.2),3,100,54,46,46,1000,Cutoff,Evaluative Voting,100.0,100.0,0.6666666666666636
Polya Urn (alpha=0.2),3,100,54,46,46,1000,Cutoff,k-Median Rule,100.0,100.0,0.4723333333333333
Polya Urn (alpha=0.2),3,100,54,46,46,1000,Cutoff,k-Median-Shapley,99.1,96.6,0.4706666666666671
Polya Urn (alpha=0.2),3,100,54,46,46,1000,Bottom,Evaluative Voting,100.0,100.0,0.6666666666666636
Polya Urn (alpha=0.2),3,100,54,46,46,1000,Bottom,k-Median Rule,100.0,99.7,0.4353333333333325
Polya Urn (alpha=0.2),3,100,54,46,46,1000,Bottom,k-Median-Shapley,96.89999999999999,86.8,0.45799999999999996
Polya Urn (alpha=0.2),4,100,54,46,46,1000,Cutoff,Evaluative Voting,100.0,100.0,0.75
Polya Urn (alpha=0.2),4,100,54,46,46,1000,Cutoff,k-Median Rule,100.0,100.0,0.598
Polya Urn (alpha=0.2),4,100,54,46,46,1000,Cutoff,k-Median-Shapley,99.4,98.0,0.598
Polya Urn (alpha=0.2),4,100,54,46,46,1000,Bottom,Evaluative Voting,100.0,100.0,0.75
Polya Urn (alpha=0.2),4,100,54,46,46,1000,Bottom,k-Median Rule,99.8,99.8,0.57075
Polya Urn (alpha=0.2),4,100,54,46,46,1000,Bottom,k-Median-Shapley,98.4,94.19999999999999,0.57725
Polya Urn (alpha=0.2),5,100,54,46,46,1000,Cutoff,Evaluative Voting,100.0,100.0,0.7999999999999887
Polya Urn (alpha=0.2),5,100,54,46,46,1000,Cutoff,k-Median Rule,100.0,100.0,0.7194000000000013
Polya Urn (alpha=0.2),5,100,54,46,46,1000,Cutoff,k-Median-Shapley,99.9,99.2,0.7146000000000016
Polya Urn (alpha=0.2),5,100,54,46,46,1000,Bottom,Evaluative Voting,100.0,100.0,0.7999999999999887
Polya Urn (alpha=0.2),5,100,54,46,46,1000,Bottom,k-Median Rule,100.0,99.9,0.7026000000000029
Polya Urn (alpha=0.2),5,100,54,46,46,1000,Bottom,k-Median-Shapley,98.9,97.8,0.7048000000000033
Polya Urn (alpha=0.2),6,100,54,46,46,1000,Cutoff,Evaluative Voting,100.0,100.0,0.8333333333333433
Polya Urn (alpha=0.2),6,100,54,46,46,1000,Cutoff,k-Median Rule,99.9,99.9,0.8335000000000099
Polya Urn (alpha=0.2),6,100,54,46,46,1000,Cutoff,k-Median-Shapley,99.4,99.4,0.8343333333333433
Polya Urn (alpha=0.2),6,100,54,46,46,1000,Bottom,Evaluative Voting,100.0,100.0,0.8333333333333433
Polya Urn (alpha=0.2),6,100,54,46,46,1000,Bottom,k-Median Rule,99.9,99.9,0.8335000000000099
Polya Urn (alpha=0.2),6,100,54,46,46,1000,Bottom,k-Median-Shapley,99.4,99.4,0.8343333333333433
Polya Urn (alpha=0.2),2,100,53,47,47,1000,Cutoff,Evaluative Voting,100.0,100.0,0.5
Polya Urn (alpha=0.2),2,100,53,47,47,1000,Cutoff,k-Median Rule,100.0,100.0,0.29
Polya Urn (alpha=0.2),2,100,53,47,47,1000,Cutoff,k-Median-Shapley,97.89999999999999,93.7,0.302
Polya Urn (alpha=0.2),2,100,53,47,47,1000,Bottom,Evaluative Voting,100.0,100.0,0.5
Polya Urn (alpha=0.2),2,100,53,47,47,1000,Bottom,k-Median Rule,100.0,99.5,0.2575
Polya Urn (alpha=0.2),2,100,53,47,47,1000,Bottom,k-Median-Shapley,95.6,80.2,0.299
Polya Urn (alpha=0.2),3,100,53,47,47,1000,Cutoff,Evaluative Voting,100.0,100.0,0.6666666666666636
Polya Urn (alpha=0.2),3,100,53,47,47,1000,Cutoff,k-Median Rule,100.0,100.0,0.4616666666666664
Polya Urn (alpha=0.2),3,100,53,47,47,1000,Cutoff,k-Median-Shapley,99.3,97.39999999999999,0.4570000000000003
Polya Urn (alpha=0.2),3,100,53,47,47,1000,Bottom,Evaluative Voting,100.0,100.0,0.6666666666666636
Polya Urn (alpha=0.2),3,100,53,47,47,1000,Bottom,k-Median Rule,100.0,99.7,0.4256666666666657
Polya Urn (alpha=0.2),3,100,53,47,47,1000,Bottom,k-Median-Shapley,97.8,90.4,0.4449999999999995
Polya Urn (alpha=0.2),4,100,53,47,47,1000,Cutoff,Evaluative Voting,100.0,100.0,0.75
Polya Urn (alpha=0.2),4,100,53,47,47,1000,Cutoff,k-Median Rule,100.0,100.0,0.59075
Polya Urn (alpha=0.2),4,100,53,47,47,1000,Cutoff,k-Median-Shapley,99.6,98.7,0.5845
Polya Urn (alpha=0.2),4,100,53,47,47,1000,Bottom,Evaluative Voting,100.0,100.0,0.75
Polya Urn (alpha=0.2),4,100,53,47,47,1000,Bottom,k-Median Rule,100.0,100.0,0.56325
Polya Urn (alpha=0.2),4,100,53,47,47,1000,Bottom,k-Median-Shapley,99.1,95.5,0.5695
Polya Urn (alpha=0.2),5,100,53,47,47,1000,Cutoff,Evaluative Voting,100.0,100.0,0.7999999999999887
Polya Urn (alpha=0.2),5,100,53,47,47,1000,Cutoff,k-Median Rule,100.0,100.0,0.7156000000000016
Polya Urn (alpha=0.2),5,100,53,47,47,1000,Cutoff,k-Median-Shapley,99.9,99.2,0.7068000000000023
Polya Urn (alpha=0.2),5,100,53,47,47,1000,Bottom,Evaluative Voting,100.0,100.0,0.7999999999999887
Polya Urn (alpha=0.2),5,100,53,47,47,1000,Bottom,k-Median Rule,100.0,100.0,0.701800000000003
Polya Urn (alpha=0.2),5,100,53,47,47,1000,Bottom,k-Median-Shapley,99.3,98.8,0.6988000000000036
Polya Urn (alpha=0.2),6,100,53,47,47,1000,Cutoff,Evaluative Voting,100.0,100.0,0.8333333333333433
Polya Urn (alpha=0.2),6,100,53,47,47,1000,Cutoff,k-Median Rule,100.0,100.0,0.8333333333333433
Polya Urn (alpha=0.2),6,100,53,47,47,1000,Cutoff,k-Median-Shapley,99.9,99.9,0.83350000000001
Polya Urn (alpha=0.2),6,100,53,47,47,1000,Bottom,Evaluative Voting,100.0,100.0,0.8333333333333433
Polya Urn (alpha=0.2),6,100,53,47,47,1000,Bottom,k-Median Rule,100.0,100.0,0.8333333333333433
Polya Urn (alpha=0.2),6,100,53,47,47,1000,Bottom,k-Median-Shapley,99.9,99.9,0.83350000000001
Polya Urn (alpha=0.2),2,100,52,48,48,1000,Cutoff,Evaluative Voting,100.0,100.0,0.5
Polya Urn (alpha=0.2),2,100,52,48,48,1000,Cutoff,k-Median Rule,100.0,100.0,0.2855
Polya Urn (alpha=0.2),2,100,52,48,48,1000,Cutoff,k-Median-Shapley,98.3,94.39999999999999,0.293
Polya Urn (alpha=0.2),2,100,52,48,48,1000,Bottom,Evaluative Voting,100.0,100.0,0.5
Polya Urn (alpha=0.2),2,100,52,48,48,1000,Bottom,k-Median Rule,100.0,99.6,0.255
Polya Urn (alpha=0.2),2,100,52,48,48,1000,Bottom,k-Median-Shapley,96.7,83.89999999999999,0.29
Polya Urn (alpha=0.2),3,100,52,48,48,1000,Cutoff,Evaluative Voting,100.0,100.0,0.6666666666666636
Polya Urn (alpha=0.2),3,100,52,48,48,1000,Cutoff,k-Median Rule,100.0,100.0,0.45333333333333314
Polya Urn (alpha=0.2),3,100,52,48,48,1000,Cutoff,k-Median-Shapley,99.7,98.6,0.44466666666666693
Polya Urn (alpha=0.2),3,100,52,48,48,1000,Bottom,Evaluative Voting,100.0,100.0,0.6666666666666636
Polya Urn (alpha=0.2),3,100,52,48,48,1000,Bottom,k-Median Rule,100.0,99.9,0.41899999999999893
Polya Urn (alpha=0.2),3,100,52,48,48,1000,Bottom,k-Median-Shapley,98.9,93.2,0.42666666666666675
Polya Urn (alpha=0.2),4,100,52,48,48,1000,Cutoff,Evaluative Voting,100.0,100.0,0.75
Polya Urn (alpha=0.2),4,100,52,48,48,1000,Cutoff,k-Median Rule,100.0,100.0,0.587
Polya Urn (alpha=0.2),4,100,52,48,48,1000,Cutoff,k-Median-Shapley,99.9,99.3,0.5785
Polya Urn (alpha=0.2),4,100,52,48,48,1000,Bottom,Evaluative Voting,100.0,100.0,0.75
Polya Urn (alpha=0.2),4,100,52,48,48,1000,Bottom,k-Median Rule,100.0,100.0,0.564
Polya Urn (alpha=0.2),4,100,52,48,48,1000,Bottom,k-Median-Shapley,99.6,97.6,0.56425
Polya Urn (alpha=0.2),5,100,52,48,48,1000,Cutoff,Evaluative Voting,100.0,100.0,0.7999999999999887
Polya Urn (alpha=0.2),5,100,52,48,48,1000,Cutoff,k-Median Rule,100.0,100.0,0.7146000000000015
Polya Urn (alpha=0.2),5,100,52,48,48,1000,Cutoff,k-Median-Shapley,99.9,99.5,0.7052000000000025
Polya Urn (alpha=0.2),5,100,52,48,48,1000,Bottom,Evaluative Voting,100.0,100.0,0.7999999999999887
Polya Urn (alpha=0.2),5,100,52,48,48,1000,Bottom,k-Median Rule,100.0,100.0,0.701000000000003
Polya Urn (alpha=0.2),5,100,52,48,48,1000,Bottom,k-Median-Shapley,99.7,99.5,0.6964000000000037
Polya Urn (alpha=0.2),6,100,52,48,48,1000,Cutoff,Evaluative Voting,100.0,100.0,0.8333333333333433
Polya Urn (alpha=0.2),6,100,52,48,48,1000,Cutoff,k-Median Rule,100.0,100.0,0.8333333333333433
Polya Urn (alpha=0.2),6,100,52,48,48,1000,Cutoff,k-Median-Shapley,100.0,100.0,0.8333333333333433
Polya Urn (alpha=0.2),6,100,52,48,48,1000,Bottom,Evaluative Voting,100.0,100.0,0.8333333333333433
Polya Urn (alpha=0.2),6,100,52,48,48,1000,Bottom,k-Median Rule,100.0,100.0,0.8333333333333433
Polya Urn (alpha=0.2),6,100,52,48,48,1000,Bottom,k-Median-Shapley,100.0,100.0,0.8333333333333433
Polya Urn (alpha=0.2),2,100,51,49,49,1000,Cutoff,Evaluative Voting,100.0,100.0,0.5
Polya Urn (alpha=0.2),2,100,51,49,49,1000,Cutoff,k-Median Rule,100.0,100.0,0.285
Polya Urn (alpha=0.2),2,100,51,49,49,1000,Cutoff,k-Median-Shapley,98.6,94.8,0.289
Polya Urn (alpha=0.2),2,100,51,49,49,1000,Bottom,Evaluative Voting,100.0,100.0,0.5
Polya Urn (alpha=0.2),2,100,51,49,49,1000,Bottom,k-Median Rule,100.0,99.7,0.2535
Polya Urn (alpha=0.2),2,100,51,49,49,1000,Bottom,k-Median-Shapley,97.5,86.5,0.284
Polya Urn (alpha=0.2),3,100,51,49,49,1000,Cutoff,Evaluative Voting,100.0,100.0,0.6666666666666636
Polya Urn (alpha=0.2),3,100,51,49,49,1000,Cutoff,k-Median Rule,100.0,100.0,0.44899999999999984
Polya Urn (alpha=0.2),3,100,51,49,49,1000,Cutoff,k-Median-Shapley,99.7,98.7,0.4406666666666666
Polya Urn (alpha=0.2),3,100,51,49,49,1000,Bottom,Evaluative Voting,100.0,100.0,0.6666666666666636
Polya Urn (alpha=0.2),3,100,51,49,49,1000,Bottom,k-Median Rule,100.0,99.9,0.4133333333333325
Polya Urn (alpha=0.2),3,100,51,49,49,1000,Bottom,k-Median-Shapley,99.1,94.69999999999999,0.4239999999999999
Polya Urn (alpha=0.2),4,100,51,49,49,1000,Cutoff,Evaluative Voting,100.0,100.0,0.75
Polya Urn (alpha=0.2),4,100,51,49,49,1000,Cutoff,k-Median Rule,100.0,100.0,0.581
Polya Urn (alpha=0.2),4,100,51,49,49,1000,Cutoff,k-Median-Shapley,99.9,99.6,0.5755
Polya Urn (alpha=0.2),4,100,51,49,49,1000,Bottom,Evaluative Voting,100.0,100.0,0.75
Polya Urn (alpha=0.2),4,100,51,49,49,1000,Bottom,k-Median Rule,100.0,100.0,0.56
Polya Urn (alpha=0.2),4,100,51,49,49,1000,Bottom,k-Median-Shapley,99.6,97.8,0.56
Polya Urn (alpha=0.2),5,100,51,49,49,1000,Cutoff,Evaluative Voting,100.0,100.0,0.7999999999999887
Polya Urn (alpha=0.2),5,100,51,49,49,1000,Cutoff,k-Median Rule,100.0,100.0,0.7132000000000019
Polya Urn (alpha=0.2),5,100,51,49,49,1000,Cutoff,k-Median-Shapley,99.8,99.6,0.7038000000000029
Polya Urn (alpha=0.2),5,100,51,49,49,1000,Bottom,Evaluative Voting,100.0,100.0,0.7999999999999887
Polya Urn (alpha=0.2),5,100,51,49,49,1000,Bottom,k-Median Rule,100.0,100.0,0.6992000000000036
Polya Urn (alpha=0.2),5,100,51,49,49,1000,Bottom,k-Median-Shapley,99.7,99.5,0.6922000000000041
Polya Urn (alpha=0.2),6,100,51,49,49,1000,Cutoff,Evaluative Voting,100.0,100.0,0.8333333333333433
Polya Urn (alpha=0.2),6,100,51,49,49,1000,Cutoff,k-Median Rule,100.0,100.0,0.8333333333333433
Polya Urn (alpha=0.2),6,100,51,49,49,1000,Cutoff,k-Median-Shapley,100.0,100.0,0.8333333333333433
Polya Urn (alpha=0.2),6,100,51,49,49,1000,Bottom,Evaluative Voting,100.0,100.0,0.8333333333333433
Polya Urn (alpha=0.2),6,100,51,49,49,1000,Bottom,k-Median Rule,100.0,100.0,0.8333333333333433
Polya Urn (alpha=0.2),6,100,51,49,49,1000,Bottom,k-Median-Shapley,100.0,100.0,0.8333333333333433
Impartial Culture (IC),2,100,99,1,1,1000,Cutoff,Evaluative Voting,48.9,48.9,0.7555
Impartial Culture (IC),2,100,99,1,1,1000,Cutoff,k-Median Rule,27.500000000000004,27.500000000000004,0.854
Impartial Culture (IC),2,100,99,1,1,1000,Cutoff,k-Median-Shapley,31.7,24.099999999999998,0.8385
Impartial Culture (IC),2,100,99,1,1,1000,Bottom,Evaluative Voting,0.1,0.1,0.9995
Impartial Culture (IC),2,100,99,1,1,1000,Bottom,k-Median Rule,27.200000000000003,0.0,0.8555
Impartial Culture (IC),2,100,99,1,1,1000,Bottom,k-Median-Shapley,29.7,0.0,0.8485
Impartial Culture (IC),3,100,99,1,1,1000,Cutoff,Evaluative Voting,55.2,55.2,0.8159999999999942
Impartial Culture (IC),3,100,99,1,1,1000,Cutoff,k-Median Rule,33.0,33.0,0.8763333333333304
Impartial Culture (IC),3,100,99,1,1,1000,Cutoff,k-Median-Shapley,37.7,29.5,0.868666666666663
Impartial Culture (IC),3,100,99,1,1,1000,Bottom,Evaluative Voting,0.1,0.1,0.9996666666666667
Impartial Culture (IC),3,100,99,1,1,1000,Bottom,k-Median Rule,32.4,0.0,0.8786666666666637
Impartial Culture (IC),3,100,99,1,1,1000,Bottom,k-Median-Shapley,34.699999999999996,0.2,0.8799999999999967
Impartial Culture (IC),4,100,99,1,1,1000,Cutoff,Evaluative Voting,53.6,53.6,0.866
Impartial Culture (IC),4,100,99,1,1,1000,Cutoff,k-Median Rule,32.800000000000004,32.800000000000004,0.91075
Impartial Culture (IC),4,100,99,1,1,1000,Cutoff,k-Median-Shapley,40.5,32.9,0.89525
Impartial Culture (IC),4,100,99,1,1,1000,Bottom,Evaluative Voting,1.5,1.5,0.99625
Impartial Culture (IC),4,100,99,1,1,1000,Bottom,k-Median Rule,32.1,0.4,0.9125
Impartial Culture (IC),4,100,99,1,1,1000,Bottom,k-Median-Shapley,36.6,2.3,0.905
Impartial Culture (IC),5,100,99,1,1,1000,Cutoff,Evaluative Voting,48.9,48.9,0.9021999999999923
Impartial Culture (IC),5,100,99,1,1,1000,Cutoff,k-Median Rule,25.2,25.2,0.9469999999999962
Impartial Culture (IC),5,100,99,1,1,1000,Cutoff,k-Median-Shapley,32.5,27.900000000000002,0.933199999999995
Impartial Culture (IC),5,100,99,1,1,1000,Bottom,Evaluative Voting,8.0,8.0,0.9839999999999989
Impartial Culture (IC),5,100,99,1,1,1000,Bottom,k-Median Rule,24.9,1.5,0.9475999999999962
Impartial Culture (IC),5,100,99,1,1,1000,Bottom,k-Median-Shapley,29.5,6.4,0.9397999999999952
Impartial Culture (IC),6,100,99,1,1,1000,Cutoff,Evaluative Voting,33.6,33.6,0.9440000000000036
Impartial Culture (IC),6,100,99,1,1,1000,Cutoff,k-Median Rule,14.000000000000002,14.000000000000002,0.976666666666669
Impartial Culture (IC),6,100,99,1,1,1000,Cutoff,k-Median-Shapley,24.6,24.6,0.9590000000000036
Impartial Culture (IC),6,100,99,1,1,1000,Bottom,Evaluative Voting,33.6,33.6,0.9440000000000036
Impartial Culture (IC),6,100,99,1,1,1000,Bottom,k-Median Rule,14.000000000000002,14.000000000000002,0.976666666666669
Impartial Culture (IC),6,100,99,1,1,1000,Bottom,k-Median-Shapley,24.6,24.6,0.9590000000000036
Impartial Culture (IC),2,100,98,2,2,1000,Cutoff,Evaluative Voting,76.9,76.9,0.6155
Impartial Culture (IC),2,100,98,2,2,1000,Cutoff,k-Median Rule,31.4,31.4,0.831
Impartial Culture (IC),2,100,98,2,2,1000,Cutoff,k-Median-Shapley,37.2,30.099999999999998,0.809
Impartial Culture (IC),2,100,98,2,2,1000,Bottom,Evaluative Voting,0.3,0.3,0.9985
Impartial Culture (IC),2,100,98,2,2,1000,Bottom,k-Median Rule,29.7,4.0,0.8415
Impartial Culture (IC),2,100,98,2,2,1000,Bottom,k-Median-Shapley,30.2,0.3,0.845
Impartial Culture (IC),3,100,98,2,2,1000,Cutoff,Evaluative Voting,80.0,80.0,0.7333333333333283
Impartial Culture (IC),3,100,98,2,2,1000,Cutoff,k-Median Rule,39.4,39.4,0.8549999999999962
Impartial Culture (IC),3,100,98,2,2,1000,Cutoff,k-Median-Shapley,43.3,38.1,0.851999999999995
Impartial Culture (IC),3,100,98,2,2,1000,Bottom,Evaluative Voting,2.5,2.5,0.9916666666666665
Impartial Culture (IC),3,100,98,2,2,1000,Bottom,k-Median Rule,38.2,9.9,0.8583333333333301
Impartial Culture (IC),3,100,98,2,2,1000,Bottom,k-Median-Shapley,33.5,1.3,0.8846666666666624
Impartial Culture (IC),4,100,98,2,2,1000,Cutoff,Evaluative Voting,80.60000000000001,80.60000000000001,0.7985
Impartial Culture (IC),4,100,98,2,2,1000,Cutoff,k-Median Rule,41.199999999999996,41.199999999999996,0.88975
Impartial Culture (IC),4,100,98,2,2,1000,Cutoff,k-Median-Shapley,46.800000000000004,39.7,0.8795
Impartial Culture (IC),4,100,98,2,2,1000,Bottom,Evaluative Voting,10.4,10.4,0.974
Impartial Culture (IC),4,100,98,2,2,1000,Bottom,k-Median Rule,40.9,14.7,0.89
Impartial Culture (IC),4,100,98,2,2,1000,Bottom,k-Median-Shapley,37.2,5.2,0.9035
Impartial Culture (IC),5,100,98,2,2,1000,Cutoff,Evaluative Voting,77.4,77.4,0.8451999999999897
Impartial Culture (IC),5,100,98,2,2,1000,Cutoff,k-Median Rule,35.5,35.5,0.925999999999995
Impartial Culture (IC),5,100,98,2,2,1000,Cutoff,k-Median-Shapley,40.2,35.5,0.9181999999999945
Impartial Culture (IC),5,100,98,2,2,1000,Bottom,Evaluative Voting,27.800000000000004,27.800000000000004,0.944399999999996
Impartial Culture (IC),5,100,98,2,2,1000,Bottom,k-Median Rule,36.1,17.299999999999997,0.9243999999999946
Impartial Culture (IC),5,100,98,2,2,1000,Bottom,k-Median-Shapley,33.7,12.1,0.9305999999999953
Impartial Culture (IC),6,100,98,2,2,1000,Cutoff,Evaluative Voting,59.5,59.5,0.9008333333333399
Impartial Culture (IC),6,100,98,2,2,1000,Cutoff,k-Median Rule,27.3,27.3,0.9545000000000037
Impartial Culture (IC),6,100,98,2,2,1000,Cutoff,k-Median-Shapley,31.2,31.2,0.9480000000000043
Impartial Culture (IC),6,100,98,2,2,1000,Bottom,Evaluative Voting,59.5,59.5,0.9008333333333399
Impartial Culture (IC),6,100,98,2,2,1000,Bottom,k-Median Rule,27.3,27.3,0.9545000000000037
Impartial Culture (IC),6,100,98,2,2,1000,Bottom,k-Median-Shapley,31.2,31.2,0.9480000000000043
Impartial Culture (IC),2,100,97,3,3,1000,Cutoff,Evaluative Voting,89.8,89.8,0.551
Impartial Culture (IC),2,100,97,3,3,1000,Cutoff,k-Median Rule,52.5,52.5,0.7055
Impartial Culture (IC),2,100,97,3,3,1000,Cutoff,k-Median-Shapley,50.9,40.2,0.735
Impartial Culture (IC),2,100,97,3,3,1000,Bottom,Evaluative Voting,2.4,2.4,0.988
Impartial Culture (IC),2,100,97,3,3,1000,Bottom,k-Median Rule,49.8,5.8999999999999995,0.725
Impartial Culture (IC),2,100,97,3,3,1000,Bottom,k-Median-Shapley,42.199999999999996,0.6,0.78
Impartial Culture (IC),3,100,97,3,3,1000,Cutoff,Evaluative Voting,92.9,92.9,0.6903333333333296
Impartial Culture (IC),3,100,97,3,3,1000,Cutoff,k-Median Rule,59.8,59.8,0.7593333333333305
Impartial Culture (IC),3,100,97,3,3,1000,Cutoff,k-Median-Shapley,58.199999999999996,50.0,0.7926666666666626
Impartial Culture (IC),3,100,97,3,3,1000,Bottom,Evaluative Voting,10.2,10.2,0.9659999999999989
Impartial Culture (IC),3,100,97,3,3,1000,Bottom,k-Median Rule,59.699999999999996,12.3,0.7623333333333305
Impartial Culture (IC),3,100,97,3,3,1000,Bottom,k-Median-Shapley,48.5,3.4000000000000004,0.8276666666666629
Impartial Culture (IC),4,100,97,3,3,1000,Cutoff,Evaluative Voting,93.2,93.2,0.767
Impartial Culture (IC),4,100,97,3,3,1000,Cutoff,k-Median Rule,59.8,59.8,0.82375
Impartial Culture (IC),4,100,97,3,3,1000,Cutoff,k-Median-Shapley,62.1,52.7,0.8315
Impartial Culture (IC),4,100,97,3,3,1000,Bottom,Evaluative Voting,25.7,25.7,0.93575
Impartial Culture (IC),4,100,97,3,3,1000,Bottom,k-Median Rule,58.8,16.1,0.8245
Impartial Culture (IC),4,100,97,3,3,1000,Bottom,k-Median-Shapley,49.6,9.0,0.8665
Impartial Culture (IC),5,100,97,3,3,1000,Cutoff,Evaluative Voting,91.7,91.7,0.8165999999999891
Impartial Culture (IC),5,100,97,3,3,1000,Cutoff,k-Median Rule,52.5,52.5,0.8843999999999934
Impartial Culture (IC),5,100,97,3,3,1000,Cutoff,k-Median-Shapley,53.900000000000006,47.199999999999996,0.8869999999999925
Impartial Culture (IC),5,100,97,3,3,1000,Bottom,Evaluative Voting,49.6,49.6,0.9007999999999925
Impartial Culture (IC),5,100,97,3,3,1000,Bottom,k-Median Rule,52.400000000000006,21.4,0.8835999999999943
Impartial Culture (IC),5,100,97,3,3,1000,Bottom,k-Median-Shapley,44.2,17.2,0.9055999999999941
Impartial Culture (IC),6,100,97,3,3,1000,Cutoff,Evaluative Voting,77.9,77.9,0.8701666666666755
Impartial Culture (IC),6,100,97,3,3,1000,Cutoff,k-Median Rule,39.0,39.0,0.9350000000000049
Impartial Culture (IC),6,100,97,3,3,1000,Cutoff,k-Median-Shapley,37.8,37.8,0.9370000000000052
Impartial Culture (IC),6,100,97,3,3,1000,Bottom,Evaluative Voting,77.9,77.9,0.8701666666666755
Impartial Culture (IC),6,100,97,3,3,1000,Bottom,k-Median Rule,39.0,39.0,0.9350000000000049
Impartial Culture (IC),6,100,97,3,3,1000,Bottom,k-Median-Shapley,37.8,37.8,0.9370000000000052
Impartial Culture (IC),2,100,96,4,4,1000,Cutoff,Evaluative Voting,95.19999999999999,95.19999999999999,0.524
Impartial Culture (IC),2,100,96,4,4,1000,Cutoff,k-Median Rule,55.300000000000004,55.300000000000004,0.689
Impartial Culture (IC),2,100,96,4,4,1000,Cutoff,k-Median-Shapley,53.5,46.7,0.7195
Impartial Culture (IC),2,100,96,4,4,1000,Bottom,Evaluative Voting,8.799999999999999,8.799999999999999,0.956
Impartial Culture (IC),2,100,96,4,4,1000,Bottom,k-Median Rule,53.2,13.5,0.6985
Impartial Culture (IC),2,100,96,4,4,1000,Bottom,k-Median-Shapley,40.2,1.6,0.79
Impartial Culture (IC),3,100,96,4,4,1000,Cutoff,Evaluative Voting,98.7,98.7,0.6709999999999968
Impartial Culture (IC),3,100,96,4,4,1000,Cutoff,k-Median Rule,61.8,61.8,0.7533333333333307
Impartial Culture (IC),3,100,96,4,4,1000,Cutoff,k-Median-Shapley,63.3,55.800000000000004,0.7779999999999956
Impartial Culture (IC),3,100,96,4,4,1000,Bottom,Evaluative Voting,23.200000000000003,23.200000000000003,0.9226666666666633
Impartial Culture (IC),3,100,96,4,4,1000,Bottom,k-Median Rule,63.0,23.3,0.7489999999999972
Impartial Culture (IC),3,100,96,4,4,1000,Bottom,k-Median-Shapley,48.0,5.5,0.8289999999999955
Impartial Culture (IC),4,100,96,4,4,1000,Cutoff,Evaluative Voting,97.8,97.8,0.7555
Impartial Culture (IC),4,100,96,4,4,1000,Cutoff,k-Median Rule,63.6,63.6,0.81775
Impartial Culture (IC),4,100,96,4,4,1000,Cutoff,k-Median-Shapley,67.30000000000001,58.9,0.8195
Impartial Culture (IC),4,100,96,4,4,1000,Bottom,Evaluative Voting,44.3,44.3,0.88925
Impartial Culture (IC),4,100,96,4,4,1000,Bottom,k-Median Rule,63.9,29.099999999999998,0.81175
Impartial Culture (IC),4,100,96,4,4,1000,Bottom,k-Median-Shapley,52.800000000000004,11.600000000000001,0.8555
Impartial Culture (IC),5,100,96,4,4,1000,Cutoff,Evaluative Voting,96.39999999999999,96.39999999999999,0.8071999999999888
Impartial Culture (IC),5,100,96,4,4,1000,Cutoff,k-Median Rule,56.699999999999996,56.699999999999996,0.8797999999999923
Impartial Culture (IC),5,100,96,4,4,1000,Cutoff,k-Median-Shapley,59.099999999999994,54.400000000000006,0.8767999999999925
Impartial Culture (IC),5,100,96,4,4,1000,Bottom,Evaluative Voting,68.89999999999999,68.89999999999999,0.8621999999999901
Impartial Culture (IC),5,100,96,4,4,1000,Bottom,k-Median Rule,58.8,34.599999999999994,0.8713999999999936
Impartial Culture (IC),5,100,96,4,4,1000,Bottom,k-Median-Shapley,45.9,20.1,0.9009999999999941
Impartial Culture (IC),6,100,96,4,4,1000,Cutoff,Evaluative Voting,88.6,88.6,0.8523333333333423
Impartial Culture (IC),6,100,96,4,4,1000,Cutoff,k-Median Rule,48.0,48.0,0.9200000000000058
Impartial Culture (IC),6,100,96,4,4,1000,Cutoff,k-Median-Shapley,41.3,41.3,0.9311666666666725
Impartial Culture (IC),6,100,96,4,4,1000,Bottom,Evaluative Voting,88.6,88.6,0.8523333333333423
Impartial Culture (IC),6,100,96,4,4,1000,Bottom,k-Median Rule,48.0,48.0,0.9200000000000058
Impartial Culture (IC),6,100,96,4,4,1000,Bottom,k-Median-Shapley,41.3,41.3,0.9311666666666725
Impartial Culture (IC),2,100,95,5,5,1000,Cutoff,Evaluative Voting,98.8,98.8,0.506
Impartial Culture (IC),2,100,95,5,5,1000,Cutoff,k-Median Rule,70.39999999999999,70.39999999999999,0.5865
Impartial Culture (IC),2,100,95,5,5,1000,Cutoff,k-Median-Shapley,64.0,55.2,0.6595
Impartial Culture (IC),2,100,95,5,5,1000,Bottom,Evaluative Voting,19.7,19.7,0.9015
Impartial Culture (IC),2,100,95,5,5,1000,Bottom,k-Median Rule,66.60000000000001,16.2,0.607
Impartial Culture (IC),2,100,95,5,5,1000,Bottom,k-Median-Shapley,49.1,2.3,0.7415
Impartial Culture (IC),3,100,95,5,5,1000,Cutoff,Evaluative Voting,99.8,99.8,0.6673333333333304
Impartial Culture (IC),3,100,95,5,5,1000,Cutoff,k-Median Rule,76.5,76.5,0.6673333333333321
Impartial Culture (IC),3,100,95,5,5,1000,Cutoff,k-Median-Shapley,70.3,62.3,0.7419999999999971
Impartial Culture (IC),3,100,95,5,5,1000,Bottom,Evaluative Voting,41.5,41.5,0.861666666666662
Impartial Culture (IC),3,100,95,5,5,1000,Bottom,k-Median Rule,74.8,25.0,0.6763333333333323
Impartial Culture (IC),3,100,95,5,5,1000,Bottom,k-Median-Shapley,54.900000000000006,7.000000000000001,0.7976666666666633
Impartial Culture (IC),4,100,95,5,5,1000,Cutoff,Evaluative Voting,99.1,99.1,0.75225
Impartial Culture (IC),4,100,95,5,5,1000,Cutoff,k-Median Rule,75.4,75.4,0.76325
Impartial Culture (IC),4,100,95,5,5,1000,Cutoff,k-Median-Shapley,75.7,68.2,0.79575
Impartial Culture (IC),4,100,95,5,5,1000,Bottom,Evaluative Voting,64.60000000000001,64.60000000000001,0.8385
Impartial Culture (IC),4,100,95,5,5,1000,Bottom,k-Median Rule,74.4,30.3,0.7605
Impartial Culture (IC),4,100,95,5,5,1000,Bottom,k-Median-Shapley,57.4,12.8,0.841
Impartial Culture (IC),5,100,95,5,5,1000,Cutoff,Evaluative Voting,98.9,98.9,0.8021999999999886
Impartial Culture (IC),5,100,95,5,5,1000,Cutoff,k-Median Rule,68.4,68.4,0.8451999999999934
Impartial Culture (IC),5,100,95,5,5,1000,Cutoff,k-Median-Shapley,64.2,59.0,0.8653999999999917
Impartial Culture (IC),5,100,95,5,5,1000,Bottom,Evaluative Voting,83.2,83.2,0.83359999999999
Impartial Culture (IC),5,100,95,5,5,1000,Bottom,k-Median Rule,68.30000000000001,38.2,0.8391999999999947
Impartial Culture (IC),5,100,95,5,5,1000,Bottom,k-Median-Shapley,53.400000000000006,25.4,0.8847999999999931
Impartial Culture (IC),6,100,95,5,5,1000,Cutoff,Evaluative Voting,94.19999999999999,94.19999999999999,0.8430000000000094
Impartial Culture (IC),6,100,95,5,5,1000,Cutoff,k-Median Rule,54.0,54.0,0.9100000000000061
Impartial Culture (IC),6,100,95,5,5,1000,Cutoff,k-Median-Shapley,48.699999999999996,48.699999999999996,0.9188333333333396
Impartial Culture (IC),6,100,95,5,5,1000,Bottom,Evaluative Voting,94.19999999999999,94.19999999999999,0.8430000000000094
Impartial Culture (IC),6,100,95,5,5,1000,Bottom,k-Median Rule,54.0,54.0,0.9100000000000061
Impartial Culture (IC),6,100,95,5,5,1000,Bottom,k-Median-Shapley,48.699999999999996,48.699999999999996,0.9188333333333396
Impartial Culture (IC),2,100,94,6,6,1000,Cutoff,Evaluative Voting,99.4,99.4,0.503
Impartial Culture (IC),2,100,94,6,6,1000,Cutoff,k-Median Rule,72.6,72.6,0.5735
Impartial Culture (IC),2,100,94,6,6,1000,Cutoff,k-Median-Shapley,67.0,59.4,0.6465
Impartial Culture (IC),2,100,94,6,6,1000,Bottom,Evaluative Voting,36.9,36.9,0.8155
Impartial Culture (IC),2,100,94,6,6,1000,Bottom,k-Median Rule,69.3,26.6,0.59
Impartial Culture (IC),2,100,94,6,6,1000,Bottom,k-Median-Shapley,50.0,3.5999999999999996,0.7385
Impartial Culture (IC),3,100,94,6,6,1000,Cutoff,Evaluative Voting,100.0,100.0,0.6666666666666636
Impartial Culture (IC),3,100,94,6,6,1000,Cutoff,k-Median Rule,78.60000000000001,78.60000000000001,0.6696666666666652
Impartial Culture (IC),3,100,94,6,6,1000,Cutoff,k-Median-Shapley,75.1,67.30000000000001,0.7303333333333295
Impartial Culture (IC),3,100,94,6,6,1000,Bottom,Evaluative Voting,59.8,59.8,0.8006666666666609
Impartial Culture (IC),3,100,94,6,6,1000,Bottom,k-Median Rule,78.60000000000001,37.9,0.6623333333333318
Impartial Culture (IC),3,100,94,6,6,1000,Bottom,k-Median-Shapley,56.699999999999996,8.7,0.7973333333333295
Impartial Culture (IC),4,100,94,6,6,1000,Cutoff,Evaluative Voting,99.7,99.7,0.75075
Impartial Culture (IC),4,100,94,6,6,1000,Cutoff,k-Median Rule,78.7,78.7,0.76275
Impartial Culture (IC),4,100,94,6,6,1000,Cutoff,k-Median-Shapley,78.9,71.8,0.78475
Impartial Culture (IC),4,100,94,6,6,1000,Bottom,Evaluative Voting,78.60000000000001,78.60000000000001,0.8035
Impartial Culture (IC),4,100,94,6,6,1000,Bottom,k-Median Rule,78.2,44.0,0.753
Impartial Culture (IC),4,100,94,6,6,1000,Bottom,k-Median-Shapley,57.9,17.599999999999998,0.838
Impartial Culture (IC),5,100,94,6,6,1000,Cutoff,Evaluative Voting,99.4,99.4,0.8011999999999887
Impartial Culture (IC),5,100,94,6,6,1000,Cutoff,k-Median Rule,70.6,70.6,0.8453999999999928
Impartial Culture (IC),5,100,94,6,6,1000,Cutoff,k-Median-Shapley,67.30000000000001,63.0,0.8565999999999921
Impartial Culture (IC),5,100,94,6,6,1000,Bottom,Evaluative Voting,91.4,91.4,0.8171999999999892
Impartial Culture (IC),5,100,94,6,6,1000,Bottom,k-Median Rule,71.8,49.5,0.834199999999994
Impartial Culture (IC),5,100,94,6,6,1000,Bottom,k-Median-Shapley,54.400000000000006,29.2,0.8785999999999946
Impartial Culture (IC),6,100,94,6,6,1000,Cutoff,Evaluative Voting,97.6,97.6,0.8373333333333429
Impartial Culture (IC),6,100,94,6,6,1000,Cutoff,k-Median Rule,60.8,60.8,0.8986666666666734
Impartial Culture (IC),6,100,94,6,6,1000,Cutoff,k-Median-Shapley,54.300000000000004,54.300000000000004,0.9095000000000066
Impartial Culture (IC),6,100,94,6,6,1000,Bottom,Evaluative Voting,97.6,97.6,0.8373333333333429
Impartial Culture (IC),6,100,94,6,6,1000,Bottom,k-Median Rule,60.8,60.8,0.8986666666666734
Impartial Culture (IC),6,100,94,6,6,1000,Bottom,k-Median-Shapley,54.300000000000004,54.300000000000004,0.9095000000000066
Impartial Culture (IC),2,100,93,7,7,1000,Cutoff,Evaluative Voting,100.0,100.0,0.5
Impartial Culture (IC),2,100,93,7,7,1000,Cutoff,k-Median Rule,83.3,83.3,0.485
Impartial Culture (IC),2,100,93,7,7,1000,Cutoff,k-Median-Shapley,70.8,62.1,0.6215
Impartial Culture (IC),2,100,93,7,7,1000,Bottom,Evaluative Voting,54.0,54.0,0.73
Impartial Culture (IC),2,100,93,7,7,1000,Bottom,k-Median Rule,78.9,33.300000000000004,0.51
Impartial Culture (IC),2,100,93,7,7,1000,Bottom,k-Median-Shapley,53.6,5.6000000000000005,0.7135
Impartial Culture (IC),3,100,93,7,7,1000,Cutoff,Evaluative Voting,100.0,100.0,0.6666666666666636
Impartial Culture (IC),3,100,93,7,7,1000,Cutoff,k-Median Rule,87.5,87.5,0.599
Impartial Culture (IC),3,100,93,7,7,1000,Cutoff,k-Median-Shapley,80.60000000000001,74.0,0.7016666666666641
Impartial Culture (IC),3,100,93,7,7,1000,Bottom,Evaluative Voting,76.1,76.1,0.7463333333333281
Impartial Culture (IC),3,100,93,7,7,1000,Bottom,k-Median Rule,84.6,43.3,0.6023333333333338
Impartial Culture (IC),3,100,93,7,7,1000,Bottom,k-Median-Shapley,60.3,12.5,0.7736666666666641
Impartial Culture (IC),4,100,93,7,7,1000,Cutoff,Evaluative Voting,100.0,100.0,0.75
Impartial Culture (IC),4,100,93,7,7,1000,Cutoff,k-Median Rule,86.9,86.9,0.7135
Impartial Culture (IC),4,100,93,7,7,1000,Cutoff,k-Median-Shapley,83.5,77.4,0.7695
Impartial Culture (IC),4,100,93,7,7,1000,Bottom,Evaluative Voting,89.3,89.3,0.77675
Impartial Culture (IC),4,100,93,7,7,1000,Bottom,k-Median Rule,84.5,48.5,0.706
Impartial Culture (IC),4,100,93,7,7,1000,Bottom,k-Median-Shapley,65.60000000000001,21.9,0.813
Impartial Culture (IC),5,100,93,7,7,1000,Cutoff,Evaluative Voting,99.9,99.9,0.8001999999999887
Impartial Culture (IC),5,100,93,7,7,1000,Cutoff,k-Median Rule,80.4,80.4,0.8147999999999939
Impartial Culture (IC),5,100,93,7,7,1000,Cutoff,k-Median-Shapley,74.3,69.89999999999999,0.8401999999999922
Impartial Culture (IC),5,100,93,7,7,1000,Bottom,Evaluative Voting,96.2,96.2,0.807599999999989
Impartial Culture (IC),5,100,93,7,7,1000,Bottom,k-Median Rule,79.2,54.800000000000004,0.8039999999999955
Impartial Culture (IC),5,100,93,7,7,1000,Bottom,k-Median-Shapley,60.0,33.900000000000006,0.8647999999999938
Impartial Culture (IC),6,100,93,7,7,1000,Cutoff,Evaluative Voting,99.0,99.0,0.8350000000000097
Impartial Culture (IC),6,100,93,7,7,1000,Cutoff,k-Median Rule,68.30000000000001,68.30000000000001,0.886166666666674
Impartial Culture (IC),6,100,93,7,7,1000,Cutoff,k-Median-Shapley,58.199999999999996,58.199999999999996,0.9030000000000072
Impartial Culture (IC),6,100,93,7,7,1000,Bottom,Evaluative Voting,99.0,99.0,0.8350000000000097
Impartial Culture (IC),6,100,93,7,7,1000,Bottom,k-Median Rule,68.30000000000001,68.30000000000001,0.886166666666674
Impartial Culture (IC),6,100,93,7,7,1000,Bottom,k-Median-Shapley,58.199999999999996,58.199999999999996,0.9030000000000072
Impartial Culture (IC),2,100,92,8,8,1000,Cutoff,Evaluative Voting,100.0,100.0,0.5
Impartial Culture (IC),2,100,92,8,8,1000,Cutoff,k-Median Rule,85.9,85.9,0.469
Impartial Culture (IC),2,100,92,8,8,1000,Cutoff,k-Median-Shapley,75.2,69.6,0.6015
Impartial Culture (IC),2,100,92,8,8,1000,Bottom,Evaluative Voting,71.1,71.1,0.6445
Impartial Culture (IC),2,100,92,8,8,1000,Bottom,k-Median Rule,81.3,43.8,0.4885
Impartial Culture (IC),2,100,92,8,8,1000,Bottom,k-Median-Shapley,53.800000000000004,7.199999999999999,0.7155
Impartial Culture (IC),3,100,92,8,8,1000,Cutoff,Evaluative Voting,100.0,100.0,0.6666666666666636
Impartial Culture (IC),3,100,92,8,8,1000,Cutoff,k-Median Rule,88.8,88.8,0.5953333333333337
Impartial Culture (IC),3,100,92,8,8,1000,Cutoff,k-Median-Shapley,82.5,76.8,0.6943333333333307
Impartial Culture (IC),3,100,92,8,8,1000,Bottom,Evaluative Voting,87.1,87.1,0.709666666666662
Impartial Culture (IC),3,100,92,8,8,1000,Bottom,k-Median Rule,87.6,54.0,0.5873333333333343
Impartial Culture (IC),3,100,92,8,8,1000,Bottom,k-Median-Shapley,62.3,17.299999999999997,0.770666666666663
Impartial Culture (IC),4,100,92,8,8,1000,Cutoff,Evaluative Voting,100.0,100.0,0.75
Impartial Culture (IC),4,100,92,8,8,1000,Cutoff,k-Median Rule,88.0,88.0,0.7125
Impartial Culture (IC),4,100,92,8,8,1000,Cutoff,k-Median-Shapley,85.5,81.3,0.76375
Impartial Culture (IC),4,100,92,8,8,1000,Bottom,Evaluative Voting,95.1,95.1,0.76225
Impartial Culture (IC),4,100,92,8,8,1000,Bottom,k-Median Rule,87.3,57.599999999999994,0.69525
Impartial Culture (IC),4,100,92,8,8,1000,Bottom,k-Median-Shapley,67.30000000000001,27.0,0.80375
Impartial Culture (IC),5,100,92,8,8,1000,Cutoff,Evaluative Voting,100.0,100.0,0.7999999999999887
Impartial Culture (IC),5,100,92,8,8,1000,Cutoff,k-Median Rule,83.2,83.2,0.8107999999999937
Impartial Culture (IC),5,100,92,8,8,1000,Cutoff,k-Median-Shapley,77.60000000000001,73.8,0.8321999999999922
Impartial Culture (IC),5,100,92,8,8,1000,Bottom,Evaluative Voting,98.6,98.6,0.8027999999999887
Impartial Culture (IC),5,100,92,8,8,1000,Bottom,k-Median Rule,83.0,63.0,0.7953999999999956
Impartial Culture (IC),5,100,92,8,8,1000,Bottom,k-Median-Shapley,65.7,41.9,0.8503999999999943
Impartial Culture (IC),6,100,92,8,8,1000,Cutoff,Evaluative Voting,99.7,99.7,0.8338333333333433
Impartial Culture (IC),6,100,92,8,8,1000,Cutoff,k-Median Rule,73.9,73.9,0.8768333333333412
Impartial Culture (IC),6,100,92,8,8,1000,Cutoff,k-Median-Shapley,63.6,63.6,0.8940000000000075
Impartial Culture (IC),6,100,92,8,8,1000,Bottom,Evaluative Voting,99.7,99.7,0.8338333333333433
Impartial Culture (IC),6,100,92,8,8,1000,Bottom,k-Median Rule,73.9,73.9,0.8768333333333412
Impartial Culture (IC),6,100,92,8,8,1000,Bottom,k-Median-Shapley,63.6,63.6,0.8940000000000075
Impartial Culture (IC),2,100,91,9,9,1000,Cutoff,Evaluative Voting,100.0,100.0,0.5
Impartial Culture (IC),2,100,91,9,9,1000,Cutoff,k-Median Rule,91.60000000000001,91.60000000000001,0.4065
Impartial Culture (IC),2,100,91,9,9,1000,Cutoff,k-Median-Shapley,78.5,73.2,0.5815
Impartial Culture (IC),2,100,91,9,9,1000,Bottom,Evaluative Voting,83.3,83.3,0.5835
Impartial Culture (IC),2,100,91,9,9,1000,Bottom,k-Median Rule,87.1,49.8,0.431
Impartial Culture (IC),2,100,91,9,9,1000,Bottom,k-Median-Shapley,56.89999999999999,10.299999999999999,0.696
Impartial Culture (IC),3,100,91,9,9,1000,Cutoff,Evaluative Voting,100.0,100.0,0.6666666666666636
Impartial Culture (IC),3,100,91,9,9,1000,Cutoff,k-Median Rule,93.60000000000001,93.60000000000001,0.5476666666666677
Impartial Culture (IC),3,100,91,9,9,1000,Cutoff,k-Median-Shapley,86.3,81.6,0.6769999999999977
Impartial Culture (IC),3,100,91,9,9,1000,Bottom,Evaluative Voting,93.2,93.2,0.689333333333329
Impartial Culture (IC),3,100,91,9,9,1000,Bottom,k-Median Rule,91.8,58.599999999999994,0.5486666666666676
Impartial Culture (IC),3,100,91,9,9,1000,Bottom,k-Median-Shapley,65.9,18.8,0.7553333333333291
Impartial Culture (IC),4,100,91,9,9,1000,Cutoff,Evaluative Voting,100.0,100.0,0.75
Impartial Culture (IC),4,100,91,9,9,1000,Cutoff,k-Median Rule,93.2,93.2,0.6755
Impartial Culture (IC),4,100,91,9,9,1000,Cutoff,k-Median-Shapley,89.0,85.0,0.75075
Impartial Culture (IC),4,100,91,9,9,1000,Bottom,Evaluative Voting,97.8,97.8,0.7555
Impartial Culture (IC),4,100,91,9,9,1000,Bottom,k-Median Rule,91.2,62.3,0.65725
Impartial Culture (IC),4,100,91,9,9,1000,Bottom,k-Median-Shapley,69.0,29.9,0.799
Impartial Culture (IC),5,100,91,9,9,1000,Cutoff,Evaluative Voting,100.0,100.0,0.7999999999999887
Impartial Culture (IC),5,100,91,9,9,1000,Cutoff,k-Median Rule,88.7,88.7,0.787999999999995
Impartial Culture (IC),5,100,91,9,9,1000,Cutoff,k-Median-Shapley,82.39999999999999,79.5,0.8235999999999911
Impartial Culture (IC),5,100,91,9,9,1000,Bottom,Evaluative Voting,99.3,99.3,0.8013999999999887
Impartial Culture (IC),5,100,91,9,9,1000,Bottom,k-Median Rule,87.2,68.10000000000001,0.7707999999999974
Impartial Culture (IC),5,100,91,9,9,1000,Bottom,k-Median-Shapley,66.3,44.5,0.8487999999999931
Impartial Culture (IC),6,100,91,9,9,1000,Cutoff,Evaluative Voting,99.8,99.8,0.8336666666666767
Impartial Culture (IC),6,100,91,9,9,1000,Cutoff,k-Median Rule,79.2,79.2,0.8680000000000083
Impartial Culture (IC),6,100,91,9,9,1000,Cutoff,k-Median-Shapley,67.5,67.5,0.887500000000008
Impartial Culture (IC),6,100,91,9,9,1000,Bottom,Evaluative Voting,99.8,99.8,0.8336666666666767
Impartial Culture (IC),6,100,91,9,9,1000,Bottom,k-Median Rule,79.2,79.2,0.8680000000000083
Impartial Culture (IC),6,100,91,9,9,1000,Bottom,k-Median-Shapley,67.5,67.5,0.887500000000008
Impartial Culture (IC),2,100,90,10,10,1000,Cutoff,Evaluative Voting,100.0,100.0,0.5
Impartial Culture (IC),2,100,90,10,10,1000,Cutoff,k-Median Rule,93.10000000000001,93.10000000000001,0.3885
Impartial Culture (IC),2,100,90,10,10,1000,Cutoff,k-Median-Shapley,80.60000000000001,75.7,0.5695
Impartial Culture (IC),2,100,90,10,10,1000,Bottom,Evaluative Voting,91.2,91.2,0.544
Impartial Culture (IC),2,100,90,10,10,1000,Bottom,k-Median Rule,89.60000000000001,60.0,0.4015
Impartial Culture (IC),2,100,90,10,10,1000,Bottom,k-Median-Shapley,55.800000000000004,12.8,0.7015
Impartial Culture (IC),3,100,90,10,10,1000,Cutoff,Evaluative Voting,100.0,100.0,0.6666666666666636
Impartial Culture (IC),3,100,90,10,10,1000,Cutoff,k-Median Rule,94.69999999999999,94.69999999999999,0.5443333333333344
Impartial Culture (IC),3,100,90,10,10,1000,Cutoff,k-Median-Shapley,88.1,85.0,0.6696666666666643
Impartial Culture (IC),3,100,90,10,10,1000,Bottom,Evaluative Voting,97.8,97.8,0.6739999999999966
Impartial Culture (IC),3,100,90,10,10,1000,Bottom,k-Median Rule,93.8,68.4,0.5293333333333341
Impartial Culture (IC),3,100,90,10,10,1000,Bottom,k-Median-Shapley,65.3,24.2,0.7503333333333295
Impartial Culture (IC),4,100,90,10,10,1000,Cutoff,Evaluative Voting,100.0,100.0,0.75
Impartial Culture (IC),4,100,90,10,10,1000,Cutoff,k-Median Rule,93.30000000000001,93.30000000000001,0.686
Impartial Culture (IC),4,100,90,10,10,1000,Cutoff,k-Median-Shapley,90.3,87.4,0.75
Impartial Culture (IC),4,100,90,10,10,1000,Bottom,Evaluative Voting,99.2,99.2,0.752
Impartial Culture (IC),4,100,90,10,10,1000,Bottom,k-Median Rule,92.30000000000001,71.0,0.657
Impartial Culture (IC),4,100,90,10,10,1000,Bottom,k-Median-Shapley,69.3,36.3,0.792
Impartial Culture (IC),5,100,90,10,10,1000,Cutoff,Evaluative Voting,100.0,100.0,0.7999999999999887
Impartial Culture (IC),5,100,90,10,10,1000,Cutoff,k-Median Rule,90.5,90.5,0.7903999999999938
Impartial Culture (IC),5,100,90,10,10,1000,Cutoff,k-Median-Shapley,83.8,80.9,0.8199999999999913
Impartial Culture (IC),5,100,90,10,10,1000,Bottom,Evaluative Voting,99.8,99.8,0.8003999999999887
Impartial Culture (IC),5,100,90,10,10,1000,Bottom,k-Median Rule,90.10000000000001,75.1,0.7689999999999967
Impartial Culture (IC),5,100,90,10,10,1000,Bottom,k-Median-Shapley,71.5,51.4,0.8361999999999935
Impartial Culture (IC),6,100,90,10,10,1000,Cutoff,Evaluative Voting,99.9,99.9,0.83350000000001
Impartial Culture (IC),6,100,90,10,10,1000,Cutoff,k-Median Rule,84.0,84.0,0.8600000000000088
Impartial Culture (IC),6,100,90,10,10,1000,Cutoff,k-Median-Shapley,71.8,71.8,0.8803333333333421
Impartial Culture (IC),6,100,90,10,10,1000,Bottom,Evaluative Voting,99.9,99.9,0.83350000000001
Impartial Culture (IC),6,100,90,10,10,1000,Bottom,k-Median Rule,84.0,84.0,0.8600000000000088
Impartial Culture (IC),6,100,90,10,10,1000,Bottom,k-Median-Shapley,71.8,71.8,0.8803333333333421
Impartial Culture (IC),2,100,89,11,11,1000,Cutoff,Evaluative Voting,100.0,100.0,0.5
Impartial Culture (IC),2,100,89,11,11,1000,Cutoff,k-Median Rule,95.5,95.5,0.354
Impartial Culture (IC),2,100,89,11,11,1000,Cutoff,k-Median-Shapley,82.89999999999999,79.60000000000001,0.554
Impartial Culture (IC),2,100,89,11,11,1000,Bottom,Evaluative Voting,95.39999999999999,95.39999999999999,0.523
Impartial Culture (IC),2,100,89,11,11,1000,Bottom,k-Median Rule,91.5,66.2,0.375
Impartial Culture (IC),2,100,89,11,11,1000,Bottom,k-Median-Shapley,58.199999999999996,17.2,0.6845
Impartial Culture (IC),3,100,89,11,11,1000,Cutoff,Evaluative Voting,100.0,100.0,0.6666666666666636
Impartial Culture (IC),3,100,89,11,11,1000,Cutoff,k-Median Rule,97.2,97.2,0.5153333333333348
Impartial Culture (IC),3,100,89,11,11,1000,Cutoff,k-Median-Shapley,90.2,86.1,0.6589999999999981
Impartial Culture (IC),3,100,89,11,11,1000,Bottom,Evaluative Voting,98.9,98.9,0.6703333333333301
Impartial Culture (IC),3,100,89,11,11,1000,Bottom,k-Median Rule,95.1,72.1,0.5063333333333341
Impartial Culture (IC),3,100,89,11,11,1000,Bottom,k-Median-Shapley,67.9,30.2,0.7306666666666644
Impartial Culture (IC),4,100,89,11,11,1000,Cutoff,Evaluative Voting,100.0,100.0,0.75
Impartial Culture (IC),4,100,89,11,11,1000,Cutoff,k-Median Rule,95.6,95.6,0.662
Impartial Culture (IC),4,100,89,11,11,1000,Cutoff,k-Median-Shapley,91.8,89.60000000000001,0.74275
Impartial Culture (IC),4,100,89,11,11,1000,Bottom,Evaluative Voting,99.7,99.7,0.75075
Impartial Culture (IC),4,100,89,11,11,1000,Bottom,k-Median Rule,94.8,74.5,0.63125
Impartial Culture (IC),4,100,89,11,11,1000,Bottom,k-Median-Shapley,73.8,42.8,0.7775
Impartial Culture (IC),5,100,89,11,11,1000,Cutoff,Evaluative Voting,100.0,100.0,0.7999999999999887
Impartial Culture (IC),5,100,89,11,11,1000,Cutoff,k-Median Rule,93.89999999999999,93.89999999999999,0.7759999999999948
Impartial Culture (IC),5,100,89,11,11,1000,Cutoff,k-Median-Shapley,86.5,84.1,0.8131999999999916
Impartial Culture (IC),5,100,89,11,11,1000,Bottom,Evaluative Voting,100.0,100.0,0.7999999999999887
Impartial Culture (IC),5,100,89,11,11,1000,Bottom,k-Median Rule,92.7,78.7,0.7507999999999989
Impartial Culture (IC),5,100,89,11,11,1000,Bottom,k-Median-Shapley,74.2,56.99999999999999,0.829199999999994
Impartial Culture (IC),6,100,89,11,11,1000,Cutoff,Evaluative Voting,100.0,100.0,0.8333333333333433
Impartial Culture (IC),6,100,89,11,11,1000,Cutoff,k-Median Rule,86.9,86.9,0.8551666666666754
Impartial Culture (IC),6,100,89,11,11,1000,Cutoff,k-Median-Shapley,76.6,76.6,0.8723333333333422
Impartial Culture (IC),6,100,89,11,11,1000,Bottom,Evaluative Voting,100.0,100.0,0.8333333333333433
Impartial Culture (IC),6,100,89,11,11,1000,Bottom,k-Median Rule,86.9,86.9,0.8551666666666754
Impartial Culture (IC),6,100,89,11,11,1000,Bottom,k-Median-Shapley,76.6,76.6,0.8723333333333422
Impartial Culture (IC),2,100,88,12,12,1000,Cutoff,Evaluative Voting,100.0,100.0,0.5
Impartial Culture (IC),2,100,88,12,12,1000,Cutoff,k-Median Rule,96.5,96.5,0.356
Impartial Culture (IC),2,100,88,12,12,1000,Cutoff,k-Median-Shapley,86.4,82.89999999999999,0.533
Impartial Culture (IC),2,100,88,12,12,1000,Bottom,Evaluative Voting,98.8,98.8,0.506
Impartial Culture (IC),2,100,88,12,12,1000,Bottom,k-Median Rule,93.30000000000001,73.8,0.359
Impartial Culture (IC),2,100,88,12,12,1000,Bottom,k-Median-Shapley,59.4,19.400000000000002,0.675
Impartial Culture (IC),3,100,88,12,12,1000,Cutoff,Evaluative Voting,100.0,100.0,0.6666666666666636
Impartial Culture (IC),3,100,88,12,12,1000,Cutoff,k-Median Rule,97.7,97.7,0.5206666666666682
Impartial Culture (IC),3,100,88,12,12,1000,Cutoff,k-Median-Shapley,92.10000000000001,89.4,0.6513333333333315
Impartial Culture (IC),3,100,88,12,12,1000,Bottom,Evaluative Voting,99.7,99.7,0.6676666666666635
Impartial Culture (IC),3,100,88,12,12,1000,Bottom,k-Median Rule,95.6,78.3,0.5003333333333341
Impartial Culture (IC),3,100,88,12,12,1000,Bottom,k-Median-Shapley,68.5,32.6,0.7296666666666635
Impartial Culture (IC),4,100,88,12,12,1000,Cutoff,Evaluative Voting,100.0,100.0,0.75
Impartial Culture (IC),4,100,88,12,12,1000,Cutoff,k-Median Rule,95.89999999999999,95.89999999999999,0.66925
Impartial Culture (IC),4,100,88,12,12,1000,Cutoff,k-Median-Shapley,92.5,90.60000000000001,0.7385
Impartial Culture (IC),4,100,88,12,12,1000,Bottom,Evaluative Voting,100.0,100.0,0.75
Impartial Culture (IC),4,100,88,12,12,1000,Bottom,k-Median Rule,95.89999999999999,80.10000000000001,0.6325
Impartial Culture (IC),4,100,88,12,12,1000,Bottom,k-Median-Shapley,75.2,46.2,0.77
Impartial Culture (IC),5,100,88,12,12,1000,Cutoff,Evaluative Voting,100.0,100.0,0.7999999999999887
Impartial Culture (IC),5,100,88,12,12,1000,Cutoff,k-Median Rule,94.5,94.5,0.7775999999999939
Impartial Culture (IC),5,100,88,12,12,1000,Cutoff,k-Median-Shapley,90.4,88.6,0.8063999999999912
Impartial Culture (IC),5,100,88,12,12,1000,Bottom,Evaluative Voting,100.0,100.0,0.7999999999999887
Impartial Culture (IC),5,100,88,12,12,1000,Bottom,k-Median Rule,94.1,83.39999999999999,0.7489999999999988
Impartial Culture (IC),5,100,88,12,12,1000,Bottom,k-Median-Shapley,77.3,62.5,0.8183999999999947
Impartial Culture (IC),6,100,88,12,12,1000,Cutoff,Evaluative Voting,100.0,100.0,0.8333333333333433
Impartial Culture (IC),6,100,88,12,12,1000,Cutoff,k-Median Rule,89.8,89.8,0.8503333333333423
Impartial Culture (IC),6,100,88,12,12,1000,Cutoff,k-Median-Shapley,79.60000000000001,79.60000000000001,0.8673333333333421
Impartial Culture (IC),6,100,88,12,12,1000,Bottom,Evaluative Voting,100.0,100.0,0.8333333333333433
Impartial Culture (IC),6,100,88,12,12,1000,Bottom,k-Median Rule,89.8,89.8,0.8503333333333423
Impartial Culture (IC),6,100,88,12,12,1000,Bottom,k-Median-Shapley,79.60000000000001,79.60000000000001,0.8673333333333421
Impartial Culture (IC),2,100,87,13,13,1000,Cutoff,Evaluative Voting,100.0,100.0,0.5
Impartial Culture (IC),2,100,87,13,13,1000,Cutoff,k-Median Rule,98.0,98.0,0.343
Impartial Culture (IC),2,100,87,13,13,1000,Cutoff,k-Median-Shapley,87.3,84.39999999999999,0.532
Impartial Culture (IC),2,100,87,13,13,1000,Bottom,Evaluative Voting,99.3,99.3,0.5035
Impartial Culture (IC),2,100,87,13,13,1000,Bottom,k-Median Rule,93.8,76.6,0.355
Impartial Culture (IC),2,100,87,13,13,1000,Bottom,k-Median-Shapley,61.0,20.0,0.669
Impartial Culture (IC),3,100,87,13,13,1000,Cutoff,Evaluative Voting,100.0,100.0,0.6666666666666636
Impartial Culture (IC),3,100,87,13,13,1000,Cutoff,k-Median Rule,98.5,98.5,0.5070000000000016
Impartial Culture (IC),3,100,87,13,13,1000,Cutoff,k-Median-Shapley,94.3,91.5,0.6449999999999987
Impartial Culture (IC),3,100,87,13,13,1000,Bottom,Evaluative Voting,100.0,100.0,0.6666666666666636
Impartial Culture (IC),3,100,87,13,13,1000,Bottom,k-Median Rule,95.6,79.80000000000001,0.491333333333334
Impartial Culture (IC),3,100,87,13,13,1000,Bottom,k-Median-Shapley,72.6,37.1,0.7113333333333308
Impartial Culture (IC),4,100,87,13,13,1000,Cutoff,Evaluative Voting,100.0,100.0,0.75
Impartial Culture (IC),4,100,87,13,13,1000,Cutoff,k-Median Rule,98.0,98.0,0.6465
Impartial Culture (IC),4,100,87,13,13,1000,Cutoff,k-Median-Shapley,94.6,92.7,0.73225
Impartial Culture (IC),4,100,87,13,13,1000,Bottom,Evaluative Voting,100.0,100.0,0.75
Impartial Culture (IC),4,100,87,13,13,1000,Bottom,k-Median Rule,96.89999999999999,82.39999999999999,0.61575
Impartial Culture (IC),4,100,87,13,13,1000,Bottom,k-Median-Shapley,78.3,49.6,0.761
Impartial Culture (IC),5,100,87,13,13,1000,Cutoff,Evaluative Voting,100.0,100.0,0.7999999999999887
Impartial Culture (IC),5,100,87,13,13,1000,Cutoff,k-Median Rule,96.6,96.6,0.7637999999999951
Impartial Culture (IC),5,100,87,13,13,1000,Cutoff,k-Median-Shapley,91.8,90.3,0.8023999999999916
Impartial Culture (IC),5,100,87,13,13,1000,Bottom,Evaluative Voting,100.0,100.0,0.7999999999999887
Impartial Culture (IC),5,100,87,13,13,1000,Bottom,k-Median Rule,95.3,86.1,0.7340000000000004
Impartial Culture (IC),5,100,87,13,13,1000,Bottom,k-Median-Shapley,79.3,66.7,0.8135999999999948
Impartial Culture (IC),6,100,87,13,13,1000,Cutoff,Evaluative Voting,100.0,100.0,0.8333333333333433
Impartial Culture (IC),6,100,87,13,13,1000,Cutoff,k-Median Rule,92.4,92.4,0.8460000000000091
Impartial Culture (IC),6,100,87,13,13,1000,Cutoff,k-Median-Shapley,83.7,83.7,0.860500000000009
Impartial Culture (IC),6,100,87,13,13,1000,Bottom,Evaluative Voting,100.0,100.0,0.8333333333333433
Impartial Culture (IC),6,100,87,13,13,1000,Bottom,k-Median Rule,92.4,92.4,0.8460000000000091
Impartial Culture (IC),6,100,87,13,13,1000,Bottom,k-Median-Shapley,83.7,83.7,0.860500000000009
Impartial Culture (IC),2,100,86,14,14,1000,Cutoff,Evaluative Voting,100.0,100.0,0.5
Impartial Culture (IC),2,100,86,14,14,1000,Cutoff,k-Median Rule,98.3,98.3,0.3465
Impartial Culture (IC),2,100,86,14,14,1000,Cutoff,k-Median-Shapley,90.7,87.8,0.5105
Impartial Culture (IC),2,100,86,14,14,1000,Bottom,Evaluative Voting,99.8,99.8,0.501
Impartial Culture (IC),2,100,86,14,14,1000,Bottom,k-Median Rule,95.1,82.6,0.3505
Impartial Culture (IC),2,100,86,14,14,1000,Bottom,k-Median-Shapley,62.5,23.5,0.659
Impartial Culture (IC),3,100,86,14,14,1000,Cutoff,Evaluative Voting,100.0,100.0,0.6666666666666636
Impartial Culture (IC),3,100,86,14,14,1000,Cutoff,k-Median Rule,98.6,98.6,0.5136666666666684
Impartial Culture (IC),3,100,86,14,14,1000,Cutoff,k-Median-Shapley,94.8,92.5,0.6399999999999991
Impartial Culture (IC),3,100,86,14,14,1000,Bottom,Evaluative Voting,100.0,100.0,0.6666666666666636
Impartial Culture (IC),3,100,86,14,14,1000,Bottom,k-Median Rule,96.5,85.0,0.4876666666666671
Impartial Culture (IC),3,100,86,14,14,1000,Bottom,k-Median-Shapley,72.7,40.5,0.7139999999999976
Impartial Culture (IC),4,100,86,14,14,1000,Cutoff,Evaluative Voting,100.0,100.0,0.75
Impartial Culture (IC),4,100,86,14,14,1000,Cutoff,k-Median Rule,98.3,98.3,0.65275
Impartial Culture (IC),4,100,86,14,14,1000,Cutoff,k-Median-Shapley,95.6,94.1,0.72825
Impartial Culture (IC),4,100,86,14,14,1000,Bottom,Evaluative Voting,100.0,100.0,0.75
Impartial Culture (IC),4,100,86,14,14,1000,Bottom,k-Median Rule,97.5,86.8,0.6195
Impartial Culture (IC),4,100,86,14,14,1000,Bottom,k-Median-Shapley,79.80000000000001,54.1,0.758
Impartial Culture (IC),5,100,86,14,14,1000,Cutoff,Evaluative Voting,100.0,100.0,0.7999999999999887
Impartial Culture (IC),5,100,86,14,14,1000,Cutoff,k-Median Rule,97.3,97.3,0.7641999999999944
Impartial Culture (IC),5,100,86,14,14,1000,Cutoff,k-Median-Shapley,92.30000000000001,90.8,0.7983999999999917
Impartial Culture (IC),5,100,86,14,14,1000,Bottom,Evaluative Voting,100.0,100.0,0.7999999999999887
Impartial Culture (IC),5,100,86,14,14,1000,Bottom,k-Median Rule,96.89999999999999,89.5,0.7351999999999993
Impartial Culture (IC),5,100,86,14,14,1000,Bottom,k-Median-Shapley,82.3,70.39999999999999,0.8071999999999939
Impartial Culture (IC),6,100,86,14,14,1000,Cutoff,Evaluative Voting,100.0,100.0,0.8333333333333433
Impartial Culture (IC),6,100,86,14,14,1000,Cutoff,k-Median Rule,94.6,94.6,0.8423333333333427
Impartial Culture (IC),6,100,86,14,14,1000,Cutoff,k-Median-Shapley,86.9,86.9,0.8551666666666758
Impartial Culture (IC),6,100,86,14,14,1000,Bottom,Evaluative Voting,100.0,100.0,0.8333333333333433
Impartial Culture (IC),6,100,86,14,14,1000,Bottom,k-Median Rule,94.6,94.6,0.8423333333333427
Impartial Culture (IC),6,100,86,14,14,1000,Bottom,k-Median-Shapley,86.9,86.9,0.8551666666666758
Impartial Culture (IC),2,100,85,15,15,1000,Cutoff,Evaluative Voting,100.0,100.0,0.5
Impartial Culture (IC),2,100,85,15,15,1000,Cutoff,k-Median Rule,99.0,99.0,0.334
Impartial Culture (IC),2,100,85,15,15,1000,Cutoff,k-Median-Shapley,91.10000000000001,88.2,0.505
Impartial Culture (IC),2,100,85,15,15,1000,Bottom,Evaluative Voting,100.0,100.0,0.5
Impartial Culture (IC),2,100,85,15,15,1000,Bottom,k-Median Rule,95.3,85.2,0.3395
Impartial Culture (IC),2,100,85,15,15,1000,Bottom,k-Median-Shapley,65.2,26.900000000000002,0.646
Impartial Culture (IC),3,100,85,15,15,1000,Cutoff,Evaluative Voting,100.0,100.0,0.6666666666666636
Impartial Culture (IC),3,100,85,15,15,1000,Cutoff,k-Median Rule,99.3,99.3,0.5010000000000009
Impartial Culture (IC),3,100,85,15,15,1000,Cutoff,k-Median-Shapley,95.1,94.1,0.6316666666666656
Impartial Culture (IC),3,100,85,15,15,1000,Bottom,Evaluative Voting,100.0,100.0,0.6666666666666636
Impartial Culture (IC),3,100,85,15,15,1000,Bottom,k-Median Rule,97.0,87.2,0.4810000000000001
Impartial Culture (IC),3,100,85,15,15,1000,Bottom,k-Median-Shapley,75.9,44.3,0.6976666666666638
Impartial Culture (IC),4,100,85,15,15,1000,Cutoff,Evaluative Voting,100.0,100.0,0.75
Impartial Culture (IC),4,100,85,15,15,1000,Cutoff,k-Median Rule,98.9,98.9,0.64175
Impartial Culture (IC),4,100,85,15,15,1000,Cutoff,k-Median-Shapley,96.39999999999999,95.5,0.7255
Impartial Culture (IC),4,100,85,15,15,1000,Bottom,Evaluative Voting,100.0,100.0,0.75
Impartial Culture (IC),4,100,85,15,15,1000,Bottom,k-Median Rule,98.3,89.0,0.60725
Impartial Culture (IC),4,100,85,15,15,1000,Bottom,k-Median-Shapley,81.10000000000001,59.599999999999994,0.74775
Impartial Culture (IC),5,100,85,15,15,1000,Cutoff,Evaluative Voting,100.0,100.0,0.7999999999999887
Impartial Culture (IC),5,100,85,15,15,1000,Cutoff,k-Median Rule,98.7,98.7,0.7521999999999961
Impartial Culture (IC),5,100,85,15,15,1000,Cutoff,k-Median-Shapley,93.7,92.4,0.795199999999992
Impartial Culture (IC),5,100,85,15,15,1000,Bottom,Evaluative Voting,100.0,100.0,0.7999999999999887
Impartial Culture (IC),5,100,85,15,15,1000,Bottom,k-Median Rule,97.89999999999999,91.9,0.7270000000000005
Impartial Culture (IC),5,100,85,15,15,1000,Bottom,k-Median-Shapley,84.5,74.3,0.7953999999999959
Impartial Culture (IC),6,100,85,15,15,1000,Cutoff,Evaluative Voting,100.0,100.0,0.8333333333333433
Impartial Culture (IC),6,100,85,15,15,1000,Cutoff,k-Median Rule,96.7,96.7,0.8388333333333428
Impartial Culture (IC),6,100,85,15,15,1000,Cutoff,k-Median-Shapley,89.0,89.0,0.8516666666666762
Impartial Culture (IC),6,100,85,15,15,1000,Bottom,Evaluative Voting,100.0,100.0,0.8333333333333433
Impartial Culture (IC),6,100,85,15,15,1000,Bottom,k-Median Rule,96.7,96.7,0.8388333333333428
Impartial Culture (IC),6,100,85,15,15,1000,Bottom,k-Median-Shapley,89.0,89.0,0.8516666666666762
Impartial Culture (IC),2,100,84,16,16,1000,Cutoff,Evaluative Voting,100.0,100.0,0.5
Impartial Culture (IC),2,100,84,16,16,1000,Cutoff,k-Median Rule,99.3,99.3,0.3305
Impartial Culture (IC),2,100,84,16,16,1000,Cutoff,k-Median-Shapley,92.0,90.0,0.5
Impartial Culture (IC),2,100,84,16,16,1000,Bottom,Evaluative Voting,100.0,100.0,0.5
Impartial Culture (IC),2,100,84,16,16,1000,Bottom,k-Median Rule,96.89999999999999,89.5,0.3225
Impartial Culture (IC),2,100,84,16,16,1000,Bottom,k-Median-Shapley,62.8,30.8,0.654
Impartial Culture (IC),3,100,84,16,16,1000,Cutoff,Evaluative Voting,100.0,100.0,0.6666666666666636
Impartial Culture (IC),3,100,84,16,16,1000,Cutoff,k-Median Rule,99.8,99.8,0.5050000000000011
Impartial Culture (IC),3,100,84,16,16,1000,Cutoff,k-Median-Shapley,95.89999999999999,95.19999999999999,0.6363333333333324
Impartial Culture (IC),3,100,84,16,16,1000,Bottom,Evaluative Voting,100.0,100.0,0.6666666666666636
Impartial Culture (IC),3,100,84,16,16,1000,Bottom,k-Median Rule,97.7,90.7,0.4763333333333336
Impartial Culture (IC),3,100,84,16,16,1000,Bottom,k-Median-Shapley,77.0,48.8,0.6943333333333302
Impartial Culture (IC),4,100,84,16,16,1000,Cutoff,Evaluative Voting,100.0,100.0,0.75
Impartial Culture (IC),4,100,84,16,16,1000,Cutoff,k-Median Rule,99.0,99.0,0.645
Impartial Culture (IC),4,100,84,16,16,1000,Cutoff,k-Median-Shapley,95.89999999999999,95.19999999999999,0.7265
Impartial Culture (IC),4,100,84,16,16,1000,Bottom,Evaluative Voting,100.0,100.0,0.75
Impartial Culture (IC),4,100,84,16,16,1000,Bottom,k-Median Rule,98.4,92.10000000000001,0.60575
Impartial Culture (IC),4,100,84,16,16,1000,Bottom,k-Median-Shapley,83.2,63.2,0.748
Impartial Culture (IC),5,100,84,16,16,1000,Cutoff,Evaluative Voting,100.0,100.0,0.7999999999999887
Impartial Culture (IC),5,100,84,16,16,1000,Cutoff,k-Median Rule,98.7,98.7,0.751399999999996
Impartial Culture (IC),5,100,84,16,16,1000,Cutoff,k-Median-Shapley,95.1,94.69999999999999,0.7919999999999923
Impartial Culture (IC),5,100,84,16,16,1000,Bottom,Evaluative Voting,100.0,100.0,0.7999999999999887
Impartial Culture (IC),5,100,84,16,16,1000,Bottom,k-Median Rule,98.2,94.3,0.7270000000000003
Impartial Culture (IC),5,100,84,16,16,1000,Bottom,k-Median-Shapley,87.6,78.9,0.7899999999999952
Impartial Culture (IC),6,100,84,16,16,1000,Cutoff,Evaluative Voting,100.0,100.0,0.8333333333333433
Impartial Culture (IC),6,100,84,16,16,1000,Cutoff,k-Median Rule,97.2,97.2,0.8380000000000095
Impartial Culture (IC),6,100,84,16,16,1000,Cutoff,k-Median-Shapley,91.3,91.3,0.847833333333343
Impartial Culture (IC),6,100,84,16,16,1000,Bottom,Evaluative Voting,100.0,100.0,0.8333333333333433
Impartial Culture (IC),6,100,84,16,16,1000,Bottom,k-Median Rule,97.2,97.2,0.8380000000000095
Impartial Culture (IC),6,100,84,16,16,1000,Bottom,k-Median-Shapley,91.3,91.3,0.847833333333343
Impartial Culture (IC),2,100,83,17,17,1000,Cutoff,Evaluative Voting,100.0,100.0,0.5
Impartial Culture (IC),2,100,83,17,17,1000,Cutoff,k-Median Rule,99.5,99.5,0.3375
Impartial Culture (IC),2,100,83,17,17,1000,Cutoff,k-Median-Shapley,93.8,92.60000000000001,0.4875
Impartial Culture (IC),2,100,83,17,17,1000,Bottom,Evaluative Voting,100.0,100.0,0.5
Impartial Culture (IC),2,100,83,17,17,1000,Bottom,k-Median Rule,97.8,91.5,0.3335
Impartial Culture (IC),2,100,83,17,17,1000,Bottom,k-Median-Shapley,66.8,32.4,0.6325
Impartial Culture (IC),3,100,83,17,17,1000,Cutoff,Evaluative Voting,100.0,100.0,0.6666666666666636
Impartial Culture (IC),3,100,83,17,17,1000,Cutoff,k-Median Rule,99.9,99.9,0.5020000000000008
Impartial Culture (IC),3,100,83,17,17,1000,Cutoff,k-Median-Shapley,96.8,95.89999999999999,0.6269999999999994
Impartial Culture (IC),3,100,83,17,17,1000,Bottom,Evaluative Voting,100.0,100.0,0.6666666666666636
Impartial Culture (IC),3,100,83,17,17,1000,Bottom,k-Median Rule,98.6,92.2,0.47933333333333383
Impartial Culture (IC),3,100,83,17,17,1000,Bottom,k-Median-Shapley,79.2,53.0,0.6783333333333311
Impartial Culture (IC),4,100,83,17,17,1000,Cutoff,Evaluative Voting,100.0,100.0,0.75
Impartial Culture (IC),4,100,83,17,17,1000,Cutoff,k-Median Rule,99.5,99.5,0.6365
Impartial Culture (IC),4,100,83,17,17,1000,Cutoff,k-Median-Shapley,96.3,95.6,0.72925
Impartial Culture (IC),4,100,83,17,17,1000,Bottom,Evaluative Voting,100.0,100.0,0.75
Impartial Culture (IC),4,100,83,17,17,1000,Bottom,k-Median Rule,98.7,93.30000000000001,0.60475
Impartial Culture (IC),4,100,83,17,17,1000,Bottom,k-Median-Shapley,85.8,67.5,0.73125
Impartial Culture (IC),5,100,83,17,17,1000,Cutoff,Evaluative Voting,100.0,100.0,0.7999999999999887
Impartial Culture (IC),5,100,83,17,17,1000,Cutoff,k-Median Rule,99.2,99.2,0.7449999999999972
Impartial Culture (IC),5,100,83,17,17,1000,Cutoff,k-Median-Shapley,96.2,95.89999999999999,0.7915999999999921
Impartial Culture (IC),5,100,83,17,17,1000,Bottom,Evaluative Voting,100.0,100.0,0.7999999999999887
Impartial Culture (IC),5,100,83,17,17,1000,Bottom,k-Median Rule,98.7,96.0,0.7222000000000011
Impartial Culture (IC),5,100,83,17,17,1000,Bottom,k-Median-Shapley,90.5,82.39999999999999,0.7837999999999951
Impartial Culture (IC),6,100,83,17,17,1000,Cutoff,Evaluative Voting,100.0,100.0,0.8333333333333433
Impartial Culture (IC),6,100,83,17,17,1000,Cutoff,k-Median Rule,98.4,98.4,0.8360000000000096
Impartial Culture (IC),6,100,83,17,17,1000,Cutoff,k-Median-Shapley,94.0,94.0,0.8433333333333431
Impartial Culture (IC),6,100,83,17,17,1000,Bottom,Evaluative Voting,100.0,100.0,0.8333333333333433
Impartial Culture (IC),6,100,83,17,17,1000,Bottom,k-Median Rule,98.4,98.4,0.8360000000000096
Impartial Culture (IC),6,100,83,17,17,1000,Bottom,k-Median-Shapley,94.0,94.0,0.8433333333333431
Impartial Culture (IC),2,100,82,18,18,1000,Cutoff,Evaluative Voting,100.0,100.0,0.5
Impartial Culture (IC),2,100,82,18,18,1000,Cutoff,k-Median Rule,99.7,99.7,0.3435
Impartial Culture (IC),2,100,82,18,18,1000,Cutoff,k-Median-Shapley,94.1,92.7,0.487
Impartial Culture (IC),2,100,82,18,18,1000,Bottom,Evaluative Voting,100.0,100.0,0.5
Impartial Culture (IC),2,100,82,18,18,1000,Bottom,k-Median Rule,98.1,93.7,0.3325
Impartial Culture (IC),2,100,82,18,18,1000,Bottom,k-Median-Shapley,69.3,34.699999999999996,0.6155
Impartial Culture (IC),3,100,82,18,18,1000,Cutoff,Evaluative Voting,100.0,100.0,0.6666666666666636
Impartial Culture (IC),3,100,82,18,18,1000,Cutoff,k-Median Rule,99.9,99.9,0.5070000000000008
Impartial Culture (IC),3,100,82,18,18,1000,Cutoff,k-Median-Shapley,96.3,95.7,0.6310000000000006
Impartial Culture (IC),3,100,82,18,18,1000,Bottom,Evaluative Voting,100.0,100.0,0.6666666666666636
Impartial Culture (IC),3,100,82,18,18,1000,Bottom,k-Median Rule,98.4,94.19999999999999,0.4726666666666667
Impartial Culture (IC),3,100,82,18,18,1000,Bottom,k-Median-Shapley,79.2,55.900000000000006,0.6789999999999987
Impartial Culture (IC),4,100,82,18,18,1000,Cutoff,Evaluative Voting,100.0,100.0,0.75
Impartial Culture (IC),4,100,82,18,18,1000,Cutoff,k-Median Rule,99.6,99.6,0.64025
Impartial Culture (IC),4,100,82,18,18,1000,Cutoff,k-Median-Shapley,97.1,96.89999999999999,0.7265
Impartial Culture (IC),4,100,82,18,18,1000,Bottom,Evaluative Voting,100.0,100.0,0.75
Impartial Culture (IC),4,100,82,18,18,1000,Bottom,k-Median Rule,99.2,95.6,0.60075
Impartial Culture (IC),4,100,82,18,18,1000,Bottom,k-Median-Shapley,88.1,72.3,0.728
Impartial Culture (IC),5,100,82,18,18,1000,Cutoff,Evaluative Voting,100.0,100.0,0.7999999999999887
Impartial Culture (IC),5,100,82,18,18,1000,Cutoff,k-Median Rule,99.5,99.5,0.745199999999997
Impartial Culture (IC),5,100,82,18,18,1000,Cutoff,k-Median-Shapley,97.0,96.7,0.7913999999999914
Impartial Culture (IC),5,100,82,18,18,1000,Bottom,Evaluative Voting,100.0,100.0,0.7999999999999887
Impartial Culture (IC),5,100,82,18,18,1000,Bottom,k-Median Rule,99.0,97.0,0.7218000000000009
Impartial Culture (IC),5,100,82,18,18,1000,Bottom,k-Median-Shapley,92.10000000000001,85.39999999999999,0.7817999999999944
Impartial Culture (IC),6,100,82,18,18,1000,Cutoff,Evaluative Voting,100.0,100.0,0.8333333333333433
Impartial Culture (IC),6,100,82,18,18,1000,Cutoff,k-Median Rule,99.0,99.0,0.8350000000000097
Impartial Culture (IC),6,100,82,18,18,1000,Cutoff,k-Median-Shapley,95.19999999999999,95.19999999999999,0.8413333333333431
Impartial Culture (IC),6,100,82,18,18,1000,Bottom,Evaluative Voting,100.0,100.0,0.8333333333333433
Impartial Culture (IC),6,100,82,18,18,1000,Bottom,k-Median Rule,99.0,99.0,0.8350000000000097
Impartial Culture (IC),6,100,82,18,18,1000,Bottom,k-Median-Shapley,95.19999999999999,95.19999999999999,0.8413333333333431
Impartial Culture (IC),2,100,81,19,19,1000,Cutoff,Evaluative Voting,100.0,100.0,0.5
Impartial Culture (IC),2,100,81,19,19,1000,Cutoff,k-Median Rule,99.8,99.8,0.348
Impartial Culture (IC),2,100,81,19,19,1000,Cutoff,k-Median-Shapley,94.89999999999999,94.1,0.4745
Impartial Culture (IC),2,100,81,19,19,1000,Bottom,Evaluative Voting,100.0,100.0,0.5
Impartial Culture (IC),2,100,81,19,19,1000,Bottom,k-Median Rule,97.89999999999999,94.8,0.343
Impartial Culture (IC),2,100,81,19,19,1000,Bottom,k-Median-Shapley,71.3,39.2,0.599
Impartial Culture (IC),3,100,81,19,19,1000,Cutoff,Evaluative Voting,100.0,100.0,0.6666666666666636
Impartial Culture (IC),3,100,81,19,19,1000,Cutoff,k-Median Rule,100.0,100.0,0.5080000000000012
Impartial Culture (IC),3,100,81,19,19,1000,Cutoff,k-Median-Shapley,97.7,97.2,0.6223333333333331
Impartial Culture (IC),3,100,81,19,19,1000,Bottom,Evaluative Voting,100.0,100.0,0.6666666666666636
Impartial Culture (IC),3,100,81,19,19,1000,Bottom,k-Median Rule,98.6,95.39999999999999,0.48100000000000087
Impartial Culture (IC),3,100,81,19,19,1000,Bottom,k-Median-Shapley,83.39999999999999,59.599999999999994,0.654999999999999
Impartial Culture (IC),4,100,81,19,19,1000,Cutoff,Evaluative Voting,100.0,100.0,0.75
Impartial Culture (IC),4,100,81,19,19,1000,Cutoff,k-Median Rule,99.7,99.7,0.63925
Impartial Culture (IC),4,100,81,19,19,1000,Cutoff,k-Median-Shapley,97.89999999999999,97.8,0.72125
Impartial Culture (IC),4,100,81,19,19,1000,Bottom,Evaluative Voting,100.0,100.0,0.75
Impartial Culture (IC),4,100,81,19,19,1000,Bottom,k-Median Rule,99.1,96.6,0.60725
Impartial Culture (IC),4,100,81,19,19,1000,Bottom,k-Median-Shapley,90.10000000000001,75.8,0.72
Impartial Culture (IC),5,100,81,19,19,1000,Cutoff,Evaluative Voting,100.0,100.0,0.7999999999999887
Impartial Culture (IC),5,100,81,19,19,1000,Cutoff,k-Median Rule,99.6,99.6,0.7431999999999969
Impartial Culture (IC),5,100,81,19,19,1000,Cutoff,k-Median-Shapley,97.6,97.3,0.7861999999999921
Impartial Culture (IC),5,100,81,19,19,1000,Bottom,Evaluative Voting,100.0,100.0,0.7999999999999887
Impartial Culture (IC),5,100,81,19,19,1000,Bottom,k-Median Rule,99.3,98.0,0.7236
Impartial Culture (IC),5,100,81,19,19,1000,Bottom,k-Median-Shapley,92.80000000000001,87.1,0.7773999999999945
Impartial Culture (IC),6,100,81,19,19,1000,Cutoff,Evaluative Voting,100.0,100.0,0.8333333333333433
Impartial Culture (IC),6,100,81,19,19,1000,Cutoff,k-Median Rule,99.4,99.4,0.8343333333333431
Impartial Culture (IC),6,100,81,19,19,1000,Cutoff,k-Median-Shapley,96.2,96.2,0.8396666666666764
Impartial Culture (IC),6,100,81,19,19,1000,Bottom,Evaluative Voting,100.0,100.0,0.8333333333333433
Impartial Culture (IC),6,100,81,19,19,1000,Bottom,k-Median Rule,99.4,99.4,0.8343333333333431
Impartial Culture (IC),6,100,81,19,19,1000,Bottom,k-Median-Shapley,96.2,96.2,0.8396666666666764
Impartial Culture (IC),2,100,80,20,20,1000,Cutoff,Evaluative Voting,100.0,100.0,0.5
Impartial Culture (IC),2,100,80,20,20,1000,Cutoff,k-Median Rule,99.9,99.9,0.3465
Impartial Culture (IC),2,100,80,20,20,1000,Cutoff,k-Median-Shapley,95.39999999999999,94.6,0.475
Impartial Culture (IC),2,100,80,20,20,1000,Bottom,Evaluative Voting,100.0,100.0,0.5
Impartial Culture (IC),2,100,80,20,20,1000,Bottom,k-Median Rule,98.4,96.3,0.3325
Impartial Culture (IC),2,100,80,20,20,1000,Bottom,k-Median-Shapley,72.5,41.4,0.5895
Impartial Culture (IC),3,100,80,20,20,1000,Cutoff,Evaluative Voting,100.0,100.0,0.6666666666666636
Impartial Culture (IC),3,100,80,20,20,1000,Cutoff,k-Median Rule,99.9,99.9,0.5130000000000013
Impartial Culture (IC),3,100,80,20,20,1000,Cutoff,k-Median-Shapley,97.7,97.1,0.6213333333333341
Impartial Culture (IC),3,100,80,20,20,1000,Bottom,Evaluative Voting,100.0,100.0,0.6666666666666636
Impartial Culture (IC),3,100,80,20,20,1000,Bottom,k-Median Rule,98.9,96.6,0.48000000000000076
Impartial Culture (IC),3,100,80,20,20,1000,Bottom,k-Median-Shapley,82.5,59.9,0.6596666666666655
Impartial Culture (IC),4,100,80,20,20,1000,Cutoff,Evaluative Voting,100.0,100.0,0.75
Impartial Culture (IC),4,100,80,20,20,1000,Cutoff,k-Median Rule,99.8,99.8,0.636
Impartial Culture (IC),4,100,80,20,20,1000,Cutoff,k-Median-Shapley,98.3,97.89999999999999,0.71625
Impartial Culture (IC),4,100,80,20,20,1000,Bottom,Evaluative Voting,100.0,100.0,0.75
Impartial Culture (IC),4,100,80,20,20,1000,Bottom,k-Median Rule,99.5,97.7,0.606
Impartial Culture (IC),4,100,80,20,20,1000,Bottom,k-Median-Shapley,90.3,76.3,0.71475
Impartial Culture (IC),5,100,80,20,20,1000,Cutoff,Evaluative Voting,100.0,100.0,0.7999999999999887
Impartial Culture (IC),5,100,80,20,20,1000,Cutoff,k-Median Rule,99.9,99.9,0.7415999999999975
Impartial Culture (IC),5,100,80,20,20,1000,Cutoff,k-Median-Shapley,97.8,97.5,0.7843999999999921
Impartial Culture (IC),5,100,80,20,20,1000,Bottom,Evaluative Voting,100.0,100.0,0.7999999999999887
Impartial Culture (IC),5,100,80,20,20,1000,Bottom,k-Median Rule,99.8,98.9,0.7219999999999999
Impartial Culture (IC),5,100,80,20,20,1000,Bottom,k-Median-Shapley,94.0,88.5,0.7723999999999953
Impartial Culture (IC),6,100,80,20,20,1000,Cutoff,Evaluative Voting,100.0,100.0,0.8333333333333433
Impartial Culture (IC),6,100,80,20,20,1000,Cutoff,k-Median Rule,99.6,99.6,0.8340000000000098
Impartial Culture (IC),6,100,80,20,20,1000,Cutoff,k-Median-Shapley,96.2,96.2,0.8396666666666766
Impartial Culture (IC),6,100,80,20,20,1000,Bottom,Evaluative Voting,100.0,100.0,0.8333333333333433
Impartial Culture (IC),6,100,80,20,20,1000,Bottom,k-Median Rule,99.6,99.6,0.8340000000000098
Impartial Culture (IC),6,100,80,20,20,1000,Bottom,k-Median-Shapley,96.2,96.2,0.8396666666666766
Impartial Culture (IC),2,100,79,21,21,1000,Cutoff,Evaluative Voting,100.0,100.0,0.5
Impartial Culture (IC),2,100,79,21,21,1000,Cutoff,k-Median Rule,99.9,99.9,0.3695
Impartial Culture (IC),2,100,79,21,21,1000,Cutoff,k-Median-Shapley,96.6,96.0,0.459
Impartial Culture (IC),2,100,79,21,21,1000,Bottom,Evaluative Voting,100.0,100.0,0.5
Impartial Culture (IC),2,100,79,21,21,1000,Bottom,k-Median Rule,98.6,97.3,0.364
Impartial Culture (IC),2,100,79,21,21,1000,Bottom,k-Median-Shapley,72.89999999999999,44.0,0.578
Impartial Culture (IC),3,100,79,21,21,1000,Cutoff,Evaluative Voting,100.0,100.0,0.6666666666666636
Impartial Culture (IC),3,100,79,21,21,1000,Cutoff,k-Median Rule,100.0,100.0,0.5196666666666679
Impartial Culture (IC),3,100,79,21,21,1000,Cutoff,k-Median-Shapley,98.3,97.8,0.6130000000000001
Impartial Culture (IC),3,100,79,21,21,1000,Bottom,Evaluative Voting,100.0,100.0,0.6666666666666636
Impartial Culture (IC),3,100,79,21,21,1000,Bottom,k-Median Rule,99.2,97.89999999999999,0.5000000000000009
Impartial Culture (IC),3,100,79,21,21,1000,Bottom,k-Median-Shapley,84.3,64.1,0.6443333333333323
Impartial Culture (IC),4,100,79,21,21,1000,Cutoff,Evaluative Voting,100.0,100.0,0.75
Impartial Culture (IC),4,100,79,21,21,1000,Cutoff,k-Median Rule,100.0,100.0,0.63875
Impartial Culture (IC),4,100,79,21,21,1000,Cutoff,k-Median-Shapley,98.4,98.0,0.71825
Impartial Culture (IC),4,100,79,21,21,1000,Bottom,Evaluative Voting,100.0,100.0,0.75
Impartial Culture (IC),4,100,79,21,21,1000,Bottom,k-Median Rule,99.6,98.6,0.619
Impartial Culture (IC),4,100,79,21,21,1000,Bottom,k-Median-Shapley,90.9,80.30000000000001,0.707
Impartial Culture (IC),5,100,79,21,21,1000,Cutoff,Evaluative Voting,100.0,100.0,0.7999999999999887
Impartial Culture (IC),5,100,79,21,21,1000,Cutoff,k-Median Rule,99.9,99.9,0.742799999999997
Impartial Culture (IC),5,100,79,21,21,1000,Cutoff,k-Median-Shapley,98.4,98.0,0.786199999999992
Impartial Culture (IC),5,100,79,21,21,1000,Bottom,Evaluative Voting,100.0,100.0,0.7999999999999887
Impartial Culture (IC),5,100,79,21,21,1000,Bottom,k-Median Rule,99.9,99.4,0.7289999999999995
Impartial Culture (IC),5,100,79,21,21,1000,Bottom,k-Median-Shapley,95.5,91.60000000000001,0.7677999999999957
Impartial Culture (IC),6,100,79,21,21,1000,Cutoff,Evaluative Voting,100.0,100.0,0.8333333333333433
Impartial Culture (IC),6,100,79,21,21,1000,Cutoff,k-Median Rule,99.7,99.7,0.8338333333333433
Impartial Culture (IC),6,100,79,21,21,1000,Cutoff,k-Median-Shapley,97.1,97.1,0.8381666666666767
Impartial Culture (IC),6,100,79,21,21,1000,Bottom,Evaluative Voting,100.0,100.0,0.8333333333333433
Impartial Culture (IC),6,100,79,21,21,1000,Bottom,k-Median Rule,99.7,99.7,0.8338333333333433
Impartial Culture (IC),6,100,79,21,21,1000,Bottom,k-Median-Shapley,97.1,97.1,0.8381666666666767
Impartial Culture (IC),2,100,78,22,22,1000,Cutoff,Evaluative Voting,100.0,100.0,0.5
Impartial Culture (IC),2,100,78,22,22,1000,Cutoff,k-Median Rule,99.9,99.9,0.373
Impartial Culture (IC),2,100,78,22,22,1000,Cutoff,k-Median-Shapley,97.1,96.89999999999999,0.468
Impartial Culture (IC),2,100,78,22,22,1000,Bottom,Evaluative Voting,100.0,100.0,0.5
Impartial Culture (IC),2,100,78,22,22,1000,Bottom,k-Median Rule,99.0,98.7,0.3605
Impartial Culture (IC),2,100,78,22,22,1000,Bottom,k-Median-Shapley,75.9,50.0,0.5675
Impartial Culture (IC),3,100,78,22,22,1000,Cutoff,Evaluative Voting,100.0,100.0,0.6666666666666636
Impartial Culture (IC),3,100,78,22,22,1000,Cutoff,k-Median Rule,100.0,100.0,0.5226666666666684
Impartial Culture (IC),3,100,78,22,22,1000,Cutoff,k-Median-Shapley,98.4,98.0,0.6173333333333337
Impartial Culture (IC),3,100,78,22,22,1000,Bottom,Evaluative Voting,100.0,100.0,0.6666666666666636
Impartial Culture (IC),3,100,78,22,22,1000,Bottom,k-Median Rule,99.3,99.1,0.49800000000000133
Impartial Culture (IC),3,100,78,22,22,1000,Bottom,k-Median-Shapley,85.6,68.2,0.6463333333333319
Impartial Culture (IC),4,100,78,22,22,1000,Cutoff,Evaluative Voting,100.0,100.0,0.75
Impartial Culture (IC),4,100,78,22,22,1000,Cutoff,k-Median Rule,100.0,100.0,0.644
Impartial Culture (IC),4,100,78,22,22,1000,Cutoff,k-Median-Shapley,99.0,98.5,0.713
Impartial Culture (IC),4,100,78,22,22,1000,Bottom,Evaluative Voting,100.0,100.0,0.75
Impartial Culture (IC),4,100,78,22,22,1000,Bottom,k-Median Rule,99.9,99.6,0.621
Impartial Culture (IC),4,100,78,22,22,1000,Bottom,k-Median-Shapley,91.3,82.39999999999999,0.70675
Impartial Culture (IC),5,100,78,22,22,1000,Cutoff,Evaluative Voting,100.0,100.0,0.7999999999999887
Impartial Culture (IC),5,100,78,22,22,1000,Cutoff,k-Median Rule,100.0,100.0,0.7437999999999976
Impartial Culture (IC),5,100,78,22,22,1000,Cutoff,k-Median-Shapley,98.8,98.6,0.7795999999999927
Impartial Culture (IC),5,100,78,22,22,1000,Bottom,Evaluative Voting,100.0,100.0,0.7999999999999887
Impartial Culture (IC),5,100,78,22,22,1000,Bottom,k-Median Rule,100.0,99.8,0.7343999999999987
Impartial Culture (IC),5,100,78,22,22,1000,Bottom,k-Median-Shapley,96.39999999999999,93.89999999999999,0.7667999999999957
Impartial Culture (IC),6,100,78,22,22,1000,Cutoff,Evaluative Voting,100.0,100.0,0.8333333333333433
Impartial Culture (IC),6,100,78,22,22,1000,Cutoff,k-Median Rule,99.9,99.9,0.8335000000000099
Impartial Culture (IC),6,100,78,22,22,1000,Cutoff,k-Median-Shapley,98.3,98.3,0.8361666666666767
Impartial Culture (IC),6,100,78,22,22,1000,Bottom,Evaluative Voting,100.0,100.0,0.8333333333333433
Impartial Culture (IC),6,100,78,22,22,1000,Bottom,k-Median Rule,99.9,99.9,0.8335000000000099
Impartial Culture (IC),6,100,78,22,22,1000,Bottom,k-Median-Shapley,98.3,98.3,0.8361666666666767
Impartial Culture (IC),2,100,77,23,23,1000,Cutoff,Evaluative Voting,100.0,100.0,0.5
Impartial Culture (IC),2,100,77,23,23,1000,Cutoff,k-Median Rule,100.0,100.0,0.384
Impartial Culture (IC),2,100,77,23,23,1000,Cutoff,k-Median-Shapley,97.39999999999999,96.3,0.458
Impartial Culture (IC),2,100,77,23,23,1000,Bottom,Evaluative Voting,100.0,100.0,0.5
Impartial Culture (IC),2,100,77,23,23,1000,Bottom,k-Median Rule,99.1,99.0,0.3725
Impartial Culture (IC),2,100,77,23,23,1000,Bottom,k-Median-Shapley,78.3,53.2,0.5425
Impartial Culture (IC),3,100,77,23,23,1000,Cutoff,Evaluative Voting,100.0,100.0,0.6666666666666636
Impartial Culture (IC),3,100,77,23,23,1000,Cutoff,k-Median Rule,100.0,100.0,0.5406666666666679
Impartial Culture (IC),3,100,77,23,23,1000,Cutoff,k-Median-Shapley,98.7,98.6,0.6096666666666665
Impartial Culture (IC),3,100,77,23,23,1000,Bottom,Evaluative Voting,100.0,100.0,0.6666666666666636
Impartial Culture (IC),3,100,77,23,23,1000,Bottom,k-Median Rule,99.4,99.4,0.5203333333333348
Impartial Culture (IC),3,100,77,23,23,1000,Bottom,k-Median-Shapley,88.3,74.0,0.6229999999999994
Impartial Culture (IC),4,100,77,23,23,1000,Cutoff,Evaluative Voting,100.0,100.0,0.75
Impartial Culture (IC),4,100,77,23,23,1000,Cutoff,k-Median Rule,100.0,100.0,0.6535
Impartial Culture (IC),4,100,77,23,23,1000,Cutoff,k-Median-Shapley,98.4,98.0,0.715
Impartial Culture (IC),4,100,77,23,23,1000,Bottom,Evaluative Voting,100.0,100.0,0.75
Impartial Culture (IC),4,100,77,23,23,1000,Bottom,k-Median Rule,100.0,99.9,0.638
Impartial Culture (IC),4,100,77,23,23,1000,Bottom,k-Median-Shapley,93.8,87.4,0.695
Impartial Culture (IC),5,100,77,23,23,1000,Cutoff,Evaluative Voting,100.0,100.0,0.7999999999999887
Impartial Culture (IC),5,100,77,23,23,1000,Cutoff,k-Median Rule,100.0,100.0,0.7479999999999966
Impartial Culture (IC),5,100,77,23,23,1000,Cutoff,k-Median-Shapley,99.0,98.9,0.779999999999993
Impartial Culture (IC),5,100,77,23,23,1000,Bottom,Evaluative Voting,100.0,100.0,0.7999999999999887
Impartial Culture (IC),5,100,77,23,23,1000,Bottom,k-Median Rule,100.0,99.9,0.740399999999998
Impartial Culture (IC),5,100,77,23,23,1000,Bottom,k-Median-Shapley,97.2,95.19999999999999,0.762399999999996
Impartial Culture (IC),6,100,77,23,23,1000,Cutoff,Evaluative Voting,100.0,100.0,0.8333333333333433
Impartial Culture (IC),6,100,77,23,23,1000,Cutoff,k-Median Rule,99.9,99.9,0.8335000000000099
Impartial Culture (IC),6,100,77,23,23,1000,Cutoff,k-Median-Shapley,98.8,98.8,0.8353333333333434
Impartial Culture (IC),6,100,77,23,23,1000,Bottom,Evaluative Voting,100.0,100.0,0.8333333333333433
Impartial Culture (IC),6,100,77,23,23,1000,Bottom,k-Median Rule,99.9,99.9,0.8335000000000099
Impartial Culture (IC),6,100,77,23,23,1000,Bottom,k-Median-Shapley,98.8,98.8,0.8353333333333434
Impartial Culture (IC),2,100,76,24,24,1000,Cutoff,Evaluative Voting,100.0,100.0,0.5
Impartial Culture (IC),2,100,76,24,24,1000,Cutoff,k-Median Rule,100.0,100.0,0.3845
Impartial Culture (IC),2,100,76,24,24,1000,Cutoff,k-Median-Shapley,98.4,97.89999999999999,0.448
Impartial Culture (IC),2,100,76,24,24,1000,Bottom,Evaluative Voting,100.0,100.0,0.5
Impartial Culture (IC),2,100,76,24,24,1000,Bottom,k-Median Rule,99.7,99.5,0.3715
Impartial Culture (IC),2,100,76,24,24,1000,Bottom,k-Median-Shapley,78.5,56.89999999999999,0.5365
Impartial Culture (IC),3,100,76,24,24,1000,Cutoff,Evaluative Voting,100.0,100.0,0.6666666666666636
Impartial Culture (IC),3,100,76,24,24,1000,Cutoff,k-Median Rule,100.0,100.0,0.5390000000000015
Impartial Culture (IC),3,100,76,24,24,1000,Cutoff,k-Median-Shapley,99.4,99.2,0.6126666666666666
Impartial Culture (IC),3,100,76,24,24,1000,Bottom,Evaluative Voting,100.0,100.0,0.6666666666666636
Impartial Culture (IC),3,100,76,24,24,1000,Bottom,k-Median Rule,99.9,99.8,0.5156666666666675
Impartial Culture (IC),3,100,76,24,24,1000,Bottom,k-Median-Shapley,87.5,75.2,0.6286666666666659
Impartial Culture (IC),4,100,76,24,24,1000,Cutoff,Evaluative Voting,100.0,100.0,0.75
Impartial Culture (IC),4,100,76,24,24,1000,Cutoff,k-Median Rule,100.0,100.0,0.65525
Impartial Culture (IC),4,100,76,24,24,1000,Cutoff,k-Median-Shapley,99.3,98.9,0.7105
Impartial Culture (IC),4,100,76,24,24,1000,Bottom,Evaluative Voting,100.0,100.0,0.75
Impartial Culture (IC),4,100,76,24,24,1000,Bottom,k-Median Rule,100.0,99.9,0.63925
Impartial Culture (IC),4,100,76,24,24,1000,Bottom,k-Median-Shapley,94.19999999999999,88.3,0.69525
Impartial Culture (IC),5,100,76,24,24,1000,Cutoff,Evaluative Voting,100.0,100.0,0.7999999999999887
Impartial Culture (IC),5,100,76,24,24,1000,Cutoff,k-Median Rule,100.0,100.0,0.7501999999999963
Impartial Culture (IC),5,100,76,24,24,1000,Cutoff,k-Median-Shapley,99.3,99.3,0.7813999999999925
Impartial Culture (IC),5,100,76,24,24,1000,Bottom,Evaluative Voting,100.0,100.0,0.7999999999999887
Impartial Culture (IC),5,100,76,24,24,1000,Bottom,k-Median Rule,100.0,99.9,0.7449999999999979
Impartial Culture (IC),5,100,76,24,24,1000,Bottom,k-Median-Shapley,97.39999999999999,95.89999999999999,0.7611999999999961
Impartial Culture (IC),6,100,76,24,24,1000,Cutoff,Evaluative Voting,100.0,100.0,0.8333333333333433
Impartial Culture (IC),6,100,76,24,24,1000,Cutoff,k-Median Rule,100.0,100.0,0.8333333333333433
Impartial Culture (IC),6,100,76,24,24,1000,Cutoff,k-Median-Shapley,99.4,99.4,0.8343333333333434
Impartial Culture (IC),6,100,76,24,24,1000,Bottom,Evaluative Voting,100.0,100.0,0.8333333333333433
Impartial Culture (IC),6,100,76,24,24,1000,Bottom,k-Median Rule,100.0,100.0,0.8333333333333433
Impartial Culture (IC),6,100,76,24,24,1000,Bottom,k-Median-Shapley,99.4,99.4,0.8343333333333434
Impartial Culture (IC),2,100,75,25,25,1000,Cutoff,Evaluative Voting,100.0,100.0,0.5
Impartial Culture (IC),2,100,75,25,25,1000,Cutoff,k-Median Rule,100.0,100.0,0.3865
Impartial Culture (IC),2,100,75,25,25,1000,Cutoff,k-Median-Shapley,99.0,98.6,0.4375
Impartial Culture (IC),2,100,75,25,25,1000,Bottom,Evaluative Voting,100.0,100.0,0.5
Impartial Culture (IC),2,100,75,25,25,1000,Bottom,k-Median Rule,100.0,100.0,0.3805
Impartial Culture (IC),2,100,75,25,25,1000,Bottom,k-Median-Shapley,81.39999999999999,60.099999999999994,0.5105
Impartial Culture (IC),3,100,75,25,25,1000,Cutoff,Evaluative Voting,100.0,100.0,0.6666666666666636
Impartial Culture (IC),3,100,75,25,25,1000,Cutoff,k-Median Rule,100.0,100.0,0.5493333333333348
Impartial Culture (IC),3,100,75,25,25,1000,Cutoff,k-Median-Shapley,99.5,99.4,0.6023333333333328
Impartial Culture (IC),3,100,75,25,25,1000,Bottom,Evaluative Voting,100.0,100.0,0.6666666666666636
Impartial Culture (IC),3,100,75,25,25,1000,Bottom,k-Median Rule,100.0,100.0,0.5296666666666681
Impartial Culture (IC),3,100,75,25,25,1000,Bottom,k-Median-Shapley,90.60000000000001,79.2,0.6073333333333331
Impartial Culture (IC),4,100,75,25,25,1000,Cutoff,Evaluative Voting,100.0,100.0,0.75
Impartial Culture (IC),4,100,75,25,25,1000,Cutoff,k-Median Rule,100.0,100.0,0.6625
Impartial Culture (IC),4,100,75,25,25,1000,Cutoff,k-Median-Shapley,99.3,99.2,0.703
Impartial Culture (IC),4,100,75,25,25,1000,Bottom,Evaluative Voting,100.0,100.0,0.75
Impartial Culture (IC),4,100,75,25,25,1000,Bottom,k-Median Rule,100.0,100.0,0.6485
Impartial Culture (IC),4,100,75,25,25,1000,Bottom,k-Median-Shapley,95.7,91.0,0.68225
Impartial Culture (IC),5,100,75,25,25,1000,Cutoff,Evaluative Voting,100.0,100.0,0.7999999999999887
Impartial Culture (IC),5,100,75,25,25,1000,Cutoff,k-Median Rule,100.0,100.0,0.7551999999999962
Impartial Culture (IC),5,100,75,25,25,1000,Cutoff,k-Median-Shapley,99.3,99.3,0.7797999999999925
Impartial Culture (IC),5,100,75,25,25,1000,Bottom,Evaluative Voting,100.0,100.0,0.7999999999999887
Impartial Culture (IC),5,100,75,25,25,1000,Bottom,k-Median Rule,100.0,100.0,0.7469999999999972
Impartial Culture (IC),5,100,75,25,25,1000,Bottom,k-Median-Shapley,98.6,97.5,0.7523999999999963
Impartial Culture (IC),6,100,75,25,25,1000,Cutoff,Evaluative Voting,100.0,100.0,0.8333333333333433
Impartial Culture (IC),6,100,75,25,25,1000,Cutoff,k-Median Rule,100.0,100.0,0.8333333333333433
Impartial Culture (IC),6,100,75,25,25,1000,Cutoff,k-Median-Shapley,99.6,99.6,0.8340000000000098
Impartial Culture (IC),6,100,75,25,25,1000,Bottom,Evaluative Voting,100.0,100.0,0.8333333333333433
Impartial Culture (IC),6,100,75,25,25,1000,Bottom,k-Median Rule,100.0,100.0,0.8333333333333433
Impartial Culture (IC),6,100,75,25,25,1000,Bottom,k-Median-Shapley,99.6,99.6,0.8340000000000098
Impartial Culture (IC),2,100,74,26,26,1000,Cutoff,Evaluative Voting,100.0,100.0,0.5
Impartial Culture (IC),2,100,74,26,26,1000,Cutoff,k-Median Rule,100.0,100.0,0.3815
Impartial Culture (IC),2,100,74,26,26,1000,Cutoff,k-Median-Shapley,99.3,98.9,0.4455
Impartial Culture (IC),2,100,74,26,26,1000,Bottom,Evaluative Voting,100.0,100.0,0.5
Impartial Culture (IC),2,100,74,26,26,1000,Bottom,k-Median Rule,100.0,100.0,0.361
Impartial Culture (IC),2,100,74,26,26,1000,Bottom,k-Median-Shapley,83.8,65.9,0.504
Impartial Culture (IC),3,100,74,26,26,1000,Cutoff,Evaluative Voting,100.0,100.0,0.6666666666666636
Impartial Culture (IC),3,100,74,26,26,1000,Cutoff,k-Median Rule,100.0,100.0,0.5466666666666675
Impartial Culture (IC),3,100,74,26,26,1000,Cutoff,k-Median-Shapley,99.6,99.5,0.6023333333333329
Impartial Culture (IC),3,100,74,26,26,1000,Bottom,Evaluative Voting,100.0,100.0,0.6666666666666636
Impartial Culture (IC),3,100,74,26,26,1000,Bottom,k-Median Rule,100.0,100.0,0.5256666666666678
Impartial Culture (IC),3,100,74,26,26,1000,Bottom,k-Median-Shapley,92.4,83.1,0.5983333333333337
Impartial Culture (IC),4,100,74,26,26,1000,Cutoff,Evaluative Voting,100.0,100.0,0.75
Impartial Culture (IC),4,100,74,26,26,1000,Cutoff,k-Median Rule,100.0,100.0,0.666
Impartial Culture (IC),4,100,74,26,26,1000,Cutoff,k-Median-Shapley,99.6,99.6,0.70225
Impartial Culture (IC),4,100,74,26,26,1000,Bottom,Evaluative Voting,100.0,100.0,0.75
Impartial Culture (IC),4,100,74,26,26,1000,Bottom,k-Median Rule,100.0,100.0,0.649
Impartial Culture (IC),4,100,74,26,26,1000,Bottom,k-Median-Shapley,96.8,92.7,0.68175
Impartial Culture (IC),5,100,74,26,26,1000,Cutoff,Evaluative Voting,100.0,100.0,0.7999999999999887
Impartial Culture (IC),5,100,74,26,26,1000,Cutoff,k-Median Rule,100.0,100.0,0.7583999999999951
Impartial Culture (IC),5,100,74,26,26,1000,Cutoff,k-Median-Shapley,99.7,99.7,0.7759999999999931
Impartial Culture (IC),5,100,74,26,26,1000,Bottom,Evaluative Voting,100.0,100.0,0.7999999999999887
Impartial Culture (IC),5,100,74,26,26,1000,Bottom,k-Median Rule,100.0,100.0,0.7499999999999964
Impartial Culture (IC),5,100,74,26,26,1000,Bottom,k-Median-Shapley,99.3,98.4,0.7505999999999967
Impartial Culture (IC),6,100,74,26,26,1000,Cutoff,Evaluative Voting,100.0,100.0,0.8333333333333433
Impartial Culture (IC),6,100,74,26,26,1000,Cutoff,k-Median Rule,100.0,100.0,0.8333333333333433
Impartial Culture (IC),6,100,74,26,26,1000,Cutoff,k-Median-Shapley,99.8,99.8,0.8336666666666765
Impartial Culture (IC),6,100,74,26,26,1000,Bottom,Evaluative Voting,100.0,100.0,0.8333333333333433
Impartial Culture (IC),6,100,74,26,26,1000,Bottom,k-Median Rule,100.0,100.0,0.8333333333333433
Impartial Culture (IC),6,100,74,26,26,1000,Bottom,k-Median-Shapley,99.8,99.8,0.8336666666666765
Impartial Culture (IC),2,100,73,27,27,1000,Cutoff,Evaluative Voting,100.0,100.0,0.5
Impartial Culture (IC),2,100,73,27,27,1000,Cutoff,k-Median Rule,100.0,100.0,0.373
Impartial Culture (IC),2,100,73,27,27,1000,Cutoff,k-Median-Shapley,99.5,99.0,0.438
Impartial Culture (IC),2,100,73,27,27,1000,Bottom,Evaluative Voting,100.0,100.0,0.5
Impartial Culture (IC),2,100,73,27,27,1000,Bottom,k-Median Rule,100.0,100.0,0.3565
Impartial Culture (IC),2,100,73,27,27,1000,Bottom,k-Median-Shapley,86.3,71.5,0.4875
Impartial Culture (IC),3,100,73,27,27,1000,Cutoff,Evaluative Voting,100.0,100.0,0.6666666666666636
Impartial Culture (IC),3,100,73,27,27,1000,Cutoff,k-Median Rule,100.0,100.0,0.5443333333333343
Impartial Culture (IC),3,100,73,27,27,1000,Cutoff,k-Median-Shapley,99.6,99.5,0.5953333333333337
Impartial Culture (IC),3,100,73,27,27,1000,Bottom,Evaluative Voting,100.0,100.0,0.6666666666666636
Impartial Culture (IC),3,100,73,27,27,1000,Bottom,k-Median Rule,100.0,100.0,0.5126666666666672
Impartial Culture (IC),3,100,73,27,27,1000,Bottom,k-Median-Shapley,94.0,86.0,0.5780000000000013
Impartial Culture (IC),4,100,73,27,27,1000,Cutoff,Evaluative Voting,100.0,100.0,0.75
Impartial Culture (IC),4,100,73,27,27,1000,Cutoff,k-Median Rule,100.0,100.0,0.667
Impartial Culture (IC),4,100,73,27,27,1000,Cutoff,k-Median-Shapley,100.0,100.0,0.695
Impartial Culture (IC),4,100,73,27,27,1000,Bottom,Evaluative Voting,100.0,100.0,0.75
Impartial Culture (IC),4,100,73,27,27,1000,Bottom,k-Median Rule,100.0,100.0,0.64375
Impartial Culture (IC),4,100,73,27,27,1000,Bottom,k-Median-Shapley,97.2,94.6,0.669
Impartial Culture (IC),5,100,73,27,27,1000,Cutoff,Evaluative Voting,100.0,100.0,0.7999999999999887
Impartial Culture (IC),5,100,73,27,27,1000,Cutoff,k-Median Rule,100.0,100.0,0.7617999999999949
Impartial Culture (IC),5,100,73,27,27,1000,Cutoff,k-Median-Shapley,99.7,99.6,0.7713999999999938
Impartial Culture (IC),5,100,73,27,27,1000,Bottom,Evaluative Voting,100.0,100.0,0.7999999999999887
Impartial Culture (IC),5,100,73,27,27,1000,Bottom,k-Median Rule,100.0,100.0,0.7455999999999975
Impartial Culture (IC),5,100,73,27,27,1000,Bottom,k-Median-Shapley,99.5,99.0,0.7497999999999971
Impartial Culture (IC),6,100,73,27,27,1000,Cutoff,Evaluative Voting,100.0,100.0,0.8333333333333433
Impartial Culture (IC),6,100,73,27,27,1000,Cutoff,k-Median Rule,100.0,100.0,0.8333333333333433
Impartial Culture (IC),6,100,73,27,27,1000,Cutoff,k-Median-Shapley,99.6,99.6,0.83400000000001
Impartial Culture (IC),6,100,73,27,27,1000,Bottom,Evaluative Voting,100.0,100.0,0.8333333333333433
Impartial Culture (IC),6,100,73,27,27,1000,Bottom,k-Median Rule,100.0,100.0,0.8333333333333433
Impartial Culture (IC),6,100,73,27,27,1000,Bottom,k-Median-Shapley,99.6,99.6,0.83400000000001
Impartial Culture (IC),2,100,72,28,28,1000,Cutoff,Evaluative Voting,100.0,100.0,0.5
Impartial Culture (IC),2,100,72,28,28,1000,Cutoff,k-Median Rule,100.0,100.0,0.3745
Impartial Culture (IC),2,100,72,28,28,1000,Cutoff,k-Median-Shapley,99.5,99.3,0.445
Impartial Culture (IC),2,100,72,28,28,1000,Bottom,Evaluative Voting,100.0,100.0,0.5
Impartial Culture (IC),2,100,72,28,28,1000,Bottom,k-Median Rule,100.0,100.0,0.347
Impartial Culture (IC),2,100,72,28,28,1000,Bottom,k-Median-Shapley,88.1,74.5,0.4765
Impartial Culture (IC),3,100,72,28,28,1000,Cutoff,Evaluative Voting,100.0,100.0,0.6666666666666636
Impartial Culture (IC),3,100,72,28,28,1000,Cutoff,k-Median Rule,100.0,100.0,0.5456666666666676
Impartial Culture (IC),3,100,72,28,28,1000,Cutoff,k-Median-Shapley,99.6,99.6,0.5996666666666666
Impartial Culture (IC),3,100,72,28,28,1000,Bottom,Evaluative Voting,100.0,100.0,0.6666666666666636
Impartial Culture (IC),3,100,72,28,28,1000,Bottom,k-Median Rule,100.0,100.0,0.5170000000000012
Impartial Culture (IC),3,100,72,28,28,1000,Bottom,k-Median-Shapley,94.89999999999999,89.1,0.5806666666666681
Impartial Culture (IC),4,100,72,28,28,1000,Cutoff,Evaluative Voting,100.0,100.0,0.75
Impartial Culture (IC),4,100,72,28,28,1000,Cutoff,k-Median Rule,100.0,100.0,0.66925
Impartial Culture (IC),4,100,72,28,28,1000,Cutoff,k-Median-Shapley,99.9,99.9,0.69175
Impartial Culture (IC),4,100,72,28,28,1000,Bottom,Evaluative Voting,100.0,100.0,0.75
Impartial Culture (IC),4,100,72,28,28,1000,Bottom,k-Median Rule,100.0,100.0,0.645
Impartial Culture (IC),4,100,72,28,28,1000,Bottom,k-Median-Shapley,98.3,96.6,0.669
Impartial Culture (IC),5,100,72,28,28,1000,Cutoff,Evaluative Voting,100.0,100.0,0.7999999999999887
Impartial Culture (IC),5,100,72,28,28,1000,Cutoff,k-Median Rule,100.0,100.0,0.7651999999999943
Impartial Culture (IC),5,100,72,28,28,1000,Cutoff,k-Median-Shapley,99.8,99.8,0.7665999999999944
Impartial Culture (IC),5,100,72,28,28,1000,Bottom,Evaluative Voting,100.0,100.0,0.7999999999999887
Impartial Culture (IC),5,100,72,28,28,1000,Bottom,k-Median Rule,100.0,100.0,0.7471999999999974
Impartial Culture (IC),5,100,72,28,28,1000,Bottom,k-Median-Shapley,99.5,99.2,0.7495999999999974
Impartial Culture (IC),6,100,72,28,28,1000,Cutoff,Evaluative Voting,100.0,100.0,0.8333333333333433
Impartial Culture (IC),6,100,72,28,28,1000,Cutoff,k-Median Rule,100.0,100.0,0.8333333333333433
Impartial Culture (IC),6,100,72,28,28,1000,Cutoff,k-Median-Shapley,99.9,99.9,0.8335000000000099
Impartial Culture (IC),6,100,72,28,28,1000,Bottom,Evaluative Voting,100.0,100.0,0.8333333333333433
Impartial Culture (IC),6,100,72,28,28,1000,Bottom,k-Median Rule,100.0,100.0,0.8333333333333433
Impartial Culture (IC),6,100,72,28,28,1000,Bottom,k-Median-Shapley,99.9,99.9,0.8335000000000099
Impartial Culture (IC),2,100,71,29,29,1000,Cutoff,Evaluative Voting,100.0,100.0,0.5
Impartial Culture (IC),2,100,71,29,29,1000,Cutoff,k-Median Rule,100.0,100.0,0.3575
Impartial Culture (IC),2,100,71,29,29,1000,Cutoff,k-Median-Shapley,99.4,99.4,0.429
Impartial Culture (IC),2,100,71,29,29,1000,Bottom,Evaluative Voting,100.0,100.0,0.5
Impartial Culture (IC),2,100,71,29,29,1000,Bottom,k-Median Rule,100.0,100.0,0.3315
Impartial Culture (IC),2,100,71,29,29,1000,Bottom,k-Median-Shapley,90.7,80.0,0.444
Impartial Culture (IC),3,100,71,29,29,1000,Cutoff,Evaluative Voting,100.0,100.0,0.6666666666666636
Impartial Culture (IC),3,100,71,29,29,1000,Cutoff,k-Median Rule,100.0,100.0,0.5253333333333344
Impartial Culture (IC),3,100,71,29,29,1000,Cutoff,k-Median-Shapley,99.9,99.9,0.5850000000000012
Impartial Culture (IC),3,100,71,29,29,1000,Bottom,Evaluative Voting,100.0,100.0,0.6666666666666636
Impartial Culture (IC),3,100,71,29,29,1000,Bottom,k-Median Rule,100.0,100.0,0.4873333333333336
Impartial Culture (IC),3,100,71,29,29,1000,Bottom,k-Median-Shapley,97.3,92.80000000000001,0.5636666666666683
Impartial Culture (IC),4,100,71,29,29,1000,Cutoff,Evaluative Voting,100.0,100.0,0.75
Impartial Culture (IC),4,100,71,29,29,1000,Cutoff,k-Median Rule,100.0,100.0,0.65675
Impartial Culture (IC),4,100,71,29,29,1000,Cutoff,k-Median-Shapley,99.9,99.9,0.68775
Impartial Culture (IC),4,100,71,29,29,1000,Bottom,Evaluative Voting,100.0,100.0,0.75
Impartial Culture (IC),4,100,71,29,29,1000,Bottom,k-Median Rule,100.0,100.0,0.62
Impartial Culture (IC),4,100,71,29,29,1000,Bottom,k-Median-Shapley,98.9,97.7,0.6565
Impartial Culture (IC),5,100,71,29,29,1000,Cutoff,Evaluative Voting,100.0,100.0,0.7999999999999887
Impartial Culture (IC),5,100,71,29,29,1000,Cutoff,k-Median Rule,100.0,100.0,0.763599999999995
Impartial Culture (IC),5,100,71,29,29,1000,Cutoff,k-Median-Shapley,100.0,100.0,0.7653999999999948
Impartial Culture (IC),5,100,71,29,29,1000,Bottom,Evaluative Voting,100.0,100.0,0.7999999999999887
Impartial Culture (IC),5,100,71,29,29,1000,Bottom,k-Median Rule,100.0,100.0,0.730999999999999
Impartial Culture (IC),5,100,71,29,29,1000,Bottom,k-Median-Shapley,99.8,99.8,0.7439999999999983
Impartial Culture (IC),6,100,71,29,29,1000,Cutoff,Evaluative Voting,100.0,100.0,0.8333333333333433
Impartial Culture (IC),6,100,71,29,29,1000,Cutoff,k-Median Rule,100.0,100.0,0.8333333333333433
Impartial Culture (IC),6,100,71,29,29,1000,Cutoff,k-Median-Shapley,99.9,99.9,0.8335000000000099
Impartial Culture (IC),6,100,71,29,29,1000,Bottom,Evaluative Voting,100.0,100.0,0.8333333333333433
Impartial Culture (IC),6,100,71,29,29,1000,Bottom,k-Median Rule,100.0,100.0,0.8333333333333433
Impartial Culture (IC),6,100,71,29,29,1000,Bottom,k-Median-Shapley,99.9,99.9,0.8335000000000099
Impartial Culture (IC),2,100,70,30,30,1000,Cutoff,Evaluative Voting,100.0,100.0,0.5
Impartial Culture (IC),2,100,70,30,30,1000,Cutoff,k-Median Rule,100.0,100.0,0.353
Impartial Culture (IC),2,100,70,30,30,1000,Cutoff,k-Median-Shapley,99.9,99.9,0.427
Impartial Culture (IC),2,100,70,30,30,1000,Bottom,Evaluative Voting,100.0,100.0,0.5
Impartial Culture (IC),2,100,70,30,30,1000,Bottom,k-Median Rule,100.0,100.0,0.3295
Impartial Culture (IC),2,100,70,30,30,1000,Bottom,k-Median-Shapley,92.10000000000001,84.8,0.4475
Impartial Culture (IC),3,100,70,30,30,1000,Cutoff,Evaluative Voting,100.0,100.0,0.6666666666666636
Impartial Culture (IC),3,100,70,30,30,1000,Cutoff,k-Median Rule,100.0,100.0,0.5246666666666676
Impartial Culture (IC),3,100,70,30,30,1000,Cutoff,k-Median-Shapley,99.8,99.8,0.5820000000000011
Impartial Culture (IC),3,100,70,30,30,1000,Bottom,Evaluative Voting,100.0,100.0,0.6666666666666636
Impartial Culture (IC),3,100,70,30,30,1000,Bottom,k-Median Rule,100.0,100.0,0.4883333333333334
Impartial Culture (IC),3,100,70,30,30,1000,Bottom,k-Median-Shapley,97.6,94.3,0.5573333333333348
Impartial Culture (IC),4,100,70,30,30,1000,Cutoff,Evaluative Voting,100.0,100.0,0.75
Impartial Culture (IC),4,100,70,30,30,1000,Cutoff,k-Median Rule,100.0,100.0,0.658
Impartial Culture (IC),4,100,70,30,30,1000,Cutoff,k-Median-Shapley,100.0,100.0,0.684
Impartial Culture (IC),4,100,70,30,30,1000,Bottom,Evaluative Voting,100.0,100.0,0.75
Impartial Culture (IC),4,100,70,30,30,1000,Bottom,k-Median Rule,100.0,100.0,0.6235
Impartial Culture (IC),4,100,70,30,30,1000,Bottom,k-Median-Shapley,99.3,98.6,0.648
Impartial Culture (IC),5,100,70,30,30,1000,Cutoff,Evaluative Voting,100.0,100.0,0.7999999999999887
Impartial Culture (IC),5,100,70,30,30,1000,Cutoff,k-Median Rule,100.0,100.0,0.7671999999999941
Impartial Culture (IC),5,100,70,30,30,1000,Cutoff,k-Median-Shapley,100.0,100.0,0.7647999999999946
Impartial Culture (IC),5,100,70,30,30,1000,Bottom,Evaluative Voting,100.0,100.0,0.7999999999999887
Impartial Culture (IC),5,100,70,30,30,1000,Bottom,k-Median Rule,100.0,100.0,0.7357999999999988
Impartial Culture (IC),5,100,70,30,30,1000,Bottom,k-Median-Shapley,99.8,99.8,0.7401999999999986
Impartial Culture (IC),6,100,70,30,30,1000,Cutoff,Evaluative Voting,100.0,100.0,0.8333333333333433
Impartial Culture (IC),6,100,70,30,30,1000,Cutoff,k-Median Rule,100.0,100.0,0.8333333333333433
Impartial Culture (IC),6,100,70,30,30,1000,Cutoff,k-Median-Shapley,99.9,99.9,0.8335000000000099
Impartial Culture (IC),6,100,70,30,30,1000,Bottom,Evaluative Voting,100.0,100.0,0.8333333333333433
Impartial Culture (IC),6,100,70,30,30,1000,Bottom,k-Median Rule,100.0,100.0,0.8333333333333433
Impartial Culture (IC),6,100,70,30,30,1000,Bottom,k-Median-Shapley,99.9,99.9,0.8335000000000099
Impartial Culture (IC),2,100,69,31,31,1000,Cutoff,Evaluative Voting,100.0,100.0,0.5
Impartial Culture (IC),2,100,69,31,31,1000,Cutoff,k-Median Rule,100.0,100.0,0.3355
Impartial Culture (IC),2,100,69,31,31,1000,Cutoff,k-Median-Shapley,99.8,99.7,0.4315
Impartial Culture (IC),2,100,69,31,31,1000,Bottom,Evaluative Voting,100.0,100.0,0.5
Impartial Culture (IC),2,100,69,31,31,1000,Bottom,k-Median Rule,100.0,100.0,0.3025
Impartial Culture (IC),2,100,69,31,31,1000,Bottom,k-Median-Shapley,94.5,88.2,0.422
Impartial Culture (IC),3,100,69,31,31,1000,Cutoff,Evaluative Voting,100.0,100.0,0.6666666666666636
Impartial Culture (IC),3,100,69,31,31,1000,Cutoff,k-Median Rule,100.0,100.0,0.505000000000001
Impartial Culture (IC),3,100,69,31,31,1000,Cutoff,k-Median-Shapley,100.0,100.0,0.5770000000000008
Impartial Culture (IC),3,100,69,31,31,1000,Bottom,Evaluative Voting,100.0,100.0,0.6666666666666636
Impartial Culture (IC),3,100,69,31,31,1000,Bottom,k-Median Rule,100.0,100.0,0.4653333333333334
Impartial Culture (IC),3,100,69,31,31,1000,Bottom,k-Median-Shapley,98.8,95.89999999999999,0.5493333333333351
Impartial Culture (IC),4,100,69,31,31,1000,Cutoff,Evaluative Voting,100.0,100.0,0.75
Impartial Culture (IC),4,100,69,31,31,1000,Cutoff,k-Median Rule,100.0,100.0,0.645
Impartial Culture (IC),4,100,69,31,31,1000,Cutoff,k-Median-Shapley,100.0,100.0,0.681
Impartial Culture (IC),4,100,69,31,31,1000,Bottom,Evaluative Voting,100.0,100.0,0.75
Impartial Culture (IC),4,100,69,31,31,1000,Bottom,k-Median Rule,100.0,100.0,0.59975
Impartial Culture (IC),4,100,69,31,31,1000,Bottom,k-Median-Shapley,99.5,98.6,0.6435
Impartial Culture (IC),5,100,69,31,31,1000,Cutoff,Evaluative Voting,100.0,100.0,0.7999999999999887
Impartial Culture (IC),5,100,69,31,31,1000,Cutoff,k-Median Rule,100.0,100.0,0.7605999999999948
Impartial Culture (IC),5,100,69,31,31,1000,Cutoff,k-Median-Shapley,100.0,100.0,0.7625999999999953
Impartial Culture (IC),5,100,69,31,31,1000,Bottom,Evaluative Voting,100.0,100.0,0.7999999999999887
Impartial Culture (IC),5,100,69,31,31,1000,Bottom,k-Median Rule,100.0,100.0,0.7246
Impartial Culture (IC),5,100,69,31,31,1000,Bottom,k-Median-Shapley,99.4,99.3,0.7411999999999981
Impartial Culture (IC),6,100,69,31,31,1000,Cutoff,Evaluative Voting,100.0,100.0,0.8333333333333433
Impartial Culture (IC),6,100,69,31,31,1000,Cutoff,k-Median Rule,100.0,100.0,0.8333333333333433
Impartial Culture (IC),6,100,69,31,31,1000,Cutoff,k-Median-Shapley,100.0,100.0,0.8333333333333433
Impartial Culture (IC),6,100,69,31,31,1000,Bottom,Evaluative Voting,100.0,100.0,0.8333333333333433
Impartial Culture (IC),6,100,69,31,31,1000,Bottom,k-Median Rule,100.0,100.0,0.8333333333333433
Impartial Culture (IC),6,100,69,31,31,1000,Bottom,k-Median-Shapley,100.0,100.0,0.8333333333333433
Impartial Culture (IC),2,100,68,32,32,1000,Cutoff,Evaluative Voting,100.0,100.0,0.5
Impartial Culture (IC),2,100,68,32,32,1000,Cutoff,k-Median Rule,100.0,100.0,0.3405
Impartial Culture (IC),2,100,68,32,32,1000,Cutoff,k-Median-Shapley,99.9,99.8,0.4295
Impartial Culture (IC),2,100,68,32,32,1000,Bottom,Evaluative Voting,100.0,100.0,0.5
Impartial Culture (IC),2,100,68,32,32,1000,Bottom,k-Median Rule,100.0,100.0,0.3025
Impartial Culture (IC),2,100,68,32,32,1000,Bottom,k-Median-Shapley,95.8,91.4,0.409
Impartial Culture (IC),3,100,68,32,32,1000,Cutoff,Evaluative Voting,100.0,100.0,0.6666666666666636
Impartial Culture (IC),3,100,68,32,32,1000,Cutoff,k-Median Rule,100.0,100.0,0.5150000000000008
Impartial Culture (IC),3,100,68,32,32,1000,Cutoff,k-Median-Shapley,99.9,99.9,0.5713333333333341
Impartial Culture (IC),3,100,68,32,32,1000,Bottom,Evaluative Voting,100.0,100.0,0.6666666666666636
Impartial Culture (IC),3,100,68,32,32,1000,Bottom,k-Median Rule,100.0,100.0,0.46899999999999975
Impartial Culture (IC),3,100,68,32,32,1000,Bottom,k-Median-Shapley,99.4,98.1,0.5390000000000016
Impartial Culture (IC),4,100,68,32,32,1000,Cutoff,Evaluative Voting,100.0,100.0,0.75
Impartial Culture (IC),4,100,68,32,32,1000,Cutoff,k-Median Rule,100.0,100.0,0.654
Impartial Culture (IC),4,100,68,32,32,1000,Cutoff,k-Median-Shapley,100.0,100.0,0.679
Impartial Culture (IC),4,100,68,32,32,1000,Bottom,Evaluative Voting,100.0,100.0,0.75
Impartial Culture (IC),4,100,68,32,32,1000,Bottom,k-Median Rule,100.0,100.0,0.60925
Impartial Culture (IC),4,100,68,32,32,1000,Bottom,k-Median-Shapley,99.9,99.4,0.6425
Impartial Culture (IC),5,100,68,32,32,1000,Cutoff,Evaluative Voting,100.0,100.0,0.7999999999999887
Impartial Culture (IC),5,100,68,32,32,1000,Cutoff,k-Median Rule,100.0,100.0,0.7639999999999944
Impartial Culture (IC),5,100,68,32,32,1000,Cutoff,k-Median-Shapley,100.0,100.0,0.7619999999999951
Impartial Culture (IC),5,100,68,32,32,1000,Bottom,Evaluative Voting,100.0,100.0,0.7999999999999887
Impartial Culture (IC),5,100,68,32,32,1000,Bottom,k-Median Rule,100.0,100.0,0.7273999999999999
Impartial Culture (IC),5,100,68,32,32,1000,Bottom,k-Median-Shapley,99.9,99.9,0.7437999999999977
Impartial Culture (IC),6,100,68,32,32,1000,Cutoff,Evaluative Voting,100.0,100.0,0.8333333333333433
Impartial Culture (IC),6,100,68,32,32,1000,Cutoff,k-Median Rule,100.0,100.0,0.8333333333333433
Impartial Culture (IC),6,100,68,32,32,1000,Cutoff,k-Median-Shapley,100.0,100.0,0.8333333333333433
Impartial Culture (IC),6,100,68,32,32,1000,Bottom,Evaluative Voting,100.0,100.0,0.8333333333333433
Impartial Culture (IC),6,100,68,32,32,1000,Bottom,k-Median Rule,100.0,100.0,0.8333333333333433
Impartial Culture (IC),6,100,68,32,32,1000,Bottom,k-Median-Shapley,100.0,100.0,0.8333333333333433
Impartial Culture (IC),2,100,67,33,33,1000,Cutoff,Evaluative Voting,100.0,100.0,0.5
Impartial Culture (IC),2,100,67,33,33,1000,Cutoff,k-Median Rule,100.0,100.0,0.321
Impartial Culture (IC),2,100,67,33,33,1000,Cutoff,k-Median-Shapley,99.9,99.8,0.4155
Impartial Culture (IC),2,100,67,33,33,1000,Bottom,Evaluative Voting,100.0,100.0,0.5
Impartial Culture (IC),2,100,67,33,33,1000,Bottom,k-Median Rule,100.0,100.0,0.2885
Impartial Culture (IC),2,100,67,33,33,1000,Bottom,k-Median-Shapley,97.0,93.7,0.3965
Impartial Culture (IC),3,100,67,33,33,1000,Cutoff,Evaluative Voting,100.0,100.0,0.6666666666666636
Impartial Culture (IC),3,100,67,33,33,1000,Cutoff,k-Median Rule,100.0,100.0,0.4963333333333341
Impartial Culture (IC),3,100,67,33,33,1000,Cutoff,k-Median-Shapley,99.9,99.9,0.566000000000001
Impartial Culture (IC),3,100,67,33,33,1000,Bottom,Evaluative Voting,100.0,100.0,0.6666666666666636
Impartial Culture (IC),3,100,67,33,33,1000,Bottom,k-Median Rule,100.0,100.0,0.4526666666666664
Impartial Culture (IC),3,100,67,33,33,1000,Bottom,k-Median-Shapley,99.6,98.7,0.5223333333333341
Impartial Culture (IC),4,100,67,33,33,1000,Cutoff,Evaluative Voting,100.0,100.0,0.75
Impartial Culture (IC),4,100,67,33,33,1000,Cutoff,k-Median Rule,100.0,100.0,0.638
Impartial Culture (IC),4,100,67,33,33,1000,Cutoff,k-Median-Shapley,100.0,100.0,0.67425
Impartial Culture (IC),4,100,67,33,33,1000,Bottom,Evaluative Voting,100.0,100.0,0.75
Impartial Culture (IC),4,100,67,33,33,1000,Bottom,k-Median Rule,100.0,100.0,0.5905
Impartial Culture (IC),4,100,67,33,33,1000,Bottom,k-Median-Shapley,99.9,99.7,0.6405
Impartial Culture (IC),5,100,67,33,33,1000,Cutoff,Evaluative Voting,100.0,100.0,0.7999999999999887
Impartial Culture (IC),5,100,67,33,33,1000,Cutoff,k-Median Rule,100.0,100.0,0.7551999999999954
Impartial Culture (IC),5,100,67,33,33,1000,Cutoff,k-Median-Shapley,100.0,100.0,0.7595999999999962
Impartial Culture (IC),5,100,67,33,33,1000,Bottom,Evaluative Voting,100.0,100.0,0.7999999999999887
Impartial Culture (IC),5,100,67,33,33,1000,Bottom,k-Median Rule,100.0,100.0,0.7180000000000009
Impartial Culture (IC),5,100,67,33,33,1000,Bottom,k-Median-Shapley,100.0,100.0,0.7385999999999975
Impartial Culture (IC),6,100,67,33,33,1000,Cutoff,Evaluative Voting,100.0,100.0,0.8333333333333433
Impartial Culture (IC),6,100,67,33,33,1000,Cutoff,k-Median Rule,100.0,100.0,0.8333333333333433
Impartial Culture (IC),6,100,67,33,33,1000,Cutoff,k-Median-Shapley,100.0,100.0,0.8333333333333433
Impartial Culture (IC),6,100,67,33,33,1000,Bottom,Evaluative Voting,100.0,100.0,0.8333333333333433
Impartial Culture (IC),6,100,67,33,33,1000,Bottom,k-Median Rule,100.0,100.0,0.8333333333333433
Impartial Culture (IC),6,100,67,33,33,1000,Bottom,k-Median-Shapley,100.0,100.0,0.8333333333333433
Impartial Culture (IC),2,100,66,34,34,1000,Cutoff,Evaluative Voting,100.0,100.0,0.5
Impartial Culture (IC),2,100,66,34,34,1000,Cutoff,k-Median Rule,100.0,100.0,0.319
Impartial Culture (IC),2,100,66,34,34,1000,Cutoff,k-Median-Shapley,99.8,99.7,0.405
Impartial Culture (IC),2,100,66,34,34,1000,Bottom,Evaluative Voting,100.0,100.0,0.5
Impartial Culture (IC),2,100,66,34,34,1000,Bottom,k-Median Rule,100.0,100.0,0.2865
Impartial Culture (IC),2,100,66,34,34,1000,Bottom,k-Median-Shapley,98.7,96.2,0.3805
Impartial Culture (IC),3,100,66,34,34,1000,Cutoff,Evaluative Voting,100.0,100.0,0.6666666666666636
Impartial Culture (IC),3,100,66,34,34,1000,Cutoff,k-Median Rule,100.0,100.0,0.49866666666666765
Impartial Culture (IC),3,100,66,34,34,1000,Cutoff,k-Median-Shapley,99.9,99.9,0.5610000000000013
Impartial Culture (IC),3,100,66,34,34,1000,Bottom,Evaluative Voting,100.0,100.0,0.6666666666666636
Impartial Culture (IC),3,100,66,34,34,1000,Bottom,k-Median Rule,100.0,100.0,0.45233333333333303
Impartial Culture (IC),3,100,66,34,34,1000,Bottom,k-Median-Shapley,99.5,99.0,0.521
Impartial Culture (IC),4,100,66,34,34,1000,Cutoff,Evaluative Voting,100.0,100.0,0.75
Impartial Culture (IC),4,100,66,34,34,1000,Cutoff,k-Median Rule,100.0,100.0,0.644
Impartial Culture (IC),4,100,66,34,34,1000,Cutoff,k-Median-Shapley,100.0,100.0,0.6665
Impartial Culture (IC),4,100,66,34,34,1000,Bottom,Evaluative Voting,100.0,100.0,0.75
Impartial Culture (IC),4,100,66,34,34,1000,Bottom,k-Median Rule,100.0,100.0,0.5945
Impartial Culture (IC),4,100,66,34,34,1000,Bottom,k-Median-Shapley,99.9,99.9,0.6345
Impartial Culture (IC),5,100,66,34,34,1000,Cutoff,Evaluative Voting,100.0,100.0,0.7999999999999887
Impartial Culture (IC),5,100,66,34,34,1000,Cutoff,k-Median Rule,100.0,100.0,0.7593999999999951
Impartial Culture (IC),5,100,66,34,34,1000,Cutoff,k-Median-Shapley,100.0,100.0,0.7545999999999965
Impartial Culture (IC),5,100,66,34,34,1000,Bottom,Evaluative Voting,100.0,100.0,0.7999999999999887
Impartial Culture (IC),5,100,66,34,34,1000,Bottom,k-Median Rule,100.0,100.0,0.7220000000000002
Impartial Culture (IC),5,100,66,34,34,1000,Bottom,k-Median-Shapley,100.0,100.0,0.7353999999999984
Impartial Culture (IC),6,100,66,34,34,1000,Cutoff,Evaluative Voting,100.0,100.0,0.8333333333333433
Impartial Culture (IC),6,100,66,34,34,1000,Cutoff,k-Median Rule,100.0,100.0,0.8333333333333433
Impartial Culture (IC),6,100,66,34,34,1000,Cutoff,k-Median-Shapley,100.0,100.0,0.8333333333333433
Impartial Culture (IC),6,100,66,34,34,1000,Bottom,Evaluative Voting,100.0,100.0,0.8333333333333433
Impartial Culture (IC),6,100,66,34,34,1000,Bottom,k-Median Rule,100.0,100.0,0.8333333333333433
Impartial Culture (IC),6,100,66,34,34,1000,Bottom,k-Median-Shapley,100.0,100.0,0.8333333333333433
Impartial Culture (IC),2,100,65,35,35,1000,Cutoff,Evaluative Voting,100.0,100.0,0.5
Impartial Culture (IC),2,100,65,35,35,1000,Cutoff,k-Median Rule,100.0,100.0,0.3195
Impartial Culture (IC),2,100,65,35,35,1000,Cutoff,k-Median-Shapley,100.0,100.0,0.3895
Impartial Culture (IC),2,100,65,35,35,1000,Bottom,Evaluative Voting,100.0,100.0,0.5
Impartial Culture (IC),2,100,65,35,35,1000,Bottom,k-Median Rule,100.0,100.0,0.2905
Impartial Culture (IC),2,100,65,35,35,1000,Bottom,k-Median-Shapley,98.5,96.89999999999999,0.3555
Impartial Culture (IC),3,100,65,35,35,1000,Cutoff,Evaluative Voting,100.0,100.0,0.6666666666666636
Impartial Culture (IC),3,100,65,35,35,1000,Cutoff,k-Median Rule,100.0,100.0,0.4830000000000003
Impartial Culture (IC),3,100,65,35,35,1000,Cutoff,k-Median-Shapley,100.0,100.0,0.5516666666666682
Impartial Culture (IC),3,100,65,35,35,1000,Bottom,Evaluative Voting,100.0,100.0,0.6666666666666636
Impartial Culture (IC),3,100,65,35,35,1000,Bottom,k-Median Rule,100.0,100.0,0.4399999999999996
Impartial Culture (IC),3,100,65,35,35,1000,Bottom,k-Median-Shapley,99.8,99.4,0.5083333333333342
Impartial Culture (IC),4,100,65,35,35,1000,Cutoff,Evaluative Voting,100.0,100.0,0.75
Impartial Culture (IC),4,100,65,35,35,1000,Cutoff,k-Median Rule,100.0,100.0,0.6255
Impartial Culture (IC),4,100,65,35,35,1000,Cutoff,k-Median-Shapley,100.0,100.0,0.659
Impartial Culture (IC),4,100,65,35,35,1000,Bottom,Evaluative Voting,100.0,100.0,0.75
Impartial Culture (IC),4,100,65,35,35,1000,Bottom,k-Median Rule,100.0,100.0,0.57775
Impartial Culture (IC),4,100,65,35,35,1000,Bottom,k-Median-Shapley,99.9,99.9,0.6265
Impartial Culture (IC),5,100,65,35,35,1000,Cutoff,Evaluative Voting,100.0,100.0,0.7999999999999887
Impartial Culture (IC),5,100,65,35,35,1000,Cutoff,k-Median Rule,100.0,100.0,0.746599999999997
Impartial Culture (IC),5,100,65,35,35,1000,Cutoff,k-Median-Shapley,100.0,100.0,0.7505999999999973
Impartial Culture (IC),5,100,65,35,35,1000,Bottom,Evaluative Voting,100.0,100.0,0.7999999999999887
Impartial Culture (IC),5,100,65,35,35,1000,Bottom,k-Median Rule,100.0,100.0,0.7088000000000024
Impartial Culture (IC),5,100,65,35,35,1000,Bottom,k-Median-Shapley,100.0,100.0,0.7297999999999992
Impartial Culture (IC),6,100,65,35,35,1000,Cutoff,Evaluative Voting,100.0,100.0,0.8333333333333433
Impartial Culture (IC),6,100,65,35,35,1000,Cutoff,k-Median Rule,100.0,100.0,0.8333333333333433
Impartial Culture (IC),6,100,65,35,35,1000,Cutoff,k-Median-Shapley,100.0,100.0,0.8333333333333433
Impartial Culture (IC),6,100,65,35,35,1000,Bottom,Evaluative Voting,100.0,100.0,0.8333333333333433
Impartial Culture (IC),6,100,65,35,35,1000,Bottom,k-Median Rule,100.0,100.0,0.8333333333333433
Impartial Culture (IC),6,100,65,35,35,1000,Bottom,k-Median-Shapley,100.0,100.0,0.8333333333333433
Impartial Culture (IC),2,100,64,36,36,1000,Cutoff,Evaluative Voting,100.0,100.0,0.5
Impartial Culture (IC),2,100,64,36,36,1000,Cutoff,k-Median Rule,100.0,100.0,0.3225
Impartial Culture (IC),2,100,64,36,36,1000,Cutoff,k-Median-Shapley,100.0,100.0,0.3895
Impartial Culture (IC),2,100,64,36,36,1000,Bottom,Evaluative Voting,100.0,100.0,0.5
Impartial Culture (IC),2,100,64,36,36,1000,Bottom,k-Median Rule,100.0,100.0,0.294
Impartial Culture (IC),2,100,64,36,36,1000,Bottom,k-Median-Shapley,99.2,98.0,0.353
Impartial Culture (IC),3,100,64,36,36,1000,Cutoff,Evaluative Voting,100.0,100.0,0.6666666666666636
Impartial Culture (IC),3,100,64,36,36,1000,Cutoff,k-Median Rule,100.0,100.0,0.48500000000000015
Impartial Culture (IC),3,100,64,36,36,1000,Cutoff,k-Median-Shapley,100.0,100.0,0.5513333333333338
Impartial Culture (IC),3,100,64,36,36,1000,Bottom,Evaluative Voting,100.0,100.0,0.6666666666666636
Impartial Culture (IC),3,100,64,36,36,1000,Bottom,k-Median Rule,100.0,100.0,0.44566666666666604
Impartial Culture (IC),3,100,64,36,36,1000,Bottom,k-Median-Shapley,99.9,99.8,0.5060000000000007
Impartial Culture (IC),4,100,64,36,36,1000,Cutoff,Evaluative Voting,100.0,100.0,0.75
Impartial Culture (IC),4,100,64,36,36,1000,Cutoff,k-Median Rule,100.0,100.0,0.62475
Impartial Culture (IC),4,100,64,36,36,1000,Cutoff,k-Median-Shapley,100.0,100.0,0.658
Impartial Culture (IC),4,100,64,36,36,1000,Bottom,Evaluative Voting,100.0,100.0,0.75
Impartial Culture (IC),4,100,64,36,36,1000,Bottom,k-Median Rule,100.0,100.0,0.57925
Impartial Culture (IC),4,100,64,36,36,1000,Bottom,k-Median-Shapley,100.0,100.0,0.6285
Impartial Culture (IC),5,100,64,36,36,1000,Cutoff,Evaluative Voting,100.0,100.0,0.7999999999999887
Impartial Culture (IC),5,100,64,36,36,1000,Cutoff,k-Median Rule,100.0,100.0,0.7405999999999975
Impartial Culture (IC),5,100,64,36,36,1000,Cutoff,k-Median-Shapley,100.0,100.0,0.7473999999999978
Impartial Culture (IC),5,100,64,36,36,1000,Bottom,Evaluative Voting,100.0,100.0,0.7999999999999887
Impartial Culture (IC),5,100,64,36,36,1000,Bottom,k-Median Rule,100.0,100.0,0.7088000000000019
Impartial Culture (IC),5,100,64,36,36,1000,Bottom,k-Median-Shapley,100.0,100.0,0.7295999999999987
Impartial Culture (IC),6,100,64,36,36,1000,Cutoff,Evaluative Voting,100.0,100.0,0.8333333333333433
Impartial Culture (IC),6,100,64,36,36,1000,Cutoff,k-Median Rule,100.0,100.0,0.8333333333333433
Impartial Culture (IC),6,100,64,36,36,1000,Cutoff,k-Median-Shapley,100.0,100.0,0.8333333333333433
Impartial Culture (IC),6,100,64,36,36,1000,Bottom,Evaluative Voting,100.0,100.0,0.8333333333333433
Impartial Culture (IC),6,100,64,36,36,1000,Bottom,k-Median Rule,100.0,100.0,0.8333333333333433
Impartial Culture (IC),6,100,64,36,36,1000,Bottom,k-Median-Shapley,100.0,100.0,0.8333333333333433
Impartial Culture (IC),2,100,63,37,37,1000,Cutoff,Evaluative Voting,100.0,100.0,0.5
Impartial Culture (IC),2,100,63,37,37,1000,Cutoff,k-Median Rule,100.0,100.0,0.3295
Impartial Culture (IC),2,100,63,37,37,1000,Cutoff,k-Median-Shapley,100.0,100.0,0.3845
Impartial Culture (IC),2,100,63,37,37,1000,Bottom,Evaluative Voting,100.0,100.0,0.5
Impartial Culture (IC),2,100,63,37,37,1000,Bottom,k-Median Rule,100.0,100.0,0.3135
Impartial Culture (IC),2,100,63,37,37,1000,Bottom,k-Median-Shapley,99.5,98.8,0.3405
Impartial Culture (IC),3,100,63,37,37,1000,Cutoff,Evaluative Voting,100.0,100.0,0.6666666666666636
Impartial Culture (IC),3,100,63,37,37,1000,Cutoff,k-Median Rule,100.0,100.0,0.4800000000000001
Impartial Culture (IC),3,100,63,37,37,1000,Cutoff,k-Median-Shapley,100.0,100.0,0.5403333333333352
Impartial Culture (IC),3,100,63,37,37,1000,Bottom,Evaluative Voting,100.0,100.0,0.6666666666666636
Impartial Culture (IC),3,100,63,37,37,1000,Bottom,k-Median Rule,100.0,100.0,0.4526666666666663
Impartial Culture (IC),3,100,63,37,37,1000,Bottom,k-Median-Shapley,100.0,99.9,0.4876666666666671
Impartial Culture (IC),4,100,63,37,37,1000,Cutoff,Evaluative Voting,100.0,100.0,0.75
Impartial Culture (IC),4,100,63,37,37,1000,Cutoff,k-Median Rule,100.0,100.0,0.6155
Impartial Culture (IC),4,100,63,37,37,1000,Cutoff,k-Median-Shapley,100.0,100.0,0.6535
Impartial Culture (IC),4,100,63,37,37,1000,Bottom,Evaluative Voting,100.0,100.0,0.75
Impartial Culture (IC),4,100,63,37,37,1000,Bottom,k-Median Rule,100.0,100.0,0.57825
Impartial Culture (IC),4,100,63,37,37,1000,Bottom,k-Median-Shapley,100.0,100.0,0.61875
Impartial Culture (IC),5,100,63,37,37,1000,Cutoff,Evaluative Voting,100.0,100.0,0.7999999999999887
Impartial Culture (IC),5,100,63,37,37,1000,Cutoff,k-Median Rule,100.0,100.0,0.7335999999999985
Impartial Culture (IC),5,100,63,37,37,1000,Cutoff,k-Median-Shapley,100.0,100.0,0.7491999999999972
Impartial Culture (IC),5,100,63,37,37,1000,Bottom,Evaluative Voting,100.0,100.0,0.7999999999999887
Impartial Culture (IC),5,100,63,37,37,1000,Bottom,k-Median Rule,100.0,100.0,0.7042000000000026
Impartial Culture (IC),5,100,63,37,37,1000,Bottom,k-Median-Shapley,100.0,100.0,0.7257999999999999
Impartial Culture (IC),6,100,63,37,37,1000,Cutoff,Evaluative Voting,100.0,100.0,0.8333333333333433
Impartial Culture (IC),6,100,63,37,37,1000,Cutoff,k-Median Rule,100.0,100.0,0.8333333333333433
Impartial Culture (IC),6,100,63,37,37,1000,Cutoff,k-Median-Shapley,100.0,100.0,0.8333333333333433
Impartial Culture (IC),6,100,63,37,37,1000,Bottom,Evaluative Voting,100.0,100.0,0.8333333333333433
Impartial Culture (IC),6,100,63,37,37,1000,Bottom,k-Median Rule,100.0,100.0,0.8333333333333433
Impartial Culture (IC),6,100,63,37,37,1000,Bottom,k-Median-Shapley,100.0,100.0,0.8333333333333433
Impartial Culture (IC),2,100,62,38,38,1000,Cutoff,Evaluative Voting,100.0,100.0,0.5
Impartial Culture (IC),2,100,62,38,38,1000,Cutoff,k-Median Rule,100.0,100.0,0.3375
Impartial Culture (IC),2,100,62,38,38,1000,Cutoff,k-Median-Shapley,100.0,100.0,0.3665
Impartial Culture (IC),2,100,62,38,38,1000,Bottom,Evaluative Voting,100.0,100.0,0.5
Impartial Culture (IC),2,100,62,38,38,1000,Bottom,k-Median Rule,100.0,100.0,0.317
Impartial Culture (IC),2,100,62,38,38,1000,Bottom,k-Median-Shapley,99.7,99.3,0.3275
Impartial Culture (IC),3,100,62,38,38,1000,Cutoff,Evaluative Voting,100.0,100.0,0.6666666666666636
Impartial Culture (IC),3,100,62,38,38,1000,Cutoff,k-Median Rule,100.0,100.0,0.48700000000000015
Impartial Culture (IC),3,100,62,38,38,1000,Cutoff,k-Median-Shapley,100.0,100.0,0.5370000000000018
Impartial Culture (IC),3,100,62,38,38,1000,Bottom,Evaluative Voting,100.0,100.0,0.6666666666666636
Impartial Culture (IC),3,100,62,38,38,1000,Bottom,k-Median Rule,100.0,100.0,0.45699999999999924
Impartial Culture (IC),3,100,62,38,38,1000,Bottom,k-Median-Shapley,100.0,99.9,0.48533333333333334
Impartial Culture (IC),4,100,62,38,38,1000,Cutoff,Evaluative Voting,100.0,100.0,0.75
Impartial Culture (IC),4,100,62,38,38,1000,Cutoff,k-Median Rule,100.0,100.0,0.6145
Impartial Culture (IC),4,100,62,38,38,1000,Cutoff,k-Median-Shapley,100.0,100.0,0.647
Impartial Culture (IC),4,100,62,38,38,1000,Bottom,Evaluative Voting,100.0,100.0,0.75
Impartial Culture (IC),4,100,62,38,38,1000,Bottom,k-Median Rule,100.0,100.0,0.5815
Impartial Culture (IC),4,100,62,38,38,1000,Bottom,k-Median-Shapley,100.0,100.0,0.6145
Impartial Culture (IC),5,100,62,38,38,1000,Cutoff,Evaluative Voting,100.0,100.0,0.7999999999999887
Impartial Culture (IC),5,100,62,38,38,1000,Cutoff,k-Median Rule,100.0,100.0,0.7285999999999994
Impartial Culture (IC),5,100,62,38,38,1000,Cutoff,k-Median-Shapley,100.0,100.0,0.746399999999998
Impartial Culture (IC),5,100,62,38,38,1000,Bottom,Evaluative Voting,100.0,100.0,0.7999999999999887
Impartial Culture (IC),5,100,62,38,38,1000,Bottom,k-Median Rule,100.0,100.0,0.710800000000002
Impartial Culture (IC),5,100,62,38,38,1000,Bottom,k-Median-Shapley,100.0,100.0,0.720800000000001
Impartial Culture (IC),6,100,62,38,38,1000,Cutoff,Evaluative Voting,100.0,100.0,0.8333333333333433
Impartial Culture (IC),6,100,62,38,38,1000,Cutoff,k-Median Rule,100.0,100.0,0.8333333333333433
Impartial Culture (IC),6,100,62,38,38,1000,Cutoff,k-Median-Shapley,100.0,100.0,0.8333333333333433
Impartial Culture (IC),6,100,62,38,38,1000,Bottom,Evaluative Voting,100.0,100.0,0.8333333333333433
Impartial Culture (IC),6,100,62,38,38,1000,Bottom,k-Median Rule,100.0,100.0,0.8333333333333433
Impartial Culture (IC),6,100,62,38,38,1000,Bottom,k-Median-Shapley,100.0,100.0,0.8333333333333433
Impartial Culture (IC),2,100,61,39,39,1000,Cutoff,Evaluative Voting,100.0,100.0,0.5
Impartial Culture (IC),2,100,61,39,39,1000,Cutoff,k-Median Rule,100.0,100.0,0.344
Impartial Culture (IC),2,100,61,39,39,1000,Cutoff,k-Median-Shapley,100.0,100.0,0.3645
Impartial Culture (IC),2,100,61,39,39,1000,Bottom,Evaluative Voting,100.0,100.0,0.5
Impartial Culture (IC),2,100,61,39,39,1000,Bottom,k-Median Rule,100.0,100.0,0.33
Impartial Culture (IC),2,100,61,39,39,1000,Bottom,k-Median-Shapley,99.7,99.5,0.3275
Impartial Culture (IC),3,100,61,39,39,1000,Cutoff,Evaluative Voting,100.0,100.0,0.6666666666666636
Impartial Culture (IC),3,100,61,39,39,1000,Cutoff,k-Median Rule,100.0,100.0,0.4823333333333334
Impartial Culture (IC),3,100,61,39,39,1000,Cutoff,k-Median-Shapley,100.0,100.0,0.5263333333333349
Impartial Culture (IC),3,100,61,39,39,1000,Bottom,Evaluative Voting,100.0,100.0,0.6666666666666636
Impartial Culture (IC),3,100,61,39,39,1000,Bottom,k-Median Rule,100.0,100.0,0.46133333333333276
Impartial Culture (IC),3,100,61,39,39,1000,Bottom,k-Median-Shapley,100.0,99.9,0.48533333333333323
Impartial Culture (IC),4,100,61,39,39,1000,Cutoff,Evaluative Voting,100.0,100.0,0.75
Impartial Culture (IC),4,100,61,39,39,1000,Cutoff,k-Median Rule,100.0,100.0,0.61175
Impartial Culture (IC),4,100,61,39,39,1000,Cutoff,k-Median-Shapley,100.0,100.0,0.6475
Impartial Culture (IC),4,100,61,39,39,1000,Bottom,Evaluative Voting,100.0,100.0,0.75
Impartial Culture (IC),4,100,61,39,39,1000,Bottom,k-Median Rule,100.0,100.0,0.581
Impartial Culture (IC),4,100,61,39,39,1000,Bottom,k-Median-Shapley,99.9,99.9,0.6125
Impartial Culture (IC),5,100,61,39,39,1000,Cutoff,Evaluative Voting,100.0,100.0,0.7999999999999887
Impartial Culture (IC),5,100,61,39,39,1000,Cutoff,k-Median Rule,100.0,100.0,0.733799999999999
Impartial Culture (IC),5,100,61,39,39,1000,Cutoff,k-Median-Shapley,100.0,100.0,0.7417999999999982
Impartial Culture (IC),5,100,61,39,39,1000,Bottom,Evaluative Voting,100.0,100.0,0.7999999999999887
Impartial Culture (IC),5,100,61,39,39,1000,Bottom,k-Median Rule,100.0,100.0,0.7134000000000016
Impartial Culture (IC),5,100,61,39,39,1000,Bottom,k-Median-Shapley,100.0,100.0,0.7208000000000008
Impartial Culture (IC),6,100,61,39,39,1000,Cutoff,Evaluative Voting,100.0,100.0,0.8333333333333433
Impartial Culture (IC),6,100,61,39,39,1000,Cutoff,k-Median Rule,100.0,100.0,0.8333333333333433
Impartial Culture (IC),6,100,61,39,39,1000,Cutoff,k-Median-Shapley,100.0,100.0,0.8333333333333433
Impartial Culture (IC),6,100,61,39,39,1000,Bottom,Evaluative Voting,100.0,100.0,0.8333333333333433
Impartial Culture (IC),6,100,61,39,39,1000,Bottom,k-Median Rule,100.0,100.0,0.8333333333333433
Impartial Culture (IC),6,100,61,39,39,1000,Bottom,k-Median-Shapley,100.0,100.0,0.8333333333333433
Impartial Culture (IC),2,100,60,40,40,1000,Cutoff,Evaluative Voting,100.0,100.0,0.5
Impartial Culture (IC),2,100,60,40,40,1000,Cutoff,k-Median Rule,100.0,100.0,0.339
Impartial Culture (IC),2,100,60,40,40,1000,Cutoff,k-Median-Shapley,100.0,100.0,0.3565
Impartial Culture (IC),2,100,60,40,40,1000,Bottom,Evaluative Voting,100.0,100.0,0.5
Impartial Culture (IC),2,100,60,40,40,1000,Bottom,k-Median Rule,100.0,100.0,0.327
Impartial Culture (IC),2,100,60,40,40,1000,Bottom,k-Median-Shapley,99.8,99.5,0.3055
Impartial Culture (IC),3,100,60,40,40,1000,Cutoff,Evaluative Voting,100.0,100.0,0.6666666666666636
Impartial Culture (IC),3,100,60,40,40,1000,Cutoff,k-Median Rule,100.0,100.0,0.48933333333333373
Impartial Culture (IC),3,100,60,40,40,1000,Cutoff,k-Median-Shapley,100.0,100.0,0.5280000000000018
Impartial Culture (IC),3,100,60,40,40,1000,Bottom,Evaluative Voting,100.0,100.0,0.6666666666666636
Impartial Culture (IC),3,100,60,40,40,1000,Bottom,k-Median Rule,100.0,100.0,0.4646666666666666
Impartial Culture (IC),3,100,60,40,40,1000,Bottom,k-Median-Shapley,100.0,100.0,0.4799999999999995
Impartial Culture (IC),4,100,60,40,40,1000,Cutoff,Evaluative Voting,100.0,100.0,0.75
Impartial Culture (IC),4,100,60,40,40,1000,Cutoff,k-Median Rule,100.0,100.0,0.622
Impartial Culture (IC),4,100,60,40,40,1000,Cutoff,k-Median-Shapley,100.0,100.0,0.64175
Impartial Culture (IC),4,100,60,40,40,1000,Bottom,Evaluative Voting,100.0,100.0,0.75
Impartial Culture (IC),4,100,60,40,40,1000,Bottom,k-Median Rule,100.0,100.0,0.5955
Impartial Culture (IC),4,100,60,40,40,1000,Bottom,k-Median-Shapley,100.0,100.0,0.60575
Impartial Culture (IC),5,100,60,40,40,1000,Cutoff,Evaluative Voting,100.0,100.0,0.7999999999999887
Impartial Culture (IC),5,100,60,40,40,1000,Cutoff,k-Median Rule,100.0,100.0,0.7419999999999976
Impartial Culture (IC),5,100,60,40,40,1000,Cutoff,k-Median-Shapley,100.0,100.0,0.7395999999999986
Impartial Culture (IC),5,100,60,40,40,1000,Bottom,Evaluative Voting,100.0,100.0,0.7999999999999887
Impartial Culture (IC),5,100,60,40,40,1000,Bottom,k-Median Rule,100.0,100.0,0.7242000000000006
Impartial Culture (IC),5,100,60,40,40,1000,Bottom,k-Median-Shapley,100.0,100.0,0.7164000000000016
Impartial Culture (IC),6,100,60,40,40,1000,Cutoff,Evaluative Voting,100.0,100.0,0.8333333333333433
Impartial Culture (IC),6,100,60,40,40,1000,Cutoff,k-Median Rule,100.0,100.0,0.8333333333333433
Impartial Culture (IC),6,100,60,40,40,1000,Cutoff,k-Median-Shapley,100.0,100.0,0.8333333333333433
Impartial Culture (IC),6,100,60,40,40,1000,Bottom,Evaluative Voting,100.0,100.0,0.8333333333333433
Impartial Culture (IC),6,100,60,40,40,1000,Bottom,k-Median Rule,100.0,100.0,0.8333333333333433
Impartial Culture (IC),6,100,60,40,40,1000,Bottom,k-Median-Shapley,100.0,100.0,0.8333333333333433
Impartial Culture (IC),2,100,59,41,41,1000,Cutoff,Evaluative Voting,100.0,100.0,0.5
Impartial Culture (IC),2,100,59,41,41,1000,Cutoff,k-Median Rule,100.0,100.0,0.3305
Impartial Culture (IC),2,100,59,41,41,1000,Cutoff,k-Median-Shapley,100.0,100.0,0.3395
Impartial Culture (IC),2,100,59,41,41,1000,Bottom,Evaluative Voting,100.0,100.0,0.5
Impartial Culture (IC),2,100,59,41,41,1000,Bottom,k-Median Rule,100.0,100.0,0.322
Impartial Culture (IC),2,100,59,41,41,1000,Bottom,k-Median-Shapley,99.9,99.8,0.299
Impartial Culture (IC),3,100,59,41,41,1000,Cutoff,Evaluative Voting,100.0,100.0,0.6666666666666636
Impartial Culture (IC),3,100,59,41,41,1000,Cutoff,k-Median Rule,100.0,100.0,0.48133333333333356
Impartial Culture (IC),3,100,59,41,41,1000,Cutoff,k-Median-Shapley,100.0,100.0,0.5090000000000011
Impartial Culture (IC),3,100,59,41,41,1000,Bottom,Evaluative Voting,100.0,100.0,0.6666666666666636
Impartial Culture (IC),3,100,59,41,41,1000,Bottom,k-Median Rule,100.0,100.0,0.4579999999999999
Impartial Culture (IC),3,100,59,41,41,1000,Bottom,k-Median-Shapley,100.0,100.0,0.467333333333333
Impartial Culture (IC),4,100,59,41,41,1000,Cutoff,Evaluative Voting,100.0,100.0,0.75
Impartial Culture (IC),4,100,59,41,41,1000,Cutoff,k-Median Rule,100.0,100.0,0.62025
Impartial Culture (IC),4,100,59,41,41,1000,Cutoff,k-Median-Shapley,100.0,100.0,0.62875
Impartial Culture (IC),4,100,59,41,41,1000,Bottom,Evaluative Voting,100.0,100.0,0.75
Impartial Culture (IC),4,100,59,41,41,1000,Bottom,k-Median Rule,100.0,100.0,0.59225
Impartial Culture (IC),4,100,59,41,41,1000,Bottom,k-Median-Shapley,100.0,100.0,0.602
Impartial Culture (IC),5,100,59,41,41,1000,Cutoff,Evaluative Voting,100.0,100.0,0.7999999999999887
Impartial Culture (IC),5,100,59,41,41,1000,Cutoff,k-Median Rule,100.0,100.0,0.7429999999999971
Impartial Culture (IC),5,100,59,41,41,1000,Cutoff,k-Median-Shapley,100.0,100.0,0.7329999999999995
Impartial Culture (IC),5,100,59,41,41,1000,Bottom,Evaluative Voting,100.0,100.0,0.7999999999999887
Impartial Culture (IC),5,100,59,41,41,1000,Bottom,k-Median Rule,100.0,100.0,0.7234
Impartial Culture (IC),5,100,59,41,41,1000,Bottom,k-Median-Shapley,100.0,100.0,0.7108000000000015
Impartial Culture (IC),6,100,59,41,41,1000,Cutoff,Evaluative Voting,100.0,100.0,0.8333333333333433
Impartial Culture (IC),6,100,59,41,41,1000,Cutoff,k-Median Rule,100.0,100.0,0.8333333333333433
Impartial Culture (IC),6,100,59,41,41,1000,Cutoff,k-Median-Shapley,100.0,100.0,0.8333333333333433
Impartial Culture (IC),6,100,59,41,41,1000,Bottom,Evaluative Voting,100.0,100.0,0.8333333333333433
Impartial Culture (IC),6,100,59,41,41,1000,Bottom,k-Median Rule,100.0,100.0,0.8333333333333433
Impartial Culture (IC),6,100,59,41,41,1000,Bottom,k-Median-Shapley,100.0,100.0,0.8333333333333433
Impartial Culture (IC),2,100,58,42,42,1000,Cutoff,Evaluative Voting,100.0,100.0,0.5
Impartial Culture (IC),2,100,58,42,42,1000,Cutoff,k-Median Rule,100.0,100.0,0.3135
Impartial Culture (IC),2,100,58,42,42,1000,Cutoff,k-Median-Shapley,100.0,100.0,0.341
Impartial Culture (IC),2,100,58,42,42,1000,Bottom,Evaluative Voting,100.0,100.0,0.5
Impartial Culture (IC),2,100,58,42,42,1000,Bottom,k-Median Rule,100.0,100.0,0.2955
Impartial Culture (IC),2,100,58,42,42,1000,Bottom,k-Median-Shapley,100.0,99.9,0.297
Impartial Culture (IC),3,100,58,42,42,1000,Cutoff,Evaluative Voting,100.0,100.0,0.6666666666666636
Impartial Culture (IC),3,100,58,42,42,1000,Cutoff,k-Median Rule,100.0,100.0,0.4823333333333336
Impartial Culture (IC),3,100,58,42,42,1000,Cutoff,k-Median-Shapley,100.0,100.0,0.5046666666666679
Impartial Culture (IC),3,100,58,42,42,1000,Bottom,Evaluative Voting,100.0,100.0,0.6666666666666636
Impartial Culture (IC),3,100,58,42,42,1000,Bottom,k-Median Rule,100.0,100.0,0.4529999999999998
Impartial Culture (IC),3,100,58,42,42,1000,Bottom,k-Median-Shapley,100.0,100.0,0.46833333333333316
Impartial Culture (IC),4,100,58,42,42,1000,Cutoff,Evaluative Voting,100.0,100.0,0.75
Impartial Culture (IC),4,100,58,42,42,1000,Cutoff,k-Median Rule,100.0,100.0,0.6345
Impartial Culture (IC),4,100,58,42,42,1000,Cutoff,k-Median-Shapley,100.0,100.0,0.61875
Impartial Culture (IC),4,100,58,42,42,1000,Bottom,Evaluative Voting,100.0,100.0,0.75
Impartial Culture (IC),4,100,58,42,42,1000,Bottom,k-Median Rule,100.0,100.0,0.6
Impartial Culture (IC),4,100,58,42,42,1000,Bottom,k-Median-Shapley,100.0,100.0,0.58925
Impartial Culture (IC),5,100,58,42,42,1000,Cutoff,Evaluative Voting,100.0,100.0,0.7999999999999887
Impartial Culture (IC),5,100,58,42,42,1000,Cutoff,k-Median Rule,100.0,100.0,0.7523999999999957
Impartial Culture (IC),5,100,58,42,42,1000,Cutoff,k-Median-Shapley,100.0,100.0,0.7274000000000003
Impartial Culture (IC),5,100,58,42,42,1000,Bottom,Evaluative Voting,100.0,100.0,0.7999999999999887
Impartial Culture (IC),5,100,58,42,42,1000,Bottom,k-Median Rule,100.0,100.0,0.7265999999999997
Impartial Culture (IC),5,100,58,42,42,1000,Bottom,k-Median-Shapley,100.0,100.0,0.7068000000000029
Impartial Culture (IC),6,100,58,42,42,1000,Cutoff,Evaluative Voting,100.0,100.0,0.8333333333333433
Impartial Culture (IC),6,100,58,42,42,1000,Cutoff,k-Median Rule,100.0,100.0,0.8333333333333433
Impartial Culture (IC),6,100,58,42,42,1000,Cutoff,k-Median-Shapley,100.0,100.0,0.8333333333333433
Impartial Culture (IC),6,100,58,42,42,1000,Bottom,Evaluative Voting,100.0,100.0,0.8333333333333433
Impartial Culture (IC),6,100,58,42,42,1000,Bottom,k-Median Rule,100.0,100.0,0.8333333333333433
Impartial Culture (IC),6,100,58,42,42,1000,Bottom,k-Median-Shapley,100.0,100.0,0.8333333333333433
Impartial Culture (IC),2,100,57,43,43,1000,Cutoff,Evaluative Voting,100.0,100.0,0.5
Impartial Culture (IC),2,100,57,43,43,1000,Cutoff,k-Median Rule,100.0,100.0,0.3025
Impartial Culture (IC),2,100,57,43,43,1000,Cutoff,k-Median-Shapley,100.0,100.0,0.316
Impartial Culture (IC),2,100,57,43,43,1000,Bottom,Evaluative Voting,100.0,100.0,0.5
Impartial Culture (IC),2,100,57,43,43,1000,Bottom,k-Median Rule,100.0,100.0,0.2875
Impartial Culture (IC),2,100,57,43,43,1000,Bottom,k-Median-Shapley,99.9,99.9,0.2725
Impartial Culture (IC),3,100,57,43,43,1000,Cutoff,Evaluative Voting,100.0,100.0,0.6666666666666636
Impartial Culture (IC),3,100,57,43,43,1000,Cutoff,k-Median Rule,100.0,100.0,0.47366666666666707
Impartial Culture (IC),3,100,57,43,43,1000,Cutoff,k-Median-Shapley,100.0,100.0,0.4883333333333337
Impartial Culture (IC),3,100,57,43,43,1000,Bottom,Evaluative Voting,100.0,100.0,0.6666666666666636
Impartial Culture (IC),3,100,57,43,43,1000,Bottom,k-Median Rule,100.0,100.0,0.4343333333333328
Impartial Culture (IC),3,100,57,43,43,1000,Bottom,k-Median-Shapley,100.0,100.0,0.44866666666666605
Impartial Culture (IC),4,100,57,43,43,1000,Cutoff,Evaluative Voting,100.0,100.0,0.75
Impartial Culture (IC),4,100,57,43,43,1000,Cutoff,k-Median Rule,100.0,100.0,0.624
Impartial Culture (IC),4,100,57,43,43,1000,Cutoff,k-Median-Shapley,100.0,100.0,0.60625
Impartial Culture (IC),4,100,57,43,43,1000,Bottom,Evaluative Voting,100.0,100.0,0.75
Impartial Culture (IC),4,100,57,43,43,1000,Bottom,k-Median Rule,100.0,100.0,0.58125
Impartial Culture (IC),4,100,57,43,43,1000,Bottom,k-Median-Shapley,100.0,100.0,0.5885
Impartial Culture (IC),5,100,57,43,43,1000,Cutoff,Evaluative Voting,100.0,100.0,0.7999999999999887
Impartial Culture (IC),5,100,57,43,43,1000,Cutoff,k-Median Rule,100.0,100.0,0.7527999999999954
Impartial Culture (IC),5,100,57,43,43,1000,Cutoff,k-Median-Shapley,100.0,100.0,0.7182000000000015
Impartial Culture (IC),5,100,57,43,43,1000,Bottom,Evaluative Voting,100.0,100.0,0.7999999999999887
Impartial Culture (IC),5,100,57,43,43,1000,Bottom,k-Median Rule,100.0,100.0,0.716000000000001
Impartial Culture (IC),5,100,57,43,43,1000,Bottom,k-Median-Shapley,100.0,100.0,0.7070000000000026
Impartial Culture (IC),6,100,57,43,43,1000,Cutoff,Evaluative Voting,100.0,100.0,0.8333333333333433
Impartial Culture (IC),6,100,57,43,43,1000,Cutoff,k-Median Rule,100.0,100.0,0.8333333333333433
Impartial Culture (IC),6,100,57,43,43,1000,Cutoff,k-Median-Shapley,100.0,100.0,0.8333333333333433
Impartial Culture (IC),6,100,57,43,43,1000,Bottom,Evaluative Voting,100.0,100.0,0.8333333333333433
Impartial Culture (IC),6,100,57,43,43,1000,Bottom,k-Median Rule,100.0,100.0,0.8333333333333433
Impartial Culture (IC),6,100,57,43,43,1000,Bottom,k-Median-Shapley,100.0,100.0,0.8333333333333433
Impartial Culture (IC),2,100,56,44,44,1000,Cutoff,Evaluative Voting,100.0,100.0,0.5
Impartial Culture (IC),2,100,56,44,44,1000,Cutoff,k-Median Rule,100.0,100.0,0.303
Impartial Culture (IC),2,100,56,44,44,1000,Cutoff,k-Median-Shapley,100.0,100.0,0.3045
Impartial Culture (IC),2,100,56,44,44,1000,Bottom,Evaluative Voting,100.0,100.0,0.5
Impartial Culture (IC),2,100,56,44,44,1000,Bottom,k-Median Rule,100.0,100.0,0.28
Impartial Culture (IC),2,100,56,44,44,1000,Bottom,k-Median-Shapley,100.0,100.0,0.2645
Impartial Culture (IC),3,100,56,44,44,1000,Cutoff,Evaluative Voting,100.0,100.0,0.6666666666666636
Impartial Culture (IC),3,100,56,44,44,1000,Cutoff,k-Median Rule,100.0,100.0,0.486666666666667
Impartial Culture (IC),3,100,56,44,44,1000,Cutoff,k-Median-Shapley,100.0,100.0,0.47399999999999975
Impartial Culture (IC),3,100,56,44,44,1000,Bottom,Evaluative Voting,100.0,100.0,0.6666666666666636
Impartial Culture (IC),3,100,56,44,44,1000,Bottom,k-Median Rule,100.0,100.0,0.44599999999999934
Impartial Culture (IC),3,100,56,44,44,1000,Bottom,k-Median-Shapley,100.0,100.0,0.43466666666666653
Impartial Culture (IC),4,100,56,44,44,1000,Cutoff,Evaluative Voting,100.0,100.0,0.75
Impartial Culture (IC),4,100,56,44,44,1000,Cutoff,k-Median Rule,100.0,100.0,0.63825
Impartial Culture (IC),4,100,56,44,44,1000,Cutoff,k-Median-Shapley,100.0,100.0,0.599
Impartial Culture (IC),4,100,56,44,44,1000,Bottom,Evaluative Voting,100.0,100.0,0.75
Impartial Culture (IC),4,100,56,44,44,1000,Bottom,k-Median Rule,100.0,100.0,0.59875
Impartial Culture (IC),4,100,56,44,44,1000,Bottom,k-Median-Shapley,100.0,100.0,0.57475
Impartial Culture (IC),5,100,56,44,44,1000,Cutoff,Evaluative Voting,100.0,100.0,0.7999999999999887
Impartial Culture (IC),5,100,56,44,44,1000,Cutoff,k-Median Rule,100.0,100.0,0.7573999999999949
Impartial Culture (IC),5,100,56,44,44,1000,Cutoff,k-Median-Shapley,100.0,100.0,0.7148000000000017
Impartial Culture (IC),5,100,56,44,44,1000,Bottom,Evaluative Voting,100.0,100.0,0.7999999999999887
Impartial Culture (IC),5,100,56,44,44,1000,Bottom,k-Median Rule,100.0,100.0,0.7249999999999999
Impartial Culture (IC),5,100,56,44,44,1000,Bottom,k-Median-Shapley,100.0,100.0,0.7036000000000028
Impartial Culture (IC),6,100,56,44,44,1000,Cutoff,Evaluative Voting,100.0,100.0,0.8333333333333433
Impartial Culture (IC),6,100,56,44,44,1000,Cutoff,k-Median Rule,100.0,100.0,0.8333333333333433
Impartial Culture (IC),6,100,56,44,44,1000,Cutoff,k-Median-Shapley,100.0,100.0,0.8333333333333433
Impartial Culture (IC),6,100,56,44,44,1000,Bottom,Evaluative Voting,100.0,100.0,0.8333333333333433
Impartial Culture (IC),6,100,56,44,44,1000,Bottom,k-Median Rule,100.0,100.0,0.8333333333333433
Impartial Culture (IC),6,100,56,44,44,1000,Bottom,k-Median-Shapley,100.0,100.0,0.8333333333333433
Impartial Culture (IC),2,100,55,45,45,1000,Cutoff,Evaluative Voting,100.0,100.0,0.5
Impartial Culture (IC),2,100,55,45,45,1000,Cutoff,k-Median Rule,100.0,100.0,0.297
Impartial Culture (IC),2,100,55,45,45,1000,Cutoff,k-Median-Shapley,100.0,100.0,0.279
Impartial Culture (IC),2,100,55,45,45,1000,Bottom,Evaluative Voting,100.0,100.0,0.5
Impartial Culture (IC),2,100,55,45,45,1000,Bottom,k-Median Rule,100.0,100.0,0.2805
Impartial Culture (IC),2,100,55,45,45,1000,Bottom,k-Median-Shapley,100.0,100.0,0.243
Impartial Culture (IC),3,100,55,45,45,1000,Cutoff,Evaluative Voting,100.0,100.0,0.6666666666666636
Impartial Culture (IC),3,100,55,45,45,1000,Cutoff,k-Median Rule,100.0,100.0,0.47766666666666674
Impartial Culture (IC),3,100,55,45,45,1000,Cutoff,k-Median-Shapley,100.0,100.0,0.44799999999999973
Impartial Culture (IC),3,100,55,45,45,1000,Bottom,Evaluative Voting,100.0,100.0,0.6666666666666636
Impartial Culture (IC),3,100,55,45,45,1000,Bottom,k-Median Rule,100.0,100.0,0.4393333333333323
Impartial Culture (IC),3,100,55,45,45,1000,Bottom,k-Median-Shapley,100.0,100.0,0.4186666666666654
Impartial Culture (IC),4,100,55,45,45,1000,Cutoff,Evaluative Voting,100.0,100.0,0.75
Impartial Culture (IC),4,100,55,45,45,1000,Cutoff,k-Median Rule,100.0,100.0,0.6285
Impartial Culture (IC),4,100,55,45,45,1000,Cutoff,k-Median-Shapley,100.0,100.0,0.58375
Impartial Culture (IC),4,100,55,45,45,1000,Bottom,Evaluative Voting,100.0,100.0,0.75
Impartial Culture (IC),4,100,55,45,45,1000,Bottom,k-Median Rule,100.0,100.0,0.588
Impartial Culture (IC),4,100,55,45,45,1000,Bottom,k-Median-Shapley,100.0,100.0,0.5635
Impartial Culture (IC),5,100,55,45,45,1000,Cutoff,Evaluative Voting,100.0,100.0,0.7999999999999887
Impartial Culture (IC),5,100,55,45,45,1000,Cutoff,k-Median Rule,100.0,100.0,0.7517999999999956
Impartial Culture (IC),5,100,55,45,45,1000,Cutoff,k-Median-Shapley,100.0,100.0,0.7068000000000025
Impartial Culture (IC),5,100,55,45,45,1000,Bottom,Evaluative Voting,100.0,100.0,0.7999999999999887
Impartial Culture (IC),5,100,55,45,45,1000,Bottom,k-Median Rule,100.0,100.0,0.7158000000000013
Impartial Culture (IC),5,100,55,45,45,1000,Bottom,k-Median-Shapley,100.0,100.0,0.6966000000000037
Impartial Culture (IC),6,100,55,45,45,1000,Cutoff,Evaluative Voting,100.0,100.0,0.8333333333333433
Impartial Culture (IC),6,100,55,45,45,1000,Cutoff,k-Median Rule,100.0,100.0,0.8333333333333433
Impartial Culture (IC),6,100,55,45,45,1000,Cutoff,k-Median-Shapley,100.0,100.0,0.8333333333333433
Impartial Culture (IC),6,100,55,45,45,1000,Bottom,Evaluative Voting,100.0,100.0,0.8333333333333433
Impartial Culture (IC),6,100,55,45,45,1000,Bottom,k-Median Rule,100.0,100.0,0.8333333333333433
Impartial Culture (IC),6,100,55,45,45,1000,Bottom,k-Median-Shapley,100.0,100.0,0.8333333333333433
Impartial Culture (IC),2,100,54,46,46,1000,Cutoff,Evaluative Voting,100.0,100.0,0.5
Impartial Culture (IC),2,100,54,46,46,1000,Cutoff,k-Median Rule,100.0,100.0,0.3035
Impartial Culture (IC),2,100,54,46,46,1000,Cutoff,k-Median-Shapley,100.0,100.0,0.2805
Impartial Culture (IC),2,100,54,46,46,1000,Bottom,Evaluative Voting,100.0,100.0,0.5
Impartial Culture (IC),2,100,54,46,46,1000,Bottom,k-Median Rule,100.0,100.0,0.2855
Impartial Culture (IC),2,100,54,46,46,1000,Bottom,k-Median-Shapley,100.0,100.0,0.2495
Impartial Culture (IC),3,100,54,46,46,1000,Cutoff,Evaluative Voting,100.0,100.0,0.6666666666666636
Impartial Culture (IC),3,100,54,46,46,1000,Cutoff,k-Median Rule,100.0,100.0,0.4853333333333338
Impartial Culture (IC),3,100,54,46,46,1000,Cutoff,k-Median-Shapley,100.0,100.0,0.4419999999999993
Impartial Culture (IC),3,100,54,46,46,1000,Bottom,Evaluative Voting,100.0,100.0,0.6666666666666636
Impartial Culture (IC),3,100,54,46,46,1000,Bottom,k-Median Rule,100.0,100.0,0.4453333333333328
Impartial Culture (IC),3,100,54,46,46,1000,Bottom,k-Median-Shapley,100.0,100.0,0.417666666666666
Impartial Culture (IC),4,100,54,46,46,1000,Cutoff,Evaluative Voting,100.0,100.0,0.75
Impartial Culture (IC),4,100,54,46,46,1000,Cutoff,k-Median Rule,100.0,100.0,0.64025
Impartial Culture (IC),4,100,54,46,46,1000,Cutoff,k-Median-Shapley,100.0,100.0,0.568
Impartial Culture (IC),4,100,54,46,46,1000,Bottom,Evaluative Voting,100.0,100.0,0.75
Impartial Culture (IC),4,100,54,46,46,1000,Bottom,k-Median Rule,100.0,100.0,0.595
Impartial Culture (IC),4,100,54,46,46,1000,Bottom,k-Median-Shapley,100.0,100.0,0.5545
Impartial Culture (IC),5,100,54,46,46,1000,Cutoff,Evaluative Voting,100.0,100.0,0.7999999999999887
Impartial Culture (IC),5,100,54,46,46,1000,Cutoff,k-Median Rule,100.0,100.0,0.7563999999999953
Impartial Culture (IC),5,100,54,46,46,1000,Cutoff,k-Median-Shapley,100.0,100.0,0.696200000000004
Impartial Culture (IC),5,100,54,46,46,1000,Bottom,Evaluative Voting,100.0,100.0,0.7999999999999887
Impartial Culture (IC),5,100,54,46,46,1000,Bottom,k-Median Rule,100.0,100.0,0.7250000000000002
Impartial Culture (IC),5,100,54,46,46,1000,Bottom,k-Median-Shapley,100.0,100.0,0.6890000000000042
Impartial Culture (IC),6,100,54,46,46,1000,Cutoff,Evaluative Voting,100.0,100.0,0.8333333333333433
Impartial Culture (IC),6,100,54,46,46,1000,Cutoff,k-Median Rule,100.0,100.0,0.8333333333333433
Impartial Culture (IC),6,100,54,46,46,1000,Cutoff,k-Median-Shapley,100.0,100.0,0.8333333333333433
Impartial Culture (IC),6,100,54,46,46,1000,Bottom,Evaluative Voting,100.0,100.0,0.8333333333333433
Impartial Culture (IC),6,100,54,46,46,1000,Bottom,k-Median Rule,100.0,100.0,0.8333333333333433
Impartial Culture (IC),6,100,54,46,46,1000,Bottom,k-Median-Shapley,100.0,100.0,0.8333333333333433
Impartial Culture (IC),2,100,53,47,47,1000,Cutoff,Evaluative Voting,100.0,100.0,0.5
Impartial Culture (IC),2,100,53,47,47,1000,Cutoff,k-Median Rule,100.0,100.0,0.3025
Impartial Culture (IC),2,100,53,47,47,1000,Cutoff,k-Median-Shapley,100.0,100.0,0.2495
Impartial Culture (IC),2,100,53,47,47,1000,Bottom,Evaluative Voting,100.0,100.0,0.5
Impartial Culture (IC),2,100,53,47,47,1000,Bottom,k-Median Rule,100.0,100.0,0.2915
Impartial Culture (IC),2,100,53,47,47,1000,Bottom,k-Median-Shapley,100.0,100.0,0.2325
Impartial Culture (IC),3,100,53,47,47,1000,Cutoff,Evaluative Voting,100.0,100.0,0.6666666666666636
Impartial Culture (IC),3,100,53,47,47,1000,Cutoff,k-Median Rule,100.0,100.0,0.4709999999999999
Impartial Culture (IC),3,100,53,47,47,1000,Cutoff,k-Median-Shapley,100.0,100.0,0.419999999999999
Impartial Culture (IC),3,100,53,47,47,1000,Bottom,Evaluative Voting,100.0,100.0,0.6666666666666636
Impartial Culture (IC),3,100,53,47,47,1000,Bottom,k-Median Rule,100.0,100.0,0.43866666666666637
Impartial Culture (IC),3,100,53,47,47,1000,Bottom,k-Median-Shapley,100.0,100.0,0.3993333333333323
Impartial Culture (IC),4,100,53,47,47,1000,Cutoff,Evaluative Voting,100.0,100.0,0.75
Impartial Culture (IC),4,100,53,47,47,1000,Cutoff,k-Median Rule,100.0,100.0,0.621
Impartial Culture (IC),4,100,53,47,47,1000,Cutoff,k-Median-Shapley,100.0,100.0,0.5605
Impartial Culture (IC),4,100,53,47,47,1000,Bottom,Evaluative Voting,100.0,100.0,0.75
Impartial Culture (IC),4,100,53,47,47,1000,Bottom,k-Median Rule,100.0,100.0,0.5775
Impartial Culture (IC),4,100,53,47,47,1000,Bottom,k-Median-Shapley,100.0,100.0,0.54375
Impartial Culture (IC),5,100,53,47,47,1000,Cutoff,Evaluative Voting,100.0,100.0,0.7999999999999887
Impartial Culture (IC),5,100,53,47,47,1000,Cutoff,k-Median Rule,100.0,100.0,0.7483999999999967
Impartial Culture (IC),5,100,53,47,47,1000,Cutoff,k-Median-Shapley,100.0,100.0,0.6942000000000041
Impartial Culture (IC),5,100,53,47,47,1000,Bottom,Evaluative Voting,100.0,100.0,0.7999999999999887
Impartial Culture (IC),5,100,53,47,47,1000,Bottom,k-Median Rule,100.0,100.0,0.7124000000000015
Impartial Culture (IC),5,100,53,47,47,1000,Bottom,k-Median-Shapley,100.0,100.0,0.6880000000000044
Impartial Culture (IC),6,100,53,47,47,1000,Cutoff,Evaluative Voting,100.0,100.0,0.8333333333333433
Impartial Culture (IC),6,100,53,47,47,1000,Cutoff,k-Median Rule,100.0,100.0,0.8333333333333433
Impartial Culture (IC),6,100,53,47,47,1000,Cutoff,k-Median-Shapley,100.0,100.0,0.8333333333333433
Impartial Culture (IC),6,100,53,47,47,1000,Bottom,Evaluative Voting,100.0,100.0,0.8333333333333433
Impartial Culture (IC),6,100,53,47,47,1000,Bottom,k-Median Rule,100.0,100.0,0.8333333333333433
Impartial Culture (IC),6,100,53,47,47,1000,Bottom,k-Median-Shapley,100.0,100.0,0.8333333333333433
Impartial Culture (IC),2,100,52,48,48,1000,Cutoff,Evaluative Voting,100.0,100.0,0.5
Impartial Culture (IC),2,100,52,48,48,1000,Cutoff,k-Median Rule,100.0,100.0,0.304
Impartial Culture (IC),2,100,52,48,48,1000,Cutoff,k-Median-Shapley,100.0,100.0,0.2245
Impartial Culture (IC),2,100,52,48,48,1000,Bottom,Evaluative Voting,100.0,100.0,0.5
Impartial Culture (IC),2,100,52,48,48,1000,Bottom,k-Median Rule,100.0,100.0,0.294
Impartial Culture (IC),2,100,52,48,48,1000,Bottom,k-Median-Shapley,100.0,100.0,0.198
Impartial Culture (IC),3,100,52,48,48,1000,Cutoff,Evaluative Voting,100.0,100.0,0.6666666666666636
Impartial Culture (IC),3,100,52,48,48,1000,Cutoff,k-Median Rule,100.0,100.0,0.4883333333333339
Impartial Culture (IC),3,100,52,48,48,1000,Cutoff,k-Median-Shapley,100.0,100.0,0.4066666666666659
Impartial Culture (IC),3,100,52,48,48,1000,Bottom,Evaluative Voting,100.0,100.0,0.6666666666666636
Impartial Culture (IC),3,100,52,48,48,1000,Bottom,k-Median Rule,100.0,100.0,0.4466666666666664
Impartial Culture (IC),3,100,52,48,48,1000,Bottom,k-Median-Shapley,100.0,100.0,0.38299999999999945
Impartial Culture (IC),4,100,52,48,48,1000,Cutoff,Evaluative Voting,100.0,100.0,0.75
Impartial Culture (IC),4,100,52,48,48,1000,Cutoff,k-Median Rule,100.0,100.0,0.637
Impartial Culture (IC),4,100,52,48,48,1000,Cutoff,k-Median-Shapley,100.0,100.0,0.5415
Impartial Culture (IC),4,100,52,48,48,1000,Bottom,Evaluative Voting,100.0,100.0,0.75
Impartial Culture (IC),4,100,52,48,48,1000,Bottom,k-Median Rule,100.0,100.0,0.598
Impartial Culture (IC),4,100,52,48,48,1000,Bottom,k-Median-Shapley,100.0,100.0,0.534
Impartial Culture (IC),5,100,52,48,48,1000,Cutoff,Evaluative Voting,100.0,100.0,0.7999999999999887
Impartial Culture (IC),5,100,52,48,48,1000,Cutoff,k-Median Rule,100.0,100.0,0.7559999999999955
Impartial Culture (IC),5,100,52,48,48,1000,Cutoff,k-Median-Shapley,100.0,100.0,0.6844000000000054
Impartial Culture (IC),5,100,52,48,48,1000,Bottom,Evaluative Voting,100.0,100.0,0.7999999999999887
Impartial Culture (IC),5,100,52,48,48,1000,Bottom,k-Median Rule,100.0,100.0,0.7251999999999995
Impartial Culture (IC),5,100,52,48,48,1000,Bottom,k-Median-Shapley,100.0,100.0,0.6790000000000055
Impartial Culture (IC),6,100,52,48,48,1000,Cutoff,Evaluative Voting,100.0,100.0,0.8333333333333433
Impartial Culture (IC),6,100,52,48,48,1000,Cutoff,k-Median Rule,100.0,100.0,0.8333333333333433
Impartial Culture (IC),6,100,52,48,48,1000,Cutoff,k-Median-Shapley,100.0,100.0,0.8333333333333433
Impartial Culture (IC),6,100,52,48,48,1000,Bottom,Evaluative Voting,100.0,100.0,0.8333333333333433
Impartial Culture (IC),6,100,52,48,48,1000,Bottom,k-Median Rule,100.0,100.0,0.8333333333333433
Impartial Culture (IC),6,100,52,48,48,1000,Bottom,k-Median-Shapley,100.0,100.0,0.8333333333333433
Impartial Culture (IC),2,100,51,49,49,1000,Cutoff,Evaluative Voting,100.0,100.0,0.5
Impartial Culture (IC),2,100,51,49,49,1000,Cutoff,k-Median Rule,100.0,100.0,0.3005
Impartial Culture (IC),2,100,51,49,49,1000,Cutoff,k-Median-Shapley,100.0,100.0,0.2095
Impartial Culture (IC),2,100,51,49,49,1000,Bottom,Evaluative Voting,100.0,100.0,0.5
Impartial Culture (IC),2,100,51,49,49,1000,Bottom,k-Median Rule,100.0,100.0,0.2965
Impartial Culture (IC),2,100,51,49,49,1000,Bottom,k-Median-Shapley,100.0,100.0,0.1955
Impartial Culture (IC),3,100,51,49,49,1000,Cutoff,Evaluative Voting,100.0,100.0,0.6666666666666636
Impartial Culture (IC),3,100,51,49,49,1000,Cutoff,k-Median Rule,100.0,100.0,0.47733333333333344
Impartial Culture (IC),3,100,51,49,49,1000,Cutoff,k-Median-Shapley,100.0,100.0,0.3729999999999984
Impartial Culture (IC),3,100,51,49,49,1000,Bottom,Evaluative Voting,100.0,100.0,0.6666666666666636
Impartial Culture (IC),3,100,51,49,49,1000,Bottom,k-Median Rule,100.0,100.0,0.4416666666666662
Impartial Culture (IC),3,100,51,49,49,1000,Bottom,k-Median-Shapley,100.0,100.0,0.3569999999999987
Impartial Culture (IC),4,100,51,49,49,1000,Cutoff,Evaluative Voting,100.0,100.0,0.75
Impartial Culture (IC),4,100,51,49,49,1000,Cutoff,k-Median Rule,100.0,100.0,0.62525
Impartial Culture (IC),4,100,51,49,49,1000,Cutoff,k-Median-Shapley,100.0,100.0,0.521
Impartial Culture (IC),4,100,51,49,49,1000,Bottom,Evaluative Voting,100.0,100.0,0.75
Impartial Culture (IC),4,100,51,49,49,1000,Bottom,k-Median Rule,100.0,100.0,0.585
Impartial Culture (IC),4,100,51,49,49,1000,Bottom,k-Median-Shapley,100.0,100.0,0.5095
Impartial Culture (IC),5,100,51,49,49,1000,Cutoff,Evaluative Voting,100.0,100.0,0.7999999999999887
Impartial Culture (IC),5,100,51,49,49,1000,Cutoff,k-Median Rule,100.0,100.0,0.7505999999999964
Impartial Culture (IC),5,100,51,49,49,1000,Cutoff,k-Median-Shapley,100.0,100.0,0.6786000000000052
Impartial Culture (IC),5,100,51,49,49,1000,Bottom,Evaluative Voting,100.0,100.0,0.7999999999999887
Impartial Culture (IC),5,100,51,49,49,1000,Bottom,k-Median Rule,100.0,100.0,0.7152000000000013
Impartial Culture (IC),5,100,51,49,49,1000,Bottom,k-Median-Shapley,100.0,100.0,0.6732000000000051
Impartial Culture (IC),6,100,51,49,49,1000,Cutoff,Evaluative Voting,100.0,100.0,0.8333333333333433
Impartial Culture (IC),6,100,51,49,49,1000,Cutoff,k-Median Rule,100.0,100.0,0.8333333333333433
Impartial Culture (IC),6,100,51,49,49,1000,Cutoff,k-Median-Shapley,100.0,100.0,0.8333333333333433
Impartial Culture (IC),6,100,51,49,49,1000,Bottom,Evaluative Voting,100.0,100.0,0.8333333333333433
Impartial Culture (IC),6,100,51,49,49,1000,Bottom,k-Median Rule,100.0,100.0,0.8333333333333433
Impartial Culture (IC),6,100,51,49,49,1000,Bottom,k-Median-Shapley,100.0,100.0,0.8333333333333433
